OTU_ID	100-A	100-P	71-A	71-P	72-A	72-P	73-A	73-P	74-A	74-P	75-A	75-P	76-A	76-P	77-A	77-P	78-A	78-P	79-A	79-P	80-A	80-P	81-A	81-P	82-A	82-P	83-A	83-P	84-A	84-P	85-A	85-P	88-A	88-P	89-A	89-P	90-A	90-P	91-A	91-P	93-A	93-P	94-A	94-P	95-A	95-P	96-A	96-P	97-A	97-P	taxonomy
0	386	3234	136	1535	196	554	323	805	672	2385	0	1668	0	123	0	260	117	1014	68	1864	0	61	943	0	1893	2479	931	0	70	2496	848	2693	1805	3100	49	2182	25	662	306	415	7448	4060	0	4507	98	143	105	1010	117	6362	D_0__k__Bacteria; D_1__p__Firmicutes; D_2__c__Bacilli; D_3__o__Lactobacillales; D_4__f__Streptococcaceae; D_5__g__Streptococcus; D_6__g__Streptococcus_s__oralis_subsp._dentisani_clade_058
1	326	2584	112	1362	154	416	237	623	509	1959	0	1390	30	95	0	219	85	891	41	1426	0	49	710	20	1699	2012	603	0	94	2206	1316	2069	1921	2851	34	1917	9	566	258	412	6249	3266	0	3935	84	137	87	890	118	4942	D_0__k__Bacteria; D_1__p__Firmicutes; D_2__c__Bacilli; D_3__o__Lactobacillales; D_4__f__Streptococcaceae; D_5__g__Streptococcus; D_6__g__Streptococcus_s__oralis_subsp._dentisani_clade_058
2	0	1643	0	250	52	102	144	1701	0	1718	0	687	39	165	0	0	0	80	72	1699	0	39	0	0	0	108	0	0	37	3531	0	808	52	1035	0	716	42	238	0	48	97	228	0	304	1252	153	88	610	0	416	D_0__k__Bacteria; D_1__p__Firmicutes; D_2__c__Bacilli; D_3__o__Lactobacillales; D_4__f__Streptococcaceae; D_5__g__Streptococcus; D_6__g__Streptococcus_s__sanguinis
3	0	1315	0	166	60	112	114	1367	0	1917	0	542	0	123	0	0	0	64	0	1392	0	0	0	0	0	64	0	0	55	3108	0	650	110	927	0	554	48	232	0	48	71	232	0	313	1180	99	81	562	0	304	D_0__k__Bacteria; D_1__p__Firmicutes; D_2__c__Bacilli; D_3__o__Lactobacillales; D_4__f__Streptococcaceae; D_5__g__Streptococcus; D_6__g__Streptococcus_s__sanguinis
4	0	0	0	73	45	0	0	567	0	0	458	287	0	247	0	0	0	62	0	109	0	0	0	0	0	100	0	0	23	1712	0	257	0	170	0	81	138	209	0	89	113	131	0	0	4121	8887	77	302	0	386	D_0__k__Bacteria; D_1__p__Proteobacteria; D_2__c__Betaproteobacteria; D_3__o__Burkholderiales; D_4__f__Burkholderiaceae; D_5__g__Lautropia; D_6__g__Lautropia_s__mirabilis
5	0	0	0	1364	122	67	864	2057	0	0	0	126	0	57	0	144	30	263	33	136	0	0	86	0	0	1173	0	0	39	2522	0	0	0	488	0	766	625	1005	0	0	488	1033	0	0	446	231	0	434	0	2500	D_0__k__Bacteria; D_1__p__Proteobacteria; D_2__c__Betaproteobacteria; D_3__o__Neisseriales; D_4__f__Neisseriaceae; D_5__g__Neisseria; D_6__g__Neisseria_s__flava
6	0	0	0	0	46	0	43	451	0	0	443	239	0	200	0	0	0	0	0	77	0	18	0	0	0	84	0	0	0	1490	0	183	0	156	0	0	104	138	0	67	91	172	0	0	3538	7217	0	276	0	252	D_0__k__Bacteria; D_1__p__Proteobacteria; D_2__c__Betaproteobacteria; D_3__o__Burkholderiales; D_4__f__Burkholderiaceae; D_5__g__Lautropia; D_6__g__Lautropia_s__mirabilis
7	0	0	0	1271	100	0	714	1651	0	0	0	97	0	57	0	126	0	250	24	87	0	0	84	0	0	859	0	0	0	2252	0	0	0	523	0	627	533	818	0	0	376	945	0	0	449	208	0	355	0	1885	D_0__k__Bacteria; D_1__p__Proteobacteria; D_2__c__Betaproteobacteria; D_3__o__Neisseriales; D_4__f__Neisseriaceae; D_5__g__Neisseria; D_6__g__Neisseria_s__flava
8	0	388	0	165	30	23	111	612	0	0	157	179	0	140	0	60	0	98	86	1922	0	0	0	0	0	195	0	0	64	1719	0	150	169	320	0	118	44	500	44	36	838	1327	0	422	924	1484	25	237	0	1029	D_0__k__Bacteria; D_1__p__Proteobacteria; D_2__c__Gammaproteobacteria; D_3__o__Pasteurellales; D_4__f__Pasteurellaceae; D_5__g__Haemophilus; D_6__g__Haemophilus_s__parainfluenzae
9	199	0	0	28	52	150	0	0	0	0	917	23	0	0	0	0	0	0	0	0	0	0	72	0	0	53	0	5158	3669	0	0	61	0	0	49	36	30	0	0	0	0	215	0	301	0	0	0	0	67	0	D_0__k__Bacteria; D_1__p__Firmicutes; D_2__c__Bacilli; D_3__o__Lactobacillales; D_4__f__Streptococcaceae; D_5__g__Streptococcus; D_6__g__Streptococcus_s__anginosus
10	0	253	0	420	0	590	0	905	0	0	41	1058	0	0	0	527	0	1035	0	160	0	0	725	0	0	1474	0	0	416	246	0	19	282	390	0	169	317	419	347	392	198	445	0	0	0	0	0	0	87	601	D_0__k__Bacteria; D_1__p__Fusobacteria; D_2__c__Fusobacteriia; D_3__o__Fusobacteriales; D_4__f__Fusobacteriaceae; D_5__g__Fusobacterium; D_6__g__Fusobacterium_s__nucleatum
11	0	278	0	174	27	0	113	460	0	0	100	95	0	138	0	51	45	87	68	1667	0	0	0	0	0	120	0	0	0	1420	0	240	169	380	0	82	0	391	0	0	735	1039	0	380	795	987	0	159	0	668	D_0__k__Bacteria; D_1__p__Proteobacteria; D_2__c__Gammaproteobacteria; D_3__o__Pasteurellales; D_4__f__Pasteurellaceae; D_5__g__Haemophilus; D_6__g__Haemophilus_s__parainfluenzae
12	0	202	0	353	0	538	0	753	0	0	46	887	0	0	0	412	0	917	0	154	0	0	633	0	0	1051	0	0	944	252	0	16	365	321	0	156	293	343	273	335	209	303	0	0	19	0	0	0	0	522	D_0__k__Bacteria; D_1__p__Fusobacteria; D_2__c__Fusobacteriia; D_3__o__Fusobacteriales; D_4__f__Fusobacteriaceae; D_5__g__Fusobacterium; D_6__g__Fusobacterium_s__nucleatum
13	275	0	0	18	0	136	0	0	0	0	1075	40	0	0	0	0	0	0	0	0	0	0	109	0	0	51	0	5150	1610	0	0	71	0	0	48	23	33	0	0	0	0	237	0	290	0	0	0	0	85	0	D_0__k__Bacteria; D_1__p__Firmicutes; D_2__c__Bacilli; D_3__o__Lactobacillales; D_4__f__Streptococcaceae; D_5__g__Streptococcus; D_6__g__Streptococcus_s__anginosus
14	382	5858	0	0	0	0	0	0	0	0	0	292	0	0	0	0	0	0	0	0	0	0	0	0	0	0	0	0	0	0	0	0	0	0	0	0	0	0	0	0	0	0	0	0	0	0	148	2917	0	0	D_0__k__Bacteria; D_1__p__Proteobacteria; D_2__c__Betaproteobacteria; D_3__o__Neisseriales; D_4__f__Neisseriaceae; D_5__g__Neisseria; D_6__g__Neisseria_s__flava
15	0	0	3075	91	2723	0	55	63	0	0	0	100	57	77	0	45	0	0	0	0	114	0	24	146	0	86	0	0	0	0	0	0	558	0	0	0	331	0	89	0	0	0	1815	0	0	0	0	0	0	0	D_0__k__Bacteria; D_1__p__Fusobacteria; D_2__c__Fusobacteriia; D_3__o__Fusobacteriales; D_4__f__Fusobacteriaceae; D_5__g__Fusobacterium; D_6__g__Fusobacterium_s__nucleatum
16	1256	455	463	467	1088	106	727	0	0	0	0	0	0	0	0	592	0	0	17	267	0	0	10	0	0	0	742	0	0	0	0	0	936	0	116	68	28	0	0	0	978	508	0	0	0	0	195	40	44	0	D_0__k__Bacteria; D_1__p__Firmicutes; D_2__c__Bacilli; D_3__o__Lactobacillales; D_4__f__Streptococcaceae; D_5__g__Streptococcus; D_6__g__Streptococcus_s__mutans
17	0	227	46	299	51	0	0	1038	0	0	0	227	0	0	0	0	0	23	0	0	0	0	0	0	0	44	0	0	0	78	0	0	132	3076	0	0	0	0	104	881	0	371	0	0	0	0	0	0	0	0	D_0__k__Bacteria; D_1__p__Fusobacteria; D_2__c__Fusobacteriia; D_3__o__Fusobacteriales; D_4__f__Leptotrichiaceae; D_5__g__Leptotrichia; D_6__g__Leptotrichia_s__shahii
18	0	1229	0	0	129	0	0	536	0	0	0	0	0	0	0	0	0	0	62	543	0	51	0	0	0	128	0	0	0	0	0	932	0	555	0	0	0	0	36	65	89	319	0	205	0	0	90	183	0	0	D_0__k__Bacteria; D_1__p__Proteobacteria; D_2__c__Betaproteobacteria; D_3__o__Burkholderiales; D_4__f__Burkholderiaceae; D_5__g__Lautropia; D_6__g__Lautropia_s__mirabilis
19	0	0	2654	114	2506	0	78	55	0	0	0	70	45	95	0	0	0	0	0	0	100	0	25	162	0	74	0	0	0	0	0	0	533	0	0	0	263	0	57	0	0	0	2254	0	0	0	0	0	0	0	D_0__k__Bacteria; D_1__p__Fusobacteria; D_2__c__Fusobacteriia; D_3__o__Fusobacteriales; D_4__f__Fusobacteriaceae; D_5__g__Fusobacterium; D_6__g__Fusobacterium_s__nucleatum
20	0	0	629	895	0	2330	58	0	0	0	1005	988	0	0	0	0	0	0	772	12	226	0	0	0	523	0	0	0	730	0	0	0	30	0	51	60	108	0	0	0	0	0	0	0	351	0	0	0	361	0	D_0__k__Bacteria; D_1__p__Firmicutes; D_2__c__Clostridia; D_3__o__Eubacteriales; D_4__f__Peptostreptococcaceae; D_5__g__Peptostreptococcus; D_6__g__Peptostreptococcus_s__stomatis
21	0	0	570	838	44	2041	52	13	0	0	886	844	0	0	0	4	33	31	637	0	159	0	0	0	459	0	0	0	1510	0	0	0	36	0	34	62	116	0	0	12	0	0	0	37	298	0	0	0	256	0	D_0__k__Bacteria; D_1__p__Firmicutes; D_2__c__Clostridia; D_3__o__Eubacteriales; D_4__f__Peptostreptococcaceae; D_5__g__Peptostreptococcus; D_6__g__Peptostreptococcus_s__stomatis
22	0	0	0	0	0	113	0	0	0	0	0	0	0	0	0	0	0	0	0	0	0	0	0	0	0	0	0	0	0	0	0	0	0	0	0	0	13	0	0	0	0	0	0	0	0	0	0	0	0	0	D_0__k__Bacteria; D_1__p__Firmicutes; D_2__c__Bacilli; D_3__o__Lactobacillales; D_4__f__Lactobacillaceae; D_5__g__Limosilactobacillus; D_6__g__Limosilactobacillus_s__fermentum
23	0	172	42	235	0	0	0	847	0	0	0	222	0	0	0	0	9	0	0	0	0	0	0	0	0	0	0	0	0	83	0	0	118	2790	0	0	0	0	81	758	0	382	0	0	0	0	0	42	0	0	D_0__k__Bacteria; D_1__p__Fusobacteria; D_2__c__Fusobacteriia; D_3__o__Fusobacteriales; D_4__f__Leptotrichiaceae; D_5__g__Leptotrichia; D_6__g__Leptotrichia_s__shahii
24	9	0	73	306	0	1545	28	26	0	0	3224	487	92	49	0	0	0	0	139	0	488	0	138	0	0	0	0	0	114	0	0	0	91	0	0	0	0	0	630	0	0	0	0	76	182	0	0	0	327	0	D_0__k__Bacteria; D_1__p__Fusobacteria; D_2__c__Fusobacteriia; D_3__o__Fusobacteriales; D_4__f__Fusobacteriaceae; D_5__g__Fusobacterium; D_6__g__Fusobacterium_s__nucleatum
25	915	332	459	404	991	127	608	48	0	0	0	31	0	0	0	461	0	0	0	252	0	0	0	0	0	0	505	0	0	0	0	0	787	0	126	0	0	0	0	0	869	444	0	0	0	0	162	0	0	0	D_0__k__Bacteria; D_1__p__Firmicutes; D_2__c__Bacilli; D_3__o__Lactobacillales; D_4__f__Streptococcaceae; D_5__g__Streptococcus; D_6__g__Streptococcus_s__mutans
26	0	64	0	789	0	0	0	160	0	0	289	117	0	0	0	37	14	104	0	54	0	0	97	0	106	258	0	0	0	89	854	0	446	596	0	95	0	224	50	63	1600	648	0	740	0	0	0	47	0	376	D_0__k__Bacteria; D_1__p__Firmicutes; D_2__c__Bacilli; D_3__o__Bacillales; D_4__f__Gemellaceae; D_5__g__Gemella; D_6__g__Gemella_s__haemolysans
27	338	4590	0	0	0	0	0	0	0	0	0	259	0	0	0	0	0	0	0	0	0	0	0	0	0	0	0	0	0	0	0	0	0	0	0	0	0	0	0	0	0	0	0	0	0	0	98	2591	0	0	D_0__k__Bacteria; D_1__p__Proteobacteria; D_2__c__Betaproteobacteria; D_3__o__Neisseriales; D_4__f__Neisseriaceae; D_5__g__Neisseria; D_6__g__Neisseria_s__flava
28	1694	152	0	0	0	0	51	11	0	0	1296	676	0	54	0	165	222	65	0	0	0	0	175	0	916	278	0	0	0	0	0	0	483	0	0	0	444	49	0	0	0	0	0	0	0	0	0	0	518	0	D_0__k__Bacteria; D_1__p__Bacteroidetes; D_2__c__Bacteroidia; D_3__o__Bacteroidales; D_4__f__Prevotellaceae; D_5__g__Prevotella; D_6__g__Prevotella_s__nigrescens
29	14	0	68	324	0	1355	18	0	0	0	2756	514	159	31	0	0	0	0	86	0	356	0	120	0	0	0	0	0	241	0	0	0	84	0	0	0	0	0	468	0	0	0	0	85	171	0	0	0	240	0	D_0__k__Bacteria; D_1__p__Fusobacteria; D_2__c__Fusobacteriia; D_3__o__Fusobacteriales; D_4__f__Fusobacteriaceae; D_5__g__Fusobacterium; D_6__g__Fusobacterium_s__nucleatum
30	0	941	0	0	134	58	0	395	0	0	0	0	0	0	0	0	0	0	0	375	0	39	0	0	0	137	0	0	0	0	0	640	66	541	0	0	0	0	0	63	58	305	0	167	0	0	93	130	0	0	D_0__k__Bacteria; D_1__p__Proteobacteria; D_2__c__Betaproteobacteria; D_3__o__Burkholderiales; D_4__f__Burkholderiaceae; D_5__g__Lautropia; D_6__g__Lautropia_s__mirabilis
31	0	0	347	570	0	2224	0	0	0	0	0	1015	0	19	0	32	0	0	783	0	1010	0	0	14	611	0	0	0	0	0	0	0	0	0	0	0	0	0	0	0	146	0	0	0	116	0	0	0	15	0	D_0__k__Bacteria; D_1__p__Firmicutes; D_2__c__Tissierellia; D_3__o__Tissierellales; D_4__f__Peptoniphilaceae; D_5__g__Parvimonas; D_6__g__Parvimonas_s__micra
32	0	0	0	676	17	0	45	133	0	0	156	131	0	0	0	0	0	0	0	46	0	0	0	9	109	204	0	0	0	80	627	0	381	548	0	103	0	171	0	0	1472	541	0	652	0	0	0	0	0	339	D_0__k__Bacteria; D_1__p__Firmicutes; D_2__c__Bacilli; D_3__o__Bacillales; D_4__f__Gemellaceae; D_5__g__Gemella; D_6__g__Gemella_s__haemolysans
33	0	484	0	131	83	0	0	161	0	0	69	140	0	61	0	0	0	0	0	71	0	0	0	0	0	187	0	0	0	663	0	0	46	247	0	184	0	0	0	56	0	146	0	0	433	874	48	375	52	125	D_0__k__Bacteria; D_1__p__Firmicutes; D_2__c__Bacilli; D_3__o__Lactobacillales; D_4__f__Aerococcaceae; D_5__g__Abiotrophia; D_6__g__Abiotrophia_s__defectiva
34	0	0	385	578	55	2077	0	0	0	0	0	850	0	0	15	0	0	13	658	0	859	0	10	0	417	0	0	0	0	0	0	0	0	0	53	0	0	0	0	0	135	0	0	0	118	0	0	7	0	0	D_0__k__Bacteria; D_1__p__Firmicutes; D_2__c__Tissierellia; D_3__o__Tissierellales; D_4__f__Peptoniphilaceae; D_5__g__Parvimonas; D_6__g__Parvimonas_s__micra
35	216	498	97	61	15	125	0	24	0	1126	196	113	21	19	0	22	1	7	52	529	0	0	89	9	27	3	0	0	56	12	0	154	13	164	1	24	6	15	0	0	22	15	0	750	49	1419	3	19	0	2	D_0__k__Bacteria; D_1__p__Firmicutes; D_2__c__Negativicutes; D_3__o__Veillonellales; D_4__f__Veillonellaceae; D_5__g__Veillonella; D_6__g__Veillonella_s__parvula
36	1358	120	0	10	0	13	0	0	0	0	1033	506	52	51	0	121	195	86	0	0	0	0	146	38	794	167	0	0	0	0	0	0	443	0	0	0	373	0	0	0	0	0	0	0	0	0	0	0	485	0	D_0__k__Bacteria; D_1__p__Bacteroidetes; D_2__c__Bacteroidia; D_3__o__Bacteroidales; D_4__f__Prevotellaceae; D_5__g__Prevotella; D_6__g__Prevotella_s__nigrescens
37	0	0	0	0	0	0	0	156	0	0	0	0	0	0	0	87	0	0	0	0	0	0	0	0	0	0	0	0	0	0	0	0	0	0	0	0	0	0	133	0	0	0	0	0	2990	1993	0	4	0	93	D_0__k__Bacteria; D_1__p__Bacteroidetes; D_2__c__Flavobacteriia; D_3__o__Flavobacteriales; D_4__f__Flavobacteriaceae; D_5__g__Capnocytophaga; D_6__g__Capnocytophaga_s__sputigena
38	0	748	0	79	40	10	0	49	0	0	0	84	0	51	0	0	0	12	0	285	0	0	102	0	0	25	0	0	0	150	0	373	73	287	0	256	0	39	252	106	0	0	0	0	124	1471	63	869	0	111	D_0__k__Bacteria; D_1__p__Bacteroidetes; D_2__c__Bacteroidia; D_3__o__Bacteroidales; D_4__f__Porphyromonadaceae; D_5__g__Porphyromonas; D_6__g__Porphyromonas_s__pasteri
39	0	0	0	0	0	0	0	240	0	629	0	0	0	0	0	574	0	0	0	150	0	87	0	0	68	292	35	0	0	0	0	0	45	261	0	0	0	0	151	0	0	0	0	794	0	0	0	0	0	353	D_0__k__Bacteria; D_1__p__Actinobacteria; D_2__c__Actinomycetia; D_3__o__Actinomycetales; D_4__f__Actinomycetaceae; D_5__g__Peptidiphaga; D_6__g__Peptidiphaga_s__sp._HMT_183
40	0	397	0	91	70	0	0	131	0	0	54	130	0	0	0	0	0	11	0	49	0	0	0	0	0	129	0	0	0	685	0	46	70	189	0	178	0	58	0	0	17	113	0	90	408	731	60	290	0	100	D_0__k__Bacteria; D_1__p__Firmicutes; D_2__c__Bacilli; D_3__o__Lactobacillales; D_4__f__Aerococcaceae; D_5__g__Abiotrophia; D_6__g__Abiotrophia_s__defectiva
41	0	0	1192	29	1120	0	51	0	0	0	0	275	0	0	0	0	0	0	52	63	0	0	26	0	82	279	0	0	0	0	0	0	0	0	0	0	89	0	522	79	0	0	0	212	0	0	120	56	81	135	D_0__k__Bacteria; D_1__p__Proteobacteria; D_2__c__Epsilonproteobacteria; D_3__o__Campylobacterales; D_4__f__Campylobacteraceae; D_5__g__Campylobacter; D_6__g__Campylobacter_s__gracilis
42	0	157	0	64	0	146	0	327	0	0	154	220	0	96	0	215	0	101	0	101	0	0	192	0	0	892	0	0	241	108	0	275	420	2	0	59	112	108	242	141	268	327	0	0	0	0	0	0	0	193	D_0__k__Bacteria; D_1__p__Fusobacteria; D_2__c__Fusobacteriia; D_3__o__Fusobacteriales; D_4__f__Fusobacteriaceae; D_5__g__Fusobacterium; D_6__g__Fusobacterium_s__nucleatum
43	0	608	0	63	0	58	0	0	0	0	0	95	0	0	0	133	0	113	56	127	0	0	141	0	270	51	729	0	0	0	0	125	49	722	50	0	0	55	44	187	205	0	0	847	0	0	0	89	0	0	D_0__k__Bacteria; D_1__p__Firmicutes; D_2__c__Bacilli; D_3__o__Lactobacillales; D_4__f__Streptococcaceae; D_5__g__Streptococcus; D_6__g__Streptococcus_s__gordonii
44	207	190	0	225	0	270	191	148	0	1018	227	128	0	22	0	0	5	52	7	145	0	0	0	0	90	184	312	0	0	107	0	278	59	190	0	92	0	161	0	31	135	0	0	58	0	0	0	111	0	156	D_0__k__Bacteria; D_1__p__Firmicutes; D_2__c__Bacilli; D_3__o__Lactobacillales; D_4__f__Carnobacteriaceae; D_5__g__Granulicatella; D_6__g__Granulicatella_s__adiacens
45	224	418	102	74	16	107	0	21	0	749	157	80	0	0	0	14	0	2	44	407	0	0	56	0	27	4	0	0	200	9	0	213	11	95	0	26	6	8	0	0	28	17	0	669	48	1291	11	23	0	1	D_0__k__Bacteria; D_1__p__Firmicutes; D_2__c__Negativicutes; D_3__o__Veillonellales; D_4__f__Veillonellaceae; D_5__g__Veillonella; D_6__g__Veillonella_s__parvula
46	0	29	0	0	2492	0	0	311	0	0	0	0	0	0	56	61	0	62	0	0	428	0	0	0	0	12	0	0	0	0	1386	0	0	0	0	0	0	0	0	78	0	0	0	0	1	0	0	0	94	0	D_0__k__Bacteria; D_1__p__Bacteroidetes; D_2__c__Bacteroidia; D_3__o__Bacteroidales; D_4__f__Bacteroidales_[F-2]; D_5__g__Bacteroidales_[G-2]; D_6__g__Bacteroidales_[G-2]_s__bacterium_HMT_274
47	0	719	0	0	0	20	0	378	0	0	0	332	0	0	0	0	0	468	0	483	0	0	0	0	0	38	0	0	0	0	0	458	0	0	0	0	0	0	154	164	0	0	0	0	0	0	0	0	0	0	D_0__k__Bacteria; D_1__p__Bacteroidetes; D_2__c__Flavobacteriia; D_3__o__Flavobacteriales; D_4__f__Flavobacteriaceae; D_5__g__Capnocytophaga; D_6__g__Capnocytophaga_s__sputigena
48	0	0	0	0	0	0	0	180	0	528	0	0	0	0	0	480	0	0	0	168	4	85	0	0	47	307	0	0	0	0	0	0	42	272	0	0	0	0	109	0	0	0	0	812	0	56	0	0	0	290	D_0__k__Bacteria; D_1__p__Actinobacteria; D_2__c__Actinomycetia; D_3__o__Actinomycetales; D_4__f__Actinomycetaceae; D_5__g__Peptidiphaga; D_6__g__Peptidiphaga_s__sp._HMT_183
49	1314	0	0	12	429	55	0	0	0	0	504	0	38	4	0	0	2	0	248	0	179	0	0	0	0	85	0	0	0	0	0	443	131	0	0	0	205	0	48	0	0	0	0	0	66	0	422	0	667	0	D_0__k__Bacteria; D_1__p__Firmicutes; D_2__c__Negativicutes; D_3__o__Veillonellales; D_4__f__Veillonellaceae; D_5__g__Dialister; D_6__g__Dialister_s__invisus
50	0	0	1429	0	0	0	0	0	0	0	0	0	0	0	152	0	0	0	0	0	2519	0	0	0	0	0	0	0	0	0	0	0	0	0	0	0	508	0	0	0	0	0	0	0	234	0	0	0	0	0	D_0__k__Bacteria; D_1__p__Bacteroidetes; D_2__c__Bacteroidia; D_3__o__Bacteroidales; D_4__f__Tannerellaceae; D_5__g__Tannerella; D_6__g__Tannerella_s__forsythia
51	0	0	0	0	0	0	0	0	0	0	0	0	0	0	0	0	0	0	150	4678	0	0	0	0	0	0	0	0	0	0	0	0	0	0	0	0	0	0	0	0	0	0	0	0	0	0	0	0	0	0	D_0__k__Bacteria; D_1__p__Proteobacteria; D_2__c__Betaproteobacteria; D_3__o__Neisseriales; D_4__f__Neisseriaceae; D_5__g__Neisseria; D_6__g__Neisseria_s__flava
52	0	108	0	64	0	122	0	260	0	0	102	208	54	0	0	160	0	0	0	95	0	0	136	0	0	661	0	0	588	65	0	227	445	0	0	41	96	101	183	126	291	313	0	0	0	0	0	0	0	112	D_0__k__Bacteria; D_1__p__Fusobacteria; D_2__c__Fusobacteriia; D_3__o__Fusobacteriales; D_4__f__Fusobacteriaceae; D_5__g__Fusobacterium; D_6__g__Fusobacterium_s__nucleatum
53	0	0	942	40	317	0	0	0	0	0	0	31	0	19	0	0	0	0	0	0	3134	0	0	0	0	0	0	0	0	0	0	0	0	72	0	0	0	0	0	0	0	0	0	0	0	0	0	0	138	0	D_0__k__Bacteria; D_1__p__Fusobacteria; D_2__c__Fusobacteriia; D_3__o__Fusobacteriales; D_4__f__Fusobacteriaceae; D_5__g__Fusobacterium; D_6__g__Fusobacterium_s__nucleatum
54	0	416	0	38	0	44	0	0	0	0	0	74	0	0	0	133	0	80	42	81	0	0	134	0	256	65	709	0	22	0	0	129	78	623	44	0	0	0	34	182	188	0	0	751	0	0	0	86	0	0	D_0__k__Bacteria; D_1__p__Firmicutes; D_2__c__Bacilli; D_3__o__Lactobacillales; D_4__f__Streptococcaceae; D_5__g__Streptococcus; D_6__g__Streptococcus_s__gordonii
55	163	167	0	211	69	284	156	119	0	852	220	117	0	0	0	0	0	0	0	96	0	0	51	0	141	166	207	0	114	105	0	153	57	145	0	0	17	144	26	35	121	0	0	0	0	0	49	87	0	119	D_0__k__Bacteria; D_1__p__Firmicutes; D_2__c__Bacilli; D_3__o__Lactobacillales; D_4__f__Carnobacteriaceae; D_5__g__Granulicatella; D_6__g__Granulicatella_s__adiacens
56	0	0	0	0	0	0	0	120	0	0	0	0	0	0	0	60	0	0	0	0	0	0	24	0	0	0	0	0	0	0	0	0	0	0	0	0	0	0	132	0	0	0	0	0	2540	1490	0	1	0	116	D_0__k__Bacteria; D_1__p__Bacteroidetes; D_2__c__Flavobacteriia; D_3__o__Flavobacteriales; D_4__f__Flavobacteriaceae; D_5__g__Capnocytophaga; D_6__g__Capnocytophaga_s__sputigena
57	0	0	0	0	0	0	0	0	627	0	0	0	0	0	0	0	0	0	0	0	0	0	0	0	0	0	0	0	0	0	0	0	0	0	0	0	0	0	0	0	0	0	0	0	0	0	0	0	0	0	D_0__k__Bacteria; D_1__p__Proteobacteria; D_2__c__Gammaproteobacteria; D_3__o__Enterobacterales; D_4__f__Enterobacteriaceae; D_5__g__Klebsiella; D_6__g__Klebsiella_s__pneumoniae
58	0	0	889	29	973	0	34	0	0	0	0	224	0	0	0	0	31	0	70	0	0	0	30	0	58	223	0	0	0	0	0	0	50	0	0	0	64	0	366	68	0	0	0	239	0	0	0	0	0	118	D_0__k__Bacteria; D_1__p__Proteobacteria; D_2__c__Epsilonproteobacteria; D_3__o__Campylobacterales; D_4__f__Campylobacteraceae; D_5__g__Campylobacter; D_6__g__Campylobacter_s__gracilis
59	0	167	0	0	0	0	26	99	0	450	0	84	0	0	0	0	32	51	226	0	1504	0	0	0	152	89	0	0	321	0	0	0	223	358	0	50	0	0	0	0	0	0	0	0	39	0	0	0	469	61	D_0__k__Bacteria; D_1__p__Proteobacteria; D_2__c__Epsilonproteobacteria; D_3__o__Campylobacterales; D_4__f__Campylobacteraceae; D_5__g__Campylobacter; D_6__g__Campylobacter_s__rectus
60	0	92	105	140	0	0	0	250	0	0	0	0	0	0	0	60	0	0	0	205	0	0	235	0	0	206	0	0	0	1009	0	0	74	385	0	0	66	144	0	0	224	317	0	0	0	862	0	63	0	0	D_0__k__Bacteria; D_1__p__Fusobacteria; D_2__c__Fusobacteriia; D_3__o__Fusobacteriales; D_4__f__Leptotrichiaceae; D_5__g__Leptotrichia; D_6__g__Leptotrichia_s__hongkongensis
61	0	27	0	0	0	0	0	0	0	1866	0	0	0	0	0	0	0	0	0	0	0	0	0	0	0	0	667	0	0	10	0	279	0	0	0	0	101	38	62	0	0	0	0	0	0	0	0	0	0	0	D_0__k__Bacteria; D_1__p__Firmicutes; D_2__c__Tissierellia; D_3__o__Tissierellales; D_4__f__Peptoniphilaceae; D_5__g__Parvimonas; D_6__g__Parvimonas_s__sp._HMT_110
62	0	145	0	0	0	0	0	118	0	961	0	0	0	0	0	0	0	47	186	106	1090	0	0	0	111	65	0	0	737	0	0	0	139	296	0	0	0	0	0	0	0	0	0	0	0	0	0	0	288	0	D_0__k__Bacteria; D_1__p__Proteobacteria; D_2__c__Epsilonproteobacteria; D_3__o__Campylobacterales; D_4__f__Campylobacteraceae; D_5__g__Campylobacter; D_6__g__Campylobacter_s__rectus
63	0	75	0	122	55	13	44	83	0	0	0	47	0	0	0	307	0	295	0	477	0	0	0	0	0	93	0	0	0	516	0	326	311	595	0	15	40	42	185	124	0	0	0	112	0	0	0	29	0	67	D_0__k__Bacteria; D_1__p__Proteobacteria; D_2__c__Betaproteobacteria; D_3__o__Neisseriales; D_4__f__Neisseriaceae; D_5__g__Kingella; D_6__g__Kingella_s__oralis
64	0	69	55	68	0	0	0	234	0	1067	0	115	0	0	0	0	0	0	0	33	0	0	0	0	0	81	0	0	16	30	448	175	336	198	0	293	30	28	194	77	0	0	0	0	0	0	0	66	0	323	D_0__k__Bacteria; D_1__p__Proteobacteria; D_2__c__Gammaproteobacteria; D_3__o__Cardiobacteriales; D_4__f__Cardiobacteriaceae; D_5__g__Cardiobacterium; D_6__g__Cardiobacterium_s__hominis
65	1225	0	0	0	422	0	12	0	0	0	341	0	0	0	0	0	0	0	233	0	132	0	5	0	0	0	0	0	0	0	0	351	88	0	57	0	177	4	50	0	0	0	0	53	0	0	394	0	508	0	D_0__k__Bacteria; D_1__p__Firmicutes; D_2__c__Negativicutes; D_3__o__Veillonellales; D_4__f__Veillonellaceae; D_5__g__Dialister; D_6__g__Dialister_s__invisus
66	0	0	0	142	0	0	87	157	1424	0	0	152	0	0	0	114	0	0	0	41	0	0	0	0	109	347	0	0	474	0	0	0	112	264	0	0	0	0	0	0	0	0	0	0	0	0	0	0	0	0	D_0__k__Bacteria; D_1__p__Firmicutes; D_2__c__Negativicutes; D_3__o__Veillonellales; D_4__f__Veillonellaceae; D_5__g__Veillonella; D_6__g__Veillonella_s__dispar
67	0	0	849	59	262	0	0	0	0	0	0	28	0	0	0	0	0	0	0	0	2606	0	0	0	0	0	0	0	0	0	0	0	0	109	0	0	0	0	0	0	0	0	0	0	0	0	0	0	130	0	D_0__k__Bacteria; D_1__p__Fusobacteria; D_2__c__Fusobacteriia; D_3__o__Fusobacteriales; D_4__f__Fusobacteriaceae; D_5__g__Fusobacterium; D_6__g__Fusobacterium_s__nucleatum
68	0	0	0	0	2185	0	0	266	0	0	0	0	0	0	0	47	0	0	0	0	319	0	0	0	0	0	0	0	0	0	947	0	0	0	0	0	0	0	0	54	0	0	0	0	0	0	78	0	69	0	D_0__k__Bacteria; D_1__p__Bacteroidetes; D_2__c__Bacteroidia; D_3__o__Bacteroidales; D_4__f__Bacteroidales_[F-2]; D_5__g__Bacteroidales_[G-2]; D_6__g__Bacteroidales_[G-2]_s__bacterium_HMT_274
69	0	109	0	5	0	0	0	0	0	0	0	0	0	0	0	0	0	23	0	0	0	0	0	0	0	6	0	0	0	271	0	127	0	122	0	0	0	0	0	0	0	0	0	49	870	275	0	140	0	53	D_0__k__Bacteria; D_1__p__Proteobacteria; D_2__c__Betaproteobacteria; D_3__o__Neisseriales; D_4__f__Neisseriaceae; D_5__g__Neisseria; D_6__g__Neisseria_s__elongata
70	0	38	0	83	0	109	0	8	0	0	107	203	0	0	0	638	48	118	0	479	0	0	74	22	15	0	0	0	0	0	0	0	120	0	0	0	0	0	88	0	0	0	0	0	0	26	0	19	0	0	D_0__k__Bacteria; D_1__p__Bacteroidetes; D_2__c__Bacteroidia; D_3__o__Bacteroidales; D_4__f__Prevotellaceae; D_5__g__Prevotella; D_6__g__Prevotella_s__melaninogenica
71	0	97	89	81	0	0	0	213	0	0	0	0	0	0	0	34	0	0	0	195	0	0	232	0	0	104	0	0	0	896	0	0	79	376	0	0	72	119	0	0	182	198	0	0	0	801	0	66	0	0	D_0__k__Bacteria; D_1__p__Fusobacteria; D_2__c__Fusobacteriia; D_3__o__Fusobacteriales; D_4__f__Leptotrichiaceae; D_5__g__Leptotrichia; D_6__g__Leptotrichia_s__hongkongensis
72	0	0	0	0	0	0	0	0	0	0	0	0	0	0	0	0	0	0	0	0	0	0	0	0	0	0	0	0	0	0	0	0	0	0	0	0	0	0	0	0	0	0	0	0	0	0	0	0	20	0	D_0__k__Bacteria; D_1__p__Firmicutes; D_2__c__Bacilli; D_3__o__Bacillales; D_4__f__Listeriaceae; D_5__g__Listeria; D_6__g__Listeria_s__monocytogenes
73	0	44	1	164	0	294	27	174	2	0	0	113	0	0	0	0	0	96	0	15	0	0	61	0	54	141	0	0	0	111	0	0	0	234	0	304	77	81	691	144	0	115	0	54	0	4	5	48	0	63	D_0__k__Bacteria; D_1__p__Firmicutes; D_2__c__Bacilli; D_3__o__Lactobacillales; D_4__f__Streptococcaceae; D_5__g__Streptococcus; D_6__g__Streptococcus_s__cristatus_clade_578
74	0	0	324	0	0	0	0	0	0	0	0	0	0	0	0	0	0	0	1416	0	507	0	0	0	0	103	0	0	0	0	0	0	0	0	0	0	115	0	250	0	0	0	0	158	84	0	0	0	762	0	D_0__k__Bacteria; D_1__p__Bacteroidetes; D_2__c__Bacteroidia; D_3__o__Bacteroidales; D_4__f__Prevotellaceae; D_5__g__Prevotella; D_6__g__Prevotella_s__nigrescens
75	0	1308	0	0	0	0	41	41	0	0	0	0	0	0	0	0	0	652	0	0	0	0	403	0	0	152	0	0	0	73	0	0	0	0	0	0	150	0	0	75	0	0	0	635	0	0	0	0	0	0	D_0__k__Bacteria; D_1__p__Fusobacteria; D_2__c__Fusobacteriia; D_3__o__Fusobacteriales; D_4__f__Leptotrichiaceae; D_5__g__Leptotrichia; D_6__g__Leptotrichia_s__sp._HMT_417
76	0	0	0	31	0	76	0	0	0	0	0	35	0	0	0	0	0	0	0	0	0	0	0	0	0	0	0	0	0	0	0	0	0	0	0	11	0	0	0	0	0	0	0	0	0	0	0	0	0	0	D_0__k__Bacteria; D_1__p__Firmicutes; D_2__c__Bacilli; D_3__o__Lactobacillales; D_4__f__Lactobacillaceae; D_5__g__Limosilactobacillus; D_6__g__Limosilactobacillus_s__fermentum
77	0	87	0	122	57	0	0	72	0	0	0	0	0	59	0	201	0	240	38	411	0	0	35	0	0	85	0	0	25	464	0	302	265	462	0	0	0	37	164	112	0	0	0	0	0	31	29	35	0	43	D_0__k__Bacteria; D_1__p__Proteobacteria; D_2__c__Betaproteobacteria; D_3__o__Neisseriales; D_4__f__Neisseriaceae; D_5__g__Kingella; D_6__g__Kingella_s__oralis
78	0	0	87	0	1674	0	17	0	0	0	0	0	0	0	0	0	0	0	175	0	917	0	0	0	0	0	0	0	0	0	0	0	0	0	0	0	522	0	0	0	0	0	0	0	0	0	43	0	0	0	D_0__k__Bacteria; D_1__p__Spirochaetes; D_2__c__Spirochaetia; D_3__o__Spirochaetales; D_4__f__Treponemataceae; D_5__g__Treponema; D_6__g__Treponema_s__lecithinolyticum
79	0	34	0	25	0	148	0	0	0	0	20	42	0	0	0	0	0	0	0	19	0	0	0	16	41	0	1477	0	0	0	0	552	231	0	32	35	62	0	370	0	50	0	0	0	0	0	155	81	43	0	D_0__k__Bacteria; D_1__p__Firmicutes; D_2__c__Bacilli; D_3__o__Lactobacillales; D_4__f__Streptococcaceae; D_5__g__Streptococcus; D_6__g__Streptococcus_s__intermedius
80	0	84	0	0	0	0	41	45	0	0	0	59	0	24	0	0	0	0	0	0	0	0	0	0	15	0	0	0	0	217	0	96	0	89	0	0	0	0	0	0	0	0	0	0	819	232	0	107	0	32	D_0__k__Bacteria; D_1__p__Proteobacteria; D_2__c__Betaproteobacteria; D_3__o__Neisseriales; D_4__f__Neisseriaceae; D_5__g__Neisseria; D_6__g__Neisseria_s__elongata
81	0	122	0	99	18	34	0	323	0	0	0	42	0	40	0	0	0	142	0	0	0	0	0	0	0	242	0	0	0	0	0	290	0	0	0	51	69	135	290	452	0	0	0	110	0	0	0	0	3	698	D_0__k__Bacteria; D_1__p__Fusobacteria; D_2__c__Fusobacteriia; D_3__o__Fusobacteriales; D_4__f__Leptotrichiaceae; D_5__g__Leptotrichia; D_6__g__Leptotrichia_s__buccalis
82	402	0	32	84	0	0	0	378	0	0	0	259	0	0	0	136	0	352	0	0	0	0	580	0	63	218	0	0	0	0	0	0	0	0	0	0	0	0	83	70	0	0	0	0	0	0	72	47	0	215	D_0__k__Bacteria; D_1__p__Bacteroidetes; D_2__c__Bacteroidia; D_3__o__Bacteroidales; D_4__f__Tannerellaceae; D_5__g__Tannerella; D_6__g__Tannerella_s__sp._HMT_286
83	0	1067	0	0	0	0	0	0	0	0	0	0	0	0	0	0	0	638	0	0	0	0	308	0	0	130	0	0	0	50	0	0	0	0	0	0	149	53	0	0	0	0	0	650	0	0	0	0	0	0	D_0__k__Bacteria; D_1__p__Fusobacteria; D_2__c__Fusobacteriia; D_3__o__Fusobacteriales; D_4__f__Leptotrichiaceae; D_5__g__Leptotrichia; D_6__g__Leptotrichia_s__sp._HMT_417
84	0	92	49	44	0	0	269	243	0	0	307	85	0	0	0	271	0	333	15	0	0	11	586	0	0	296	0	0	0	0	0	0	0	0	0	0	94	85	0	0	0	0	0	183	0	0	40	0	0	103	D_0__k__Bacteria; D_1__p__Proteobacteria; D_2__c__Epsilonproteobacteria; D_3__o__Campylobacterales; D_4__f__Campylobacteraceae; D_5__g__Campylobacter; D_6__g__Campylobacter_s__gracilis
85	0	0	432	0	0	0	0	0	0	0	0	0	0	0	0	0	0	0	1112	0	405	0	0	0	0	99	0	0	0	0	0	0	0	0	0	0	109	0	160	0	0	0	0	222	62	0	0	0	568	0	D_0__k__Bacteria; D_1__p__Bacteroidetes; D_2__c__Bacteroidia; D_3__o__Bacteroidales; D_4__f__Prevotellaceae; D_5__g__Prevotella; D_6__g__Prevotella_s__nigrescens
86	0	174	0	114	0	33	150	128	0	0	0	0	0	0	0	122	44	0	0	323	0	0	17	0	170	0	0	0	85	275	0	0	60	0	0	86	0	0	0	0	0	0	0	85	0	538	72	133	0	0	D_0__k__Bacteria; D_1__p__Bacteroidetes; D_2__c__Bacteroidia; D_3__o__Bacteroidales; D_4__f__Prevotellaceae; D_5__g__Prevotella; D_6__g__Prevotella_s__melaninogenica
87	0	204	0	80	0	177	197	155	0	0	0	199	0	33	0	375	0	456	0	49	0	36	0	0	0	21	0	0	0	136	0	0	0	0	0	62	0	0	0	0	0	239	0	323	0	0	0	0	0	200	D_0__k__Bacteria; D_1__p__Fusobacteria; D_2__c__Fusobacteriia; D_3__o__Fusobacteriales; D_4__f__Fusobacteriaceae; D_5__g__Fusobacterium; D_6__g__Fusobacterium_s__periodonticum
88	4	71	40	57	79	75	0	0	0	0	0	44	0	0	0	68	0	5	55	539	0	0	58	0	96	0	0	0	52	36	399	0	50	271	50	42	0	0	0	0	0	191	0	78	0	0	0	1	0	96	D_0__k__Bacteria; D_1__p__Firmicutes; D_2__c__Negativicutes; D_3__o__Veillonellales; D_4__f__Veillonellaceae; D_5__g__Veillonella; D_6__g__Veillonella_s__parvula
89	0	0	45	0	0	0	0	163	0	578	0	94	0	0	0	0	0	0	0	0	0	39	0	0	0	0	0	0	0	0	455	150	345	128	0	279	20	0	159	57	0	0	0	0	0	4	0	97	0	338	D_0__k__Bacteria; D_1__p__Proteobacteria; D_2__c__Gammaproteobacteria; D_3__o__Cardiobacteriales; D_4__f__Cardiobacteriaceae; D_5__g__Cardiobacterium; D_6__g__Cardiobacterium_s__hominis
90	0	0	0	0	0	0	0	0	0	1262	0	0	0	0	0	0	0	0	0	0	0	0	0	0	0	0	422	0	0	0	0	242	0	0	0	0	0	0	67	89	0	0	0	0	0	0	0	0	0	0	D_0__k__Bacteria; D_1__p__Firmicutes; D_2__c__Tissierellia; D_3__o__Tissierellales; D_4__f__Peptoniphilaceae; D_5__g__Parvimonas; D_6__g__Parvimonas_s__sp._HMT_110
91	0	0	0	43	0	144	67	0	0	0	29	25	0	29	0	0	0	0	0	0	0	0	0	0	68	0	1245	0	0	23	0	463	184	0	34	38	59	0	322	0	0	0	0	0	0	0	143	63	19	0	D_0__k__Bacteria; D_1__p__Firmicutes; D_2__c__Bacilli; D_3__o__Lactobacillales; D_4__f__Streptococcaceae; D_5__g__Streptococcus; D_6__g__Streptococcus_s__intermedius
92	0	646	0	10	0	54	0	39	0	0	1	63	0	0	0	14	0	23	34	249	0	0	139	0	0	463	0	0	48	0	0	320	7	0	0	0	7	0	56	59	0	0	0	0	0	0	0	0	0	163	D_0__k__Bacteria; D_1__p__Fusobacteria; D_2__c__Fusobacteriia; D_3__o__Fusobacteriales; D_4__f__Fusobacteriaceae; D_5__g__Fusobacterium; D_6__g__Fusobacterium_s__hwasookii
93	1746	0	0	0	0	56	62	0	0	0	0	0	0	0	0	0	0	0	0	0	0	0	0	0	0	0	998	0	0	0	0	0	0	0	0	0	16	0	0	0	0	0	0	0	0	0	94	0	0	0	D_0__k__Bacteria; D_1__p__Firmicutes; D_2__c__Bacilli; D_3__o__Lactobacillales; D_4__f__Lactobacillaceae; D_5__g__Lactobacillus; D_6__g__Lactobacillus_s__gasseri
94	0	0	0	0	0	0	0	0	0	0	0	0	0	0	0	0	0	0	0	0	49	0	0	0	0	0	0	0	0	0	0	0	0	0	0	0	0	0	0	0	0	0	0	0	0	0	1449	0	0	0	D_0__k__Bacteria; D_1__p__Fusobacteria; D_2__c__Fusobacteriia; D_3__o__Fusobacteriales; D_4__f__Fusobacteriaceae; D_5__g__Fusobacterium; D_6__g__Fusobacterium_s__nucleatum
95	0	0	64	240	22	504	351	0	0	0	790	188	0	0	0	98	0	0	464	0	100	0	0	0	0	0	0	0	0	0	0	0	0	0	0	0	0	0	0	0	0	0	0	0	0	0	1	0	0	0	D_0__k__Bacteria; D_1__p__Bacteroidetes; D_2__c__Bacteroidia; D_3__o__Bacteroidales; D_4__f__Prevotellaceae; D_5__g__Prevotella; D_6__g__Prevotella_s__denticola
96	0	22	0	85	0	129	0	4	0	0	75	119	0	0	0	485	0	97	0	316	0	0	73	0	49	0	0	0	0	0	0	0	94	0	0	0	0	0	85	42	0	0	0	0	0	33	0	19	0	0	D_0__k__Bacteria; D_1__p__Bacteroidetes; D_2__c__Bacteroidia; D_3__o__Bacteroidales; D_4__f__Prevotellaceae; D_5__g__Prevotella; D_6__g__Prevotella_s__melaninogenica
97	0	0	0	524	0	1153	0	0	0	0	0	494	0	0	0	57	0	0	0	0	0	0	0	0	0	0	0	0	0	0	416	0	0	0	0	0	0	0	0	0	0	0	0	0	0	0	197	0	0	0	D_0__k__Bacteria; D_1__p__Bacteroidetes; D_2__c__Bacteroidia; D_3__o__Bacteroidales; D_4__f__Prevotellaceae; D_5__g__Prevotella; D_6__g__Prevotella_s__denticola
98	1568	0	0	0	0	0	0	0	0	0	0	0	0	0	0	0	0	0	0	0	79	0	0	0	0	0	1190	0	0	0	0	0	0	0	0	0	0	0	0	0	0	0	0	0	0	0	0	0	0	0	D_0__k__Bacteria; D_1__p__Firmicutes; D_2__c__Bacilli; D_3__o__Lactobacillales; D_4__f__Lactobacillaceae; D_5__g__Lactobacillus; D_6__g__Lactobacillus_s__gasseri
99	312	0	62	0	28	0	567	0	0	0	703	0	23	0	0	101	0	0	159	0	0	0	0	0	0	80	0	0	161	0	0	0	136	0	0	0	155	0	102	0	0	0	0	0	0	0	42	0	116	0	D_0__k__Bacteria; D_1__p__Firmicutes; D_2__c__Clostridia; D_3__o__Eubacteriales; D_4__f__Lachnospiraceae; D_5__g__Oribacterium; D_6__g__Oribacterium_s__sp._HMT_078
100	0	37	0	214	12	0	0	82	0	0	0	186	0	0	0	0	0	31	0	0	0	0	40	0	111	286	0	0	0	49	0	110	267	674	0	0	0	265	46	0	193	104	0	73	0	0	0	20	0	0	D_0__k__Bacteria; D_1__p__Firmicutes; D_2__c__Bacilli; D_3__o__Lactobacillales; D_4__f__Carnobacteriaceae; D_5__g__Granulicatella; D_6__g__Granulicatella_s__elegans
101	0	0	0	200	0	0	0	0	0	0	0	0	0	0	0	0	0	0	0	0	0	0	0	0	0	0	0	0	0	0	0	0	0	295	0	0	0	0	0	0	874	489	0	412	0	0	0	0	0	523	D_0__k__Bacteria; D_1__p__Firmicutes; D_2__c__Bacilli; D_3__o__Lactobacillales; D_4__f__Streptococcaceae; D_5__g__Streptococcus; D_6__g__Streptococcus_s__oralis_subsp._dentisani_clade_058
102	5	88	0	63	83	84	0	0	0	0	0	21	0	0	0	44	8	5	49	497	0	0	52	0	87	0	0	0	133	40	210	2	83	262	75	41	0	0	0	0	0	182	0	109	0	0	0	1	0	83	D_0__k__Bacteria; D_1__p__Firmicutes; D_2__c__Negativicutes; D_3__o__Veillonellales; D_4__f__Veillonellaceae; D_5__g__Veillonella; D_6__g__Veillonella_s__parvula
103	0	0	0	179	0	18	0	93	0	0	0	157	0	0	0	0	0	34	0	46	0	0	0	0	152	215	0	0	0	42	0	259	301	634	0	54	0	202	0	53	153	65	0	52	0	0	0	16	0	0	D_0__k__Bacteria; D_1__p__Firmicutes; D_2__c__Bacilli; D_3__o__Lactobacillales; D_4__f__Carnobacteriaceae; D_5__g__Granulicatella; D_6__g__Granulicatella_s__elegans
104	0	0	360	31	0	0	0	0	0	0	0	276	0	22	0	0	0	37	0	0	0	10	59	0	63	997	0	0	0	0	0	0	0	536	0	0	0	0	57	0	0	0	0	0	0	0	43	178	0	95	D_0__k__Bacteria; D_1__p__Bacteroidetes; D_2__c__Flavobacteriia; D_3__o__Flavobacteriales; D_4__f__Flavobacteriaceae; D_5__g__Capnocytophaga; D_6__g__Capnocytophaga_s__endodontalis
105	224	0	0	0	0	0	0	0	0	0	0	0	0	0	0	0	0	0	0	0	0	0	0	0	0	0	305	2231	0	0	0	0	0	0	0	0	0	0	0	0	0	0	0	0	0	0	0	0	0	0	D_0__k__Bacteria; D_1__p__Firmicutes; D_2__c__Clostridia; D_3__o__Eubacteriales; D_4__f__Clostridiales_[F-3]; D_5__g__Clostridiales_[F-3][G-1]; D_6__g__Clostridiales_[F-3][G-1]_s__bacterium_HMT_876
106	0	36	61	63	39	51	43	0	0	0	437	254	1	1	0	15	67	0	0	0	13	0	22	139	4	11	682	0	0	0	0	0	673	0	0	59	17	0	34	0	0	0	0	0	0	0	0	0	0	0	D_0__k__Bacteria; D_1__p__Fusobacteria; D_2__c__Fusobacteriia; D_3__o__Fusobacteriales; D_4__f__Fusobacteriaceae; D_5__g__Fusobacterium; D_6__g__Fusobacterium_s__naviforme
107	0	0	1801	0	853	0	0	0	0	0	0	0	0	0	0	0	0	0	0	0	0	0	0	0	0	0	0	0	0	0	0	0	0	0	0	0	0	0	0	0	0	0	0	0	0	0	0	0	0	48	D_0__k__Bacteria; D_1__p__Fusobacteria; D_2__c__Fusobacteriia; D_3__o__Fusobacteriales; D_4__f__Fusobacteriaceae; D_5__g__Fusobacterium; D_6__g__Fusobacterium_s__nucleatum
108	0	0	0	0	0	0	0	0	0	0	0	0	0	0	0	0	0	0	0	0	0	0	0	0	0	9	0	0	75	1734	0	0	0	0	0	881	0	0	0	0	0	0	0	0	0	0	0	0	0	0	D_0__k__Bacteria; D_1__p__Bacteroidetes; D_2__c__Flavobacteriia; D_3__o__Flavobacteriales; D_4__f__Flavobacteriaceae; D_5__g__Capnocytophaga; D_6__g__Capnocytophaga_s__sputigena
109	0	88	80	0	0	0	0	0	0	0	0	231	0	64	0	0	0	0	0	0	0	0	0	0	0	229	0	0	0	0	0	0	1706	0	0	0	28	0	0	0	0	0	0	0	0	0	260	0	0	0	D_0__k__Bacteria; D_1__p__Fusobacteria; D_2__c__Fusobacteriia; D_3__o__Fusobacteriales; D_4__f__Leptotrichiaceae; D_5__g__Leptotrichia; D_6__g__Leptotrichia_s__hongkongensis
110	0	0	0	0	0	0	0	0	0	0	0	158	0	0	0	0	0	0	0	0	0	0	0	0	0	0	0	0	2050	93	0	0	0	0	0	0	0	0	0	0	0	0	0	0	142	57	0	0	0	0	D_0__k__Bacteria; D_1__p__Bacteroidetes; D_2__c__Bacteroidia; D_3__o__Bacteroidales; D_4__f__Prevotellaceae; D_5__g__Prevotella; D_6__g__Prevotella_s__sp._HMT_472
111	233	0	57	0	20	0	557	9	0	0	759	0	0	0	0	0	0	17	128	0	13	0	0	0	0	0	0	0	446	0	0	0	80	0	0	0	136	0	89	0	0	0	0	0	0	0	38	0	73	0	D_0__k__Bacteria; D_1__p__Firmicutes; D_2__c__Clostridia; D_3__o__Eubacteriales; D_4__f__Lachnospiraceae; D_5__g__Oribacterium; D_6__g__Oribacterium_s__sp._HMT_078
112	0	0	1647	17	0	0	0	0	0	0	0	61	0	0	0	0	93	0	0	0	551	0	0	0	0	0	0	0	0	0	0	0	0	0	0	0	57	0	0	0	0	0	0	0	39	0	0	0	88	0	D_0__k__Bacteria; D_1__p__Bacteroidetes; D_2__c__Bacteroidia; D_3__o__Bacteroidales; D_4__f__Bacteroidales_[F-2]; D_5__g__Bacteroidales_[G-2]; D_6__g__Bacteroidales_[G-2]_s__bacterium_HMT_274
113	0	195	0	30	0	0	0	0	0	0	0	0	0	0	0	74	0	316	0	0	0	0	0	0	0	138	0	0	0	0	0	97	0	0	0	0	75	142	107	103	0	0	0	0	373	300	0	215	0	74	D_0__k__Bacteria; D_1__p__Bacteroidetes; D_2__c__Flavobacteriia; D_3__o__Flavobacteriales; D_4__f__Flavobacteriaceae; D_5__g__Capnocytophaga; D_6__g__Capnocytophaga_s__leadbetteri
114	905	0	227	0	124	0	0	0	0	0	554	0	0	0	57	46	0	0	144	0	166	0	0	0	0	36	0	0	0	0	0	0	116	0	76	0	144	31	0	0	0	0	0	0	0	0	0	0	0	0	D_0__k__Bacteria; D_1__p__Spirochaetes; D_2__c__Spirochaetia; D_3__o__Spirochaetales; D_4__f__Treponemataceae; D_5__g__Treponema; D_6__g__Treponema_s__sp._HMT_231
115	0	101	0	108	0	24	94	68	0	0	0	0	0	28	0	108	0	0	0	270	0	65	25	0	157	0	0	0	197	182	0	0	59	0	0	0	0	0	0	0	0	0	0	93	0	450	55	126	0	0	D_0__k__Bacteria; D_1__p__Bacteroidetes; D_2__c__Bacteroidia; D_3__o__Bacteroidales; D_4__f__Prevotellaceae; D_5__g__Prevotella; D_6__g__Prevotella_s__melaninogenica
116	0	0	687	0	985	0	0	0	0	0	0	0	57	42	0	0	0	0	0	0	0	0	0	130	0	0	0	0	5	0	0	0	0	0	0	0	468	0	0	0	231	0	0	0	0	0	0	0	0	0	D_0__k__Bacteria; D_1__p__Fusobacteria; D_2__c__Fusobacteriia; D_3__o__Fusobacteriales; D_4__f__Fusobacteriaceae; D_5__g__Fusobacterium; D_6__g__Fusobacterium_s__nucleatum
117	0	877	0	0	0	0	0	76	0	0	0	64	0	0	0	0	25	24	0	0	0	0	0	0	0	0	0	0	0	0	0	0	0	800	0	0	0	59	0	0	0	0	0	0	0	418	0	0	39	220	D_0__k__Bacteria; D_1__p__Bacteroidetes; D_2__c__Bacteroidia; D_3__o__Bacteroidales; D_4__f__Porphyromonadaceae; D_5__g__Porphyromonas; D_6__g__Porphyromonas_s__pasteri
118	0	48	0	34	0	0	89	518	0	0	0	16	0	0	0	0	89	139	0	0	0	0	0	0	0	12	0	0	0	0	0	0	811	259	0	255	0	0	45	0	0	0	0	106	0	66	0	0	0	88	D_0__k__Bacteria; D_1__p__Proteobacteria; D_2__c__Betaproteobacteria; D_3__o__Neisseriales; D_4__f__Neisseriaceae; D_5__g__Neisseria; D_6__g__Neisseria_s__cinerea
119	0	152	0	63	0	195	136	163	0	0	0	138	0	0	0	310	0	405	0	26	0	45	0	0	0	0	0	0	0	163	0	0	0	0	0	90	0	0	0	0	0	169	0	296	0	0	0	0	0	152	D_0__k__Bacteria; D_1__p__Fusobacteria; D_2__c__Fusobacteriia; D_3__o__Fusobacteriales; D_4__f__Fusobacteriaceae; D_5__g__Fusobacterium; D_6__g__Fusobacterium_s__periodonticum
120	84	30	0	234	58	782	11	111	0	0	145	452	0	0	0	31	0	11	80	0	34	0	0	0	49	104	0	0	48	5	0	0	0	0	27	42	0	20	10	0	0	0	0	0	0	0	0	0	93	0	D_0__k__Bacteria; D_1__p__Firmicutes; D_2__c__Clostridia; D_3__o__Eubacteriales; D_4__f__Lachnospiraceae; D_5__g__Catonella; D_6__g__Catonella_s__morbi
121	0	0	421	0	61	0	0	0	0	0	0	0	0	0	18	0	0	0	0	0	1263	0	0	0	719	0	0	0	0	0	0	0	0	0	0	0	89	0	0	0	0	0	0	0	0	0	0	0	0	0	D_0__k__Bacteria; D_1__p__Synergistetes; D_2__c__Synergistia; D_3__o__Synergistales; D_4__f__Synergistaceae; D_5__g__Fretibacterium; D_6__g__Fretibacterium_s__sp._HMT_359
122	1104	0	0	0	0	35	184	0	0	0	127	0	0	2	0	0	0	0	0	0	15	0	0	0	0	0	607	0	0	0	0	0	0	0	444	0	0	0	0	0	0	0	0	0	0	0	28	0	0	0	D_0__k__Bacteria; D_1__p__Firmicutes; D_2__c__Bacilli; D_3__o__Lactobacillales; D_4__f__Lactobacillaceae; D_5__g__Lacticaseibacillus; D_6__g__Lacticaseibacillus_s__casei
123	0	62	95	0	0	0	0	31	0	0	0	226	0	0	0	0	0	0	0	0	0	0	0	0	0	167	0	0	0	0	0	0	1631	40	0	0	0	0	0	0	0	0	0	0	0	0	216	69	0	0	D_0__k__Bacteria; D_1__p__Fusobacteria; D_2__c__Fusobacteriia; D_3__o__Fusobacteriales; D_4__f__Leptotrichiaceae; D_5__g__Leptotrichia; D_6__g__Leptotrichia_s__hongkongensis
124	0	0	0	52	0	0	0	0	0	0	677	16	0	0	0	118	0	30	0	154	0	51	60	0	0	36	0	0	0	0	0	132	0	48	0	346	15	18	59	52	0	106	0	3	0	0	0	151	0	0	D_0__k__Bacteria; D_1__p__Actinobacteria; D_2__c__Actinomycetia; D_3__o__Micrococcales; D_4__f__Micrococcaceae; D_5__g__Rothia; D_6__g__Rothia_s__dentocariosa
125	2438	0	0	0	0	0	0	0	0	0	0	0	0	0	0	0	0	0	0	0	61	0	0	0	0	0	0	0	0	0	0	0	0	0	17	0	0	0	0	0	0	0	0	0	0	0	0	0	0	0	D_0__k__Bacteria; D_1__p__Actinobacteria; D_2__c__Actinomycetia; D_3__o__Bifidobacteriales; D_4__f__Bifidobacteriaceae; D_5__g__Parascardovia; D_6__g__Parascardovia_s__denticolens
126	0	0	670	0	963	0	0	0	0	0	0	0	37	59	0	0	0	0	0	0	0	0	0	101	0	0	0	0	8	0	0	0	0	0	0	0	469	0	0	0	204	0	0	0	0	0	0	0	0	0	D_0__k__Bacteria; D_1__p__Fusobacteria; D_2__c__Fusobacteriia; D_3__o__Fusobacteriales; D_4__f__Fusobacteriaceae; D_5__g__Fusobacterium; D_6__g__Fusobacterium_s__nucleatum
127	0	10	87	0	1241	0	0	0	0	0	0	0	0	0	14	22	0	0	133	0	555	0	0	0	0	0	0	0	0	0	0	0	0	0	0	0	404	0	0	0	0	0	0	0	0	0	0	0	0	0	D_0__k__Bacteria; D_1__p__Spirochaetes; D_2__c__Spirochaetia; D_3__o__Spirochaetales; D_4__f__Treponemataceae; D_5__g__Treponema; D_6__g__Treponema_s__lecithinolyticum
128	0	63	31	30	0	43	222	200	0	0	245	80	0	0	0	214	0	288	21	0	0	0	509	31	0	237	0	0	0	0	0	0	0	0	0	0	96	0	0	0	0	0	0	105	0	0	0	0	0	50	D_0__k__Bacteria; D_1__p__Proteobacteria; D_2__c__Epsilonproteobacteria; D_3__o__Campylobacterales; D_4__f__Campylobacteraceae; D_5__g__Campylobacter; D_6__g__Campylobacter_s__gracilis
129	0	0	0	107	0	0	0	0	0	791	0	113	0	0	0	202	0	0	0	0	0	34	0	0	0	0	0	0	0	0	0	0	270	374	0	157	0	0	15	0	397	0	0	0	0	0	0	0	0	0	D_0__k__Bacteria; D_1__p__Proteobacteria; D_2__c__Gammaproteobacteria; D_3__o__Pasteurellales; D_4__f__Pasteurellaceae; D_5__g__Haemophilus; D_6__g__Haemophilus_s__haemolyticus
130	0	0	463	0	0	0	0	0	0	0	0	0	0	0	0	0	0	0	0	0	0	0	0	0	1384	0	0	0	0	0	0	0	0	0	0	0	0	0	0	0	0	0	0	0	262	0	0	0	288	0	D_0__k__Bacteria; D_1__p__Firmicutes; D_2__c__Clostridia; D_3__o__Eubacteriales; D_4__f__Peptostreptococcaceae; D_5__g__Filifactor; D_6__g__Filifactor_s__alocis
131	0	0	0	0	0	0	0	0	0	0	0	0	0	0	0	0	0	0	0	0	0	0	0	0	0	0	0	0	0	145	0	0	0	0	0	0	0	0	24	76	0	0	0	0	0	0	0	0	0	0	D_0__k__Bacteria; D_1__p__Proteobacteria; D_2__c__Betaproteobacteria; D_3__o__Neisseriales; D_4__f__Neisseriaceae; D_5__g__Neisseria; D_6__g__Neisseria_s__flava
132	0	0	0	40	0	0	74	374	0	0	0	20	0	0	0	0	96	75	0	0	0	0	65	0	0	0	0	0	0	0	0	0	867	217	0	246	0	0	34	0	0	0	0	84	33	57	0	0	0	80	D_0__k__Bacteria; D_1__p__Proteobacteria; D_2__c__Betaproteobacteria; D_3__o__Neisseriales; D_4__f__Neisseriaceae; D_5__g__Neisseria; D_6__g__Neisseria_s__cinerea
133	0	0	0	0	0	0	0	0	0	0	0	0	0	143	0	0	0	0	0	0	0	0	0	0	0	11	0	0	0	1429	0	0	0	0	0	755	0	0	0	0	0	0	0	0	0	0	0	22	0	0	D_0__k__Bacteria; D_1__p__Bacteroidetes; D_2__c__Flavobacteriia; D_3__o__Flavobacteriales; D_4__f__Flavobacteriaceae; D_5__g__Capnocytophaga; D_6__g__Capnocytophaga_s__sputigena
134	0	0	331	27	0	0	0	38	0	0	0	258	0	0	0	0	0	0	0	0	0	0	0	0	105	753	0	0	0	0	0	0	0	510	0	0	0	0	58	0	0	0	0	0	0	0	0	136	0	80	D_0__k__Bacteria; D_1__p__Bacteroidetes; D_2__c__Flavobacteriia; D_3__o__Flavobacteriales; D_4__f__Flavobacteriaceae; D_5__g__Capnocytophaga; D_6__g__Capnocytophaga_s__endodontalis
135	2272	0	0	0	0	0	0	0	0	0	0	0	0	0	0	0	0	0	0	0	52	0	0	0	0	0	0	0	0	0	0	0	0	0	0	0	0	0	0	0	0	0	0	0	0	0	0	0	12	0	D_0__k__Bacteria; D_1__p__Actinobacteria; D_2__c__Actinomycetia; D_3__o__Bifidobacteriales; D_4__f__Bifidobacteriaceae; D_5__g__Parascardovia; D_6__g__Parascardovia_s__denticolens
136	56	0	147	90	0	337	0	0	0	0	605	100	0	0	0	0	0	0	66	0	6	0	0	0	54	0	0	0	0	0	0	0	0	79	0	38	69	0	0	0	0	0	0	0	0	0	74	0	198	22	D_0__k__Bacteria; D_1__p__Firmicutes; D_2__c__Erysipelotrichia; D_3__o__Erysipelotrichales; D_4__f__Erysipelotrichaceae; D_5__g__Solobacterium; D_6__g__Solobacterium_s__moorei
137	6	246	0	17	98	42	0	0	0	0	0	18	0	0	0	37	0	78	25	88	0	0	84	0	0	0	0	0	79	137	14	133	57	280	3	75	0	0	0	0	0	48	0	294	0	0	0	31	0	5	D_0__k__Bacteria; D_1__p__Firmicutes; D_2__c__Negativicutes; D_3__o__Veillonellales; D_4__f__Veillonellaceae; D_5__g__Veillonella; D_6__g__Veillonella_s__dispar
138	304	61	0	0	0	0	0	316	0	0	0	349	0	0	0	0	0	62	0	0	0	0	0	0	0	0	0	0	0	0	0	567	0	0	0	0	0	0	0	0	0	0	0	0	0	0	0	0	0	73	D_0__k__Bacteria; D_1__p__Saccharibacteria_(TM7); D_2__c__Saccharibacteria_(TM7)_[C-1]; D_3__o__Saccharibacteria_(TM7)_[O-1]; D_4__f__Saccharibacteria_(TM7)_[F-1]; D_5__g__Saccharibacteria_(TM7)_[G-1]; D_6__g__Saccharibacteria_(TM7)_[G-1]_s__bacterium_HMT_348
139	0	0	70	162	0	461	258	0	0	0	625	174	0	0	0	88	0	0	382	0	93	0	0	0	0	0	0	0	6	0	0	0	0	0	0	0	0	0	0	0	0	0	0	0	0	0	0	0	0	0	D_0__k__Bacteria; D_1__p__Bacteroidetes; D_2__c__Bacteroidia; D_3__o__Bacteroidales; D_4__f__Prevotellaceae; D_5__g__Prevotella; D_6__g__Prevotella_s__denticola
140	0	0	1708	0	0	0	0	0	0	0	0	0	0	0	0	0	0	0	36	0	430	0	0	0	0	0	0	0	0	0	0	0	0	0	0	0	0	0	0	0	0	0	0	0	72	0	0	0	63	0	D_0__k__Bacteria; D_1__p__Bacteroidetes; D_2__c__Bacteroidia; D_3__o__Bacteroidales; D_4__f__Bacteroidales_[F-2]; D_5__g__Bacteroidales_[G-2]; D_6__g__Bacteroidales_[G-2]_s__bacterium_HMT_274
141	6	216	0	20	90	50	0	0	0	0	0	20	0	0	0	28	25	77	24	78	0	0	58	0	0	0	0	0	199	140	5	99	71	240	1	37	0	0	0	0	0	42	0	309	0	0	0	19	0	5	D_0__k__Bacteria; D_1__p__Firmicutes; D_2__c__Negativicutes; D_3__o__Veillonellales; D_4__f__Veillonellaceae; D_5__g__Veillonella; D_6__g__Veillonella_s__dispar
142	0	0	0	0	0	0	0	0	0	0	0	0	0	0	0	0	0	0	0	0	0	0	0	0	0	149	0	2131	0	0	0	0	0	0	0	0	4	5	0	0	0	2	0	6	0	0	0	0	0	0	D_0__k__Bacteria; D_1__p__Firmicutes; D_2__c__Negativicutes; D_3__o__Veillonellales; D_4__f__Veillonellaceae; D_5__g__Veillonella; D_6__g__Veillonella_s__dispar
143	111	0	0	261	38	688	0	69	0	0	98	374	0	0	0	0	24	0	51	0	0	0	0	0	49	79	0	0	122	0	0	0	44	0	0	43	48	0	0	0	0	0	0	0	0	0	0	0	53	0	D_0__k__Bacteria; D_1__p__Firmicutes; D_2__c__Clostridia; D_3__o__Eubacteriales; D_4__f__Lachnospiraceae; D_5__g__Catonella; D_6__g__Catonella_s__morbi
144	0	0	0	0	0	0	0	0	2217	0	0	0	0	0	0	0	0	0	0	0	0	0	0	0	0	28	0	0	0	0	0	0	0	0	0	0	0	0	0	0	0	0	0	0	0	0	0	0	0	0	D_0__k__Bacteria; D_1__p__Firmicutes; D_2__c__Erysipelotrichia; D_3__o__Erysipelotrichales; D_4__f__Erysipelotrichaceae; D_5__g__Solobacterium; D_6__g__Solobacterium_s__moorei
145	0	70	0	0	0	0	0	22	0	0	0	0	0	0	0	13	0	0	0	0	0	0	0	0	0	0	0	0	0	0	0	475	29	230	0	278	0	0	26	0	0	0	0	0	361	426	77	32	0	0	D_0__k__Bacteria; D_1__p__Bacteroidetes; D_2__c__Flavobacteriia; D_3__o__Flavobacteriales; D_4__f__Flavobacteriaceae; D_5__g__Capnocytophaga; D_6__g__Capnocytophaga_s__granulosa
146	0	70	0	0	0	0	0	0	0	0	0	0	0	0	0	0	0	0	0	0	0	0	0	0	0	30	0	0	0	123	0	0	0	0	0	0	0	0	0	0	0	0	0	523	0	0	0	0	0	124	D_0__k__Bacteria; D_1__p__Firmicutes; D_2__c__Bacilli; D_3__o__Lactobacillales; D_4__f__Streptococcaceae; D_5__g__Streptococcus; D_6__g__Streptococcus_s__lactarius
147	1536	0	0	0	0	0	0	0	0	0	0	0	0	0	0	0	0	0	0	0	0	0	0	0	0	0	187	0	0	0	0	0	0	0	0	0	0	0	0	0	0	0	0	0	0	92	0	0	0	0	D_0__k__Bacteria; D_1__p__Bacteroidetes; D_2__c__Bacteroidia; D_3__o__Bacteroidales; D_4__f__Prevotellaceae; D_5__g__Prevotella; D_6__g__Prevotella_s__veroralis
148	0	395	0	74	0	61	0	0	0	0	0	0	0	0	0	0	0	0	0	0	0	0	0	0	0	0	0	0	0	0	0	0	187	281	57	0	0	0	0	0	305	0	0	0	0	173	226	128	0	0	D_0__k__Bacteria; D_1__p__Firmicutes; D_2__c__Negativicutes; D_3__o__Veillonellales; D_4__f__Veillonellaceae; D_5__g__Veillonella; D_6__g__Veillonella_s__parvula
149	0	0	0	0	0	0	0	0	0	0	0	0	0	0	0	0	0	0	0	0	0	0	195	6	0	0	0	0	0	0	1778	0	0	0	0	0	15	0	0	0	41	143	0	0	0	0	0	0	0	0	D_0__k__Bacteria; D_1__p__Firmicutes; D_2__c__Bacilli; D_3__o__Lactobacillales; D_4__f__Streptococcaceae; D_5__g__Streptococcus; D_6__g__Streptococcus_s__sobrinus
150	0	0	0	0	0	0	106	359	0	0	0	0	0	0	0	0	0	0	0	0	0	0	0	0	0	0	0	0	0	0	0	241	19	0	0	0	0	218	0	0	0	0	0	0	217	793	0	151	0	0	D_0__k__Bacteria; D_1__p__Firmicutes; D_2__c__Bacilli; D_3__o__Lactobacillales; D_4__f__Aerococcaceae; D_5__g__Abiotrophia; D_6__g__Abiotrophia_s__defectiva
151	1330	0	0	0	0	0	0	0	0	0	268	0	0	0	0	0	54	0	0	0	0	0	25	0	356	42	0	0	0	0	0	0	0	0	0	0	0	0	0	0	0	0	0	0	0	0	0	0	94	0	D_0__k__Bacteria; D_1__p__Fusobacteria; D_2__c__Fusobacteriia; D_3__o__Fusobacteriales; D_4__f__Fusobacteriaceae; D_5__g__Fusobacterium; D_6__g__Fusobacterium_s__nucleatum
152	0	5	0	22	0	0	0	0	1552	0	0	13	0	0	0	1	0	0	23	121	0	0	0	0	0	0	0	0	0	0	0	0	3	5	0	0	0	0	0	12	7	0	0	1	15	0	95	227	0	0	D_0__k__Bacteria; D_1__p__Firmicutes; D_2__c__Negativicutes; D_3__o__Veillonellales; D_4__f__Veillonellaceae; D_5__g__Veillonella; D_6__g__Veillonella_s__parvula
153	247	61	54	0	0	0	0	282	0	0	0	213	0	0	0	113	0	269	0	0	0	0	382	0	0	147	0	0	5	0	0	0	0	0	0	0	0	0	57	0	0	0	0	0	0	0	0	0	88	144	D_0__k__Bacteria; D_1__p__Bacteroidetes; D_2__c__Bacteroidia; D_3__o__Bacteroidales; D_4__f__Tannerellaceae; D_5__g__Tannerella; D_6__g__Tannerella_s__sp._HMT_286
154	0	0	0	0	0	0	0	0	0	0	0	0	0	0	0	0	0	0	0	0	0	0	0	0	0	0	0	0	0	0	0	0	0	0	0	0	0	0	0	0	0	0	0	0	492	1648	0	0	0	0	D_0__k__Bacteria; D_1__p__Firmicutes; D_2__c__Bacilli; D_3__o__Lactobacillales; D_4__f__Aerococcaceae; D_5__g__Abiotrophia; D_6__g__Abiotrophia_s__defectiva
155	0	0	0	0	0	0	0	0	0	0	0	0	0	0	0	0	0	0	2107	0	0	0	0	0	0	0	0	0	0	0	0	0	0	0	0	0	0	0	0	0	0	0	0	0	0	0	0	0	0	0	D_0__k__Bacteria; D_1__p__Bacteroidetes; D_2__c__Bacteroidia; D_3__o__Bacteroidales; D_4__f__Prevotellaceae; D_5__g__Prevotella; D_6__g__Prevotella_s__intermedia
156	0	182	0	0	0	0	0	0	0	0	0	55	0	0	0	0	0	108	55	350	0	0	58	0	0	0	0	0	0	411	0	0	0	71	0	0	0	28	0	0	42	61	0	0	0	0	42	50	0	141	D_0__k__Bacteria; D_1__p__Actinobacteria; D_2__c__Actinomycetia; D_3__o__Actinomycetales; D_4__f__Actinomycetaceae; D_5__g__Actinomyces; D_6__g__Actinomyces_s__sp._HMT_169
157	0	0	0	52	0	0	0	47	0	0	0	0	0	0	0	0	0	46	0	0	0	0	0	0	0	0	0	0	0	0	0	0	146	126	0	0	0	0	0	0	1057	305	0	166	0	0	0	0	0	111	D_0__k__Bacteria; D_1__p__Proteobacteria; D_2__c__Gammaproteobacteria; D_3__o__Pasteurellales; D_4__f__Pasteurellaceae; D_5__g__Haemophilus; D_6__g__Haemophilus_s__sp._HMT_036
158	0	0	0	64	0	0	0	0	0	0	562	0	0	0	0	139	0	0	0	102	0	17	0	34	0	32	0	0	0	0	0	115	18	61	36	285	0	23	0	40	0	0	0	0	0	0	0	156	0	0	D_0__k__Bacteria; D_1__p__Actinobacteria; D_2__c__Actinomycetia; D_3__o__Micrococcales; D_4__f__Micrococcaceae; D_5__g__Rothia; D_6__g__Rothia_s__dentocariosa
159	0	0	0	32	0	0	0	0	0	0	0	67	0	0	0	0	0	0	0	0	0	0	0	0	0	0	0	0	0	0	0	0	77	1111	0	0	0	0	0	0	0	0	0	0	37	34	173	0	46	472	D_0__k__Bacteria; D_1__p__Proteobacteria; D_2__c__Betaproteobacteria; D_3__o__Neisseriales; D_4__f__Neisseriaceae; D_5__g__Neisseria; D_6__g__Neisseria_s__flavescens
160	0	85	0	0	0	0	0	331	0	0	0	56	0	0	0	31	0	190	0	0	0	0	310	0	0	313	0	0	0	0	0	90	0	145	0	0	64	27	50	47	0	73	0	0	0	0	0	55	35	0	D_0__k__Bacteria; D_1__p__Firmicutes; D_2__c__Clostridia; D_3__o__Eubacteriales; D_4__f__Lachnospiraceae; D_5__g__Lachnoanaerobaculum; D_6__g__Lachnoanaerobaculum_s__saburreum
161	761	0	0	0	0	0	173	0	0	0	114	17	0	0	0	0	0	0	0	0	0	0	0	0	0	0	462	0	0	0	0	0	0	0	503	0	0	0	0	0	0	0	0	0	0	0	0	0	0	0	D_0__k__Bacteria; D_1__p__Firmicutes; D_2__c__Bacilli; D_3__o__Lactobacillales; D_4__f__Lactobacillaceae; D_5__g__Lacticaseibacillus; D_6__g__Lacticaseibacillus_s__casei
162	0	0	0	155	0	237	0	0	0	0	0	133	0	0	0	0	0	0	0	0	0	0	0	0	0	0	0	0	1443	0	0	0	0	0	0	39	0	0	21	0	0	0	0	0	0	0	0	0	0	0	D_0__k__Bacteria; D_1__p__Bacteroidetes; D_2__c__Bacteroidia; D_3__o__Bacteroidales; D_4__f__Prevotellaceae; D_5__g__Prevotella; D_6__g__Prevotella_s__salivae
163	0	0	0	0	0	0	0	0	0	0	0	0	0	0	0	0	0	0	0	0	0	0	0	0	0	0	0	0	0	0	1907	116	0	0	0	0	0	0	0	0	0	0	0	0	0	0	0	0	0	0	D_0__k__Bacteria; D_1__p__Proteobacteria; D_2__c__Betaproteobacteria; D_3__o__Neisseriales; D_4__f__Neisseriaceae; D_5__g__Neisseria; D_6__g__Neisseria_s__perflava
164	0	0	44	0	0	0	0	0	0	0	0	0	0	0	0	0	0	0	0	0	0	0	149	0	0	0	0	0	0	0	0	0	0	0	0	0	0	0	0	59	0	1724	0	0	0	0	0	0	0	0	D_0__k__Bacteria; D_1__p__Firmicutes; D_2__c__Bacilli; D_3__o__Lactobacillales; D_4__f__Streptococcaceae; D_5__g__Streptococcus; D_6__g__Streptococcus_s__parasanguinis_clade_721
165	0	146	0	0	0	0	0	0	0	0	0	0	0	0	0	0	0	0	0	119	0	0	0	0	91	737	0	0	0	0	0	0	0	0	0	0	0	152	14	0	0	0	0	315	0	0	0	392	0	0	D_0__k__Bacteria; D_1__p__Bacteroidetes; D_2__c__Bacteroidia; D_3__o__Bacteroidales; D_4__f__Prevotellaceae; D_5__g__Alloprevotella; D_6__g__Alloprevotella_s__sp._HMT_473
166	0	0	0	0	0	0	0	0	0	1948	0	0	0	0	0	0	0	0	0	0	0	0	0	0	0	0	0	0	0	0	0	0	0	0	0	0	0	0	0	0	0	0	0	0	0	0	0	0	0	0	D_0__k__Bacteria; D_1__p__Fusobacteria; D_2__c__Fusobacteriia; D_3__o__Fusobacteriales; D_4__f__Fusobacteriaceae; D_5__g__Fusobacterium; D_6__g__Fusobacterium_s__nucleatum
167	0	0	199	0	646	0	50	0	0	0	0	0	0	0	0	7	0	0	0	0	258	0	0	0	192	0	0	0	0	0	0	0	0	0	0	0	75	0	0	0	0	0	0	0	80	0	0	0	429	0	D_0__k__Bacteria; D_1__p__Firmicutes; D_2__c__Negativicutes; D_3__o__Veillonellales; D_4__f__Veillonellaceae; D_5__g__Dialister; D_6__g__Dialister_s__pneumosintes
168	0	0	0	0	0	0	117	493	0	0	0	131	0	0	0	67	0	130	0	0	0	0	74	0	0	320	0	0	0	0	0	0	43	365	0	64	0	0	0	0	0	0	0	0	0	0	0	58	0	61	D_0__k__Bacteria; D_1__p__Bacteroidetes; D_2__c__Bacteroidia; D_3__o__Bacteroidales; D_4__f__Porphyromonadaceae; D_5__g__Porphyromonas; D_6__g__Porphyromonas_s__catoniae
169	0	0	0	118	0	0	0	45	0	462	0	86	0	0	0	176	0	0	0	0	0	0	10	0	0	0	0	0	0	0	0	0	208	335	0	148	0	0	19	0	307	0	0	0	0	0	0	0	0	0	D_0__k__Bacteria; D_1__p__Proteobacteria; D_2__c__Gammaproteobacteria; D_3__o__Pasteurellales; D_4__f__Pasteurellaceae; D_5__g__Haemophilus; D_6__g__Haemophilus_s__haemolyticus
170	0	0	0	110	0	0	0	0	0	0	0	0	0	0	0	0	0	63	5	0	0	0	260	0	0	0	0	0	0	0	0	0	0	0	0	0	235	170	531	278	0	0	0	0	0	0	0	0	0	0	D_0__k__Bacteria; D_1__p__Bacteroidetes; D_2__c__Bacteroidia; D_3__o__Bacteroidales; D_4__f__Prevotellaceae; D_5__g__Prevotella; D_6__g__Prevotella_s__sp._HMT_317
171	0	0	628	0	0	0	0	0	0	0	0	0	0	0	0	0	0	0	142	0	0	0	0	0	203	0	0	0	0	0	0	0	0	0	0	18	248	0	0	0	0	0	397	0	50	0	0	0	224	0	D_0__k__Bacteria; D_1__p__Spirochaetes; D_2__c__Spirochaetia; D_3__o__Spirochaetales; D_4__f__Treponemataceae; D_5__g__Treponema; D_6__g__Treponema_s__denticola
172	0	320	0	0	0	0	0	115	0	0	0	129	0	0	0	0	0	169	0	183	0	0	0	0	0	55	0	0	0	0	0	0	88	113	0	0	0	0	55	0	0	0	0	0	0	0	0	0	0	0	D_0__k__Bacteria; D_1__p__Firmicutes; D_2__c__Clostridia; D_3__o__Eubacteriales; D_4__f__Lachnospiraceae; D_5__g__Lachnoanaerobaculum; D_6__g__Lachnoanaerobaculum_s__umeaense
173	0	0	0	58	60	0	0	434	0	0	0	73	0	0	0	0	0	0	0	0	0	4	0	0	0	173	0	0	0	0	0	0	41	255	0	0	69	64	55	90	0	246	0	0	0	0	0	0	0	194	D_0__k__Bacteria; D_1__p__Firmicutes; D_2__c__Bacilli; D_3__o__Bacillales; D_4__f__Gemellaceae; D_5__g__Gemella; D_6__g__Gemella_s__morbillorum
174	0	0	0	0	0	0	0	0	0	0	0	0	0	0	0	0	0	0	0	0	0	0	0	0	1789	0	0	0	0	0	0	0	0	0	0	0	0	0	0	0	0	0	0	0	78	0	0	0	0	0	D_0__k__Bacteria; D_1__p__Bacteroidetes; D_2__c__Bacteroidia; D_3__o__Bacteroidales; D_4__f__Porphyromonadaceae; D_5__g__Porphyromonas; D_6__g__Porphyromonas_s__uenonis
175	0	0	117	75	22	272	0	0	0	0	459	58	0	0	0	0	0	2	68	0	0	0	0	0	81	0	0	0	0	0	0	0	53	0	48	0	0	0	0	0	0	0	0	0	0	0	0	0	190	0	D_0__k__Bacteria; D_1__p__Firmicutes; D_2__c__Erysipelotrichia; D_3__o__Erysipelotrichales; D_4__f__Erysipelotrichaceae; D_5__g__Solobacterium; D_6__g__Solobacterium_s__moorei
176	0	0	0	0	0	0	0	0	0	0	0	0	0	0	0	101	0	504	0	0	0	0	807	38	0	69	0	0	0	0	0	0	0	0	0	0	0	0	11	49	0	0	0	0	0	0	64	185	0	0	D_0__k__Bacteria; D_1__p__Fusobacteria; D_2__c__Fusobacteriia; D_3__o__Fusobacteriales; D_4__f__Leptotrichiaceae; D_5__g__Leptotrichia; D_6__g__Leptotrichia_s__wadei
177	0	28	0	82	0	57	0	0	0	0	84	213	0	0	0	0	0	76	0	0	0	0	0	0	0	146	0	0	0	0	0	69	36	197	0	30	0	33	0	47	55	0	0	39	0	0	74	42	0	313	D_0__k__Bacteria; D_1__p__Actinobacteria; D_2__c__Actinomycetia; D_3__o__Actinomycetales; D_4__f__Actinomycetaceae; D_5__g__Actinomyces; D_6__g__Actinomyces_s__massiliensis
178	570	0	61	37	0	43	0	0	0	0	646	27	140	4	0	0	0	0	106	0	0	0	19	0	0	0	0	0	121	0	0	0	2	0	0	0	0	0	9	0	0	0	0	0	0	0	0	0	0	0	D_0__k__Bacteria; D_1__p__Fusobacteria; D_2__c__Fusobacteriia; D_3__o__Fusobacteriales; D_4__f__Fusobacteriaceae; D_5__g__Fusobacterium; D_6__g__Fusobacterium_s__nucleatum
179	0	0	0	0	0	0	0	0	0	0	0	0	0	0	0	0	0	0	0	0	0	0	0	0	0	0	0	0	0	0	0	0	197	1587	0	0	0	0	0	0	0	0	0	0	0	0	0	0	0	0	D_0__k__Bacteria; D_1__p__Proteobacteria; D_2__c__Betaproteobacteria; D_3__o__Neisseriales; D_4__f__Neisseriaceae; D_5__g__Neisseria; D_6__g__Neisseria_s__flava
180	0	0	0	0	0	0	1028	0	0	0	0	0	0	0	0	0	0	0	0	0	0	0	0	0	0	0	755	0	0	0	0	0	0	0	0	0	0	0	0	0	0	0	0	0	0	0	0	0	0	0	D_0__k__Bacteria; D_1__p__Actinobacteria; D_2__c__Coriobacteriia; D_3__o__Coriobacteriales; D_4__f__Coriobacteriaceae; D_5__g__Fannyhessea; D_6__g__Fannyhessea_s__sp._HMT_416
181	0	0	0	0	0	2	0	0	0	0	0	0	0	0	0	0	0	0	0	0	0	31	0	0	0	0	0	0	0	0	0	0	64	1079	0	0	0	0	0	0	0	0	0	0	0	0	152	37	0	411	D_0__k__Bacteria; D_1__p__Proteobacteria; D_2__c__Betaproteobacteria; D_3__o__Neisseriales; D_4__f__Neisseriaceae; D_5__g__Neisseria; D_6__g__Neisseria_s__flavescens
182	0	0	0	75	0	0	0	39	0	0	0	73	0	0	0	0	0	0	0	91	0	0	0	0	0	293	0	0	0	0	0	0	0	0	0	113	0	100	0	0	57	0	0	884	0	0	0	0	0	0	D_0__k__Bacteria; D_1__p__Firmicutes; D_2__c__Negativicutes; D_3__o__Veillonellales; D_4__f__Veillonellaceae; D_5__g__Veillonella; D_6__g__Veillonella_s__sp._HMT_780
183	0	0	191	0	597	0	0	0	0	0	0	0	0	0	0	0	0	0	0	0	181	0	0	0	230	0	0	0	0	0	0	0	0	0	0	0	85	0	0	0	0	0	0	0	68	0	0	0	403	0	D_0__k__Bacteria; D_1__p__Firmicutes; D_2__c__Negativicutes; D_3__o__Veillonellales; D_4__f__Veillonellaceae; D_5__g__Dialister; D_6__g__Dialister_s__pneumosintes
184	0	0	0	65	0	130	0	0	0	0	1441	51	0	0	0	0	0	0	0	0	0	0	0	0	62	0	0	0	0	0	0	0	0	0	0	0	0	0	0	0	0	0	0	0	0	0	0	0	0	0	D_0__k__Bacteria; D_1__p__Firmicutes; D_2__c__Tissierellia; D_3__o__Tissierellales; D_4__f__Peptoniphilaceae; D_5__g__Parvimonas; D_6__g__Parvimonas_s__sp._HMT_110
185	456	0	93	17	0	57	0	0	0	0	530	25	116	11	0	0	0	0	93	0	0	0	15	0	0	0	0	0	328	0	0	0	1	0	0	0	0	0	5	0	0	0	0	0	0	0	0	0	0	0	D_0__k__Bacteria; D_1__p__Fusobacteria; D_2__c__Fusobacteriia; D_3__o__Fusobacteriales; D_4__f__Fusobacteriaceae; D_5__g__Fusobacterium; D_6__g__Fusobacterium_s__nucleatum
186	0	0	0	0	0	0	0	0	0	0	0	85	0	0	0	0	0	72	0	0	0	0	14	0	0	309	0	0	0	0	0	0	45	0	0	140	0	112	35	0	0	0	0	886	0	0	0	0	0	0	D_0__k__Bacteria; D_1__p__Firmicutes; D_2__c__Negativicutes; D_3__o__Veillonellales; D_4__f__Veillonellaceae; D_5__g__Veillonella; D_6__g__Veillonella_s__sp._HMT_780
187	0	0	0	0	0	13	89	313	0	0	0	0	0	0	0	0	0	0	0	0	0	0	0	0	0	0	0	0	0	0	0	163	0	0	0	0	31	181	0	0	0	0	0	0	195	623	0	132	0	0	D_0__k__Bacteria; D_1__p__Firmicutes; D_2__c__Bacilli; D_3__o__Lactobacillales; D_4__f__Aerococcaceae; D_5__g__Abiotrophia; D_6__g__Abiotrophia_s__defectiva
188	0	262	0	42	0	75	0	91	0	0	0	89	0	17	0	0	18	139	0	145	0	6	0	0	0	41	0	0	0	31	0	0	63	95	0	0	0	0	38	45	0	0	0	0	0	0	0	0	0	43	D_0__k__Bacteria; D_1__p__Firmicutes; D_2__c__Clostridia; D_3__o__Eubacteriales; D_4__f__Lachnospiraceae; D_5__g__Lachnoanaerobaculum; D_6__g__Lachnoanaerobaculum_s__umeaense
189	0	262	0	0	0	0	0	0	0	0	0	0	0	0	0	85	0	0	0	0	0	0	0	0	0	0	0	0	0	0	0	0	0	0	0	1386	0	0	0	0	0	0	0	0	0	0	0	0	0	0	D_0__k__Bacteria; D_1__p__Fusobacteria; D_2__c__Fusobacteriia; D_3__o__Fusobacteriales; D_4__f__Leptotrichiaceae; D_5__g__Leptotrichia; D_6__g__Leptotrichia_s__hongkongensis
190	0	0	0	0	0	0	77	366	0	466	0	0	0	44	0	0	0	52	0	0	0	0	0	0	0	47	0	0	0	0	0	0	0	0	0	0	0	0	0	0	0	123	0	0	25	0	0	0	0	277	D_0__k__Bacteria; D_1__p__Actinobacteria; D_2__c__Actinomycetia; D_3__o__Corynebacteriales; D_4__f__Corynebacteriaceae; D_5__g__Corynebacterium; D_6__g__Corynebacterium_s__matruchotii
191	0	181	0	0	0	0	0	107	0	0	0	0	0	0	0	0	0	51	0	0	0	0	0	0	0	0	0	0	0	105	0	0	0	191	0	0	0	0	0	0	0	0	0	0	215	579	29	174	0	0	D_0__k__Bacteria; D_1__p__Bacteroidetes; D_2__c__Flavobacteriia; D_3__o__Flavobacteriales; D_4__f__Weeksellaceae; D_5__g__Riemerella; D_6__g__Riemerella_s__sp._HMT_322
192	0	732	0	0	0	0	0	0	0	0	0	0	0	0	0	0	0	0	0	80	0	0	0	0	0	0	0	0	0	0	0	70	0	0	0	0	0	0	0	0	0	0	0	161	166	124	0	0	0	367	D_0__k__Bacteria; D_1__p__Proteobacteria; D_2__c__Gammaproteobacteria; D_3__o__Pasteurellales; D_4__f__Pasteurellaceae; D_5__g__Haemophilus; D_6__g__Haemophilus_s__parainfluenzae
193	0	27	45	112	0	0	0	87	0	0	100	90	0	48	0	0	0	60	0	219	0	0	0	0	0	74	0	0	0	0	0	0	0	42	0	0	72	0	0	0	40	0	0	33	0	0	76	42	0	44	D_0__k__Bacteria; D_1__p__Actinobacteria; D_2__c__Actinomycetia; D_3__o__Actinomycetales; D_4__f__Actinomycetaceae; D_5__g__Actinomyces; D_6__g__Actinomyces_s__naeslundii
194	0	0	0	46	0	122	0	0	0	0	1316	48	62	0	0	0	0	0	0	0	0	0	0	0	49	0	0	0	0	0	0	0	0	0	0	36	0	0	0	0	0	0	0	0	0	0	0	0	0	0	D_0__k__Bacteria; D_1__p__Firmicutes; D_2__c__Tissierellia; D_3__o__Tissierellales; D_4__f__Peptoniphilaceae; D_5__g__Parvimonas; D_6__g__Parvimonas_s__sp._HMT_110
195	0	0	0	0	0	0	0	0	0	0	0	0	0	0	0	68	23	465	23	0	0	0	802	0	0	61	0	0	0	0	0	0	0	0	0	0	0	0	0	0	0	0	0	0	0	0	54	160	0	0	D_0__k__Bacteria; D_1__p__Fusobacteria; D_2__c__Fusobacteriia; D_3__o__Fusobacteriales; D_4__f__Leptotrichiaceae; D_5__g__Leptotrichia; D_6__g__Leptotrichia_s__wadei
196	0	0	0	0	0	0	0	0	0	0	0	55	0	0	0	0	0	0	0	99	0	0	0	0	0	0	0	0	0	0	0	0	87	75	0	0	0	0	0	0	0	0	0	204	0	950	0	0	0	0	D_0__k__Bacteria; D_1__p__Proteobacteria; D_2__c__Gammaproteobacteria; D_3__o__Pasteurellales; D_4__f__Pasteurellaceae; D_5__g__Haemophilus; D_6__g__Haemophilus_s__parainfluenzae
197	0	0	0	0	0	7	0	0	0	0	5	2	0	0	0	0	0	0	551	16	0	0	0	0	0	3	0	0	1	0	0	0	479	0	0	0	209	0	0	0	0	0	0	0	0	0	375	0	0	1	D_0__k__Bacteria; D_1__p__Fusobacteria; D_2__c__Fusobacteriia; D_3__o__Fusobacteriales; D_4__f__Fusobacteriaceae; D_5__g__Fusobacterium; D_6__g__Fusobacterium_s__nucleatum
198	0	167	0	0	0	55	0	39	0	0	0	0	0	0	0	0	0	108	0	288	0	0	37	16	0	0	0	0	0	395	0	0	0	31	0	0	0	0	0	0	36	0	0	0	0	0	0	0	0	114	D_0__k__Bacteria; D_1__p__Actinobacteria; D_2__c__Actinomycetia; D_3__o__Actinomycetales; D_4__f__Actinomycetaceae; D_5__g__Actinomyces; D_6__g__Actinomyces_s__sp._HMT_169
199	0	0	0	0	0	0	0	0	0	0	0	0	0	0	0	0	0	0	0	0	0	0	0	0	0	0	0	0	1615	0	0	0	0	0	0	0	0	0	0	0	0	0	0	0	0	0	0	0	0	0	D_0__k__Bacteria; D_1__p__Fusobacteria; D_2__c__Fusobacteriia; D_3__o__Fusobacteriales; D_4__f__Fusobacteriaceae; D_5__g__Fusobacterium; D_6__g__Fusobacterium_s__nucleatum
200	0	99	0	89	0	0	0	0	0	0	0	89	0	0	0	37	0	0	2	4	0	0	0	0	0	0	0	0	0	0	0	0	131	73	153	0	0	0	0	0	0	0	0	0	0	0	0	22	0	0	D_0__k__Bacteria; D_1__p__Firmicutes; D_2__c__Negativicutes; D_3__o__Veillonellales; D_4__f__Veillonellaceae; D_5__g__Veillonella; D_6__g__Veillonella_s__parvula
201	0	0	0	0	0	0	0	0	0	0	0	267	0	0	0	0	0	0	0	0	0	0	0	0	0	0	0	0	879	116	0	0	2	0	0	0	0	0	0	0	0	0	0	0	106	64	0	0	0	0	D_0__k__Bacteria; D_1__p__Bacteroidetes; D_2__c__Bacteroidia; D_3__o__Bacteroidales; D_4__f__Prevotellaceae; D_5__g__Prevotella; D_6__g__Prevotella_s__sp._HMT_472
202	0	13	0	49	0	0	0	0	0	0	0	0	0	0	0	0	0	55	0	0	0	0	0	0	0	49	0	0	0	66	0	0	469	224	105	296	0	44	0	0	128	0	0	0	0	0	0	9	0	0	D_0__k__Bacteria; D_1__p__Bacteroidetes; D_2__c__Bacteroidia; D_3__o__Bacteroidales; D_4__f__Porphyromonadaceae; D_5__g__Porphyromonas; D_6__g__Porphyromonas_s__sp._HMT_930
203	0	33	0	0	0	0	13	39	0	0	0	27	0	0	0	0	0	0	0	0	0	0	12	0	0	59	0	0	0	0	0	0	0	776	0	0	6	0	46	199	0	0	0	0	0	0	0	0	0	37	D_0__k__Bacteria; D_1__p__Firmicutes; D_2__c__Clostridia; D_3__o__Eubacteriales; D_4__f__Ruminococcaceae; D_5__g__Ruminococcaceae_[G-1]; D_6__g__Ruminococcaceae_[G-1]_s__bacterium_HMT_075
204	0	2	0	22	0	0	0	0	1056	0	0	5	0	0	0	0	0	0	25	108	0	0	0	0	0	0	0	0	0	0	0	0	6	1	0	0	0	0	0	15	2	0	0	4	22	0	92	194	0	0	D_0__k__Bacteria; D_1__p__Firmicutes; D_2__c__Negativicutes; D_3__o__Veillonellales; D_4__f__Veillonellaceae; D_5__g__Veillonella; D_6__g__Veillonella_s__parvula
205	0	50	0	0	0	0	10	29	0	0	0	0	0	0	0	0	0	0	0	0	0	0	23	0	0	0	0	0	0	0	0	0	135	92	0	0	0	0	0	0	748	235	0	165	0	0	0	0	0	98	D_0__k__Bacteria; D_1__p__Proteobacteria; D_2__c__Gammaproteobacteria; D_3__o__Pasteurellales; D_4__f__Pasteurellaceae; D_5__g__Haemophilus; D_6__g__Haemophilus_s__sp._HMT_036
206	0	0	0	66	0	0	0	0	0	0	0	0	0	0	0	0	0	127	0	571	0	91	0	0	0	0	0	0	0	0	0	0	0	0	0	0	0	0	0	0	334	136	0	118	0	0	0	0	0	0	D_0__k__Bacteria; D_1__p__Proteobacteria; D_2__c__Gammaproteobacteria; D_3__o__Pasteurellales; D_4__f__Pasteurellaceae; D_5__g__Haemophilus; D_6__g__Haemophilus_s__parainfluenzae
207	0	0	0	0	0	0	0	313	0	0	0	0	0	0	0	31	0	134	0	0	0	0	322	0	0	231	0	0	0	0	0	63	0	100	0	0	53	16	59	0	0	96	0	0	0	0	0	0	0	0	D_0__k__Bacteria; D_1__p__Firmicutes; D_2__c__Clostridia; D_3__o__Eubacteriales; D_4__f__Lachnospiraceae; D_5__g__Lachnoanaerobaculum; D_6__g__Lachnoanaerobaculum_s__saburreum
208	321	78	0	0	93	0	91	0	0	0	0	0	0	0	0	0	0	0	0	0	0	0	819	0	0	0	0	0	0	0	0	0	100	0	0	0	18	0	0	0	0	0	0	0	0	0	50	0	0	0	D_0__k__Bacteria; D_1__p__Bacteroidetes; D_2__c__Bacteroidia; D_3__o__Bacteroidales; D_4__f__Prevotellaceae; D_5__g__Prevotella; D_6__g__Prevotella_s__histicola
209	0	0	0	34	0	14	23	48	0	512	0	11	0	73	0	0	0	0	0	147	0	16	0	0	0	94	0	0	0	0	0	106	0	0	0	152	40	80	0	13	0	0	0	0	0	0	0	113	0	87	D_0__k__Bacteria; D_1__p__Actinobacteria; D_2__c__Actinomycetia; D_3__o__Micrococcales; D_4__f__Micrococcaceae; D_5__g__Rothia; D_6__g__Rothia_s__aeria
210	0	53	0	19	0	0	0	0	0	0	0	36	0	0	0	0	0	52	0	0	0	0	0	0	0	0	0	0	0	0	1294	0	0	0	0	0	0	0	0	0	0	0	0	0	0	0	0	48	0	0	D_0__k__Bacteria; D_1__p__Bacteroidetes; D_2__c__Bacteroidia; D_3__o__Bacteroidales; D_4__f__Prevotellaceae; D_5__g__Prevotella; D_6__g__Prevotella_s__saccharolytica
211	0	0	0	0	0	0	0	0	0	0	0	0	0	0	0	0	0	0	0	0	1090	0	0	0	0	0	0	0	0	0	0	0	0	0	0	0	432	0	0	0	0	0	0	0	34	0	0	0	0	0	D_0__k__Bacteria; D_1__p__Bacteroidetes; D_2__c__Bacteroidia; D_3__o__Bacteroidales; D_4__f__Porphyromonadaceae; D_5__g__Porphyromonas; D_6__g__Porphyromonas_s__endodontalis
212	0	0	0	0	0	0	0	0	0	0	0	0	0	0	0	0	0	0	0	0	0	0	0	0	0	0	0	0	0	0	0	84	68	374	0	282	0	0	169	127	0	0	0	0	0	0	0	0	0	247	D_0__k__Bacteria; D_1__p__Actinobacteria; D_2__c__Actinomycetia; D_3__o__Corynebacteriales; D_4__f__Corynebacteriaceae; D_5__g__Corynebacterium; D_6__g__Corynebacterium_s__matruchotii
213	0	0	0	0	0	0	0	0	0	1446	0	0	0	0	0	0	0	0	0	0	0	0	14	0	0	76	0	0	0	0	0	0	0	0	0	0	0	0	0	0	0	0	0	0	0	0	0	0	0	0	D_0__k__Bacteria; D_1__p__Bacteroidetes; D_2__c__Flavobacteriia; D_3__o__Flavobacteriales; D_4__f__Flavobacteriaceae; D_5__g__Capnocytophaga; D_6__g__Capnocytophaga_s__sp._HMT_864
214	0	0	0	0	0	0	0	0	0	0	0	0	0	36	0	58	0	62	0	0	0	0	0	0	0	0	0	0	0	0	0	0	0	0	0	0	0	0	0	0	0	0	0	0	0	0	0	0	0	0	D_0__k__Bacteria; D_1__p__Bacteroidetes; D_2__c__Flavobacteriia; D_3__o__Flavobacteriales; D_4__f__Flavobacteriaceae; D_5__g__Capnocytophaga; D_6__g__Capnocytophaga_s__sp._HMT_323
215	0	0	0	224	0	0	0	0	0	0	0	75	0	0	0	0	0	0	0	0	0	0	0	0	0	233	0	0	0	41	0	0	0	670	0	0	0	0	0	0	0	0	0	76	0	0	0	181	0	0	D_0__k__Bacteria; D_1__p__Fusobacteria; D_2__c__Fusobacteriia; D_3__o__Fusobacteriales; D_4__f__Leptotrichiaceae; D_5__g__Leptotrichia; D_6__g__Leptotrichia_s__shahii
216	0	0	0	0	0	0	0	106	0	0	0	101	0	0	0	0	76	183	0	0	0	0	0	0	0	123	0	0	0	0	0	0	286	368	0	0	0	0	0	0	0	0	0	120	0	0	0	0	0	137	D_0__k__Bacteria; D_1__p__Proteobacteria; D_2__c__Gammaproteobacteria; D_3__o__Pasteurellales; D_4__f__Pasteurellaceae; D_5__g__Haemophilus; D_6__g__Haemophilus_s__sp._HMT_036
217	0	0	122	73	0	0	0	0	0	0	0	0	0	21	0	0	34	150	0	0	0	0	0	0	0	0	0	0	0	0	0	0	0	0	0	0	77	80	31	55	0	0	0	0	0	0	0	0	0	0	D_0__k__Bacteria; D_1__p__Saccharibacteria_(TM7); D_2__c__Saccharibacteria_(TM7)_[C-1]; D_3__o__Saccharibacteria_(TM7)_[O-1]; D_4__f__Saccharibacteria_(TM7)_[F-1]; D_5__g__Saccharibacteria_(TM7)_[G-1]; D_6__g__Saccharibacteria_(TM7)_[G-1]_s__bacterium_HMT_346
218	213	0	0	0	66	0	0	0	0	0	0	0	0	0	0	0	0	0	0	0	0	0	0	0	0	0	0	0	0	0	0	0	0	0	0	0	116	124	0	0	771	0	0	0	0	0	47	0	0	0	D_0__k__Bacteria; D_1__p__Bacteroidetes; D_2__c__Bacteroidia; D_3__o__Bacteroidales; D_4__f__Prevotellaceae; D_5__g__Alloprevotella; D_6__g__Alloprevotella_s__tannerae
219	0	32	0	0	0	0	0	0	0	0	0	0	0	0	0	66	0	0	0	0	0	0	0	0	0	0	0	0	0	138	0	0	0	0	0	0	0	0	36	0	370	0	0	0	530	304	1	0	0	0	D_0__k__Bacteria; D_1__p__Bacteroidetes; D_2__c__Flavobacteriia; D_3__o__Flavobacteriales; D_4__f__Flavobacteriaceae; D_5__g__Capnocytophaga; D_6__g__Capnocytophaga_s__gingivalis
220	0	0	0	0	0	0	0	366	0	0	0	94	0	0	0	0	0	91	0	134	0	0	0	0	0	0	0	0	0	298	0	115	0	0	0	75	0	0	47	92	0	0	0	0	0	0	0	125	0	0	D_0__k__Bacteria; D_1__p__Actinobacteria; D_2__c__Actinomycetia; D_3__o__Actinomycetales; D_4__f__Actinomycetaceae; D_5__g__Actinomyces; D_6__g__Actinomyces_s__oris
221	0	0	0	78	0	60	0	52	0	0	105	138	0	63	0	0	0	74	0	0	0	0	0	0	0	96	0	0	0	0	0	51	36	193	0	0	0	0	0	32	49	0	0	0	0	0	44	46	0	274	D_0__k__Bacteria; D_1__p__Actinobacteria; D_2__c__Actinomycetia; D_3__o__Actinomycetales; D_4__f__Actinomycetaceae; D_5__g__Actinomyces; D_6__g__Actinomyces_s__massiliensis
222	0	0	0	0	0	0	0	0	0	0	0	0	0	15	0	0	0	0	0	0	0	0	0	0	1437	0	0	0	0	0	0	0	0	0	0	0	0	0	0	0	0	0	0	0	0	0	0	0	0	0	D_0__k__Bacteria; D_1__p__Bacteroidetes; D_2__c__Bacteroidia; D_3__o__Bacteroidales; D_4__f__Prevotellaceae; D_5__g__Prevotella; D_6__g__Prevotella_s__veroralis
223	0	0	0	89	0	146	0	0	0	0	0	53	0	0	0	0	0	0	0	66	0	33	527	10	83	0	0	0	0	0	0	0	0	0	0	76	0	0	0	0	48	93	0	0	0	0	38	42	0	111	D_0__k__Bacteria; D_1__p__Firmicutes; D_2__c__Bacilli; D_3__o__Lactobacillales; D_4__f__Streptococcaceae; D_5__g__Streptococcus; D_6__g__Streptococcus_s__salivarius
224	0	0	0	1	0	0	82	0	0	0	0	17	0	0	0	0	0	150	0	0	0	0	0	0	0	110	0	0	0	0	0	273	0	0	0	0	123	95	22	0	0	0	0	0	57	0	52	56	0	0	D_0__k__Bacteria; D_1__p__Bacteroidetes; D_2__c__Flavobacteriia; D_3__o__Flavobacteriales; D_4__f__Flavobacteriaceae; D_5__g__Capnocytophaga; D_6__g__Capnocytophaga_s__gingivalis
225	0	0	0	0	0	0	0	0	0	0	0	0	0	0	0	0	0	0	0	0	0	0	0	0	0	0	0	0	0	0	0	0	0	0	0	0	0	0	0	0	0	0	0	0	0	1406	0	0	0	0	D_0__k__Bacteria; D_1__p__Firmicutes; D_2__c__Negativicutes; D_3__o__Veillonellales; D_4__f__Veillonellaceae; D_5__g__Veillonella; D_6__g__Veillonella_s__parvula
226	0	372	0	0	0	0	243	361	0	0	0	108	0	0	0	0	0	0	0	0	0	0	0	0	0	0	0	0	0	0	0	181	0	0	0	0	0	0	0	0	0	0	0	0	0	0	0	139	0	0	D_0__k__Bacteria; D_1__p__Proteobacteria; D_2__c__Betaproteobacteria; D_3__o__Neisseriales; D_4__f__Neisseriaceae; D_5__g__Neisseria; D_6__g__Neisseria_s__subflava
227	0	79	0	133	0	275	42	0	0	0	0	131	0	0	0	0	0	0	0	0	0	0	0	0	0	0	0	0	632	0	0	0	68	0	0	40	0	0	0	0	0	0	0	0	0	0	0	0	0	0	D_0__k__Bacteria; D_1__p__Bacteroidetes; D_2__c__Bacteroidia; D_3__o__Bacteroidales; D_4__f__Prevotellaceae; D_5__g__Prevotella; D_6__g__Prevotella_s__salivae
228	0	0	115	0	0	0	0	0	0	0	0	0	0	0	181	0	0	0	476	0	0	0	0	0	0	0	0	0	0	0	0	0	0	0	0	0	338	0	0	0	0	0	0	0	288	0	0	0	0	0	D_0__k__Bacteria; D_1__p__Fusobacteria; D_2__c__Fusobacteriia; D_3__o__Fusobacteriales; D_4__f__Fusobacteriaceae; D_5__g__Fusobacterium; D_6__g__Fusobacterium_s__nucleatum
229	0	0	0	0	0	0	0	0	0	0	0	1395	0	0	0	0	0	0	0	0	0	0	0	0	0	0	0	0	0	0	0	0	0	0	0	0	0	0	0	0	0	0	0	0	0	0	0	0	0	0	D_0__k__Bacteria; D_1__p__Saccharibacteria_(TM7); D_2__c__Saccharibacteria_(TM7)_[C-1]; D_3__o__Saccharibacteria_(TM7)_[O-1]; D_4__f__Saccharibacteria_(TM7)_[F-1]; D_5__g__Saccharibacteria_(TM7)_[G-1]; D_6__g__Saccharibacteria_(TM7)_[G-1]_s__bacterium_HMT_346
230	0	0	0	45	9	0	88	123	0	0	0	82	0	0	0	0	0	0	0	0	0	0	0	0	99	259	0	0	0	0	0	0	57	42	0	0	0	0	131	185	0	0	0	0	0	0	0	0	32	242	D_0__k__Bacteria; D_1__p__Proteobacteria; D_2__c__Gammaproteobacteria; D_3__o__Pasteurellales; D_4__f__Pasteurellaceae; D_5__g__Aggregatibacter; D_6__g__Aggregatibacter_s__sp._HMT_513
231	0	0	0	0	0	0	0	0	0	0	0	0	0	0	0	0	0	0	0	0	0	0	0	0	0	0	0	0	296	304	0	0	144	61	0	0	0	0	0	0	0	303	0	118	0	0	0	0	0	0	D_0__k__Bacteria; D_1__p__Firmicutes; D_2__c__Negativicutes; D_3__o__Veillonellales; D_4__f__Veillonellaceae; D_5__g__Veillonella; D_6__g__Veillonella_s__dispar
232	0	0	525	0	0	10	0	0	0	0	0	0	0	0	0	0	0	0	102	0	0	0	0	0	94	0	0	0	0	0	0	0	0	0	0	0	159	0	0	0	0	0	321	0	0	0	0	0	146	0	D_0__k__Bacteria; D_1__p__Spirochaetes; D_2__c__Spirochaetia; D_3__o__Spirochaetales; D_4__f__Treponemataceae; D_5__g__Treponema; D_6__g__Treponema_s__denticola
233	275	0	0	0	0	0	0	0	0	0	0	0	0	0	0	0	0	0	99	0	0	0	49	0	0	0	0	0	0	0	0	0	0	0	0	0	0	0	0	0	0	0	717	0	188	0	0	0	0	0	D_0__k__Bacteria; D_1__p__Firmicutes; D_2__c__Bacilli; D_3__o__Lactobacillales; D_4__f__Streptococcaceae; D_5__g__Streptococcus; D_6__g__Streptococcus_s__constellatus
234	0	0	77	0	0	0	0	0	0	0	0	0	0	0	0	0	0	0	0	0	0	0	0	0	0	0	1029	0	0	0	0	0	0	0	0	0	0	0	0	0	0	0	0	0	0	0	0	0	0	0	D_0__k__Bacteria; D_1__p__Firmicutes; D_2__c__Negativicutes; D_3__o__Veillonellales; D_4__f__Veillonellaceae; D_5__g__Dialister; D_6__g__Dialister_s__invisus
235	0	76	0	0	9	0	0	0	0	0	0	0	0	0	0	46	0	96	0	0	0	0	0	0	0	129	0	0	0	0	0	0	0	0	0	0	87	73	74	0	0	0	0	0	0	0	99	382	0	283	D_0__k__Bacteria; D_1__p__Bacteroidetes; D_2__c__Flavobacteriia; D_3__o__Flavobacteriales; D_4__f__Flavobacteriaceae; D_5__g__Capnocytophaga; D_6__g__Capnocytophaga_s__granulosa
236	0	561	0	0	0	0	0	0	0	0	0	44	0	0	0	0	0	0	17	114	0	25	76	0	0	0	0	0	0	0	0	0	0	7	0	0	0	0	0	0	0	0	0	0	60	89	0	0	0	176	D_0__k__Bacteria; D_1__p__Bacteroidetes; D_2__c__Bacteroidia; D_3__o__Bacteroidales; D_4__f__Porphyromonadaceae; D_5__g__Porphyromonas; D_6__g__Porphyromonas_s__pasteri
237	0	0	160	0	0	0	0	0	0	0	0	0	0	0	0	0	0	124	0	0	0	0	75	0	0	0	0	0	0	0	0	0	0	0	0	0	86	53	0	45	0	0	0	0	55	0	0	0	0	0	D_0__k__Bacteria; D_1__p__Saccharibacteria_(TM7); D_2__c__Saccharibacteria_(TM7)_[C-1]; D_3__o__Saccharibacteria_(TM7)_[O-1]; D_4__f__Saccharibacteria_(TM7)_[F-1]; D_5__g__Saccharibacteria_(TM7)_[G-1]; D_6__g__Saccharibacteria_(TM7)_[G-1]_s__bacterium_HMT_346
238	0	127	0	0	0	0	0	10	0	0	0	150	0	0	0	0	0	60	0	0	0	32	0	0	0	0	0	0	0	0	0	319	0	0	0	0	0	20	5	0	0	0	0	0	0	0	0	0	47	533	D_0__k__Bacteria; D_1__p__Fusobacteria; D_2__c__Fusobacteriia; D_3__o__Fusobacteriales; D_4__f__Leptotrichiaceae; D_5__g__Leptotrichia; D_6__g__Leptotrichia_s__sp._HMT_225
239	0	0	0	0	0	0	0	0	0	0	0	0	0	0	0	0	0	0	0	0	0	0	0	0	0	0	0	0	0	0	0	0	0	0	0	0	0	0	0	0	0	0	0	0	1340	0	0	0	0	0	D_0__k__Bacteria; D_1__p__Bacteroidetes; D_2__c__Bacteroidia; D_3__o__Bacteroidales; D_4__f__Prevotellaceae; D_5__g__Prevotella; D_6__g__Prevotella_s__intermedia
240	0	0	1339	0	0	0	0	0	0	0	0	0	0	0	0	0	0	0	0	0	0	0	0	0	0	0	0	0	0	0	0	0	0	0	0	0	0	0	0	0	0	0	0	0	0	0	0	0	0	0	D_0__k__Bacteria; D_1__p__Bacteroidetes; D_2__c__Bacteroidia; D_3__o__Bacteroidales; D_4__f__Porphyromonadaceae; D_5__g__Porphyromonas; D_6__g__Porphyromonas_s__gingivalis
241	0	0	0	0	0	0	0	0	0	780	0	0	0	34	0	190	0	0	0	45	0	0	0	0	45	82	0	0	0	0	0	0	0	0	0	0	0	0	52	0	0	34	0	72	0	0	0	0	0	0	D_0__k__Bacteria; D_1__p__Actinobacteria; D_2__c__Actinomycetia; D_3__o__Actinomycetales; D_4__f__Actinomycetaceae; D_5__g__Actinomyces; D_6__g__Actinomyces_s__gerencseriae
242	0	25	0	88	0	0	0	65	0	0	71	65	0	51	0	0	0	0	0	158	0	0	0	0	0	53	0	0	0	0	0	0	0	29	0	0	67	42	0	0	29	59	0	28	32	0	0	0	0	41	D_0__k__Bacteria; D_1__p__Actinobacteria; D_2__c__Actinomycetia; D_3__o__Actinomycetales; D_4__f__Actinomycetaceae; D_5__g__Actinomyces; D_6__g__Actinomyces_s__naeslundii
243	0	0	0	0	0	0	0	0	0	0	0	0	0	0	0	0	0	0	0	0	0	0	0	0	0	0	0	0	149	375	0	0	136	95	0	0	0	0	0	0	0	342	0	96	0	0	0	0	0	0	D_0__k__Bacteria; D_1__p__Firmicutes; D_2__c__Negativicutes; D_3__o__Veillonellales; D_4__f__Veillonellaceae; D_5__g__Veillonella; D_6__g__Veillonella_s__dispar
244	0	0	317	0	0	0	0	0	0	0	663	0	0	0	0	0	0	0	0	0	62	0	0	0	0	0	0	0	0	0	0	0	6	0	0	0	92	0	0	0	0	0	0	0	0	0	0	0	179	0	D_0__k__Bacteria; D_1__p__Bacteroidetes; D_2__c__Bacteroidia; D_3__o__Bacteroidales; D_4__f__Prevotellaceae; D_5__g__Prevotella; D_6__g__Prevotella_s__oris
245	0	0	0	0	0	0	0	0	0	0	0	0	0	0	0	0	0	0	0	0	0	0	0	0	0	0	1312	0	0	0	0	0	0	0	0	0	0	0	0	0	0	0	0	0	0	0	0	0	0	0	D_0__k__Bacteria; D_1__p__Actinobacteria; D_2__c__Coriobacteriia; D_3__o__Coriobacteriales; D_4__f__Coriobacteriaceae; D_5__g__Fannyhessea; D_6__g__Fannyhessea_s__sp._HMT_416
246	0	0	109	0	0	0	0	0	0	0	0	0	0	0	0	0	0	0	0	0	34	0	0	0	1018	0	0	0	0	0	0	0	0	0	0	0	0	0	0	0	0	0	0	0	148	0	0	0	0	0	D_0__k__Bacteria; D_1__p__Bacteroidetes; D_2__c__Bacteroidia; D_3__o__Bacteroidales; D_4__f__Prevotellaceae; D_5__g__Alloprevotella; D_6__g__Alloprevotella_s__tannerae
247	0	0	0	202	0	0	0	0	0	0	0	0	0	0	0	0	0	0	0	0	0	0	0	0	0	202	0	0	0	0	0	0	0	702	0	0	0	0	0	0	0	0	0	81	0	0	0	114	0	0	D_0__k__Bacteria; D_1__p__Fusobacteria; D_2__c__Fusobacteriia; D_3__o__Fusobacteriales; D_4__f__Leptotrichiaceae; D_5__g__Leptotrichia; D_6__g__Leptotrichia_s__shahii
248	316	0	0	0	0	0	0	0	0	0	0	0	0	0	0	0	0	0	0	0	0	0	0	0	0	0	0	0	0	0	0	0	0	0	0	0	0	0	0	0	0	0	974	0	0	0	0	0	0	0	D_0__k__Bacteria; D_1__p__Firmicutes; D_2__c__Bacilli; D_3__o__Lactobacillales; D_4__f__Carnobacteriaceae; D_5__g__Granulicatella; D_6__g__Granulicatella_s__adiacens
249	0	0	0	0	0	0	0	0	0	0	0	0	0	0	0	0	0	40	0	0	0	0	0	0	0	0	0	0	0	0	0	0	0	0	0	0	0	0	50	1195	0	0	0	0	0	0	0	0	0	0	D_0__k__Bacteria; D_1__p__Saccharibacteria_(TM7); D_2__c__Saccharibacteria_(TM7)_[C-1]; D_3__o__Saccharibacteria_(TM7)_[O-1]; D_4__f__Saccharibacteria_(TM7)_[F-1]; D_5__g__Saccharibacteria_(TM7)_[G-1]; D_6__g__Saccharibacteria_(TM7)_[G-1]_s__bacterium_HMT_348
250	0	0	0	0	507	0	0	0	0	0	0	0	0	0	0	0	0	0	0	0	0	0	0	0	162	0	0	0	0	0	0	0	0	0	0	0	0	0	0	0	0	0	0	0	615	0	0	0	0	0	D_0__k__Bacteria; D_1__p__Bacteroidetes; D_2__c__Bacteroidia; D_3__o__Bacteroidales; D_4__f__Prevotellaceae; D_5__g__Prevotella; D_6__g__Prevotella_s__baroniae
251	0	0	0	0	0	0	0	0	0	0	0	81	0	0	0	0	77	187	0	0	0	0	0	0	0	107	0	0	0	0	0	0	269	328	0	0	0	0	0	0	0	0	0	86	0	0	0	0	0	125	D_0__k__Bacteria; D_1__p__Proteobacteria; D_2__c__Gammaproteobacteria; D_3__o__Pasteurellales; D_4__f__Pasteurellaceae; D_5__g__Haemophilus; D_6__g__Haemophilus_s__sp._HMT_036
252	0	0	0	39	0	0	0	0	0	0	0	47	0	0	0	0	55	86	0	393	0	66	0	0	0	0	0	0	0	0	0	0	0	0	0	19	0	0	0	0	236	90	0	115	0	0	0	0	0	0	D_0__k__Bacteria; D_1__p__Proteobacteria; D_2__c__Gammaproteobacteria; D_3__o__Pasteurellales; D_4__f__Pasteurellaceae; D_5__g__Haemophilus; D_6__g__Haemophilus_s__parainfluenzae
253	0	0	0	0	0	0	0	0	0	0	0	0	0	0	0	0	0	0	51	0	0	0	0	0	0	0	0	0	0	0	0	0	1187	0	0	0	0	0	0	0	0	0	0	0	0	0	0	0	0	0	D_0__k__Bacteria; D_1__p__Bacteroidetes; D_2__c__Flavobacteriia; D_3__o__Flavobacteriales; D_4__f__Flavobacteriaceae; D_5__g__Capnocytophaga; D_6__g__Capnocytophaga_s__sp._HMT_336
254	0	0	140	0	510	0	0	0	0	0	0	0	0	0	0	0	0	0	59	0	189	0	0	0	0	0	0	0	0	0	0	0	0	0	0	0	126	0	0	0	0	0	0	0	107	0	0	0	97	0	D_0__k__Bacteria; D_1__p__Synergistetes; D_2__c__Synergistia; D_3__o__Synergistales; D_4__f__Synergistaceae; D_5__g__Fretibacterium; D_6__g__Fretibacterium_s__fastidiosum
255	0	30	0	103	0	0	33	70	0	0	0	20	0	0	0	0	0	16	0	0	0	0	48	0	0	88	0	0	0	65	0	0	371	0	0	0	0	350	21	0	0	0	0	0	0	0	0	0	0	0	D_0__k__Bacteria; D_1__p__Bacteroidetes; D_2__c__Bacteroidia; D_3__o__Bacteroidales; D_4__f__Porphyromonadaceae; D_5__g__Porphyromonas; D_6__g__Porphyromonas_s__pasteri
256	0	0	0	0	0	0	0	0	0	0	0	0	0	0	0	0	0	0	0	0	0	0	0	0	0	0	0	0	0	0	0	0	0	0	0	0	0	0	0	0	0	0	0	0	0	0	0	0	1207	0	D_0__k__Bacteria; D_1__p__Bacteroidetes; D_2__c__Bacteroidia; D_3__o__Bacteroidales; D_4__f__Porphyromonadaceae; D_5__g__Porphyromonas; D_6__g__Porphyromonas_s__endodontalis
257	103	6	0	118	0	419	0	0	0	0	0	246	0	0	0	0	0	0	0	0	0	0	94	0	0	66	0	0	0	0	0	0	23	0	0	0	50	6	0	0	0	0	0	65	0	0	0	8	0	0	D_0__k__Bacteria; D_1__p__Firmicutes; D_2__c__Clostridia; D_3__o__Eubacteriales; D_4__f__Lachnospiraceae; D_5__g__Stomatobaculum; D_6__g__Stomatobaculum_s__longum
258	0	0	233	0	0	0	0	0	0	0	0	0	0	0	0	34	0	0	65	57	0	0	0	0	0	0	0	0	0	0	0	62	0	0	0	0	48	0	0	0	0	0	0	0	0	0	0	0	0	0	D_0__k__Bacteria; D_1__p__Proteobacteria; D_2__c__Gammaproteobacteria; D_3__o__Pasteurellales; D_4__f__Pasteurellaceae; D_5__g__Aggregatibacter; D_6__g__Aggregatibacter_s__aphrophilus
259	0	108	0	176	0	0	0	0	0	0	0	185	0	0	0	0	0	160	0	0	0	25	16	0	0	0	0	0	0	0	0	0	167	0	0	0	0	233	0	0	0	0	0	5	0	0	0	0	0	0	D_0__k__Bacteria; D_1__p__Bacteroidetes; D_2__c__Bacteroidia; D_3__o__Bacteroidales; D_4__f__Prevotellaceae; D_5__g__Alloprevotella; D_6__g__Alloprevotella_s__sp._HMT_473
260	0	55	0	0	0	0	88	473	0	0	0	0	0	0	0	246	0	0	44	0	0	0	0	0	0	164	0	0	0	0	0	0	0	0	0	0	0	0	0	0	0	0	0	0	0	0	0	0	0	115	D_0__k__Bacteria; D_1__p__Bacteroidetes; D_2__c__Flavobacteriia; D_3__o__Flavobacteriales; D_4__f__Flavobacteriaceae; D_5__g__Capnocytophaga; D_6__g__Capnocytophaga_s__leadbetteri
261	0	0	0	55	0	0	0	326	0	0	0	70	0	0	0	24	0	0	0	0	0	0	0	0	0	146	0	0	0	0	0	0	58	162	0	0	0	0	0	63	0	139	0	0	0	0	0	0	0	142	D_0__k__Bacteria; D_1__p__Firmicutes; D_2__c__Bacilli; D_3__o__Bacillales; D_4__f__Gemellaceae; D_5__g__Gemella; D_6__g__Gemella_s__morbillorum
262	0	0	0	44	0	49	38	43	0	0	0	0	0	0	0	0	0	108	104	56	0	0	0	0	0	41	0	0	56	0	0	78	0	0	0	0	0	0	23	49	0	0	0	0	192	107	0	0	0	50	D_0__k__Bacteria; D_1__p__Proteobacteria; D_2__c__Betaproteobacteria; D_3__o__Neisseriales; D_4__f__Neisseriaceae; D_5__g__Eikenella; D_6__g__Eikenella_s__corrodens
263	0	0	0	0	89	0	0	0	0	0	241	196	0	0	0	0	0	0	0	134	0	0	0	0	0	0	0	0	0	0	0	0	0	0	0	0	0	0	88	105	0	0	0	294	0	0	0	0	0	0	D_0__k__Bacteria; D_1__p__Firmicutes; D_2__c__Bacilli; D_3__o__Lactobacillales; D_4__f__Streptococcaceae; D_5__g__Streptococcus; D_6__g__Streptococcus_s__oralis_subsp._dentisani_clade_058
264	0	95	0	0	0	0	183	21	0	0	0	0	0	0	0	0	0	240	0	0	0	0	44	0	0	62	0	0	0	0	0	0	137	153	0	0	0	0	0	54	0	0	0	0	0	0	48	75	0	0	D_0__k__Bacteria; D_1__p__Bacteroidetes; D_2__c__Bacteroidia; D_3__o__Bacteroidales; D_4__f__Prevotellaceae; D_5__g__Prevotella; D_6__g__Prevotella_s__sp._HMT_472
265	0	0	0	93	0	0	0	0	0	0	0	0	0	0	0	0	0	0	0	0	0	0	0	0	0	862	0	0	0	0	0	0	0	0	0	19	0	0	117	65	0	0	0	0	0	0	0	0	0	0	D_0__k__Bacteria; D_1__p__Proteobacteria; D_2__c__Betaproteobacteria; D_3__o__Neisseriales; D_4__f__Neisseriaceae; D_5__g__Neisseria; D_6__g__Neisseria_s__subflava
266	0	0	0	77	0	0	0	0	0	0	0	0	0	0	0	4	0	0	0	0	0	0	0	0	0	0	0	0	0	0	0	0	0	589	0	0	0	12	44	171	0	0	0	0	0	0	0	0	0	0	D_0__k__Bacteria; D_1__p__Firmicutes; D_2__c__Clostridia; D_3__o__Eubacteriales; D_4__f__Ruminococcaceae; D_5__g__Ruminococcaceae_[G-1]; D_6__g__Ruminococcaceae_[G-1]_s__bacterium_HMT_075
267	0	0	0	51	0	0	0	235	0	0	0	72	0	18	0	0	0	102	0	114	0	0	19	0	0	0	0	0	0	220	0	82	0	0	0	76	0	0	0	0	0	0	0	0	0	0	31	120	0	0	D_0__k__Bacteria; D_1__p__Actinobacteria; D_2__c__Actinomycetia; D_3__o__Actinomycetales; D_4__f__Actinomycetaceae; D_5__g__Actinomyces; D_6__g__Actinomyces_s__oris
268	0	0	0	31	60	0	0	0	0	325	0	0	0	0	0	0	0	0	7	99	0	18	0	0	0	63	0	0	0	0	0	115	0	0	0	133	0	74	0	13	20	0	0	0	0	0	0	92	0	68	D_0__k__Bacteria; D_1__p__Actinobacteria; D_2__c__Actinomycetia; D_3__o__Micrococcales; D_4__f__Micrococcaceae; D_5__g__Rothia; D_6__g__Rothia_s__aeria
269	0	185	0	103	0	0	0	0	0	0	0	0	0	0	0	50	0	0	0	0	0	0	60	0	77	478	0	0	0	0	0	0	94	0	0	60	0	1	0	0	0	0	0	0	2	0	0	7	0	0	D_0__k__Bacteria; D_1__p__Bacteroidetes; D_2__c__Bacteroidia; D_3__o__Bacteroidales; D_4__f__Porphyromonadaceae; D_5__g__Porphyromonas; D_6__g__Porphyromonas_s__sp._HMT_278
270	0	23	0	53	0	0	0	0	0	0	0	0	0	0	0	0	0	0	0	0	0	0	0	0	0	35	0	0	0	0	0	0	416	187	0	205	0	25	0	0	98	0	0	70	0	0	0	3	0	0	D_0__k__Bacteria; D_1__p__Bacteroidetes; D_2__c__Bacteroidia; D_3__o__Bacteroidales; D_4__f__Porphyromonadaceae; D_5__g__Porphyromonas; D_6__g__Porphyromonas_s__sp._HMT_930
271	0	93	0	0	0	0	0	0	0	0	0	51	0	0	0	0	0	0	0	0	0	0	50	0	0	0	0	0	0	0	0	0	315	212	0	0	0	0	81	50	0	0	0	0	0	3	19	0	0	0	D_0__k__Bacteria; D_1__p__Bacteroidetes; D_2__c__Flavobacteriia; D_3__o__Flavobacteriales; D_4__f__Flavobacteriaceae; D_5__g__Capnocytophaga; D_6__g__Capnocytophaga_s__leadbetteri
272	0	46	0	0	0	49	0	0	0	0	0	0	0	0	0	0	0	31	0	0	0	0	0	0	0	0	0	0	0	0	952	0	0	0	0	0	29	0	0	0	0	0	0	0	0	0	0	0	0	0	D_0__k__Bacteria; D_1__p__Bacteroidetes; D_2__c__Bacteroidia; D_3__o__Bacteroidales; D_4__f__Prevotellaceae; D_5__g__Prevotella; D_6__g__Prevotella_s__saccharolytica
273	0	19	0	0	0	0	64	368	0	0	0	54	0	0	0	0	0	65	0	0	0	12	128	0	0	276	0	0	0	0	0	0	0	0	0	0	0	60	0	0	0	0	0	57	0	0	0	0	0	0	D_0__k__Bacteria; D_1__p__Fusobacteria; D_2__c__Fusobacteriia; D_3__o__Fusobacteriales; D_4__f__Leptotrichiaceae; D_5__g__Leptotrichia; D_6__g__Leptotrichia_s__sp._HMT_498
274	0	79	0	0	0	0	90	289	0	0	0	0	0	0	0	70	0	0	0	0	0	0	22	0	0	190	0	0	0	0	0	0	0	0	0	46	0	0	0	65	0	0	0	0	0	0	0	0	62	80	D_0__k__Bacteria; D_1__p__Proteobacteria; D_2__c__Gammaproteobacteria; D_3__o__Pasteurellales; D_4__f__Pasteurellaceae; D_5__g__Aggregatibacter; D_6__g__Aggregatibacter_s__sp._HMT_458
275	0	0	0	0	0	0	0	0	0	0	0	0	0	0	0	0	0	0	0	0	0	0	0	0	0	0	0	0	0	0	0	1070	0	0	0	0	0	0	0	0	0	0	0	0	0	0	0	0	0	0	D_0__k__Bacteria; D_1__p__Proteobacteria; D_2__c__Betaproteobacteria; D_3__o__Neisseriales; D_4__f__Neisseriaceae; D_5__g__Neisseria; D_6__g__Neisseria_s__flava
276	0	41	0	31	0	53	23	41	0	0	0	47	0	0	0	0	0	80	87	0	0	0	0	0	0	44	0	0	128	0	0	47	0	0	0	0	0	0	14	0	0	0	0	0	195	89	0	0	0	49	D_0__k__Bacteria; D_1__p__Proteobacteria; D_2__c__Betaproteobacteria; D_3__o__Neisseriales; D_4__f__Neisseriaceae; D_5__g__Eikenella; D_6__g__Eikenella_s__corrodens
277	0	0	0	0	1068	0	0	0	0	0	0	0	0	0	0	0	0	0	0	0	0	0	0	0	0	0	0	0	0	0	0	0	0	0	0	0	0	0	0	0	0	0	0	0	0	0	0	0	0	0	D_0__k__Bacteria; D_1__p__Fusobacteria; D_2__c__Fusobacteriia; D_3__o__Fusobacteriales; D_4__f__Fusobacteriaceae; D_5__g__Fusobacterium; D_6__g__Fusobacterium_s__nucleatum
278	924	0	0	0	0	0	0	0	0	0	0	0	0	0	0	0	0	0	91	0	50	0	0	0	0	0	0	0	0	0	0	0	0	0	0	0	0	0	0	0	0	0	0	0	0	0	0	0	0	0	D_0__k__Bacteria; D_1__p__Saccharibacteria_(TM7); D_2__c__Saccharibacteria_(TM7)_[C-1]; D_3__o__Saccharibacteria_(TM7)_[O-1]; D_4__f__Saccharibacteria_(TM7)_[F-1]; D_5__g__Saccharibacteria_(TM7)_[G-3]; D_6__g__Saccharibacteria_(TM7)_[G-3]_s__bacterium_HMT_351
279	0	0	0	0	0	0	0	0	0	0	0	0	0	0	0	0	0	0	0	0	526	0	0	0	0	0	0	0	0	0	0	0	0	0	0	0	532	0	0	0	0	0	0	0	0	0	0	0	0	0	D_0__k__Bacteria; D_1__p__Bacteroidetes; D_2__c__Bacteroidetes_[C-1]; D_3__o__Bacteroidetes_[O-1]; D_4__f__Bacteroidetes_[F-1]; D_5__g__Bacteroidetes_[G-5]; D_6__g__Bacteroidetes_[G-5]_s__bacterium_HMT_511
280	0	0	35	0	0	0	14	0	0	0	287	31	0	0	0	50	0	0	0	0	396	0	0	0	0	23	0	0	0	0	0	0	96	0	0	0	0	0	120	0	0	0	0	0	0	0	0	0	0	0	D_0__k__Bacteria; D_1__p__Bacteroidetes; D_2__c__Flavobacteriia; D_3__o__Flavobacteriales; D_4__f__Flavobacteriaceae; D_5__g__Capnocytophaga; D_6__g__Capnocytophaga_s__sp._HMT_338
281	0	4	261	23	0	0	0	18	0	0	0	6	0	0	0	43	186	20	0	0	0	0	0	0	124	72	0	0	0	0	0	187	0	0	0	0	2	8	1	6	0	0	0	0	79	0	0	0	0	4	D_0__k__Bacteria; D_1__p__Fusobacteria; D_2__c__Fusobacteriia; D_3__o__Fusobacteriales; D_4__f__Fusobacteriaceae; D_5__g__Fusobacterium; D_6__g__Fusobacterium_s__sp._HMT_203
282	0	0	0	0	0	0	0	0	0	0	0	0	0	0	0	0	0	0	0	0	873	0	0	0	121	0	0	0	0	0	0	0	0	0	0	0	0	0	0	0	0	0	0	0	0	0	0	0	55	0	D_0__k__Bacteria; D_1__p__Firmicutes; D_2__c__Clostridia; D_3__o__Eubacteriales; D_4__f__Lachnospiraceae; D_5__g__Butyrivibrio; D_6__g__Butyrivibrio_s__sp._HMT_080
283	0	0	0	0	0	0	0	0	0	709	0	0	0	0	0	0	0	0	0	0	0	0	0	0	0	0	0	0	0	0	0	0	0	0	0	0	0	0	0	0	0	0	0	0	0	0	335	0	0	0	D_0__k__Bacteria; D_1__p__Bacteroidetes; D_2__c__Bacteroidia; D_3__o__Bacteroidales; D_4__f__Prevotellaceae; D_5__g__Prevotella; D_6__g__Prevotella_s__oris
284	0	48	0	65	38	112	0	40	0	0	0	0	0	0	0	0	0	0	0	60	0	0	365	0	0	0	0	0	0	0	0	0	35	0	0	51	0	0	0	0	72	65	0	0	0	0	0	0	0	88	D_0__k__Bacteria; D_1__p__Firmicutes; D_2__c__Bacilli; D_3__o__Lactobacillales; D_4__f__Streptococcaceae; D_5__g__Streptococcus; D_6__g__Streptococcus_s__salivarius
285	0	70	5	40	0	0	0	212	0	0	0	36	0	0	0	2	0	19	0	0	0	0	0	0	0	288	0	0	0	0	0	4	0	0	0	0	28	0	76	37	0	0	0	0	0	0	0	0	0	74	D_0__k__Bacteria; D_1__p__Fusobacteria; D_2__c__Fusobacteriia; D_3__o__Fusobacteriales; D_4__f__Fusobacteriaceae; D_5__g__Fusobacterium; D_6__g__Fusobacterium_s__sp._HMT_203
286	0	78	0	25	0	16	0	0	0	0	0	92	0	0	0	64	0	73	0	0	0	0	0	0	0	153	0	0	0	0	0	0	36	58	0	0	0	0	0	0	0	299	0	0	0	0	0	0	0	42	D_0__k__Bacteria; D_1__p__Proteobacteria; D_2__c__Epsilonproteobacteria; D_3__o__Campylobacterales; D_4__f__Campylobacteraceae; D_5__g__Campylobacter; D_6__g__Campylobacter_s__concisus
287	0	0	0	0	1027	0	0	0	0	0	0	0	0	0	0	0	0	0	0	0	0	0	0	0	0	0	0	0	0	0	0	0	0	0	0	0	0	0	0	0	0	0	0	0	0	0	0	0	0	0	D_0__k__Bacteria; D_1__p__Bacteroidetes; D_2__c__Bacteroidia; D_3__o__Bacteroidales; D_4__f__Porphyromonadaceae; D_5__g__Porphyromonas; D_6__g__Porphyromonas_s__endodontalis
288	0	93	0	0	0	35	0	0	0	0	0	0	0	23	0	0	0	0	0	0	0	0	0	0	0	0	0	0	0	0	0	0	273	288	0	0	0	0	77	60	0	0	0	0	0	0	0	0	0	0	D_0__k__Bacteria; D_1__p__Bacteroidetes; D_2__c__Flavobacteriia; D_3__o__Flavobacteriales; D_4__f__Flavobacteriaceae; D_5__g__Capnocytophaga; D_6__g__Capnocytophaga_s__leadbetteri
289	81	0	0	149	0	369	34	0	0	0	0	197	0	0	0	0	0	0	0	0	0	0	0	0	0	0	0	0	0	0	0	0	0	0	0	0	45	0	22	0	0	0	0	65	0	0	0	0	0	0	D_0__k__Bacteria; D_1__p__Firmicutes; D_2__c__Clostridia; D_3__o__Eubacteriales; D_4__f__Lachnospiraceae; D_5__g__Stomatobaculum; D_6__g__Stomatobaculum_s__longum
290	0	0	0	0	0	0	0	0	0	0	0	0	0	0	0	0	27	0	0	39	0	9	0	0	46	797	0	0	0	0	0	0	0	0	0	0	83	0	0	0	0	0	0	0	0	0	0	0	0	0	D_0__k__Bacteria; D_1__p__Bacteroidetes; D_2__c__Bacteroidia; D_3__o__Bacteroidales; D_4__f__Prevotellaceae; D_5__g__Prevotella; D_6__g__Prevotella_s__sp._HMT_317
291	0	0	0	82	0	342	0	0	0	0	0	105	0	0	0	67	0	0	0	0	0	0	257	0	0	0	0	0	0	0	0	0	0	0	0	0	0	0	0	0	0	0	0	90	0	0	0	0	0	0	D_0__k__Bacteria; D_1__p__Firmicutes; D_2__c__Negativicutes; D_3__o__Veillonellales; D_4__f__Veillonellaceae; D_5__g__Veillonella; D_6__g__Veillonella_s__atypica
292	0	43	0	0	0	0	0	0	0	0	0	0	0	0	0	0	0	0	0	0	0	0	0	0	0	0	0	0	0	0	0	199	0	0	0	0	0	0	0	0	0	184	0	0	0	0	0	0	0	584	D_0__k__Bacteria; D_1__p__Bacteroidetes; D_2__c__Bacteroidia; D_3__o__Bacteroidales; D_4__f__Prevotellaceae; D_5__g__Prevotella; D_6__g__Prevotella_s__sp._HMT_317
293	0	0	0	0	0	0	0	0	0	643	0	0	33	46	0	172	0	0	0	0	0	0	0	0	0	68	0	0	0	0	0	0	0	0	0	0	35	0	0	0	0	0	0	0	0	13	0	0	0	0	D_0__k__Bacteria; D_1__p__Actinobacteria; D_2__c__Actinomycetia; D_3__o__Actinomycetales; D_4__f__Actinomycetaceae; D_5__g__Actinomyces; D_6__g__Actinomyces_s__gerencseriae
294	0	0	0	0	0	0	0	0	0	0	0	283	0	0	0	0	0	44	0	0	0	0	0	0	258	232	0	0	0	0	0	0	0	187	0	0	0	0	0	0	0	0	0	0	0	0	0	0	0	0	D_0__k__Bacteria; D_1__p__Fusobacteria; D_2__c__Fusobacteriia; D_3__o__Fusobacteriales; D_4__f__Fusobacteriaceae; D_5__g__Fusobacterium; D_6__g__Fusobacterium_s__sp._HMT_248
295	0	0	0	52	0	363	0	0	0	0	0	104	0	0	0	0	0	0	0	0	0	0	353	0	48	0	0	0	0	0	0	0	0	0	0	39	0	0	0	0	0	0	0	0	0	0	0	0	0	0	D_0__k__Bacteria; D_1__p__Firmicutes; D_2__c__Negativicutes; D_3__o__Veillonellales; D_4__f__Veillonellaceae; D_5__g__Veillonella; D_6__g__Veillonella_s__atypica
296	0	242	0	0	0	0	0	4	0	0	0	0	0	0	0	0	0	0	0	0	0	0	0	0	0	0	0	0	0	0	0	0	0	0	0	0	0	0	180	76	0	0	0	0	0	0	0	0	0	291	D_0__k__Bacteria; D_1__p__Fusobacteria; D_2__c__Fusobacteriia; D_3__o__Fusobacteriales; D_4__f__Leptotrichiaceae; D_5__g__Leptotrichia; D_6__g__Leptotrichia_s__sp._HMT_212
297	0	0	0	0	0	0	0	0	0	0	0	0	0	0	0	0	0	0	0	0	0	0	0	0	0	0	0	0	0	0	0	214	0	0	0	0	0	0	0	0	0	211	0	0	0	0	0	0	44	518	D_0__k__Bacteria; D_1__p__Bacteroidetes; D_2__c__Bacteroidia; D_3__o__Bacteroidales; D_4__f__Prevotellaceae; D_5__g__Prevotella; D_6__g__Prevotella_s__sp._HMT_317
298	72	0	0	0	11	0	0	0	0	0	0	0	0	0	0	0	0	0	0	0	68	0	0	0	0	0	108	0	0	0	0	0	0	0	0	0	0	0	0	0	0	0	724	0	0	0	0	0	0	0	D_0__k__Bacteria; D_1__p__Actinobacteria; D_2__c__Coriobacteriia; D_3__o__Coriobacteriales; D_4__f__Atopobiaceae; D_5__g__Lancefieldella; D_6__g__Lancefieldella_s__rimae
299	0	0	0	25	69	0	72	242	0	0	0	9	0	0	0	36	0	18	0	0	0	0	134	0	0	279	0	0	0	0	0	0	0	0	0	0	0	0	0	0	0	0	0	0	0	0	0	85	0	0	D_0__k__Bacteria; D_1__p__Firmicutes; D_2__c__Negativicutes; D_3__o__Selenomonadales; D_4__f__Selenomonadaceae; D_5__g__Selenomonas; D_6__g__Selenomonas_s__noxia
300	0	0	0	0	0	0	0	0	0	0	163	0	60	0	0	0	0	0	0	0	0	0	64	0	234	117	108	0	0	0	0	0	0	0	0	0	19	0	0	0	0	0	0	188	0	0	0	0	0	0	D_0__k__Bacteria; D_1__p__Bacteroidetes; D_2__c__Bacteroidia; D_3__o__Bacteroidales; D_4__f__Prevotellaceae; D_5__g__Prevotella; D_6__g__Prevotella_s__denticola
301	0	0	0	0	0	0	0	0	0	0	0	0	0	0	0	0	0	0	0	0	0	0	0	0	0	0	0	0	0	0	0	0	0	0	0	0	0	0	0	0	0	0	0	0	0	0	0	0	943	0	D_0__k__Bacteria; D_1__p__Bacteroidetes; D_2__c__Bacteroidia; D_3__o__Bacteroidales; D_4__f__Porphyromonadaceae; D_5__g__Porphyromonas; D_6__g__Porphyromonas_s__endodontalis
302	0	0	0	0	0	52	0	0	0	0	712	60	0	0	0	0	0	0	118	0	0	0	0	0	0	0	0	0	0	0	0	0	0	0	0	0	0	0	0	0	0	0	0	0	0	0	0	0	0	0	D_0__k__Bacteria; D_1__p__Bacteroidetes; D_2__c__Bacteroidia; D_3__o__Bacteroidales; D_4__f__Prevotellaceae; D_5__g__Prevotella; D_6__g__Prevotella_s__oris
303	0	0	229	0	0	0	0	76	0	0	247	0	0	0	0	0	0	0	88	0	153	0	0	0	0	0	0	0	0	0	0	0	0	0	0	0	92	0	0	0	0	0	0	0	0	0	0	0	56	0	D_0__k__Bacteria; D_1__p__Firmicutes; D_2__c__Clostridia; D_3__o__Eubacteriales; D_4__f__Peptococcaceae; D_5__g__Peptococcus; D_6__g__Peptococcus_s__sp._HMT_167
304	0	34	0	0	0	0	0	0	0	0	0	0	0	0	0	0	0	0	0	0	0	0	0	0	0	0	0	0	0	0	0	0	113	0	0	0	0	0	0	0	0	0	0	0	694	99	0	0	0	0	D_0__k__Bacteria; D_1__p__Proteobacteria; D_2__c__Gammaproteobacteria; D_3__o__Pasteurellales; D_4__f__Pasteurellaceae; D_5__g__Aggregatibacter; D_6__g__Aggregatibacter_s__paraphrophilus
305	0	0	86	0	0	0	0	0	0	0	0	0	0	0	0	0	0	0	0	0	0	0	0	0	0	0	0	0	0	0	0	0	0	0	0	0	0	0	0	0	0	0	0	0	0	0	0	0	0	3	D_0__k__Bacteria; D_1__p__Firmicutes; D_2__c__Clostridia; D_3__o__Eubacteriales; D_4__f__Clostridiales_[F-3]; D_5__g__Clostridiales_[F-3][G-1]; D_6__g__Clostridiales_[F-3][G-1]_s__bacterium_HMT_876
306	0	0	0	0	0	0	0	0	0	0	0	0	0	0	0	0	0	0	0	0	933	0	0	0	0	0	0	0	0	0	0	0	0	0	0	0	0	0	0	0	0	0	0	0	0	0	0	0	0	0	D_0__k__Bacteria; D_1__p__Firmicutes; D_2__c__Clostridia; D_3__o__Eubacteriales; D_4__f__Lachnospiraceae; D_5__g__Butyrivibrio; D_6__g__Butyrivibrio_s__sp._HMT_080
307	93	157	0	0	0	0	0	0	0	0	0	0	0	0	0	0	0	0	0	0	0	0	0	0	0	0	0	0	0	0	0	0	0	0	0	0	0	0	0	0	0	0	0	0	0	0	0	0	0	0	D_0__k__Bacteria; D_1__p__Bacteroidetes; D_2__c__Bacteroidia; D_3__o__Bacteroidales; D_4__f__Prevotellaceae; D_5__g__Prevotella; D_6__g__Prevotella_s__sp._HMT_472
308	220	0	0	0	0	0	0	62	0	0	138	42	0	0	0	0	0	0	0	0	0	0	457	0	0	0	0	0	0	0	0	0	0	0	0	0	0	0	0	0	0	0	0	0	0	0	0	0	0	0	D_0__k__Bacteria; D_1__p__Bacteroidetes; D_2__c__Bacteroidia; D_3__o__Bacteroidales; D_4__f__Prevotellaceae; D_5__g__Prevotella; D_6__g__Prevotella_s__oulorum
309	113	0	0	0	0	0	0	0	0	0	0	0	0	0	0	0	0	0	0	79	0	0	664	0	0	0	0	0	0	0	0	0	0	0	0	0	0	0	0	0	0	0	0	0	0	0	0	63	0	0	D_0__k__Bacteria; D_1__p__Bacteroidetes; D_2__c__Bacteroidia; D_3__o__Bacteroidales; D_4__f__Prevotellaceae; D_5__g__Prevotella; D_6__g__Prevotella_s__histicola
310	0	0	0	0	0	0	0	0	0	0	0	0	0	0	0	0	0	0	0	0	0	28	0	0	0	0	0	0	0	0	0	0	15	0	0	0	4	0	0	0	0	0	0	0	0	0	0	0	0	0	D_0__k__Bacteria; D_1__p__Fusobacteria; D_2__c__Fusobacteriia; D_3__o__Fusobacteriales; D_4__f__Leptotrichiaceae; D_5__g__Leptotrichia; D_6__g__Leptotrichia_s__sp._HMT_879
311	0	393	0	0	0	0	0	519	0	0	0	0	0	0	0	0	0	0	0	0	0	0	0	0	0	0	0	0	0	0	0	0	0	0	0	0	0	0	0	0	0	0	0	0	0	0	0	0	0	0	D_0__k__Bacteria; D_1__p__Saccharibacteria_(TM7); D_2__c__Saccharibacteria_(TM7)_[C-1]; D_3__o__Saccharibacteria_(TM7)_[O-1]; D_4__f__Saccharibacteria_(TM7)_[F-1]; D_5__g__Saccharibacteria_(TM7)_[G-1]; D_6__g__Saccharibacteria_(TM7)_[G-1]_s__bacterium_HMT_347
312	910	0	0	0	0	0	0	0	0	0	0	0	0	0	0	0	0	0	0	0	0	0	0	0	0	0	0	0	0	0	0	0	0	0	0	0	0	0	0	0	0	0	0	0	0	0	0	0	0	0	D_0__k__Bacteria; D_1__p__Bacteroidetes; D_2__c__Bacteroidia; D_3__o__Bacteroidales; D_4__f__Prevotellaceae; D_5__g__Prevotella; D_6__g__Prevotella_s__oris
313	5	0	92	0	0	0	0	0	0	0	158	0	0	0	0	0	0	0	0	0	0	0	60	0	453	0	0	0	0	0	0	0	0	0	0	0	91	0	42	0	0	0	0	0	0	0	0	0	0	0	D_0__k__Bacteria; D_1__p__Bacteroidetes; D_2__c__Bacteroidia; D_3__o__Bacteroidales; D_4__f__Prevotellaceae; D_5__g__Alloprevotella; D_6__g__Alloprevotella_s__tannerae
314	0	0	0	0	638	0	0	0	0	0	0	0	0	0	4	38	12	8	0	0	0	0	0	0	0	0	0	0	0	0	0	0	0	0	0	0	0	0	0	0	0	0	0	0	201	0	0	0	0	0	D_0__k__Bacteria; D_1__p__Bacteroidetes; D_2__c__Bacteroidia; D_3__o__Bacteroidales; D_4__f__Prevotellaceae; D_5__g__Prevotella; D_6__g__Prevotella_s__pleuritidis
315	0	0	0	0	0	0	0	0	0	0	0	0	0	0	0	0	0	0	0	0	899	0	0	0	0	0	0	0	0	0	0	0	0	0	0	0	0	0	0	0	0	0	0	0	0	0	0	0	0	0	D_0__k__Bacteria; D_1__p__Bacteroidetes; D_2__c__Bacteroidia; D_3__o__Bacteroidales; D_4__f__Bacteroidales_[F-2]; D_5__g__Bacteroidales_[G-2]; D_6__g__Bacteroidales_[G-2]_s__bacterium_HMT_274
316	0	0	0	10	0	0	0	41	0	0	0	0	0	0	0	43	0	0	0	0	0	0	0	0	0	249	0	0	0	0	0	0	127	0	0	0	134	0	0	0	0	117	0	0	0	0	174	0	0	0	D_0__k__Bacteria; D_1__p__Firmicutes; D_2__c__Negativicutes; D_3__o__Selenomonadales; D_4__f__Selenomonadaceae; D_5__g__Selenomonas; D_6__g__Selenomonas_s__sputigena
317	0	0	0	0	0	0	0	0	0	0	0	0	0	0	0	0	0	0	0	0	0	0	0	0	0	0	817	0	0	0	0	0	0	0	0	0	0	0	0	0	0	0	0	0	0	0	0	45	0	29	D_0__k__Bacteria; D_1__p__Fusobacteria; D_2__c__Fusobacteriia; D_3__o__Fusobacteriales; D_4__f__Leptotrichiaceae; D_5__g__Leptotrichia; D_6__g__Leptotrichia_s__hongkongensis
318	194	0	0	0	276	0	0	0	0	0	249	74	0	0	0	0	0	0	0	0	0	0	0	0	0	0	0	0	0	0	0	0	0	0	0	0	0	0	97	0	0	0	0	0	0	0	0	0	0	0	D_0__k__Bacteria; D_1__p__Firmicutes; D_2__c__Clostridia; D_3__o__Eubacteriales; D_4__f__Peptococcaceae; D_5__g__Peptococcus; D_6__g__Peptococcus_s__sp._HMT_167
319	0	60	0	0	0	0	0	42	0	0	0	70	0	0	0	0	0	0	0	0	135	0	0	0	0	0	328	0	0	0	0	0	63	0	0	0	98	0	45	0	0	0	0	0	0	0	0	0	0	43	D_0__k__Bacteria; D_1__p__Firmicutes; D_2__c__Clostridia; D_3__o__Eubacteriales; D_4__f__Peptostreptococcaceae; D_5__g__Peptostreptococcaceae_[G-7]; D_6__g__Peptostreptococcaceae_[G-7]_s__[Eubacterium]_yurii_subsps._yurii_&_margaretiae
320	0	47	0	0	33	0	69	327	0	0	0	0	0	0	0	183	0	0	0	0	0	0	0	0	0	152	0	0	13	0	0	0	0	0	0	0	0	0	0	0	0	0	0	0	0	0	0	0	0	52	D_0__k__Bacteria; D_1__p__Bacteroidetes; D_2__c__Flavobacteriia; D_3__o__Flavobacteriales; D_4__f__Flavobacteriaceae; D_5__g__Capnocytophaga; D_6__g__Capnocytophaga_s__leadbetteri
321	0	0	0	34	0	103	0	0	0	0	0	55	0	0	0	0	0	0	0	0	0	0	0	0	0	0	0	0	0	0	684	0	0	0	0	0	0	0	0	0	0	0	0	0	0	0	0	0	0	0	D_0__k__Bacteria; D_1__p__Fusobacteria; D_2__c__Fusobacteriia; D_3__o__Fusobacteriales; D_4__f__Fusobacteriaceae; D_5__g__Fusobacterium; D_6__g__Fusobacterium_s__nucleatum
322	0	89	0	79	0	0	0	0	0	0	0	0	0	0	0	22	0	0	56	90	0	0	108	18	0	0	0	0	0	413	0	0	0	0	0	0	0	0	0	0	0	0	0	0	0	0	0	0	0	0	D_0__k__Bacteria; D_1__p__Proteobacteria; D_2__c__Gammaproteobacteria; D_3__o__Pasteurellales; D_4__f__Pasteurellaceae; D_5__g__Haemophilus; D_6__g__Haemophilus_s__parainfluenzae
323	0	0	0	0	833	21	0	0	0	0	0	0	0	0	0	0	0	0	0	0	0	0	0	0	0	0	0	0	0	0	0	0	0	0	0	0	0	0	0	0	0	0	0	0	0	0	0	0	0	0	D_0__k__Bacteria; D_1__p__Bacteroidetes; D_2__c__Bacteroidia; D_3__o__Bacteroidales; D_4__f__Bacteroidales_[F-2]; D_5__g__Bacteroidales_[G-2]; D_6__g__Bacteroidales_[G-2]_s__bacterium_HMT_274
324	140	31	0	0	0	0	58	50	0	0	123	50	0	0	0	0	0	0	0	0	0	0	399	0	0	0	0	0	0	0	0	0	0	0	0	0	0	0	0	0	0	0	0	0	0	0	0	0	0	0	D_0__k__Bacteria; D_1__p__Bacteroidetes; D_2__c__Bacteroidia; D_3__o__Bacteroidales; D_4__f__Prevotellaceae; D_5__g__Prevotella; D_6__g__Prevotella_s__oulorum
325	0	22	0	0	0	0	0	103	0	0	0	41	0	0	0	0	0	0	0	0	0	18	0	0	0	178	0	0	0	0	0	0	0	40	0	0	0	0	107	149	0	0	0	0	0	0	0	0	37	156	D_0__k__Bacteria; D_1__p__Proteobacteria; D_2__c__Gammaproteobacteria; D_3__o__Pasteurellales; D_4__f__Pasteurellaceae; D_5__g__Aggregatibacter; D_6__g__Aggregatibacter_s__sp._HMT_513
326	0	0	0	25	0	115	0	0	0	0	0	55	0	0	0	0	0	0	0	0	0	0	0	0	0	0	0	0	0	0	651	0	0	0	0	0	0	0	0	0	0	0	0	0	0	0	0	0	0	0	D_0__k__Bacteria; D_1__p__Fusobacteria; D_2__c__Fusobacteriia; D_3__o__Fusobacteriales; D_4__f__Fusobacteriaceae; D_5__g__Fusobacterium; D_6__g__Fusobacterium_s__nucleatum
327	0	0	0	0	0	0	0	0	0	0	259	0	0	21	0	63	0	0	0	0	347	0	0	0	0	0	0	0	0	0	0	0	85	0	0	0	0	0	70	0	0	0	0	0	0	0	0	0	0	0	D_0__k__Bacteria; D_1__p__Bacteroidetes; D_2__c__Flavobacteriia; D_3__o__Flavobacteriales; D_4__f__Flavobacteriaceae; D_5__g__Capnocytophaga; D_6__g__Capnocytophaga_s__sp._HMT_338
328	0	0	0	0	0	0	0	0	0	0	0	0	0	0	0	0	0	0	0	0	73	0	0	0	0	0	166	0	0	0	0	0	0	0	0	0	0	0	0	0	0	0	605	0	0	0	0	0	0	0	D_0__k__Bacteria; D_1__p__Actinobacteria; D_2__c__Coriobacteriia; D_3__o__Coriobacteriales; D_4__f__Atopobiaceae; D_5__g__Lancefieldella; D_6__g__Lancefieldella_s__rimae
329	0	68	0	0	0	0	137	0	0	0	0	0	0	0	0	0	0	252	0	0	0	0	0	0	0	0	0	0	0	0	0	0	113	107	0	0	0	0	0	58	0	0	0	0	0	0	0	64	0	0	D_0__k__Bacteria; D_1__p__Bacteroidetes; D_2__c__Bacteroidia; D_3__o__Bacteroidales; D_4__f__Prevotellaceae; D_5__g__Prevotella; D_6__g__Prevotella_s__sp._HMT_472
330	0	91	0	0	0	0	43	165	0	0	0	57	0	0	0	56	0	0	0	0	0	0	0	0	0	31	0	0	0	0	0	0	0	0	0	0	0	0	89	100	0	0	0	0	0	0	0	0	0	70	D_0__k__Bacteria; D_1__p__Bacteroidetes; D_2__c__Flavobacteriia; D_3__o__Flavobacteriales; D_4__f__Flavobacteriaceae; D_5__g__Capnocytophaga; D_6__g__Capnocytophaga_s__leadbetteri
331	0	0	0	110	0	0	0	65	0	0	0	0	0	0	0	0	0	127	0	87	0	0	0	0	0	0	0	0	0	0	0	0	143	140	0	0	0	138	0	0	0	0	0	0	0	0	0	0	0	0	D_0__k__Bacteria; D_1__p__Bacteroidetes; D_2__c__Bacteroidia; D_3__o__Bacteroidales; D_4__f__Prevotellaceae; D_5__g__Alloprevotella; D_6__g__Alloprevotella_s__sp._HMT_473
332	0	0	0	0	0	88	0	0	0	0	0	0	0	0	0	0	0	0	0	0	0	0	0	0	0	405	0	0	0	0	0	0	343	0	0	0	0	0	0	0	0	0	0	0	0	0	0	0	0	0	D_0__k__Bacteria; D_1__p__Bacteroidetes; D_2__c__Bacteroidia; D_3__o__Bacteroidales; D_4__f__Prevotellaceae; D_5__g__Prevotella; D_6__g__Prevotella_s__melaninogenica
333	606	67	0	0	0	0	0	0	0	0	0	0	0	0	0	0	0	0	0	88	0	0	0	0	0	0	0	0	0	0	0	0	0	0	0	0	0	72	0	0	0	0	0	0	0	0	0	0	0	0	D_0__k__Bacteria; D_1__p__Bacteroidetes; D_2__c__Flavobacteriia; D_3__o__Flavobacteriales; D_4__f__Weeksellaceae; D_5__g__Riemerella; D_6__g__Riemerella_s__sp._HMT_322
334	0	0	4	0	0	4	0	0	0	0	20	0	0	0	0	0	0	0	0	0	0	0	0	0	0	0	642	0	0	0	0	0	58	0	0	0	50	0	0	0	0	0	0	0	47	0	0	0	0	0	D_0__k__Bacteria; D_1__p__Bacteroidetes; D_2__c__Bacteroidia; D_3__o__Bacteroidales; D_4__f__Prevotellaceae; D_5__g__Prevotella; D_6__g__Prevotella_s__oris
335	559	0	0	0	0	4	82	0	0	0	14	5	0	0	0	0	0	0	0	0	101	0	0	0	0	0	0	0	0	0	0	0	1	0	56	0	0	0	0	0	0	0	0	0	0	0	0	0	0	0	D_0__k__Bacteria; D_1__p__Bacteroidetes; D_2__c__Bacteroidia; D_3__o__Bacteroidales; D_4__f__Prevotellaceae; D_5__g__Prevotella; D_6__g__Prevotella_s__oris
336	0	69	0	11	0	0	0	0	0	0	0	0	0	0	0	0	0	79	0	0	0	0	0	0	0	0	0	0	0	0	0	0	278	85	0	65	0	76	0	0	0	0	0	0	0	69	0	43	0	44	D_0__k__Bacteria; D_1__p__Bacteroidetes; D_2__c__Bacteroidia; D_3__o__Bacteroidales; D_4__f__Porphyromonadaceae; D_5__g__Porphyromonas; D_6__g__Porphyromonas_s__sp._HMT_930
337	533	41	0	0	0	0	0	0	0	0	0	0	0	0	0	0	0	0	17	57	0	0	0	0	0	0	0	0	0	0	0	0	0	0	0	44	62	63	0	0	0	0	0	0	0	0	0	0	0	0	D_0__k__Bacteria; D_1__p__Bacteroidetes; D_2__c__Flavobacteriia; D_3__o__Flavobacteriales; D_4__f__Weeksellaceae; D_5__g__Riemerella; D_6__g__Riemerella_s__sp._HMT_322
338	0	0	0	0	0	0	0	0	0	0	0	0	8	0	0	0	0	0	0	0	0	0	0	0	0	0	0	0	0	0	0	0	0	0	0	0	0	0	0	0	0	0	0	0	0	0	0	0	0	0	D_0__k__Bacteria; D_1__p__Firmicutes; D_2__c__Clostridia; D_3__o__Eubacteriales; D_4__f__Clostridiales_[F-3]; D_5__g__Clostridiales_[F-3][G-1]; D_6__g__Clostridiales_[F-3][G-1]_s__bacterium_HMT_876
339	0	0	0	0	0	0	0	0	0	0	0	0	0	0	0	0	0	0	0	0	0	0	0	0	0	0	0	0	0	0	0	0	0	0	0	0	0	0	0	0	0	0	0	0	683	107	0	0	0	0	D_0__k__Bacteria; D_1__p__Proteobacteria; D_2__c__Gammaproteobacteria; D_3__o__Pasteurellales; D_4__f__Pasteurellaceae; D_5__g__Aggregatibacter; D_6__g__Aggregatibacter_s__aphrophilus
340	0	0	0	0	0	0	0	782	0	0	0	0	0	0	0	0	0	0	0	0	0	0	0	0	0	0	0	0	0	0	0	0	0	0	0	0	0	0	0	0	0	0	0	0	0	0	0	0	0	0	D_0__k__Bacteria; D_1__p__Bacteroidetes; D_2__c__Bacteroidia; D_3__o__Bacteroidales; D_4__f__Prevotellaceae; D_5__g__Prevotella; D_6__g__Prevotella_s__sp._HMT_317
341	0	0	0	12	0	0	0	0	0	0	0	219	0	0	0	0	0	0	0	0	0	0	0	0	264	153	0	0	0	0	0	0	0	124	0	0	0	0	0	0	0	0	0	0	0	0	0	0	0	0	D_0__k__Bacteria; D_1__p__Fusobacteria; D_2__c__Fusobacteriia; D_3__o__Fusobacteriales; D_4__f__Fusobacteriaceae; D_5__g__Fusobacterium; D_6__g__Fusobacterium_s__sp._HMT_248
342	243	193	0	0	0	0	0	0	0	0	0	0	0	0	0	0	0	0	0	0	0	0	0	0	0	0	0	0	0	0	0	0	76	87	0	172	0	0	0	0	0	0	0	0	0	0	0	0	0	0	D_0__k__Bacteria; D_1__p__Proteobacteria; D_2__c__Betaproteobacteria; D_3__o__Neisseriales; D_4__f__Neisseriaceae; D_5__g__Kingella; D_6__g__Kingella_s__denitrificans
343	0	0	0	19	0	0	0	0	0	0	0	126	0	0	0	171	0	40	8	250	0	0	0	0	0	0	0	0	0	0	0	0	74	0	0	0	0	0	0	0	0	0	0	0	0	0	0	0	0	0	D_0__k__Bacteria; D_1__p__Bacteroidetes; D_2__c__Flavobacteriia; D_3__o__Flavobacteriales; D_4__f__Flavobacteriaceae; D_5__g__Capnocytophaga; D_6__g__Capnocytophaga_s__gingivalis
344	113	0	213	62	0	37	0	0	0	0	200	0	0	0	0	0	0	0	0	0	6	0	48	0	0	0	0	0	0	0	0	0	1	0	0	58	0	0	0	0	0	0	0	0	0	0	0	0	26	0	D_0__k__Bacteria; D_1__p__Bacteroidetes; D_2__c__Bacteroidia; D_3__o__Bacteroidales; D_4__f__Prevotellaceae; D_5__g__Prevotella; D_6__g__Prevotella_s__oris
345	0	0	0	49	0	0	0	221	0	0	0	0	0	0	0	30	0	0	0	0	0	0	0	0	0	0	0	0	0	0	0	0	0	0	0	0	57	52	38	184	0	0	0	69	0	0	0	64	0	0	D_0__k__Bacteria; D_1__p__Firmicutes; D_2__c__Negativicutes; D_3__o__Selenomonadales; D_4__f__Selenomonadaceae; D_5__g__Selenomonas; D_6__g__Selenomonas_s__noxia
346	0	0	73	0	167	0	69	61	0	0	0	0	0	0	0	0	0	0	0	0	145	0	0	0	0	35	0	0	0	0	0	0	130	0	0	0	17	0	0	0	0	0	0	0	0	0	0	0	0	66	D_0__k__Bacteria; D_1__p__Firmicutes; D_2__c__Clostridia; D_3__o__Eubacteriales; D_4__f__Lachnospiraceae; D_5__g__Johnsonella; D_6__g__Johnsonella_s__ignava
347	0	0	0	43	60	15	45	277	0	0	0	0	0	0	0	0	0	0	0	0	0	0	0	0	0	228	0	0	0	0	0	0	0	0	0	0	0	0	0	0	0	0	0	0	0	0	0	92	0	0	D_0__k__Bacteria; D_1__p__Saccharibacteria_(TM7); D_2__c__Saccharibacteria_(TM7)_[C-1]; D_3__o__Saccharibacteria_(TM7)_[O-1]; D_4__f__Saccharibacteria_(TM7)_[F-1]; D_5__g__Saccharibacteria_(TM7)_[G-1]; D_6__g__Saccharibacteria_(TM7)_[G-1]_s__bacterium_HMT_348
348	0	0	0	0	0	0	0	456	0	0	0	304	0	0	0	0	0	0	0	0	0	0	0	0	0	0	0	0	0	0	0	0	0	0	0	0	0	0	0	0	0	0	0	0	0	0	0	0	0	0	D_0__k__Bacteria; D_1__p__Firmicutes; D_2__c__Negativicutes; D_3__o__Selenomonadales; D_4__f__Selenomonadaceae; D_5__g__Selenomonas; D_6__g__Selenomonas_s__noxia
349	0	0	0	0	0	0	0	0	0	0	0	0	0	0	0	87	0	0	0	0	0	0	539	0	0	0	0	0	0	0	0	0	0	0	0	0	0	0	0	0	0	0	0	0	0	0	0	0	76	58	D_0__k__Bacteria; D_1__p__Fusobacteria; D_2__c__Fusobacteriia; D_3__o__Fusobacteriales; D_4__f__Leptotrichiaceae; D_5__g__Leptotrichia; D_6__g__Leptotrichia_s__sp._HMT_417
350	0	0	0	0	0	0	0	444	0	0	0	0	0	0	0	0	0	0	0	0	0	0	0	0	0	0	0	0	0	0	0	0	0	0	0	0	0	0	144	170	0	0	0	0	0	0	0	0	0	0	D_0__k__Bacteria; D_1__p__Actinobacteria; D_2__c__Actinomycetia; D_3__o__Corynebacteriales; D_4__f__Corynebacteriaceae; D_5__g__Corynebacterium; D_6__g__Corynebacterium_s__matruchotii
351	0	0	0	0	0	0	0	0	0	0	0	0	0	0	0	0	0	0	0	0	0	0	0	0	0	0	0	0	0	0	0	0	533	225	0	0	0	0	0	0	0	0	0	0	0	0	0	0	0	0	D_0__k__Bacteria; D_1__p__Fusobacteria; D_2__c__Fusobacteriia; D_3__o__Fusobacteriales; D_4__f__Leptotrichiaceae; D_5__g__Pseudoleptotrichia; D_6__g__Pseudoleptotrichia_s__goodfellowii
352	0	0	0	62	0	0	0	67	0	0	0	34	0	0	0	0	0	0	0	0	0	0	0	0	0	60	0	0	0	175	0	227	0	0	0	0	70	61	0	0	0	0	0	0	0	0	0	0	0	0	D_0__k__Bacteria; D_1__p__Proteobacteria; D_2__c__Betaproteobacteria; D_3__o__Neisseriales; D_4__f__Neisseriaceae; D_5__g__Kingella; D_6__g__Kingella_s__denitrificans
353	0	0	0	0	27	0	0	0	0	0	0	0	0	0	0	0	0	12	0	0	0	0	0	0	0	192	0	0	0	0	0	0	102	0	0	0	88	34	0	0	0	107	0	0	0	0	161	0	0	0	D_0__k__Bacteria; D_1__p__Firmicutes; D_2__c__Negativicutes; D_3__o__Selenomonadales; D_4__f__Selenomonadaceae; D_5__g__Selenomonas; D_6__g__Selenomonas_s__sputigena
354	0	0	0	0	0	0	0	0	0	0	0	0	0	160	0	0	0	0	0	0	0	0	0	0	0	86	0	0	0	508	0	0	0	0	0	0	0	0	0	0	0	0	0	0	0	0	0	0	0	0	D_0__k__Bacteria; D_1__p__Proteobacteria; D_2__c__Betaproteobacteria; D_3__o__Burkholderiales; D_4__f__Burkholderiaceae; D_5__g__Lautropia; D_6__g__Lautropia_s__mirabilis
355	0	0	386	0	0	0	0	0	0	0	0	0	0	0	0	0	0	0	62	0	305	0	0	0	0	0	0	0	0	0	0	0	0	0	0	0	0	0	0	0	0	0	0	0	0	0	0	0	0	0	D_0__k__Bacteria; D_1__p__Synergistetes; D_2__c__Synergistia; D_3__o__Synergistales; D_4__f__Synergistaceae; D_5__g__Fretibacterium; D_6__g__Fretibacterium_s__sp._HMT_360
356	0	0	126	45	0	0	0	0	0	0	0	189	0	0	0	0	14	77	0	0	0	0	62	0	0	5	0	0	0	0	0	0	0	0	0	0	0	0	0	77	0	91	0	0	0	0	0	65	0	0	D_0__k__Bacteria; D_1__p__Firmicutes; D_2__c__Negativicutes; D_3__o__Selenomonadales; D_4__f__Selenomonadaceae; D_5__g__Selenomonas; D_6__g__Selenomonas_s__noxia
357	0	0	0	0	0	0	0	0	0	0	0	0	0	0	0	0	0	0	0	0	0	0	0	0	0	0	0	0	0	0	0	0	40	0	0	0	8	0	0	0	0	0	0	0	0	0	0	0	0	0	D_0__k__Bacteria; D_1__p__Fusobacteria; D_2__c__Fusobacteriia; D_3__o__Fusobacteriales; D_4__f__Leptotrichiaceae; D_5__g__Leptotrichia; D_6__g__Leptotrichia_s__sp._HMT_879
358	0	0	0	0	0	0	0	178	0	0	0	118	0	0	0	0	0	0	0	0	0	0	0	0	0	386	0	0	0	0	0	0	0	0	0	0	0	0	0	59	0	0	0	0	0	0	0	0	0	0	D_0__k__Bacteria; D_1__p__Fusobacteria; D_2__c__Fusobacteriia; D_3__o__Fusobacteriales; D_4__f__Leptotrichiaceae; D_5__g__Leptotrichia; D_6__g__Leptotrichia_s__sp._HMT_392
359	0	72	0	0	0	0	0	0	0	0	0	51	0	0	0	0	0	0	0	0	0	0	0	0	0	0	0	0	0	57	0	0	0	60	0	54	0	0	0	0	124	65	0	87	0	0	0	0	0	169	D_0__k__Bacteria; D_1__p__Firmicutes; D_2__c__Bacilli; D_3__o__Lactobacillales; D_4__f__Streptococcaceae; D_5__g__Streptococcus; D_6__g__Streptococcus_s__oralis_subsp._dentisani_clade_058
360	0	0	0	0	0	0	0	0	0	0	0	0	0	0	0	0	0	0	0	0	0	0	0	0	0	0	0	0	0	0	208	0	0	0	0	0	0	0	0	0	0	0	0	0	0	0	307	0	0	0	D_0__k__Bacteria; D_1__p__Bacteroidetes; D_2__c__Bacteroidia; D_3__o__Bacteroidales; D_4__f__Prevotellaceae; D_5__g__Prevotella; D_6__g__Prevotella_s__oris
361	163	0	0	78	11	239	0	0	0	0	77	75	0	0	0	0	0	0	0	0	0	0	0	0	0	0	0	0	0	0	0	0	0	0	0	0	0	0	0	0	0	0	0	0	0	0	91	0	0	0	D_0__k__Bacteria; D_1__p__Actinobacteria; D_2__c__Coriobacteriia; D_3__o__Eggerthellales; D_4__f__Eggerthellaceae; D_5__g__Cryptobacterium; D_6__g__Cryptobacterium_s__curtum
362	0	0	197	0	0	0	0	0	0	0	172	31	0	0	0	0	0	0	94	0	126	0	0	0	0	0	0	0	0	0	0	0	0	0	0	0	95	13	0	0	0	0	0	0	0	0	0	0	0	0	D_0__k__Bacteria; D_1__p__Firmicutes; D_2__c__Clostridia; D_3__o__Eubacteriales; D_4__f__Peptococcaceae; D_5__g__Peptococcus; D_6__g__Peptococcus_s__sp._HMT_167
363	0	0	0	0	0	9	0	0	0	0	0	0	0	0	0	0	0	0	0	66	0	0	0	0	0	0	0	0	0	0	239	74	0	37	68	0	0	0	0	0	0	0	0	0	0	0	25	0	0	45	D_0__k__Bacteria; D_1__p__Proteobacteria; D_2__c__Alphaproteobacteria; D_3__o__Hyphomicrobiales; D_4__f__Bradyrhizobiaceae; D_5__g__Afipia; D_6__g__Afipia_s__broomeae
364	0	0	0	0	0	0	0	0	0	0	0	0	0	0	0	142	0	0	0	0	0	0	531	0	0	0	0	0	0	0	0	0	0	0	0	0	0	0	0	51	0	0	0	0	0	0	0	0	0	0	D_0__k__Bacteria; D_1__p__Fusobacteria; D_2__c__Fusobacteriia; D_3__o__Fusobacteriales; D_4__f__Leptotrichiaceae; D_5__g__Leptotrichia; D_6__g__Leptotrichia_s__shahii
365	157	0	0	81	0	291	0	0	0	0	34	58	0	0	0	0	0	0	0	0	0	0	0	0	0	0	0	0	0	0	0	0	0	0	0	0	0	0	0	0	0	0	0	0	0	0	102	0	0	0	D_0__k__Bacteria; D_1__p__Actinobacteria; D_2__c__Coriobacteriia; D_3__o__Eggerthellales; D_4__f__Eggerthellaceae; D_5__g__Cryptobacterium; D_6__g__Cryptobacterium_s__curtum
366	0	0	0	0	0	0	0	0	0	0	0	107	0	0	0	0	0	0	0	0	11	0	22	0	0	231	0	0	0	0	0	0	0	0	0	0	0	0	105	103	49	0	0	0	0	0	0	0	0	0	D_0__k__Bacteria; D_1__p__Firmicutes; D_2__c__Bacilli; D_3__o__Bacillales; D_4__f__Gemellaceae; D_5__g__Gemella; D_6__g__Gemella_s__morbillorum
367	0	0	0	0	68	0	0	0	0	0	0	0	0	0	0	0	0	0	73	0	0	0	0	0	493	0	0	0	0	0	0	0	0	0	0	0	0	0	0	0	0	0	0	0	82	0	0	0	0	0	D_0__k__Bacteria; D_1__p__Tenericutes; D_2__c__Mollicutes; D_3__o__Mycoplasmatales; D_4__f__Mycoplasmataceae; D_5__g__Mycoplasma; D_6__g__Mycoplasma_s__salivarium
368	0	61	0	0	0	0	0	0	0	0	0	0	0	0	0	0	0	0	0	0	0	0	0	0	67	133	0	0	0	0	0	0	313	140	0	0	0	0	0	0	0	0	0	0	0	0	0	0	0	0	D_0__k__Bacteria; D_1__p__Firmicutes; D_2__c__Negativicutes; D_3__o__Veillonellales; D_4__f__Veillonellaceae; D_5__g__Veillonella; D_6__g__Veillonella_s__sp._HMT_780
369	0	0	0	0	0	0	0	0	0	0	0	0	0	0	0	0	0	0	0	0	0	0	0	0	0	0	0	0	0	418	0	0	0	0	0	0	0	0	0	0	0	0	0	0	0	0	0	0	0	0	D_0__k__Bacteria; D_1__p__Firmicutes; D_2__c__Bacilli; D_3__o__Lactobacillales; D_4__f__Streptococcaceae; D_5__g__Streptococcus; D_6__g__Streptococcus_s__sanguinis
370	0	0	0	129	0	0	0	0	0	0	0	132	0	0	0	0	0	167	0	0	0	0	0	0	48	77	0	0	0	0	0	0	79	0	0	0	0	0	0	0	0	0	0	0	0	0	0	0	0	77	D_0__k__Bacteria; D_1__p__Proteobacteria; D_2__c__Gammaproteobacteria; D_3__o__Pasteurellales; D_4__f__Pasteurellaceae; D_5__g__Haemophilus; D_6__g__Haemophilus_s__haemolyticus
371	0	0	0	51	0	0	0	0	0	0	0	0	0	0	0	0	0	0	0	0	0	0	0	0	0	0	0	0	0	0	499	0	0	0	0	0	0	0	0	0	0	0	0	0	16	102	0	0	0	0	D_0__k__Bacteria; D_1__p__Bacteroidetes; D_2__c__Bacteroidia; D_3__o__Bacteroidales; D_4__f__Prevotellaceae; D_5__g__Prevotella; D_6__g__Prevotella_s__nanceiensis
372	0	0	0	0	0	0	33	562	0	0	0	0	0	0	0	0	0	0	0	0	0	0	0	0	0	67	0	0	0	0	0	0	0	0	0	44	0	0	0	0	0	0	0	0	0	0	0	0	0	0	D_0__k__Bacteria; D_1__p__Bacteroidetes; D_2__c__Flavobacteriia; D_3__o__Flavobacteriales; D_4__f__Flavobacteriaceae; D_5__g__Capnocytophaga; D_6__g__Capnocytophaga_s__granulosa
373	0	0	30	0	0	0	0	5	0	0	0	0	0	0	0	0	0	37	15	124	0	0	0	0	0	125	0	0	0	113	0	0	0	0	0	0	0	0	79	64	0	0	0	0	0	0	0	0	0	0	D_0__k__Bacteria; D_1__p__Fusobacteria; D_2__c__Fusobacteriia; D_3__o__Fusobacteriales; D_4__f__Leptotrichiaceae; D_5__g__Leptotrichia; D_6__g__Leptotrichia_s__sp._HMT_212
374	0	107	0	0	0	0	0	0	0	0	0	0	0	0	0	117	0	0	0	0	0	0	429	19	0	0	0	0	0	0	0	0	0	0	0	0	0	0	0	0	0	0	0	0	0	0	0	30	0	0	D_0__k__Bacteria; D_1__p__Fusobacteria; D_2__c__Fusobacteriia; D_3__o__Fusobacteriales; D_4__f__Leptotrichiaceae; D_5__g__Leptotrichia; D_6__g__Leptotrichia_s__shahii
375	0	0	0	0	466	0	0	0	0	0	0	0	0	0	0	0	0	0	107	0	48	0	0	0	0	0	0	0	0	0	0	0	0	0	55	0	0	0	0	0	0	0	0	0	25	0	0	0	0	0	D_0__k__Bacteria; D_1__p__Spirochaetes; D_2__c__Spirochaetia; D_3__o__Spirochaetales; D_4__f__Treponemataceae; D_5__g__Treponema; D_6__g__Treponema_s__socranskii
376	0	50	0	0	0	0	70	0	0	0	0	0	0	0	0	0	0	63	0	0	0	0	0	0	0	0	0	0	0	0	0	0	0	0	0	0	65	104	0	0	0	0	0	0	0	83	0	0	0	0	D_0__k__Bacteria; D_1__p__Bacteroidetes; D_2__c__Bacteroidia; D_3__o__Bacteroidales; D_4__f__Prevotellaceae; D_5__g__Prevotella; D_6__g__Prevotella_s__sp._HMT_314
377	0	0	0	0	0	0	0	0	0	0	0	0	0	0	0	0	0	0	0	0	0	0	0	0	40	657	0	0	0	0	0	0	0	0	0	0	0	0	0	0	0	0	0	0	0	0	0	0	0	0	D_0__k__Bacteria; D_1__p__Saccharibacteria_(TM7); D_2__c__Saccharibacteria_(TM7)_[C-1]; D_3__o__Saccharibacteria_(TM7)_[O-1]; D_4__f__Saccharibacteria_(TM7)_[F-1]; D_5__g__Saccharibacteria_(TM7)_[G-1]; D_6__g__Saccharibacteria_(TM7)_[G-1]_s__bacterium_HMT_346
378	0	0	0	43	0	0	57	212	0	0	0	0	0	0	0	44	0	31	0	0	0	0	0	0	0	112	0	0	0	0	0	0	0	0	0	33	0	0	0	0	0	0	0	0	0	0	0	0	41	68	D_0__k__Bacteria; D_1__p__Proteobacteria; D_2__c__Gammaproteobacteria; D_3__o__Pasteurellales; D_4__f__Pasteurellaceae; D_5__g__Aggregatibacter; D_6__g__Aggregatibacter_s__sp._HMT_458
379	0	0	0	0	0	0	0	0	0	0	0	57	0	0	0	48	0	0	0	0	0	0	0	0	0	116	0	0	0	30	0	0	0	60	0	0	0	0	0	0	0	270	0	0	0	0	0	0	0	34	D_0__k__Bacteria; D_1__p__Proteobacteria; D_2__c__Epsilonproteobacteria; D_3__o__Campylobacterales; D_4__f__Campylobacteraceae; D_5__g__Campylobacter; D_6__g__Campylobacter_s__concisus
380	0	0	0	0	0	0	0	0	0	0	0	0	0	0	0	0	0	0	0	0	155	0	0	217	0	0	0	0	0	0	0	0	0	0	0	0	276	0	43	0	0	0	0	0	0	0	0	0	0	0	D_0__k__Bacteria; D_1__p__Fusobacteria; D_2__c__Fusobacteriia; D_3__o__Fusobacteriales; D_4__f__Fusobacteriaceae; D_5__g__Fusobacterium; D_6__g__Fusobacterium_s__nucleatum
381	0	0	0	0	0	0	38	14	0	0	424	2	0	0	0	39	0	0	0	0	0	0	0	0	0	0	0	0	0	0	0	0	0	0	0	0	0	0	106	0	0	0	0	0	0	0	67	0	0	0	D_0__k__Bacteria; D_1__p__Fusobacteria; D_2__c__Fusobacteriia; D_3__o__Fusobacteriales; D_4__f__Leptotrichiaceae; D_5__g__Pseudoleptotrichia; D_6__g__Pseudoleptotrichia_s__goodfellowii
382	0	216	0	0	0	26	0	0	0	0	0	87	0	54	0	0	0	32	0	40	0	0	0	0	0	0	0	0	27	0	0	63	0	0	0	0	0	0	0	0	0	0	0	0	45	35	0	0	0	0	D_0__k__Bacteria; D_1__p__Actinobacteria; D_2__c__Actinomycetia; D_3__o__Actinomycetales; D_4__f__Actinomycetaceae; D_5__g__Schaalia; D_6__g__Schaalia_s__sp._HMT_180
383	0	49	0	0	0	0	0	0	0	0	0	0	0	0	0	0	79	0	0	0	0	0	0	0	0	0	0	0	0	0	0	0	0	0	0	0	0	0	0	0	0	0	0	0	97	0	372	72	0	0	D_0__k__Bacteria; D_1__p__Bacteroidetes; D_2__c__Bacteroidia; D_3__o__Bacteroidales; D_4__f__Porphyromonadaceae; D_5__g__Porphyromonas; D_6__g__Porphyromonas_s__sp._HMT_284
384	0	0	0	0	0	0	0	0	0	0	139	0	0	37	0	0	0	0	0	0	0	0	0	20	172	78	75	0	0	0	0	0	0	0	0	0	0	0	0	0	0	0	0	163	0	0	0	0	0	0	D_0__k__Bacteria; D_1__p__Bacteroidetes; D_2__c__Bacteroidia; D_3__o__Bacteroidales; D_4__f__Prevotellaceae; D_5__g__Prevotella; D_6__g__Prevotella_s__denticola
385	0	0	0	0	376	0	0	0	0	0	0	0	0	0	140	0	0	0	0	0	0	0	0	0	0	0	0	0	0	0	0	0	0	0	0	0	0	0	0	0	0	0	0	0	0	0	0	0	167	0	D_0__k__Bacteria; D_1__p__Bacteroidetes; D_2__c__Bacteroidetes_[C-1]; D_3__o__Bacteroidetes_[O-1]; D_4__f__Bacteroidetes_[F-1]; D_5__g__Bacteroidetes_[G-5]; D_6__g__Bacteroidetes_[G-5]_s__bacterium_HMT_511
386	0	0	0	28	0	0	48	56	0	0	0	0	0	0	0	42	0	0	0	80	0	0	49	0	0	74	0	0	0	177	0	0	0	0	0	0	0	0	0	0	0	0	0	0	0	0	0	0	0	50	D_0__k__Bacteria; D_1__p__Bacteroidetes; D_2__c__Bacteroidia; D_3__o__Bacteroidales; D_4__f__Prevotellaceae; D_5__g__Alloprevotella; D_6__g__Alloprevotella_s__sp._HMT_308
387	0	0	0	0	0	0	0	0	0	0	0	0	0	0	0	1	0	0	0	0	0	0	0	0	0	0	0	0	0	0	0	0	0	0	0	0	70	0	0	0	548	0	0	0	60	0	0	0	0	0	D_0__k__Bacteria; D_1__p__Bacteroidetes; D_2__c__Bacteroidia; D_3__o__Bacteroidales; D_4__f__Porphyromonadaceae; D_5__g__Porphyromonas; D_6__g__Porphyromonas_s__sp._HMT_277
388	0	0	0	39	0	0	0	178	0	0	0	23	0	0	0	37	0	13	0	0	0	0	91	0	0	223	0	0	0	0	0	0	0	0	0	0	0	0	16	0	0	0	0	0	0	0	0	58	0	0	D_0__k__Bacteria; D_1__p__Firmicutes; D_2__c__Negativicutes; D_3__o__Selenomonadales; D_4__f__Selenomonadaceae; D_5__g__Selenomonas; D_6__g__Selenomonas_s__noxia
389	0	0	0	0	71	0	0	0	0	0	0	0	0	0	7	0	0	0	41	0	0	0	0	0	477	0	0	0	0	0	0	0	0	0	0	0	0	0	0	0	0	0	0	0	81	0	0	0	0	0	D_0__k__Bacteria; D_1__p__Tenericutes; D_2__c__Mollicutes; D_3__o__Mycoplasmatales; D_4__f__Mycoplasmataceae; D_5__g__Mycoplasma; D_6__g__Mycoplasma_s__salivarium
390	0	42	0	0	0	0	108	64	0	0	0	0	0	0	0	0	0	0	0	0	0	0	0	0	0	0	0	0	0	0	0	0	0	0	0	0	0	76	0	0	0	0	0	0	0	0	0	0	0	386	D_0__k__Bacteria; D_1__p__Actinobacteria; D_2__c__Actinomycetia; D_3__o__Micrococcales; D_4__f__Micrococcaceae; D_5__g__Rothia; D_6__g__Rothia_s__mucilaginosa
391	0	0	0	0	0	0	0	0	0	0	0	0	0	0	0	0	0	0	0	539	0	0	0	0	0	0	0	0	0	0	0	0	0	0	0	0	0	0	0	0	0	0	0	0	0	0	0	0	0	0	D_0__k__Bacteria; D_1__p__Firmicutes; D_2__c__Negativicutes; D_3__o__Veillonellales; D_4__f__Veillonellaceae; D_5__g__Veillonella; D_6__g__Veillonella_s__dispar
392	0	0	0	0	0	0	0	0	0	0	0	0	0	0	0	87	0	0	0	0	0	0	458	20	0	0	0	0	0	0	0	0	0	0	0	0	0	63	0	0	0	0	0	0	0	0	0	0	44	0	D_0__k__Bacteria; D_1__p__Fusobacteria; D_2__c__Fusobacteriia; D_3__o__Fusobacteriales; D_4__f__Leptotrichiaceae; D_5__g__Leptotrichia; D_6__g__Leptotrichia_s__sp._HMT_417
393	0	0	0	0	0	0	0	132	0	0	0	53	0	0	0	0	0	0	0	0	0	0	0	0	0	0	0	0	0	0	0	341	0	0	0	0	0	0	0	0	0	0	0	0	0	0	82	63	0	0	D_0__k__Bacteria; D_1__p__Actinobacteria; D_2__c__Actinomycetia; D_3__o__Corynebacteriales; D_4__f__Corynebacteriaceae; D_5__g__Corynebacterium; D_6__g__Corynebacterium_s__matruchotii
394	237	0	0	0	0	0	0	0	0	0	0	0	23	0	0	75	0	0	0	0	0	0	52	0	0	35	0	0	0	0	0	0	0	0	0	0	0	0	0	23	0	0	0	87	0	0	86	0	0	0	D_0__k__Bacteria; D_1__p__Proteobacteria; D_2__c__Epsilonproteobacteria; D_3__o__Campylobacterales; D_4__f__Campylobacteraceae; D_5__g__Campylobacter; D_6__g__Campylobacter_s__concisus
395	0	72	0	0	0	0	0	0	0	0	0	0	0	0	0	0	0	0	0	50	0	0	0	0	60	0	0	0	0	0	0	56	0	72	0	0	0	0	0	0	133	69	0	67	0	0	0	0	0	91	D_0__k__Bacteria; D_1__p__Firmicutes; D_2__c__Bacilli; D_3__o__Lactobacillales; D_4__f__Streptococcaceae; D_5__g__Streptococcus; D_6__g__Streptococcus_s__oralis_subsp._dentisani_clade_058
396	0	0	0	0	13	0	0	0	0	0	0	0	0	0	0	0	0	103	0	0	0	0	122	0	0	128	0	0	0	0	0	0	0	0	0	0	45	29	0	0	0	103	0	0	0	0	0	0	0	73	D_0__k__Bacteria; D_1__p__Firmicutes; D_2__c__Clostridia; D_3__o__Eubacteriales; D_4__f__Lachnospiraceae; D_5__g__Lachnoanaerobaculum; D_6__g__Lachnoanaerobaculum_s__saburreum
397	0	0	0	0	0	0	0	0	0	0	0	229	0	0	0	86	0	0	0	0	0	0	27	0	0	68	0	0	0	0	0	0	0	32	0	0	64	0	10	151	0	0	0	0	0	0	0	0	0	0	D_0__k__Bacteria; D_1__p__Firmicutes; D_2__c__Negativicutes; D_3__o__Selenomonadales; D_4__f__Selenomonadaceae; D_5__g__Selenomonas; D_6__g__Selenomonas_s__infelix
398	0	0	0	0	534	0	53	0	0	0	0	0	0	0	0	0	0	0	0	0	0	0	0	0	0	0	0	0	0	0	0	0	0	0	0	0	0	0	0	0	0	0	0	0	0	0	76	0	0	0	D_0__k__Bacteria; D_1__p__Actinobacteria; D_2__c__Coriobacteriia; D_3__o__Coriobacteriales; D_4__f__Atopobiaceae; D_5__g__Olsenella; D_6__g__Olsenella_s__profusa
399	0	51	0	0	50	0	0	0	0	0	0	0	0	0	0	0	0	0	0	0	122	0	0	0	0	0	243	0	0	0	0	0	59	0	0	0	84	16	34	0	0	0	0	0	0	0	0	0	0	0	D_0__k__Bacteria; D_1__p__Firmicutes; D_2__c__Clostridia; D_3__o__Eubacteriales; D_4__f__Peptostreptococcaceae; D_5__g__Peptostreptococcaceae_[G-7]; D_6__g__Peptostreptococcaceae_[G-7]_s__[Eubacterium]_yurii_subsps._yurii_&_margaretiae
400	0	0	0	0	0	0	0	0	579	0	0	0	0	0	0	0	0	0	0	0	0	0	6	0	0	0	0	0	0	0	0	0	0	0	0	0	0	0	0	0	0	0	0	73	0	0	0	0	0	0	D_0__k__Bacteria; D_1__p__Actinobacteria; D_2__c__Actinomycetia; D_3__o__Bifidobacteriales; D_4__f__Bifidobacteriaceae; D_5__g__Bifidobacterium; D_6__g__Bifidobacterium_s__dentium
401	566	0	0	0	0	0	91	0	0	0	0	0	0	0	0	0	0	0	0	0	0	0	0	0	0	0	0	0	0	0	0	0	0	0	0	0	0	0	0	0	0	0	0	0	0	0	0	0	0	0	D_0__k__Bacteria; D_1__p__Firmicutes; D_2__c__Bacilli; D_3__o__Lactobacillales; D_4__f__Lactobacillaceae; D_5__g__Limosilactobacillus; D_6__g__Limosilactobacillus_s__reuteri_clade_938
402	0	0	657	0	0	0	0	0	0	0	0	0	0	0	0	0	0	0	0	0	0	0	0	0	0	0	0	0	0	0	0	0	0	0	0	0	0	0	0	0	0	0	0	0	0	0	0	0	0	0	D_0__k__Bacteria; D_1__p__Bacteroidetes; D_2__c__Bacteroidia; D_3__o__Bacteroidales; D_4__f__Porphyromonadaceae; D_5__g__Porphyromonas; D_6__g__Porphyromonas_s__endodontalis
403	0	0	0	0	433	0	0	0	0	0	0	0	0	0	0	0	0	0	84	0	53	0	0	0	0	0	0	0	0	0	0	0	0	0	52	0	34	0	0	0	0	0	0	0	0	0	0	0	0	0	D_0__k__Bacteria; D_1__p__Spirochaetes; D_2__c__Spirochaetia; D_3__o__Spirochaetales; D_4__f__Treponemataceae; D_5__g__Treponema; D_6__g__Treponema_s__socranskii
404	0	0	0	0	0	0	0	501	0	0	0	0	0	0	0	0	0	0	0	0	0	0	0	0	0	0	0	0	0	0	0	0	0	0	0	0	0	0	0	0	0	0	0	0	0	0	0	0	0	0	D_0__k__Bacteria; D_1__p__Bacteroidetes; D_2__c__Bacteroidia; D_3__o__Bacteroidales; D_4__f__Tannerellaceae; D_5__g__Tannerella; D_6__g__Tannerella_s__sp._HMT_286
405	51	85	0	0	0	0	0	0	0	0	0	0	0	0	0	0	0	0	0	0	0	0	0	0	0	517	0	0	0	0	0	0	0	0	0	0	0	0	0	0	0	0	0	0	0	0	0	0	0	0	D_0__k__Bacteria; D_1__p__Actinobacteria; D_2__c__Actinomycetia; D_3__o__Corynebacteriales; D_4__f__Corynebacteriaceae; D_5__g__Corynebacterium; D_6__g__Corynebacterium_s__matruchotii
406	0	0	0	0	0	56	0	0	0	0	176	0	0	0	0	0	0	71	0	0	0	0	0	0	0	0	0	0	0	0	0	192	0	0	0	0	0	74	43	0	0	0	0	0	0	0	0	0	0	0	D_0__k__Bacteria; D_1__p__Firmicutes; D_2__c__Bacilli; D_3__o__Bacillales; D_4__f__Gemellaceae; D_5__g__Gemella; D_6__g__Gemella_s__morbillorum
407	0	0	0	39	0	0	0	109	0	0	0	68	0	0	0	0	0	100	0	0	0	0	39	0	0	66	0	0	0	0	0	0	0	0	0	0	15	0	0	0	0	0	0	72	0	0	0	0	0	76	D_0__k__Bacteria; D_1__p__Actinobacteria; D_2__c__Actinomycetia; D_3__o__Actinomycetales; D_4__f__Actinomycetaceae; D_5__g__Schaalia; D_6__g__Schaalia_s__sp._HMT_178
408	0	0	650	0	0	0	0	0	0	0	0	0	0	0	0	0	0	0	0	0	0	0	0	0	0	0	0	0	0	0	0	0	0	0	0	0	0	0	0	0	0	0	0	0	0	0	0	0	0	0	D_0__k__Bacteria; D_1__p__Bacteroidetes; D_2__c__Bacteroidia; D_3__o__Bacteroidales; D_4__f__Porphyromonadaceae; D_5__g__Porphyromonas; D_6__g__Porphyromonas_s__endodontalis
409	0	0	0	0	328	9	0	0	0	0	0	0	0	0	135	0	0	0	0	0	0	0	0	0	0	0	0	0	0	0	0	0	0	0	0	0	0	0	0	0	0	0	0	0	0	0	0	0	176	0	D_0__k__Bacteria; D_1__p__Bacteroidetes; D_2__c__Bacteroidetes_[C-1]; D_3__o__Bacteroidetes_[O-1]; D_4__f__Bacteroidetes_[F-1]; D_5__g__Bacteroidetes_[G-5]; D_6__g__Bacteroidetes_[G-5]_s__bacterium_HMT_511
410	0	49	0	0	0	0	0	0	0	0	0	36	0	0	0	50	0	0	0	166	0	0	0	0	0	0	0	0	0	0	0	0	71	0	0	0	0	0	0	0	0	0	0	0	0	0	0	132	0	0	D_0__k__Bacteria; D_1__p__Bacteroidetes; D_2__c__Flavobacteriia; D_3__o__Flavobacteriales; D_4__f__Weeksellaceae; D_5__g__Riemerella; D_6__g__Riemerella_s__sp._HMT_322
411	0	41	0	36	0	0	0	0	0	0	0	30	0	54	0	74	0	226	0	0	0	0	52	0	0	0	0	0	0	0	0	0	0	0	0	0	0	0	0	0	0	0	0	0	0	49	0	0	0	0	D_0__k__Bacteria; D_1__p__Fusobacteria; D_2__c__Fusobacteriia; D_3__o__Fusobacteriales; D_4__f__Leptotrichiaceae; D_5__g__Leptotrichia; D_6__g__Leptotrichia_s__sp._HMT_215
412	0	0	0	0	0	0	0	0	0	0	0	0	0	0	0	0	0	0	0	0	0	0	0	0	126	176	0	0	0	0	0	0	189	144	0	0	0	0	0	0	0	0	0	0	0	0	0	0	0	0	D_0__k__Bacteria; D_1__p__Firmicutes; D_2__c__Negativicutes; D_3__o__Veillonellales; D_4__f__Veillonellaceae; D_5__g__Veillonella; D_6__g__Veillonella_s__sp._HMT_780
413	0	0	0	0	0	18	0	0	0	0	0	11	0	0	0	6	0	0	0	0	0	0	0	0	0	50	0	0	0	7	0	0	0	83	0	234	0	0	0	0	0	97	0	0	0	0	0	0	0	125	D_0__k__Bacteria; D_1__p__Actinobacteria; D_2__c__Actinomycetia; D_3__o__Corynebacteriales; D_4__f__Corynebacteriaceae; D_5__g__Corynebacterium; D_6__g__Corynebacterium_s__durum
414	0	0	0	0	0	0	0	0	0	0	0	0	0	0	0	0	15	0	0	0	0	0	0	0	0	0	0	0	0	0	0	0	0	0	0	0	0	0	0	0	0	0	0	0	0	0	0	0	0	0	D_0__k__Bacteria; D_1__p__Bacteroidetes; D_2__c__Flavobacteriia; D_3__o__Flavobacteriales; D_4__f__Flavobacteriaceae; D_5__g__Capnocytophaga; D_6__g__Capnocytophaga_s__sp._HMT_903
415	0	0	554	0	0	0	68	0	0	0	0	0	0	0	0	0	0	0	0	0	0	0	0	0	0	0	0	0	0	0	0	0	0	0	0	0	0	0	0	0	0	0	0	0	0	0	0	0	0	0	D_0__k__Bacteria; D_1__p__Bacteroidetes; D_2__c__Bacteroidia; D_3__o__Bacteroidales; D_4__f__Prevotellaceae; D_5__g__Prevotella; D_6__g__Prevotella_s__pleuritidis
416	141	0	0	0	260	0	0	0	0	0	0	0	0	0	0	7	0	0	0	0	65	0	0	0	0	0	0	0	0	0	0	0	0	0	0	0	30	0	0	0	0	0	0	0	68	0	0	0	49	0	D_0__k__Bacteria; D_1__p__Firmicutes; D_2__c__Negativicutes; D_3__o__Selenomonadales; D_4__f__Selenomonadaceae; D_5__g__Veillonellaceae_[G-1]; D_6__g__Veillonellaceae_[G-1]_s__bacterium_HMT_150
417	0	0	0	130	0	0	0	0	0	0	0	103	0	0	0	0	79	139	0	0	0	0	0	0	66	57	0	0	0	0	0	0	43	0	0	0	0	0	0	0	0	0	0	0	0	0	0	0	0	0	D_0__k__Bacteria; D_1__p__Proteobacteria; D_2__c__Gammaproteobacteria; D_3__o__Pasteurellales; D_4__f__Pasteurellaceae; D_5__g__Haemophilus; D_6__g__Haemophilus_s__haemolyticus
418	0	0	0	73	0	0	22	18	234	0	0	0	0	0	0	0	0	0	0	0	0	0	216	0	0	0	0	0	0	0	0	0	0	0	0	0	0	0	0	0	0	0	0	0	0	0	0	21	0	32	D_0__k__Bacteria; D_1__p__Firmicutes; D_2__c__Bacilli; D_3__o__Lactobacillales; D_4__f__Streptococcaceae; D_5__g__Streptococcus; D_6__g__Streptococcus_s__parasanguinis_clade_411
419	0	0	0	0	0	0	0	10	0	0	0	0	0	0	0	0	0	52	0	0	0	0	0	0	0	388	0	0	0	0	0	0	0	0	0	0	135	20	0	0	0	0	0	0	0	0	0	11	0	0	D_0__k__Bacteria; D_1__p__Saccharibacteria_(TM7); D_2__c__Saccharibacteria_(TM7)_[C-1]; D_3__o__Saccharibacteria_(TM7)_[O-1]; D_4__f__Saccharibacteria_(TM7)_[F-1]; D_5__g__Saccharibacteria_(TM7)_[G-3]; D_6__g__Saccharibacteria_(TM7)_[G-3]_s__bacterium_HMT_351
420	0	0	0	0	0	0	0	0	0	0	0	0	0	0	0	0	0	0	0	0	0	0	0	0	0	0	0	0	0	0	0	0	0	0	0	0	0	0	0	0	0	0	615	0	0	0	0	0	0	0	D_0__k__Bacteria; D_1__p__Firmicutes; D_2__c__Bacilli; D_3__o__Lactobacillales; D_4__f__Carnobacteriaceae; D_5__g__Alloiococcus; D_6__g__Alloiococcus_s__otitis
421	0	0	0	0	0	0	0	0	0	0	0	0	0	0	0	0	0	0	0	0	0	0	0	0	0	514	0	0	0	0	0	0	0	0	0	0	0	0	0	0	0	0	0	66	0	0	0	0	0	0	D_0__k__Bacteria; D_1__p__Saccharibacteria_(TM7); D_2__c__Saccharibacteria_(TM7)_[C-1]; D_3__o__Saccharibacteria_(TM7)_[O-1]; D_4__f__Saccharibacteria_(TM7)_[F-1]; D_5__g__Saccharibacteria_(TM7)_[G-1]; D_6__g__Saccharibacteria_(TM7)_[G-1]_s__bacterium_HMT_349
422	0	0	0	0	0	0	0	0	0	0	0	0	0	0	0	0	0	0	0	0	0	0	0	0	0	0	0	0	0	123	0	489	0	0	0	0	0	0	0	0	0	0	0	0	0	0	0	0	0	0	D_0__k__Bacteria; D_1__p__Proteobacteria; D_2__c__Gammaproteobacteria; D_3__o__Pasteurellales; D_4__f__Pasteurellaceae; D_5__g__Haemophilus; D_6__g__Haemophilus_s__parainfluenzae
423	0	0	0	0	0	0	0	0	0	0	0	0	0	0	0	0	0	0	0	243	0	0	0	0	0	69	0	0	0	0	0	0	0	0	8	291	0	0	0	0	0	0	0	0	0	0	0	0	0	0	D_0__k__Bacteria; D_1__p__Actinobacteria; D_2__c__Actinomycetia; D_3__o__Corynebacteriales; D_4__f__Corynebacteriaceae; D_5__g__Corynebacterium; D_6__g__Corynebacterium_s__durum
424	0	0	0	0	0	0	0	0	0	0	0	0	0	0	0	0	0	0	0	0	0	0	0	0	0	0	0	0	0	0	0	0	0	0	0	0	0	0	0	0	0	0	0	0	0	0	0	0	0	611	D_0__k__Bacteria; D_1__p__Proteobacteria; D_2__c__Betaproteobacteria; D_3__o__Burkholderiales; D_4__f__Burkholderiaceae; D_5__g__Lautropia; D_6__g__Lautropia_s__mirabilis
425	0	0	0	371	0	0	0	0	0	0	0	0	0	0	0	0	0	0	0	0	0	0	0	0	0	0	0	0	0	0	0	0	0	0	0	80	0	0	0	0	39	112	0	0	0	0	0	0	0	0	D_0__k__Bacteria; D_1__p__Firmicutes; D_2__c__Bacilli; D_3__o__Lactobacillales; D_4__f__Streptococcaceae; D_5__g__Streptococcus; D_6__g__Streptococcus_s__salivarius
426	166	0	104	0	74	0	0	0	0	0	0	0	0	0	0	0	0	0	77	0	0	0	0	0	148	0	0	0	0	0	0	0	0	0	0	0	32	0	0	0	0	0	0	0	0	0	0	0	0	0	D_0__k__Bacteria; D_1__p__Firmicutes; D_2__c__Negativicutes; D_3__o__Selenomonadales; D_4__f__Selenomonadaceae; D_5__g__Selenomonas; D_6__g__Selenomonas_s__sp._HMT_134
427	0	0	0	0	0	0	74	0	0	0	0	0	0	23	0	0	0	0	0	0	0	0	0	0	0	0	0	0	0	0	0	0	0	0	0	0	0	0	0	0	0	0	0	123	0	0	0	0	381	0	D_0__k__Bacteria; D_1__p__Saccharibacteria_(TM7); D_2__c__Saccharibacteria_(TM7)_[C-1]; D_3__o__Saccharibacteria_(TM7)_[O-1]; D_4__f__Saccharibacteria_(TM7)_[F-1]; D_5__g__Saccharibacteria_(TM7)_[G-1]; D_6__g__Saccharibacteria_(TM7)_[G-1]_s__bacterium_HMT_346
428	0	25	0	0	0	41	360	41	0	0	0	0	0	0	0	0	0	0	0	0	0	0	0	0	0	0	0	0	0	25	0	0	0	0	0	21	0	0	0	0	0	0	0	86	0	0	0	0	0	0	D_0__k__Bacteria; D_1__p__Proteobacteria; D_2__c__Betaproteobacteria; D_3__o__Neisseriales; D_4__f__Neisseriaceae; D_5__g__Neisseria; D_6__g__Neisseria_s__perflava
429	0	63	0	0	0	0	0	0	0	0	0	0	0	0	0	53	0	0	0	176	0	0	0	0	0	0	0	0	0	0	0	0	0	0	0	0	0	0	0	0	0	0	0	0	0	0	0	155	0	0	D_0__k__Bacteria; D_1__p__Bacteroidetes; D_2__c__Flavobacteriia; D_3__o__Flavobacteriales; D_4__f__Weeksellaceae; D_5__g__Riemerella; D_6__g__Riemerella_s__sp._HMT_322
430	348	0	0	0	0	0	0	0	0	0	0	0	0	0	0	60	0	0	0	0	0	0	0	0	0	53	0	0	0	0	0	0	0	0	0	0	45	27	62	0	0	0	0	0	0	0	0	0	0	0	D_0__k__Bacteria; D_1__p__Proteobacteria; D_2__c__Gammaproteobacteria; D_3__o__Cardiobacteriales; D_4__f__Cardiobacteriaceae; D_5__g__Cardiobacterium; D_6__g__Cardiobacterium_s__hominis
431	0	0	0	0	0	0	0	182	0	0	0	0	0	15	0	0	0	0	0	0	0	0	0	0	0	68	0	0	0	0	0	213	0	60	0	0	0	0	57	0	0	0	0	0	0	0	0	0	0	0	D_0__k__Bacteria; D_1__p__Fusobacteria; D_2__c__Fusobacteriia; D_3__o__Fusobacteriales; D_4__f__Leptotrichiaceae; D_5__g__Leptotrichia; D_6__g__Leptotrichia_s__hofstadii
432	386	0	0	0	0	0	51	0	0	0	0	0	0	0	0	25	0	0	0	0	0	0	22	0	0	0	0	0	0	0	0	0	46	0	0	0	0	0	0	0	0	0	0	59	0	0	0	0	0	0	D_0__k__Bacteria; D_1__p__Firmicutes; D_2__c__Negativicutes; D_3__o__Selenomonadales; D_4__f__Selenomonadaceae; D_5__g__Selenomonas; D_6__g__Selenomonas_s__sp._HMT_136
433	0	0	0	0	0	0	0	0	0	0	0	0	0	0	0	0	0	0	0	0	0	0	0	0	86	127	0	0	0	0	0	0	0	0	0	0	50	125	0	0	0	84	0	113	0	0	0	0	0	0	D_0__k__Bacteria; D_1__p__Firmicutes; D_2__c__Negativicutes; D_3__o__Veillonellales; D_4__f__Veillonellaceae; D_5__g__Veillonella; D_6__g__Veillonella_s__parvula
434	0	0	0	0	0	0	50	0	0	0	317	0	0	0	0	0	0	0	0	0	0	0	0	0	0	0	0	0	0	0	0	0	0	0	0	0	56	0	106	0	0	0	0	0	0	0	0	7	0	0	D_0__k__Bacteria; D_1__p__Fusobacteria; D_2__c__Fusobacteriia; D_3__o__Fusobacteriales; D_4__f__Leptotrichiaceae; D_5__g__Pseudoleptotrichia; D_6__g__Pseudoleptotrichia_s__goodfellowii
435	0	0	0	0	0	0	19	0	0	0	0	0	0	0	0	0	0	0	0	0	0	0	0	0	0	0	0	0	0	0	142	108	83	46	0	0	0	0	0	0	0	0	0	50	0	0	0	0	0	0	D_0__k__Bacteria; D_1__p__Proteobacteria; D_2__c__Alphaproteobacteria; D_3__o__Hyphomicrobiales; D_4__f__Bradyrhizobiaceae; D_5__g__Afipia; D_6__g__Afipia_s__broomeae
436	0	0	570	0	0	0	0	0	0	0	0	0	0	0	0	0	0	0	0	0	0	0	0	0	0	0	0	0	0	0	0	0	0	0	0	0	0	0	0	0	0	0	0	0	0	0	0	0	0	0	D_0__k__Bacteria; D_1__p__Bacteroidetes; D_2__c__Bacteroidia; D_3__o__Bacteroidales; D_4__f__Prevotellaceae; D_5__g__Prevotella; D_6__g__Prevotella_s__koreensis
437	0	0	0	57	0	231	0	65	0	0	0	106	0	0	0	0	0	0	0	0	0	0	0	0	0	0	0	0	0	0	0	106	0	0	0	0	0	0	0	0	0	0	0	0	0	0	0	0	0	0	D_0__k__Bacteria; D_1__p__Fusobacteria; D_2__c__Fusobacteriia; D_3__o__Fusobacteriales; D_4__f__Fusobacteriaceae; D_5__g__Fusobacterium; D_6__g__Fusobacterium_s__nucleatum
438	0	0	0	0	0	0	0	0	0	0	0	90	0	0	0	0	0	36	0	0	0	0	15	0	0	299	0	0	0	0	0	0	0	0	0	0	123	0	0	0	0	0	0	0	0	0	0	0	0	0	D_0__k__Bacteria; D_1__p__Saccharibacteria_(TM7); D_2__c__Saccharibacteria_(TM7)_[C-1]; D_3__o__Saccharibacteria_(TM7)_[O-1]; D_4__f__Saccharibacteria_(TM7)_[F-1]; D_5__g__Saccharibacteria_(TM7)_[G-3]; D_6__g__Saccharibacteria_(TM7)_[G-3]_s__bacterium_HMT_351
439	0	0	0	0	0	0	0	0	0	0	0	0	0	0	0	0	0	0	0	0	0	0	0	0	0	0	0	0	0	0	0	562	0	0	0	0	0	0	0	0	0	0	0	0	0	0	0	0	0	0	D_0__k__Bacteria; D_1__p__Bacteroidetes; D_2__c__Bacteroidia; D_3__o__Bacteroidales; D_4__f__Prevotellaceae; D_5__g__Prevotella; D_6__g__Prevotella_s__sp._HMT_942
440	437	0	0	0	0	0	0	0	0	0	0	0	0	0	0	0	0	0	0	0	0	0	119	0	0	0	0	0	0	0	0	0	0	0	0	0	0	0	0	0	0	0	0	0	0	0	0	0	0	0	D_0__k__Bacteria; D_1__p__Bacteroidetes; D_2__c__Bacteroidia; D_3__o__Bacteroidales; D_4__f__Prevotellaceae; D_5__g__Prevotella; D_6__g__Prevotella_s__oris
441	0	0	0	0	64	0	0	40	0	0	0	0	0	0	0	0	0	0	0	0	0	54	0	0	0	48	0	0	0	142	0	132	0	0	0	0	0	41	0	0	0	0	0	0	0	0	0	0	0	35	D_0__k__Bacteria; D_1__p__Proteobacteria; D_2__c__Betaproteobacteria; D_3__o__Neisseriales; D_4__f__Neisseriaceae; D_5__g__Kingella; D_6__g__Kingella_s__denitrificans
442	0	0	0	0	0	0	0	0	0	0	0	0	0	0	0	0	0	0	0	0	0	0	0	0	73	378	0	0	0	0	0	0	0	0	0	0	0	1	0	0	0	0	0	104	0	0	0	0	0	0	D_0__k__Bacteria; D_1__p__Bacteroidetes; D_2__c__Bacteroidia; D_3__o__Bacteroidales; D_4__f__Prevotellaceae; D_5__g__Alloprevotella; D_6__g__Alloprevotella_s__sp._HMT_473
443	0	54	0	0	0	0	0	189	0	0	0	46	0	0	0	0	0	28	0	0	0	0	0	0	0	0	0	0	0	0	0	0	0	0	0	0	0	22	0	0	0	0	0	0	0	0	0	0	0	0	D_0__k__Bacteria; D_1__p__Fusobacteria; D_2__c__Fusobacteriia; D_3__o__Fusobacteriales; D_4__f__Fusobacteriaceae; D_5__g__Fusobacterium; D_6__g__Fusobacterium_s__sp._HMT_203
444	552	0	0	0	0	0	0	0	0	0	0	0	0	0	0	0	0	0	0	0	0	0	0	0	0	0	0	0	0	0	0	0	0	0	0	0	0	0	0	0	0	0	0	0	0	0	0	0	0	0	D_0__k__Bacteria; D_1__p__Firmicutes; D_2__c__Negativicutes; D_3__o__Veillonellales; D_4__f__Veillonellaceae; D_5__g__Megasphaera; D_6__g__Megasphaera_s__micronuciformis
445	0	10	78	0	154	0	55	0	0	0	0	0	0	0	10	0	0	0	0	0	105	0	0	0	0	0	0	0	0	0	0	0	140	0	0	0	0	0	0	0	0	0	0	0	0	0	0	0	0	0	D_0__k__Bacteria; D_1__p__Firmicutes; D_2__c__Clostridia; D_3__o__Eubacteriales; D_4__f__Lachnospiraceae; D_5__g__Johnsonella; D_6__g__Johnsonella_s__ignava
446	0	0	0	0	102	0	0	0	0	0	111	0	0	0	21	0	0	0	35	0	162	0	0	0	56	0	0	0	0	0	0	0	0	0	0	0	62	0	0	0	0	0	0	0	0	0	0	0	0	0	D_0__k__Bacteria; D_1__p__Firmicutes; D_2__c__Clostridia; D_3__o__Eubacteriales; D_4__f__Peptostreptococcaceae; D_5__g__Peptostreptococcaceae_[G-1]; D_6__g__Peptostreptococcaceae_[G-1]_s__[Eubacterium]_infirmum
447	0	0	0	0	0	0	0	0	0	0	0	0	0	0	0	0	0	367	0	0	0	0	57	0	0	0	0	0	0	0	0	0	0	0	0	0	0	0	0	73	0	0	0	0	0	0	0	52	0	0	D_0__k__Bacteria; D_1__p__Bacteroidetes; D_2__c__Bacteroidia; D_3__o__Bacteroidales; D_4__f__Prevotellaceae; D_5__g__Prevotella; D_6__g__Prevotella_s__sp._HMT_472
448	0	0	0	0	514	0	0	0	0	0	0	0	0	0	0	0	0	0	0	0	0	0	0	0	0	0	0	0	0	0	0	0	0	0	0	34	0	0	0	0	0	0	0	0	0	0	0	0	0	0	D_0__k__Bacteria; D_1__p__Bacteroidetes; D_2__c__Bacteroidetes_[C-1]; D_3__o__Bacteroidetes_[O-1]; D_4__f__Bacteroidetes_[F-1]; D_5__g__Bacteroidetes_[G-5]; D_6__g__Bacteroidetes_[G-5]_s__bacterium_HMT_511
449	0	0	0	0	0	0	0	0	0	0	547	0	0	0	0	0	0	0	0	0	0	0	0	0	0	0	0	0	0	0	0	0	0	0	0	0	0	0	0	0	0	0	0	0	0	0	0	0	0	0	D_0__k__Bacteria; D_1__p__Bacteroidetes; D_2__c__Bacteroidia; D_3__o__Bacteroidales; D_4__f__Prevotellaceae; D_5__g__Prevotella; D_6__g__Prevotella_s__denticola
450	0	0	0	0	0	0	0	0	0	0	0	0	0	0	0	0	0	0	0	0	0	0	0	0	0	0	0	0	0	0	0	0	0	0	0	38	0	0	0	0	0	0	0	0	0	0	0	0	0	506	D_0__k__Bacteria; D_1__p__Proteobacteria; D_2__c__Gammaproteobacteria; D_3__o__Cardiobacteriales; D_4__f__Cardiobacteriaceae; D_5__g__Cardiobacterium; D_6__g__Cardiobacterium_s__hominis
451	0	0	0	0	0	0	0	0	0	0	0	0	0	0	0	0	0	0	0	0	0	0	0	0	0	0	0	0	0	0	0	0	0	542	0	0	0	0	0	0	0	0	0	0	0	0	0	0	0	0	D_0__k__Bacteria; D_1__p__Fusobacteria; D_2__c__Fusobacteriia; D_3__o__Fusobacteriales; D_4__f__Fusobacteriaceae; D_5__g__Fusobacterium; D_6__g__Fusobacterium_s__nucleatum
452	0	0	0	0	435	0	53	0	0	0	0	0	0	0	0	0	0	0	0	0	0	0	0	0	0	0	0	0	0	0	0	0	0	0	0	0	0	0	4	0	0	0	0	0	0	0	49	0	0	0	D_0__k__Bacteria; D_1__p__Actinobacteria; D_2__c__Coriobacteriia; D_3__o__Coriobacteriales; D_4__f__Atopobiaceae; D_5__g__Olsenella; D_6__g__Olsenella_s__profusa
453	0	0	0	0	0	0	0	145	0	0	0	0	0	0	0	0	0	0	0	0	0	0	0	0	0	0	0	0	0	0	0	0	50	107	0	0	0	0	58	35	0	0	0	0	0	0	0	0	0	112	D_0__k__Bacteria; D_1__p__Fusobacteria; D_2__c__Fusobacteriia; D_3__o__Fusobacteriales; D_4__f__Leptotrichiaceae; D_5__g__Leptotrichia; D_6__g__Leptotrichia_s__sp._HMT_392
454	0	0	0	0	0	0	0	64	0	0	0	61	0	0	0	0	0	61	0	0	0	0	0	0	0	72	0	0	0	0	0	0	0	0	0	0	0	31	0	66	0	0	0	0	0	0	53	0	0	57	D_0__k__Bacteria; D_1__p__Firmicutes; D_2__c__Clostridia; D_3__o__Eubacteriales; D_4__f__Lachnospiraceae; D_5__g__Lachnospiraceae_[G-3]; D_6__g__Lachnospiraceae_[G-3]_s__bacterium_HMT_100
455	0	0	0	0	0	0	0	0	0	0	0	0	0	0	0	0	0	0	0	0	0	0	0	0	32	149	0	0	0	0	0	0	0	0	0	0	42	140	0	0	0	80	0	95	0	0	0	0	0	0	D_0__k__Bacteria; D_1__p__Firmicutes; D_2__c__Negativicutes; D_3__o__Veillonellales; D_4__f__Veillonellaceae; D_5__g__Veillonella; D_6__g__Veillonella_s__parvula
456	0	0	0	0	0	0	0	0	0	0	0	537	0	0	0	0	0	0	0	0	0	0	0	0	0	0	0	0	0	0	0	0	0	0	0	0	0	0	0	0	0	0	0	0	0	0	0	0	0	0	D_0__k__Bacteria; D_1__p__Fusobacteria; D_2__c__Fusobacteriia; D_3__o__Fusobacteriales; D_4__f__Leptotrichiaceae; D_5__g__Leptotrichia; D_6__g__Leptotrichia_s__sp._HMT_417
457	0	75	0	0	0	0	48	0	0	0	54	0	0	0	0	0	0	0	0	33	0	0	0	0	0	0	0	0	0	0	0	229	0	0	0	0	0	0	41	0	0	0	0	0	0	0	0	54	0	0	D_0__k__Bacteria; D_1__p__Firmicutes; D_2__c__Bacilli; D_3__o__Bacillales; D_4__f__Gemellaceae; D_5__g__Gemella; D_6__g__Gemella_s__morbillorum
458	0	0	0	0	0	0	21	0	0	0	0	51	0	16	0	25	0	5	160	0	126	0	0	0	0	0	0	0	0	0	0	0	113	0	0	0	0	0	0	0	0	0	0	0	5	0	0	0	0	0	D_0__k__Bacteria; D_1__p__Firmicutes; D_2__c__Clostridia; D_3__o__Eubacteriales; D_4__f__Peptostreptococcaceae; D_5__g__Peptostreptococcaceae_[G-9]; D_6__g__Peptostreptococcaceae_[G-9]_s__[Eubacterium]_brachy
459	0	0	0	0	209	0	0	0	0	0	0	0	0	0	0	0	0	0	0	0	47	0	0	0	237	0	0	0	0	0	0	0	0	0	0	0	34	0	0	0	0	0	0	0	0	0	0	0	0	0	D_0__k__Bacteria; D_1__p__Firmicutes; D_2__c__Negativicutes; D_3__o__Selenomonadales; D_4__f__Selenomonadaceae; D_5__g__Selenomonas; D_6__g__Selenomonas_s__sputigena
460	0	105	0	0	0	0	0	0	0	0	0	0	0	0	0	0	0	0	0	0	0	0	0	0	0	0	0	0	0	0	0	0	0	0	0	0	6	12	0	0	0	155	0	0	43	0	0	21	0	0	D_0__k__Bacteria; D_1__p__Proteobacteria; D_2__c__Gammaproteobacteria; D_3__o__Pasteurellales; D_4__f__Pasteurellaceae; D_5__g__Aggregatibacter; D_6__g__Aggregatibacter_s__sp._HMT_512
461	0	0	0	0	0	0	0	0	0	0	0	118	0	0	0	0	0	324	0	0	0	0	0	0	0	0	0	0	0	0	0	0	0	0	0	0	0	0	0	0	0	0	0	0	0	0	0	0	0	0	D_0__k__Bacteria; D_1__p__Actinobacteria; D_2__c__Actinomycetia; D_3__o__Corynebacteriales; D_4__f__Corynebacteriaceae; D_5__g__Corynebacterium; D_6__g__Corynebacterium_s__matruchotii
462	0	0	0	0	0	0	0	134	0	0	0	0	0	12	0	0	0	56	0	0	0	0	0	0	0	32	0	0	0	0	0	0	0	0	0	0	30	0	0	0	0	0	0	0	0	0	175	40	0	44	D_0__k__Bacteria; D_1__p__Proteobacteria; D_2__c__Gammaproteobacteria; D_3__o__Cardiobacteriales; D_4__f__Cardiobacteriaceae; D_5__g__Cardiobacterium; D_6__g__Cardiobacterium_s__valvarum
463	0	0	0	0	0	0	0	0	0	0	0	65	0	0	0	0	32	0	0	0	0	0	0	0	0	45	0	0	0	0	0	0	0	0	0	0	0	0	0	0	0	0	0	0	0	0	0	0	0	319	D_0__k__Bacteria; D_1__p__Proteobacteria; D_2__c__Gammaproteobacteria; D_3__o__Cardiobacteriales; D_4__f__Cardiobacteriaceae; D_5__g__Cardiobacterium; D_6__g__Cardiobacterium_s__valvarum
464	0	0	0	0	0	0	57	0	0	0	0	0	0	0	0	0	0	0	0	0	0	0	0	0	0	0	395	0	0	0	0	0	0	0	68	0	0	0	0	0	0	0	0	0	0	0	0	0	0	0	D_0__k__Bacteria; D_1__p__Firmicutes; D_2__c__Bacilli; D_3__o__Lactobacillales; D_4__f__Lactobacillaceae; D_5__g__Lacticaseibacillus; D_6__g__Lacticaseibacillus_s__casei
465	129	0	140	0	52	0	0	0	0	0	0	0	0	0	0	0	0	0	0	0	0	0	0	0	147	0	0	0	0	0	0	0	0	0	0	0	0	0	0	0	0	0	0	0	51	0	0	0	0	0	D_0__k__Bacteria; D_1__p__Firmicutes; D_2__c__Negativicutes; D_3__o__Selenomonadales; D_4__f__Selenomonadaceae; D_5__g__Selenomonas; D_6__g__Selenomonas_s__sp._HMT_134
466	0	0	0	0	0	0	0	0	0	0	0	0	0	0	0	0	0	0	0	0	516	0	0	0	0	0	0	0	0	0	0	0	0	0	0	0	0	0	0	0	0	0	0	0	0	0	0	0	0	0	D_0__k__Bacteria; D_1__p__Bacteroidetes; D_2__c__Bacteroidetes_[C-1]; D_3__o__Bacteroidetes_[O-1]; D_4__f__Bacteroidetes_[F-1]; D_5__g__Bacteroidetes_[G-5]; D_6__g__Bacteroidetes_[G-5]_s__bacterium_HMT_511
467	0	0	0	0	0	0	0	0	0	0	0	0	0	0	0	44	0	0	0	0	0	0	0	0	0	0	0	0	0	128	0	0	0	0	0	0	196	80	0	0	0	0	0	0	0	0	0	0	66	0	D_0__k__Bacteria; D_1__p__Actinobacteria; D_2__c__Actinomycetia; D_3__o__Corynebacteriales; D_4__f__Corynebacteriaceae; D_5__g__Corynebacterium; D_6__g__Corynebacterium_s__matruchotii
468	0	0	0	0	284	0	52	0	0	0	0	0	0	0	0	66	0	0	0	0	0	0	0	0	0	75	0	0	0	0	0	0	0	0	0	0	0	0	0	0	0	0	0	0	0	0	35	0	0	0	D_0__k__Bacteria; D_1__p__Spirochaetes; D_2__c__Spirochaetia; D_3__o__Spirochaetales; D_4__f__Treponemataceae; D_5__g__Treponema; D_6__g__Treponema_s__socranskii
469	0	0	0	120	0	263	12	0	0	0	0	116	0	0	0	0	0	0	0	0	0	0	0	0	0	0	0	0	0	0	0	0	0	0	0	0	0	0	0	0	0	0	0	0	0	0	0	0	0	0	D_0__k__Bacteria; D_1__p__Firmicutes; D_2__c__Clostridia; D_3__o__Eubacteriales; D_4__f__Peptostreptococcaceae; D_5__g__Peptostreptococcaceae_[G-1]; D_6__g__Peptostreptococcaceae_[G-1]_s__[Eubacterium]_sulci
470	0	23	0	0	0	0	0	20	0	0	0	214	0	0	0	0	0	0	0	0	0	0	0	0	0	24	0	0	0	0	0	0	0	0	0	0	38	0	0	132	0	0	0	0	0	0	0	0	0	0	D_0__k__Bacteria; D_1__p__Firmicutes; D_2__c__Negativicutes; D_3__o__Selenomonadales; D_4__f__Selenomonadaceae; D_5__g__Selenomonas; D_6__g__Selenomonas_s__infelix
471	0	0	0	0	0	0	21	0	0	0	0	0	0	0	0	0	0	0	0	0	0	0	0	0	154	277	0	0	0	0	0	0	0	0	0	50	0	0	0	0	0	0	0	0	0	0	0	0	0	0	D_0__k__Bacteria; D_1__p__Fusobacteria; D_2__c__Fusobacteriia; D_3__o__Fusobacteriales; D_4__f__Leptotrichiaceae; D_5__g__Leptotrichia; D_6__g__Leptotrichia_s__sp._HMT_392
472	0	0	0	0	0	0	0	0	0	0	0	0	0	0	0	0	0	0	0	0	0	0	0	0	0	0	461	0	0	0	0	0	0	0	0	0	0	0	41	0	0	0	0	0	0	0	0	0	0	0	D_0__k__Bacteria; D_1__p__Firmicutes; D_2__c__Tissierellia; D_3__o__Tissierellales; D_4__f__Peptoniphilaceae; D_5__g__Parvimonas; D_6__g__Parvimonas_s__micra
473	0	0	0	0	0	0	0	80	0	0	0	0	0	0	0	0	0	0	0	0	0	0	0	0	0	0	0	0	0	0	0	0	50	371	0	0	0	0	0	0	0	0	0	0	0	0	0	0	0	0	D_0__k__Bacteria; D_1__p__Bacteroidetes; D_2__c__Bacteroidia; D_3__o__Bacteroidales; D_4__f__Porphyromonadaceae; D_5__g__Porphyromonas; D_6__g__Porphyromonas_s__pasteri
474	0	0	0	0	0	0	0	62	0	0	0	0	0	0	0	0	0	0	0	0	0	0	28	0	0	21	219	0	0	0	0	0	0	0	0	0	0	0	0	0	0	0	0	0	47	0	0	0	58	0	D_0__k__Bacteria; D_1__p__Firmicutes; D_2__c__Negativicutes; D_3__o__Selenomonadales; D_4__f__Selenomonadaceae; D_5__g__Selenomonas; D_6__g__Selenomonas_s__sputigena
475	0	0	0	0	0	0	0	0	0	0	0	0	0	0	0	8	0	0	0	0	0	0	0	0	0	82	0	0	0	0	0	345	0	0	0	0	0	56	0	0	0	0	0	0	0	0	0	10	0	0	D_0__k__Bacteria; D_1__p__Saccharibacteria_(TM7); D_2__c__Saccharibacteria_(TM7)_[C-1]; D_3__o__Saccharibacteria_(TM7)_[O-1]; D_4__f__Saccharibacteria_(TM7)_[F-1]; D_5__g__Saccharibacteria_(TM7)_[G-6]; D_6__g__Saccharibacteria_(TM7)_[G-6]_s__bacterium_HMT_870
476	0	0	0	0	0	0	0	0	0	0	0	0	0	0	0	0	0	0	448	0	0	0	0	0	0	0	0	0	0	0	0	0	0	0	0	0	53	0	0	0	0	0	0	0	0	0	0	0	0	0	D_0__k__Bacteria; D_1__p__Bacteroidetes; D_2__c__Bacteroidia; D_3__o__Bacteroidales; D_4__f__Prevotellaceae; D_5__g__Prevotella; D_6__g__Prevotella_s__oris
477	0	14	0	53	0	0	0	0	161	0	0	0	0	0	0	0	0	0	0	0	0	0	168	0	0	0	0	0	0	0	0	0	0	0	0	0	0	0	0	0	0	0	0	43	0	0	56	0	0	0	D_0__k__Bacteria; D_1__p__Firmicutes; D_2__c__Bacilli; D_3__o__Lactobacillales; D_4__f__Streptococcaceae; D_5__g__Streptococcus; D_6__g__Streptococcus_s__parasanguinis_clade_411
478	0	0	0	0	0	0	60	147	0	0	0	61	0	0	0	0	0	0	13	0	106	0	0	0	0	36	0	0	0	0	0	0	0	0	0	0	70	0	0	0	0	0	0	0	0	0	0	0	0	0	D_0__k__Bacteria; D_1__p__Bacteroidetes; D_2__c__Bacteroidia; D_3__o__Bacteroidales; D_4__f__Prevotellaceae; D_5__g__Prevotella; D_6__g__Prevotella_s__micans
479	0	0	48	0	182	0	0	0	0	0	0	0	0	0	35	0	0	0	0	0	222	0	0	0	0	0	0	0	0	0	0	0	0	0	0	0	0	0	0	0	0	0	0	0	0	0	0	0	0	0	D_0__k__Bacteria; D_1__p__Spirochaetes; D_2__c__Spirochaetia; D_3__o__Spirochaetales; D_4__f__Treponemataceae; D_5__g__Treponema; D_6__g__Treponema_s__maltophilum
480	0	0	0	0	0	0	0	0	0	0	0	0	0	0	0	0	0	0	43	132	0	0	0	0	0	0	0	0	0	0	0	0	66	246	0	0	0	0	0	0	0	0	0	0	0	0	0	0	0	0	D_0__k__Bacteria; D_1__p__Bacteroidetes; D_2__c__Flavobacteriia; D_3__o__Flavobacteriales; D_4__f__Flavobacteriaceae; D_5__g__Capnocytophaga; D_6__g__Capnocytophaga_s__sputigena
481	0	0	0	0	0	0	0	0	0	0	0	37	0	0	0	0	0	0	0	0	0	0	0	0	98	80	0	0	0	0	0	0	0	0	0	0	0	46	0	0	0	0	0	116	0	0	0	64	0	43	D_0__k__Bacteria; D_1__p__Proteobacteria; D_2__c__Gammaproteobacteria; D_3__o__Pasteurellales; D_4__f__Pasteurellaceae; D_5__g__Haemophilus; D_6__g__Haemophilus_s__sp._HMT_908
482	0	0	0	0	0	0	0	0	0	0	0	0	0	0	0	0	0	0	0	0	0	0	0	0	0	0	0	0	0	0	0	0	287	55	0	56	0	0	0	0	0	0	0	72	0	0	0	0	0	0	D_0__k__Bacteria; D_1__p__Actinobacteria; D_2__c__Actinomycetia; D_3__o__Propionibacteriales; D_4__f__Propionibacteriaceae; D_5__g__Arachnia; D_6__g__Arachnia_s__propionica
483	0	0	0	0	0	0	0	0	0	0	0	0	0	0	0	0	0	0	0	0	0	0	0	0	0	0	0	0	0	39	0	0	66	0	0	0	0	0	0	0	0	0	0	0	0	0	0	0	0	0	D_0__k__Bacteria; D_1__p__Firmicutes; D_2__c__Negativicutes; D_3__o__Selenomonadales; D_4__f__Selenomonadaceae; D_5__g__Selenomonas; D_6__g__Selenomonas_s__noxia
484	0	0	0	0	0	0	0	0	0	0	0	64	0	0	0	0	0	0	0	0	0	0	0	0	0	0	0	0	0	0	0	0	0	0	0	0	0	0	0	0	0	0	0	0	0	0	0	0	0	335	D_0__k__Bacteria; D_1__p__Proteobacteria; D_2__c__Gammaproteobacteria; D_3__o__Cardiobacteriales; D_4__f__Cardiobacteriaceae; D_5__g__Cardiobacterium; D_6__g__Cardiobacterium_s__valvarum
485	0	0	0	69	0	218	0	0	0	0	0	108	0	0	0	0	0	0	0	0	0	0	0	0	29	0	0	0	0	0	0	0	0	0	0	0	0	0	0	0	0	0	0	0	0	0	0	0	0	0	D_0__k__Bacteria; D_1__p__Firmicutes; D_2__c__Clostridia; D_3__o__Eubacteriales; D_4__f__Lachnospiraceae; D_5__g__Oribacterium; D_6__g__Oribacterium_s__asaccharolyticum
486	0	0	0	0	0	0	0	0	0	0	0	0	0	0	0	0	0	0	131	0	0	0	0	0	219	0	0	0	0	0	0	0	0	0	0	0	102	23	0	0	0	0	0	0	0	0	0	0	0	0	D_0__k__Bacteria; D_1__p__Bacteroidetes; D_2__c__Bacteroidia; D_3__o__Bacteroidales; D_4__f__Prevotellaceae; D_5__g__Alloprevotella; D_6__g__Alloprevotella_s__sp._HMT_308
487	0	0	208	0	0	58	0	0	0	0	0	0	0	0	0	0	0	0	0	0	0	0	0	0	0	0	0	0	0	0	0	0	0	0	73	0	21	0	0	0	93	0	0	0	21	0	0	0	0	0	D_0__k__Bacteria; D_1__p__Bacteroidetes; D_2__c__Bacteroidia; D_3__o__Bacteroidales; D_4__f__Prevotellaceae; D_5__g__Prevotella; D_6__g__Prevotella_s__oris
488	0	0	0	0	0	0	0	46	0	0	0	37	0	0	0	0	0	21	0	0	0	0	21	0	75	58	0	0	0	32	0	0	0	20	0	17	0	0	66	0	0	0	0	80	0	0	0	0	0	0	D_0__k__Bacteria; D_1__p__Proteobacteria; D_2__c__Gammaproteobacteria; D_3__o__Pasteurellales; D_4__f__Pasteurellaceae; D_5__g__Haemophilus; D_6__g__Haemophilus_s__sp._HMT_908
489	0	0	0	0	0	0	0	0	0	0	0	0	0	0	0	0	0	0	0	0	0	0	18	0	0	0	0	0	0	0	0	0	0	0	0	0	0	0	0	34	0	0	0	0	223	197	0	0	0	0	D_0__k__Bacteria; D_1__p__Bacteroidetes; D_2__c__Flavobacteriia; D_3__o__Flavobacteriales; D_4__f__Flavobacteriaceae; D_5__g__Capnocytophaga; D_6__g__Capnocytophaga_s__gingivalis
490	0	0	0	0	0	0	0	0	0	0	0	0	0	0	0	0	0	0	0	0	0	0	0	0	0	0	0	0	0	0	0	0	0	0	0	0	0	0	0	0	0	0	0	0	0	0	0	0	0	470	D_0__k__Bacteria; D_1__p__Bacteroidetes; D_2__c__Flavobacteriia; D_3__o__Flavobacteriales; D_4__f__Flavobacteriaceae; D_5__g__Capnocytophaga; D_6__g__Capnocytophaga_s__endodontalis
491	0	0	0	0	0	0	0	0	0	0	0	0	0	0	0	0	0	0	0	0	0	0	0	0	0	0	0	0	0	0	0	0	0	0	0	0	0	0	0	0	0	0	0	0	0	126	0	0	0	343	D_0__k__Bacteria; D_1__p__Firmicutes; D_2__c__Bacilli; D_3__o__Lactobacillales; D_4__f__Streptococcaceae; D_5__g__Streptococcus; D_6__g__Streptococcus_s__sp._HMT_074
492	0	0	0	0	0	0	0	0	0	0	0	0	0	0	0	0	0	83	0	0	0	0	0	0	0	0	0	0	0	0	0	0	52	297	0	0	0	36	0	0	0	0	0	0	0	0	0	0	0	0	D_0__k__Bacteria; D_1__p__Proteobacteria; D_2__c__Gammaproteobacteria; D_3__o__Pasteurellales; D_4__f__Pasteurellaceae; D_5__g__Aggregatibacter; D_6__g__Aggregatibacter_s__sp._HMT_458
493	0	0	0	63	0	52	0	0	0	0	0	14	0	0	0	5	0	0	0	0	0	0	17	0	3	0	0	0	0	0	0	0	0	0	0	21	0	0	0	0	0	0	0	1	0	0	0	30	0	177	D_0__k__Bacteria; D_1__p__Firmicutes; D_2__c__Negativicutes; D_3__o__Veillonellales; D_4__f__Veillonellaceae; D_5__g__Veillonella; D_6__g__Veillonella_s__dispar
494	0	0	0	0	0	0	0	0	0	0	0	0	0	0	0	0	0	61	0	0	0	0	115	0	0	288	0	0	0	0	0	0	0	0	0	0	0	0	0	0	0	0	0	0	0	0	0	0	0	0	D_0__k__Bacteria; D_1__p__Firmicutes; D_2__c__Negativicutes; D_3__o__Selenomonadales; D_4__f__Selenomonadaceae; D_5__g__Selenomonas; D_6__g__Selenomonas_s__noxia
495	0	0	0	0	0	0	0	0	0	0	0	0	0	0	0	0	0	0	0	0	0	0	310	0	0	0	0	0	0	0	0	0	0	0	0	0	0	0	0	0	0	0	0	0	0	0	0	0	0	0	D_0__k__Bacteria; D_1__p__Fusobacteria; D_2__c__Fusobacteriia; D_3__o__Fusobacteriales; D_4__f__Fusobacteriaceae; D_5__g__Fusobacterium; D_6__g__Fusobacterium_s__nucleatum
496	0	0	0	58	0	297	0	0	0	0	0	101	0	0	0	0	0	0	0	0	0	0	0	0	0	0	0	0	0	0	0	0	0	0	0	0	0	0	0	0	0	0	0	0	0	0	0	0	0	0	D_0__k__Bacteria; D_1__p__Firmicutes; D_2__c__Negativicutes; D_3__o__Veillonellales; D_4__f__Veillonellaceae; D_5__g__Veillonella; D_6__g__Veillonella_s__atypica
497	0	0	0	0	0	0	0	0	0	0	0	0	0	0	0	0	0	0	0	0	0	0	0	0	0	38	0	0	0	19	0	0	0	0	0	345	0	0	0	0	0	0	0	0	0	0	0	0	0	53	D_0__k__Bacteria; D_1__p__Proteobacteria; D_2__c__Betaproteobacteria; D_3__o__Neisseriales; D_4__f__Neisseriaceae; D_5__g__Neisseria; D_6__g__Neisseria_s__oralis
498	0	0	0	0	0	0	0	0	0	0	0	0	0	0	0	0	0	0	0	0	454	0	0	0	0	0	0	0	0	0	0	0	0	0	0	0	0	0	0	0	0	0	0	0	0	0	0	0	0	0	D_0__k__Bacteria; D_1__p__Spirochaetes; D_2__c__Spirochaetia; D_3__o__Spirochaetales; D_4__f__Treponemataceae; D_5__g__Treponema; D_6__g__Treponema_s__sp._HMT_253
499	0	0	0	0	0	0	0	0	0	0	0	96	0	0	0	0	0	57	0	0	0	0	0	0	54	110	0	0	0	0	0	0	0	0	0	0	0	0	0	107	0	0	0	0	0	0	0	0	0	0	D_0__k__Bacteria; D_1__p__Firmicutes; D_2__c__Negativicutes; D_3__o__Selenomonadales; D_4__f__Selenomonadaceae; D_5__g__Selenomonas; D_6__g__Selenomonas_s__sp._HMT_138
500	157	0	0	0	0	0	22	0	0	0	0	0	0	0	0	39	0	0	0	0	0	0	81	0	0	28	0	0	0	0	0	0	0	0	0	0	0	0	0	23	0	0	0	68	0	0	0	0	0	0	D_0__k__Bacteria; D_1__p__Proteobacteria; D_2__c__Epsilonproteobacteria; D_3__o__Campylobacterales; D_4__f__Campylobacteraceae; D_5__g__Campylobacter; D_6__g__Campylobacter_s__concisus
501	0	0	0	0	0	0	0	0	0	0	0	0	0	0	0	0	0	0	0	0	0	0	447	0	0	0	0	0	0	0	0	0	0	0	0	0	0	0	0	0	0	0	0	0	0	0	0	0	0	0	D_0__k__Bacteria; D_1__p__Bacteroidetes; D_2__c__Flavobacteriia; D_3__o__Flavobacteriales; D_4__f__Flavobacteriaceae; D_5__g__Capnocytophaga; D_6__g__Capnocytophaga_s__sp._HMT_336
502	0	0	126	131	91	0	0	0	0	0	0	97	0	0	0	0	0	0	0	0	0	0	0	0	0	0	0	0	0	0	0	0	0	0	0	0	0	0	0	0	0	0	0	0	0	0	0	0	0	0	D_0__k__Bacteria; D_1__p__Actinobacteria; D_2__c__Actinomycetia; D_3__o__Corynebacteriales; D_4__f__Corynebacteriaceae; D_5__g__Corynebacterium; D_6__g__Corynebacterium_s__matruchotii
503	0	0	0	81	0	253	0	0	0	0	0	111	0	0	0	0	0	0	0	0	0	0	0	0	0	0	0	0	0	0	0	0	0	0	0	0	0	0	0	0	0	0	0	0	0	0	0	0	0	0	D_0__k__Bacteria; D_1__p__Firmicutes; D_2__c__Clostridia; D_3__o__Eubacteriales; D_4__f__Peptostreptococcaceae; D_5__g__Peptostreptococcaceae_[G-1]; D_6__g__Peptostreptococcaceae_[G-1]_s__[Eubacterium]_sulci
504	0	0	0	0	0	0	0	190	0	0	0	200	0	0	0	0	0	0	0	0	0	0	0	0	0	24	0	0	0	0	0	0	30	0	0	0	0	0	0	0	0	0	0	0	0	0	0	0	0	0	D_0__k__Bacteria; D_1__p__Firmicutes; D_2__c__Negativicutes; D_3__o__Selenomonadales; D_4__f__Selenomonadaceae; D_5__g__Selenomonas; D_6__g__Selenomonas_s__sp._HMT_146
505	0	81	0	0	0	0	0	117	0	0	0	0	0	0	0	111	0	72	0	0	0	0	61	0	0	0	0	0	0	0	0	0	0	0	0	0	0	0	0	0	0	0	0	0	0	0	0	0	0	0	D_0__k__Bacteria; D_1__p__Fusobacteria; D_2__c__Fusobacteriia; D_3__o__Fusobacteriales; D_4__f__Leptotrichiaceae; D_5__g__Leptotrichia; D_6__g__Leptotrichia_s__hofstadii
506	0	0	0	0	0	0	0	0	0	0	0	0	0	0	0	0	0	0	0	0	325	0	0	0	0	0	0	0	0	0	0	0	0	0	0	0	0	0	0	0	0	0	0	0	0	0	0	0	117	0	D_0__k__Bacteria; D_1__p__Spirochaetes; D_2__c__Spirochaetia; D_3__o__Spirochaetales; D_4__f__Treponemataceae; D_5__g__Treponema; D_6__g__Treponema_s__sp._HMT_234
507	0	275	0	0	0	0	0	0	0	0	0	0	0	0	0	0	0	112	0	0	0	0	0	0	0	0	0	0	0	0	0	0	0	0	0	0	0	0	0	0	0	0	0	0	0	0	0	0	0	0	D_0__k__Bacteria; D_1__p__Fusobacteria; D_2__c__Fusobacteriia; D_3__o__Fusobacteriales; D_4__f__Leptotrichiaceae; D_5__g__Leptotrichia; D_6__g__Leptotrichia_s__sp._HMT_417
508	0	0	78	0	281	0	0	12	0	0	0	0	0	0	0	0	24	0	0	0	0	0	0	0	0	0	0	0	0	0	0	0	0	0	0	0	0	0	0	0	0	0	0	0	0	0	0	0	0	0	D_0__k__Bacteria; D_1__p__Spirochaetes; D_2__c__Spirochaetia; D_3__o__Spirochaetales; D_4__f__Treponemataceae; D_5__g__Treponema; D_6__g__Treponema_s__sp._HMT_237
509	0	48	0	0	0	0	0	0	0	0	0	38	0	0	0	0	29	0	0	0	0	0	0	0	0	117	0	0	111	0	0	0	0	0	0	0	0	95	0	0	0	0	0	0	0	0	0	0	0	0	D_0__k__Bacteria; D_1__p__Bacteroidetes; D_2__c__Bacteroidia; D_3__o__Bacteroidales; D_4__f__Prevotellaceae; D_5__g__Prevotella; D_6__g__Prevotella_s__nanceiensis
510	0	0	0	0	0	0	0	0	0	0	0	0	0	0	46	0	0	0	317	0	0	0	0	0	0	0	0	0	0	0	0	0	0	0	0	0	72	0	0	0	0	0	0	0	0	0	0	0	0	0	D_0__k__Bacteria; D_1__p__Bacteroidetes; D_2__c__Bacteroidetes_[C-1]; D_3__o__Bacteroidetes_[O-1]; D_4__f__Bacteroidetes_[F-1]; D_5__g__Bacteroidetes_[G-3]; D_6__g__Bacteroidetes_[G-3]_s__bacterium_HMT_365
511	0	91	0	0	0	0	0	0	0	0	0	0	0	0	0	0	0	0	0	0	0	0	0	0	0	0	0	0	0	0	0	0	0	0	0	0	0	0	0	0	0	0	0	0	0	0	0	0	0	0	D_0__k__Bacteria; D_1__p__Bacteroidetes; D_2__c__Bacteroidia; D_3__o__Bacteroidales; D_4__f__Prevotellaceae; D_5__g__Prevotella; D_6__g__Prevotella_s__sp._HMT_472
512	0	0	0	0	192	0	0	0	0	0	0	0	0	0	0	0	0	0	0	0	61	0	0	0	101	0	0	0	0	0	0	0	0	0	0	0	0	0	0	0	0	0	0	0	46	0	0	0	34	0	D_0__k__Bacteria; D_1__p__Firmicutes; D_2__c__Clostridia; D_3__o__Eubacteriales; D_4__f__Peptostreptococcaceae; D_5__g__Peptostreptococcaceae_[G-4]; D_6__g__Peptostreptococcaceae_[G-4]_s__bacterium_HMT_369
513	0	0	0	0	0	0	0	0	0	0	0	0	0	0	0	0	0	0	0	0	0	0	0	0	0	0	0	0	0	0	0	0	0	0	0	0	222	211	0	0	0	0	0	0	0	0	0	0	0	0	D_0__k__Bacteria; D_1__p__Fusobacteria; D_2__c__Fusobacteriia; D_3__o__Fusobacteriales; D_4__f__Leptotrichiaceae; D_5__g__Leptotrichia; D_6__g__Leptotrichia_s__sp._HMT_212
514	0	183	0	0	0	0	0	0	0	0	0	51	0	0	0	0	0	0	0	41	0	0	0	0	0	0	0	0	0	33	0	0	0	0	0	0	0	0	0	0	0	0	0	0	0	0	0	76	0	0	D_0__k__Bacteria; D_1__p__Actinobacteria; D_2__c__Actinomycetia; D_3__o__Actinomycetales; D_4__f__Actinomycetaceae; D_5__g__Schaalia; D_6__g__Schaalia_s__sp._HMT_180
515	0	0	0	71	0	11	0	0	0	0	0	1	0	0	0	0	0	0	0	0	0	0	0	0	0	0	0	0	0	0	0	0	347	0	0	0	0	0	0	0	0	0	0	0	0	0	0	0	0	0	D_0__k__Bacteria; D_1__p__Bacteroidetes; D_2__c__Bacteroidia; D_3__o__Bacteroidales; D_4__f__Prevotellaceae; D_5__g__Prevotella; D_6__g__Prevotella_s__sp._HMT_472
516	0	38	0	0	0	0	0	0	0	0	0	0	0	0	0	0	0	0	0	0	0	0	0	0	0	0	0	0	0	0	0	0	0	0	0	0	0	0	0	14	0	0	0	0	0	0	0	0	0	0	D_0__k__Bacteria; D_1__p__Firmicutes; D_2__c__Clostridia; D_3__o__Eubacteriales; D_4__f__Lachnospiraceae; D_5__g__Lachnospiraceae_[G-2]; D_6__g__Lachnospiraceae_[G-2]_s__bacterium_HMT_096
517	0	0	0	76	0	242	0	0	0	0	0	109	0	0	0	0	0	0	0	0	0	0	0	0	0	0	0	0	0	0	0	0	0	0	0	0	0	0	0	0	0	0	0	0	0	0	0	0	0	0	D_0__k__Bacteria; D_1__p__Firmicutes; D_2__c__Clostridia; D_3__o__Eubacteriales; D_4__f__Lachnospiraceae; D_5__g__Oribacterium; D_6__g__Oribacterium_s__asaccharolyticum
518	0	0	0	88	0	0	0	0	0	0	0	67	0	0	0	0	0	0	0	43	0	0	0	0	0	56	0	0	0	0	0	0	0	0	0	98	0	53	0	0	0	0	0	0	0	0	0	0	0	17	D_0__k__Bacteria; D_1__p__Actinobacteria; D_2__c__Actinomycetia; D_3__o__Corynebacteriales; D_4__f__Corynebacteriaceae; D_5__g__Corynebacterium; D_6__g__Corynebacterium_s__durum
519	0	0	0	0	0	0	0	0	0	0	0	0	0	0	0	26	0	0	0	0	0	0	0	0	0	0	0	0	0	0	0	0	0	0	0	394	0	0	0	0	0	0	0	0	0	0	0	0	0	0	D_0__k__Bacteria; D_1__p__Proteobacteria; D_2__c__Betaproteobacteria; D_3__o__Neisseriales; D_4__f__Neisseriaceae; D_5__g__Neisseria; D_6__g__Neisseria_s__oralis
520	0	0	0	0	0	0	0	0	0	0	0	0	0	0	0	0	0	420	0	0	0	0	0	0	0	0	0	0	0	0	0	0	0	0	0	0	0	0	0	0	0	0	0	0	0	0	0	0	0	0	D_0__k__Bacteria; D_1__p__Bacteroidetes; D_2__c__Bacteroidia; D_3__o__Bacteroidales; D_4__f__Prevotellaceae; D_5__g__Prevotella; D_6__g__Prevotella_s__sp._HMT_472
521	0	0	0	13	0	0	74	117	0	0	0	44	0	0	0	0	0	59	0	0	72	8	0	0	0	32	0	0	0	0	0	0	0	0	0	0	0	0	0	0	0	0	0	0	0	0	0	0	0	0	D_0__k__Bacteria; D_1__p__Bacteroidetes; D_2__c__Bacteroidia; D_3__o__Bacteroidales; D_4__f__Prevotellaceae; D_5__g__Prevotella; D_6__g__Prevotella_s__micans
522	0	0	0	0	0	0	0	0	0	0	0	0	0	0	0	0	0	0	0	0	0	0	0	0	0	0	0	0	0	0	0	0	0	0	0	0	0	0	0	0	137	0	0	0	0	0	0	0	0	0	D_0__k__Bacteria; D_1__p__Bacteroidetes; D_2__c__Bacteroidia; D_3__o__Bacteroidales; D_4__f__Prevotellaceae; D_5__g__Prevotella; D_6__g__Prevotella_s__sp._HMT_317
523	0	39	0	0	0	0	0	161	0	0	0	167	0	0	0	0	0	0	0	0	0	0	25	0	0	25	0	0	0	0	0	0	0	0	0	0	0	0	0	0	0	0	0	0	0	0	0	0	0	0	D_0__k__Bacteria; D_1__p__Firmicutes; D_2__c__Negativicutes; D_3__o__Selenomonadales; D_4__f__Selenomonadaceae; D_5__g__Selenomonas; D_6__g__Selenomonas_s__sp._HMT_146
524	0	0	0	0	0	0	0	12	0	0	0	0	0	0	0	0	0	0	0	0	0	0	0	0	0	0	0	0	0	0	0	0	108	0	0	0	0	0	0	0	297	0	0	0	0	0	0	0	0	0	D_0__k__Bacteria; D_1__p__Bacteroidetes; D_2__c__Flavobacteriia; D_3__o__Flavobacteriales; D_4__f__Flavobacteriaceae; D_5__g__Capnocytophaga; D_6__g__Capnocytophaga_s__endodontalis
525	0	83	0	0	0	0	0	0	0	0	0	25	0	0	0	34	0	0	0	0	0	0	0	0	0	0	0	0	0	0	0	0	0	0	0	0	0	0	0	0	0	119	0	0	49	0	0	0	0	0	D_0__k__Bacteria; D_1__p__Proteobacteria; D_2__c__Gammaproteobacteria; D_3__o__Pasteurellales; D_4__f__Pasteurellaceae; D_5__g__Aggregatibacter; D_6__g__Aggregatibacter_s__sp._HMT_512
526	0	0	0	0	0	0	0	0	0	0	0	0	0	0	0	0	0	0	0	0	0	0	10	0	69	117	69	0	0	0	0	0	0	0	0	0	0	15	0	0	0	0	0	62	33	0	0	0	38	0	D_0__k__Bacteria; D_1__p__Actinobacteria; D_2__c__Coriobacteriia; D_3__o__Coriobacteriales; D_4__f__Atopobiaceae; D_5__g__Olsenella; D_6__g__Olsenella_s__sp._HMT_807
527	318	0	0	0	0	0	0	0	0	0	0	0	0	0	0	28	0	8	0	0	0	0	0	0	0	0	0	0	0	0	0	0	33	0	0	0	0	0	0	0	0	0	0	0	0	0	0	24	0	0	D_0__k__Bacteria; D_1__p__Firmicutes; D_2__c__Negativicutes; D_3__o__Selenomonadales; D_4__f__Selenomonadaceae; D_5__g__Selenomonas; D_6__g__Selenomonas_s__sp._HMT_136
528	0	0	0	0	0	0	73	63	0	0	0	0	0	0	0	68	0	0	0	0	0	0	0	0	0	0	0	0	0	0	0	0	0	0	0	0	0	0	0	0	0	0	0	0	0	0	0	0	0	0	D_0__k__Bacteria; D_1__p__Bacteroidetes; D_2__c__Bacteroidia; D_3__o__Bacteroidales; D_4__f__Porphyromonadaceae; D_5__g__Porphyromonas; D_6__g__Porphyromonas_s__catoniae
529	0	0	0	0	0	16	0	177	0	0	0	0	0	0	0	0	0	0	0	0	0	11	0	0	0	0	0	0	0	0	0	142	0	35	0	0	0	0	28	0	0	0	0	0	0	0	0	0	0	0	D_0__k__Bacteria; D_1__p__Fusobacteria; D_2__c__Fusobacteriia; D_3__o__Fusobacteriales; D_4__f__Leptotrichiaceae; D_5__g__Leptotrichia; D_6__g__Leptotrichia_s__hofstadii
530	0	42	0	0	20	0	0	40	0	0	0	0	0	23	0	0	0	0	0	0	0	26	0	0	0	96	0	0	0	0	0	0	0	0	0	0	0	30	77	0	0	0	0	0	0	0	0	0	0	53	D_0__k__Bacteria; D_1__p__Absconditabacteria_(SR1); D_2__c__Absconditabacteria_(SR1)_[C-1]; D_3__o__Absconditabacteria_(SR1)_[O-1]; D_4__f__Absconditabacteria_(SR1)_[F-1]; D_5__g__Absconditabacteria_(SR1)_[G-1]; D_6__g__Absconditabacteria_(SR1)_[G-1]_s__bacterium_HMT_874
531	0	0	0	0	0	0	0	0	0	0	0	407	0	0	0	0	0	0	0	0	0	0	0	0	0	0	0	0	0	0	0	0	0	0	0	0	0	0	0	0	0	0	0	0	0	0	0	0	0	0	D_0__k__Bacteria; D_1__p__Firmicutes; D_2__c__Negativicutes; D_3__o__Selenomonadales; D_4__f__Selenomonadaceae; D_5__g__Selenomonas; D_6__g__Selenomonas_s__noxia
532	0	275	0	0	0	0	0	0	0	0	0	7	0	0	0	0	0	15	0	0	0	0	0	0	0	0	0	0	0	0	0	0	0	0	0	0	66	43	0	0	0	0	0	0	0	0	0	0	0	0	D_0__k__Bacteria; D_1__p__Saccharibacteria_(TM7); D_2__c__Saccharibacteria_(TM7)_[C-1]; D_3__o__Saccharibacteria_(TM7)_[O-1]; D_4__f__Saccharibacteria_(TM7)_[F-1]; D_5__g__Saccharibacteria_(TM7)_[G-1]; D_6__g__Saccharibacteria_(TM7)_[G-1]_s__bacterium_HMT_952
533	0	0	0	81	0	0	0	0	0	0	0	0	0	0	0	0	0	31	0	0	0	39	0	0	0	6	0	0	0	0	0	0	0	0	0	247	0	0	0	0	0	0	0	0	0	0	0	0	0	0	D_0__k__Bacteria; D_1__p__Bacteroidetes; D_2__c__Bacteroidia; D_3__o__Bacteroidales; D_4__f__Porphyromonadaceae; D_5__g__Porphyromonas; D_6__g__Porphyromonas_s__pasteri
534	0	0	0	77	0	0	0	0	0	0	0	0	0	0	0	0	0	78	0	0	0	0	0	0	0	94	0	0	0	0	0	0	0	152	0	0	0	0	0	0	0	0	0	0	0	0	0	0	0	0	D_0__k__Bacteria; D_1__p__Firmicutes; D_2__c__Clostridia; D_3__o__Eubacteriales; D_4__f__Lachnospiraceae; D_5__g__Lachnoanaerobaculum; D_6__g__Lachnoanaerobaculum_s__saburreum
535	0	0	0	0	0	0	0	0	0	0	0	0	0	0	0	0	0	0	0	0	0	0	0	0	0	147	0	0	0	0	0	0	0	0	0	0	0	0	0	0	0	0	0	0	0	0	253	0	0	0	D_0__k__Bacteria; D_1__p__Bacteroidetes; D_2__c__Bacteroidia; D_3__o__Bacteroidales; D_4__f__Prevotellaceae; D_5__g__Prevotella; D_6__g__Prevotella_s__nigrescens
536	93	15	0	0	0	0	47	0	0	0	0	0	0	0	0	0	0	0	0	0	0	0	0	0	0	0	0	0	0	0	0	0	190	0	0	0	0	0	54	0	0	0	0	0	0	0	0	0	0	0	D_0__k__Bacteria; D_1__p__Bacteroidetes; D_2__c__Bacteroidia; D_3__o__Bacteroidales; D_4__f__Prevotellaceae; D_5__g__Prevotella; D_6__g__Prevotella_s__maculosa
537	0	13	0	0	0	0	0	0	0	0	0	0	0	0	0	0	0	42	0	0	0	0	0	0	0	86	0	0	0	0	0	0	0	0	0	0	74	76	30	0	0	0	0	0	0	0	0	0	0	78	D_0__k__Bacteria; D_1__p__Firmicutes; D_2__c__Negativicutes; D_3__o__Selenomonadales; D_4__f__Selenomonadaceae; D_5__g__Selenomonas; D_6__g__Selenomonas_s__sp._HMT_137
538	0	0	0	0	0	0	0	0	0	0	0	0	0	5	0	0	0	0	0	0	0	0	0	0	0	35	0	0	0	0	0	0	216	0	0	0	43	0	0	0	0	0	0	40	0	0	0	0	0	60	D_0__k__Bacteria; D_1__p__Actinobacteria; D_2__c__Actinomycetia; D_3__o__Propionibacteriales; D_4__f__Propionibacteriaceae; D_5__g__Arachnia; D_6__g__Arachnia_s__propionica
539	0	0	0	0	0	0	0	0	0	0	0	0	0	0	0	0	0	0	0	0	0	0	0	0	0	0	0	0	0	0	0	0	230	169	0	0	0	0	0	0	0	0	0	0	0	0	0	0	0	0	D_0__k__Bacteria; D_1__p__Fusobacteria; D_2__c__Fusobacteriia; D_3__o__Fusobacteriales; D_4__f__Leptotrichiaceae; D_5__g__Pseudoleptotrichia; D_6__g__Pseudoleptotrichia_s__goodfellowii
540	0	0	0	0	49	0	0	0	0	0	0	0	0	0	0	0	0	0	49	0	49	0	0	0	0	0	0	0	0	0	0	0	0	0	0	0	0	0	0	0	0	0	0	0	105	0	0	0	146	0	D_0__k__Bacteria; D_1__p__Actinobacteria; D_2__c__Coriobacteriia; D_3__o__Coriobacteriales; D_4__f__Atopobiaceae; D_5__g__Olsenella; D_6__g__Olsenella_s__uli
541	0	0	0	0	0	0	0	0	0	0	0	0	0	0	0	0	0	0	0	0	0	0	0	0	0	0	0	0	0	0	0	0	0	0	0	0	0	0	0	0	0	0	0	0	0	0	0	0	398	0	D_0__k__Bacteria; D_1__p__Bacteroidetes; D_2__c__Bacteroidetes_[C-1]; D_3__o__Bacteroidetes_[O-1]; D_4__f__Bacteroidetes_[F-1]; D_5__g__Bacteroidetes_[G-5]; D_6__g__Bacteroidetes_[G-5]_s__bacterium_HMT_511
542	0	78	0	0	0	0	0	0	0	0	0	0	0	0	0	0	0	0	0	0	0	0	0	0	0	96	0	0	0	0	0	0	112	111	0	0	0	0	0	0	0	0	0	0	0	0	0	0	0	0	D_0__k__Bacteria; D_1__p__Bacteroidetes; D_2__c__Bacteroidia; D_3__o__Bacteroidales; D_4__f__Prevotellaceae; D_5__g__Alloprevotella; D_6__g__Alloprevotella_s__sp._HMT_913
543	394	0	0	0	0	0	0	0	0	0	0	0	0	0	0	0	0	0	0	0	0	0	0	0	0	0	0	0	0	0	0	0	0	0	0	0	0	0	0	0	0	0	0	0	0	0	0	0	0	0	D_0__k__Bacteria; D_1__p__Bacteroidetes; D_2__c__Bacteroidia; D_3__o__Bacteroidales; D_4__f__Prevotellaceae; D_5__g__Prevotella; D_6__g__Prevotella_s__sp._HMT_292
544	0	0	0	0	0	0	24	370	0	0	0	0	0	0	0	0	0	0	0	0	0	0	0	0	0	0	0	0	0	0	0	0	0	0	0	0	0	0	0	0	0	0	0	0	0	0	0	0	0	0	D_0__k__Bacteria; D_1__p__Bacteroidetes; D_2__c__Bacteroidia; D_3__o__Bacteroidales; D_4__f__Prevotellaceae; D_5__g__Prevotella; D_6__g__Prevotella_s__sp._HMT_317
545	0	0	0	0	9	24	0	0	0	0	0	0	0	0	0	60	0	193	0	0	0	0	0	0	0	0	0	0	0	0	0	56	0	0	0	0	0	0	51	0	0	0	0	0	0	0	0	0	0	0	D_0__k__Bacteria; D_1__p__Proteobacteria; D_2__c__Epsilonproteobacteria; D_3__o__Campylobacterales; D_4__f__Campylobacteraceae; D_5__g__Campylobacter; D_6__g__Campylobacter_s__rectus
546	0	0	61	0	0	0	0	0	0	0	0	0	0	0	0	0	0	0	0	0	0	0	0	0	0	0	0	0	0	0	0	0	0	0	0	0	0	0	260	71	0	0	0	0	0	0	0	0	0	0	D_0__k__Bacteria; D_1__p__Bacteroidetes; D_2__c__Bacteroidia; D_3__o__Bacteroidales; D_4__f__Prevotellaceae; D_5__g__Prevotella; D_6__g__Prevotella_s__sp._HMT_317
547	0	0	0	0	20	0	0	0	0	0	0	52	0	0	0	0	0	0	0	0	0	0	0	0	0	0	0	0	0	0	0	0	0	212	0	0	53	0	0	0	0	0	0	0	0	0	0	52	0	0	D_0__k__Bacteria; D_1__p__Proteobacteria; D_2__c__Gammaproteobacteria; D_3__o__Pasteurellales; D_4__f__Pasteurellaceae; D_5__g__Aggregatibacter; D_6__g__Aggregatibacter_s__sp._HMT_458
548	0	0	0	0	0	0	0	0	0	0	0	0	0	0	0	0	0	111	0	0	0	0	0	0	0	0	0	0	0	0	0	0	0	0	0	0	0	0	0	0	0	0	0	0	0	0	0	0	0	278	D_0__k__Bacteria; D_1__p__Bacteroidetes; D_2__c__Flavobacteriia; D_3__o__Flavobacteriales; D_4__f__Weeksellaceae; D_5__g__Riemerella; D_6__g__Riemerella_s__sp._HMT_322
549	0	0	0	37	0	104	0	0	0	0	62	0	0	0	0	0	0	0	0	0	0	0	0	0	0	0	0	0	0	0	0	0	158	0	0	0	27	0	0	0	0	0	0	0	0	0	0	0	0	0	D_0__k__Bacteria; D_1__p__Actinobacteria; D_2__c__Coriobacteriia; D_3__o__Coriobacteriales; D_4__f__Atopobiaceae; D_5__g__Lancefieldella; D_6__g__Lancefieldella_s__parvula
550	0	0	0	67	0	0	0	99	0	0	0	0	13	0	0	0	0	0	0	0	0	0	0	0	0	0	0	0	0	0	0	0	59	0	0	0	0	0	0	0	0	0	0	0	0	0	149	0	0	0	D_0__k__Bacteria; D_1__p__Proteobacteria; D_2__c__Gammaproteobacteria; D_3__o__Cardiobacteriales; D_4__f__Cardiobacteriaceae; D_5__g__Cardiobacterium; D_6__g__Cardiobacterium_s__valvarum
551	0	0	0	0	0	0	0	0	0	0	387	0	0	0	0	0	0	0	0	0	0	0	0	0	0	0	0	0	0	0	0	0	0	0	0	0	0	0	0	0	0	0	0	0	0	0	0	0	0	0	D_0__k__Bacteria; D_1__p__Actinobacteria; D_2__c__Coriobacteriia; D_3__o__Coriobacteriales; D_4__f__Atopobiaceae; D_5__g__Lancefieldella; D_6__g__Lancefieldella_s__rimae
552	0	0	0	0	0	0	0	0	0	0	0	0	0	0	0	0	0	0	0	0	0	0	0	0	0	0	0	0	0	0	0	0	0	0	0	0	0	0	0	0	0	0	0	0	163	223	0	0	0	0	D_0__k__Bacteria; D_1__p__Bacteroidetes; D_2__c__Flavobacteriia; D_3__o__Flavobacteriales; D_4__f__Flavobacteriaceae; D_5__g__Capnocytophaga; D_6__g__Capnocytophaga_s__granulosa
553	0	0	0	38	0	250	0	0	0	0	0	97	0	0	0	0	0	0	0	0	0	0	0	0	0	0	0	0	0	0	0	0	0	0	0	0	0	0	0	0	0	0	0	0	0	0	0	0	0	0	D_0__k__Bacteria; D_1__p__Firmicutes; D_2__c__Negativicutes; D_3__o__Veillonellales; D_4__f__Veillonellaceae; D_5__g__Veillonella; D_6__g__Veillonella_s__atypica
554	0	0	0	0	0	0	0	0	0	0	0	0	0	0	0	0	0	0	0	0	0	0	0	0	0	70	0	0	0	0	0	0	0	0	0	0	0	0	0	0	247	66	0	0	0	0	0	0	0	0	D_0__k__Bacteria; D_1__p__Firmicutes; D_2__c__Bacilli; D_3__o__Bacillales; D_4__f__Gemellaceae; D_5__g__Gemella; D_6__g__Gemella_s__haemolysans
555	0	61	0	0	0	0	0	0	0	0	0	0	0	0	0	0	0	49	0	0	0	0	0	0	0	272	0	0	0	0	0	0	0	0	0	0	0	0	0	0	0	0	0	0	0	0	0	0	0	0	D_0__k__Bacteria; D_1__p__Bacteroidetes; D_2__c__Bacteroidia; D_3__o__Bacteroidales; D_4__f__Prevotellaceae; D_5__g__Prevotella; D_6__g__Prevotella_s__melaninogenica
556	0	0	156	74	0	73	0	0	0	0	0	0	0	0	0	0	0	0	0	0	0	0	0	0	0	0	0	0	0	0	0	0	0	0	0	0	17	0	0	0	62	0	0	0	0	0	0	0	0	0	D_0__k__Bacteria; D_1__p__Bacteroidetes; D_2__c__Bacteroidia; D_3__o__Bacteroidales; D_4__f__Prevotellaceae; D_5__g__Prevotella; D_6__g__Prevotella_s__oris
557	0	0	0	0	0	0	26	356	0	0	0	0	0	0	0	0	0	0	0	0	0	0	0	0	0	0	0	0	0	0	0	0	0	0	0	0	0	0	0	0	0	0	0	0	0	0	0	0	0	0	D_0__k__Bacteria; D_1__p__Bacteroidetes; D_2__c__Flavobacteriia; D_3__o__Flavobacteriales; D_4__f__Flavobacteriaceae; D_5__g__Capnocytophaga; D_6__g__Capnocytophaga_s__sp._HMT_412
558	0	0	0	0	0	0	0	0	0	0	0	0	0	0	0	0	0	0	0	0	0	0	0	0	0	0	0	0	0	0	0	0	0	0	0	0	0	0	0	0	0	0	0	0	0	0	0	0	382	0	D_0__k__Bacteria; D_1__p__Bacteroidetes; D_2__c__Bacteroidia; D_3__o__Bacteroidales; D_4__f__Prevotellaceae; D_5__g__Prevotella; D_6__g__Prevotella_s__nigrescens
559	0	0	0	0	0	0	0	0	0	0	0	0	0	0	0	52	0	210	0	0	0	0	0	0	0	0	0	0	0	0	0	119	0	0	0	0	0	0	0	0	0	0	0	0	0	0	0	0	0	0	D_0__k__Bacteria; D_1__p__Proteobacteria; D_2__c__Epsilonproteobacteria; D_3__o__Campylobacterales; D_4__f__Campylobacteraceae; D_5__g__Campylobacter; D_6__g__Campylobacter_s__rectus
560	0	0	0	0	0	0	63	52	0	0	0	0	0	0	0	0	0	0	0	56	0	0	36	0	0	0	0	0	0	144	0	0	0	0	0	0	0	0	0	0	0	0	0	0	0	0	0	29	0	0	D_0__k__Bacteria; D_1__p__Bacteroidetes; D_2__c__Bacteroidia; D_3__o__Bacteroidales; D_4__f__Prevotellaceae; D_5__g__Alloprevotella; D_6__g__Alloprevotella_s__sp._HMT_308
561	0	0	0	0	0	0	54	0	0	0	0	0	0	0	0	266	0	0	0	0	0	0	59	0	0	0	0	0	0	0	0	0	0	0	0	0	0	0	0	0	0	0	0	0	0	0	0	0	0	0	D_0__k__Bacteria; D_1__p__Bacteroidetes; D_2__c__Bacteroidia; D_3__o__Bacteroidales; D_4__f__Prevotellaceae; D_5__g__Prevotella; D_6__g__Prevotella_s__oulorum
562	0	0	0	0	0	0	0	0	0	0	0	0	0	0	0	0	0	0	0	0	0	0	0	0	0	0	0	0	0	0	0	0	0	0	0	0	0	0	0	0	52	264	0	0	0	0	0	0	0	62	D_0__k__Bacteria; D_1__p__Proteobacteria; D_2__c__Gammaproteobacteria; D_3__o__Cardiobacteriales; D_4__f__Cardiobacteriaceae; D_5__g__Cardiobacterium; D_6__g__Cardiobacterium_s__hominis
563	0	95	0	0	0	0	0	0	0	0	0	0	0	0	0	0	12	0	0	0	0	0	253	0	0	17	0	0	0	0	0	0	0	0	0	0	0	0	0	0	0	0	0	0	0	0	0	0	0	0	D_0__k__Bacteria; D_1__p__Bacteroidetes; D_2__c__Bacteroidia; D_3__o__Bacteroidales; D_4__f__Prevotellaceae; D_5__g__Prevotella; D_6__g__Prevotella_s__sp._HMT_306
564	0	34	0	0	0	0	0	0	0	0	0	0	0	0	0	0	0	0	0	51	0	0	0	0	0	0	0	0	0	0	0	0	138	0	0	0	8	0	0	0	0	0	0	0	78	52	0	0	0	0	D_0__k__Bacteria; D_1__p__Proteobacteria; D_2__c__Betaproteobacteria; D_3__o__Neisseriales; D_4__f__Neisseriaceae; D_5__g__Neisseria; D_6__g__Neisseria_s__oralis
565	0	0	0	0	0	0	0	51	0	0	0	80	0	0	0	0	0	21	0	0	0	0	0	0	0	0	179	0	0	0	0	0	0	0	0	0	0	0	0	0	0	0	0	0	0	0	0	0	0	0	D_0__k__Bacteria; D_1__p__Firmicutes; D_2__c__Negativicutes; D_3__o__Selenomonadales; D_4__f__Selenomonadaceae; D_5__g__Selenomonas; D_6__g__Selenomonas_s__sputigena
566	0	0	0	0	0	0	0	0	0	0	0	0	0	0	0	0	0	0	0	0	0	0	0	0	0	0	0	0	375	0	0	0	0	0	0	0	0	0	0	0	0	0	0	0	0	0	0	0	0	0	D_0__k__Bacteria; D_1__p__Bacteroidetes; D_2__c__Bacteroidia; D_3__o__Bacteroidales; D_4__f__Prevotellaceae; D_5__g__Prevotella; D_6__g__Prevotella_s__nanceiensis
567	0	37	0	0	0	0	0	0	0	0	0	0	0	0	0	0	0	54	0	188	0	0	0	0	0	0	0	0	0	0	0	0	0	0	0	0	0	0	23	33	0	0	0	0	0	0	0	0	0	0	D_0__k__Bacteria; D_1__p__Fusobacteria; D_2__c__Fusobacteriia; D_3__o__Fusobacteriales; D_4__f__Fusobacteriaceae; D_5__g__Fusobacterium; D_6__g__Fusobacterium_s__hwasookii
568	0	0	0	87	0	163	0	0	0	0	0	76	0	0	0	0	0	0	0	0	0	0	0	0	0	0	0	0	0	0	0	0	0	0	0	0	0	0	0	0	0	0	0	0	0	0	48	0	0	0	D_0__k__Bacteria; D_1__p__Bacteroidetes; D_2__c__Bacteroidia; D_3__o__Bacteroidales; D_4__f__Prevotellaceae; D_5__g__Prevotella; D_6__g__Prevotella_s__oris
569	283	0	0	0	0	0	0	0	0	0	0	0	0	0	0	0	0	0	0	0	0	0	0	0	0	0	0	0	0	0	0	0	0	0	77	0	0	0	13	0	0	0	0	0	0	0	0	0	0	0	D_0__k__Bacteria; D_1__p__Bacteroidetes; D_2__c__Bacteroidia; D_3__o__Bacteroidales; D_4__f__Prevotellaceae; D_5__g__Prevotella; D_6__g__Prevotella_s__sp._HMT_292
570	0	0	0	0	69	0	0	0	0	0	0	0	0	0	0	0	0	0	43	0	56	0	0	0	0	0	0	0	0	0	0	0	0	0	0	0	0	0	0	0	0	0	0	0	104	0	0	0	100	0	D_0__k__Bacteria; D_1__p__Actinobacteria; D_2__c__Coriobacteriia; D_3__o__Coriobacteriales; D_4__f__Atopobiaceae; D_5__g__Olsenella; D_6__g__Olsenella_s__uli
571	0	0	0	0	0	0	0	14	0	0	0	0	0	0	0	0	0	0	0	0	0	70	0	0	32	0	0	0	0	0	0	0	0	62	0	0	0	0	0	0	0	114	0	0	0	0	18	62	0	0	D_0__k__Bacteria; D_1__p__Actinobacteria; D_2__c__Actinomycetia; D_3__o__Corynebacteriales; D_4__f__Corynebacteriaceae; D_5__g__Corynebacterium; D_6__g__Corynebacterium_s__durum
572	0	0	0	0	0	0	0	0	0	0	0	54	0	0	0	0	0	0	0	0	0	0	0	0	0	0	0	0	0	0	0	0	0	0	0	0	0	4	0	0	0	0	0	265	0	0	0	0	0	0	D_0__k__Bacteria; D_1__p__Bacteroidetes; D_2__c__Bacteroidia; D_3__o__Bacteroidales; D_4__f__Prevotellaceae; D_5__g__Alloprevotella; D_6__g__Alloprevotella_s__sp._HMT_473
573	0	0	0	85	0	0	0	0	0	0	0	0	0	0	0	0	0	0	0	0	0	77	0	0	0	0	0	0	0	0	0	0	0	0	0	209	0	0	0	0	0	0	0	0	0	0	0	0	0	0	D_0__k__Bacteria; D_1__p__Bacteroidetes; D_2__c__Bacteroidia; D_3__o__Bacteroidales; D_4__f__Porphyromonadaceae; D_5__g__Porphyromonas; D_6__g__Porphyromonas_s__pasteri
574	0	17	0	0	0	0	61	0	0	0	0	0	0	0	0	0	0	0	0	0	0	0	9	5	0	0	0	0	0	0	0	0	0	0	0	0	0	0	0	0	0	0	0	0	0	0	0	0	275	0	D_0__k__Bacteria; D_1__p__Saccharibacteria_(TM7); D_2__c__Saccharibacteria_(TM7)_[C-1]; D_3__o__Saccharibacteria_(TM7)_[O-1]; D_4__f__Saccharibacteria_(TM7)_[F-1]; D_5__g__Saccharibacteria_(TM7)_[G-1]; D_6__g__Saccharibacteria_(TM7)_[G-1]_s__bacterium_HMT_346
575	0	0	51	0	0	0	0	0	0	0	0	0	0	0	0	0	0	0	0	0	0	0	0	0	0	0	0	0	0	0	0	0	0	0	0	0	0	0	204	95	0	0	0	0	0	0	0	0	0	0	D_0__k__Bacteria; D_1__p__Bacteroidetes; D_2__c__Bacteroidia; D_3__o__Bacteroidales; D_4__f__Prevotellaceae; D_5__g__Prevotella; D_6__g__Prevotella_s__sp._HMT_317
576	0	0	0	94	0	0	0	0	0	0	0	0	0	0	0	0	0	0	0	0	0	0	0	0	0	0	0	0	0	0	0	0	0	0	0	0	193	77	0	0	0	0	0	0	0	0	0	0	0	0	D_0__k__Bacteria; D_1__p__Bacteroidetes; D_2__c__Flavobacteriia; D_3__o__Flavobacteriales; D_4__f__Flavobacteriaceae; D_5__g__Capnocytophaga; D_6__g__Capnocytophaga_s__sp._HMT_324
577	0	0	0	0	0	0	0	0	0	0	0	64	0	0	0	76	0	0	0	0	0	0	55	0	0	136	0	0	0	0	0	0	0	0	0	0	0	0	33	0	0	0	0	0	0	0	0	0	0	0	D_0__k__Bacteria; D_1__p__Bacteroidetes; D_2__c__Bacteroidia; D_3__o__Bacteroidales; D_4__f__Prevotellaceae; D_5__g__Prevotella; D_6__g__Prevotella_s__maculosa
578	0	0	0	0	229	0	61	0	0	0	0	0	0	0	0	0	0	0	0	0	0	0	0	0	0	65	0	0	0	0	0	0	0	0	0	0	0	0	0	0	0	0	0	0	0	0	0	6	0	0	D_0__k__Bacteria; D_1__p__Spirochaetes; D_2__c__Spirochaetia; D_3__o__Spirochaetales; D_4__f__Treponemataceae; D_5__g__Treponema; D_6__g__Treponema_s__socranskii
579	360	0	0	0	0	0	0	0	0	0	0	0	0	0	0	0	0	0	0	0	0	0	0	0	0	0	0	0	0	0	0	0	0	0	0	0	0	0	0	0	0	0	0	0	0	0	0	0	0	0	D_0__k__Bacteria; D_1__p__Proteobacteria; D_2__c__Gammaproteobacteria; D_3__o__Cardiobacteriales; D_4__f__Cardiobacteriaceae; D_5__g__Cardiobacterium; D_6__g__Cardiobacterium_s__hominis
580	219	0	0	0	0	0	0	0	0	0	0	0	0	0	0	95	0	0	0	0	0	0	0	0	0	0	0	0	0	0	0	0	0	0	0	0	45	0	0	0	0	0	0	0	0	0	0	0	0	0	D_0__k__Bacteria; D_1__p__Firmicutes; D_2__c__Negativicutes; D_3__o__Veillonellales; D_4__f__Veillonellaceae; D_5__g__Megasphaera; D_6__g__Megasphaera_s__micronuciformis
581	0	0	0	24	0	78	0	0	0	0	0	24	0	0	0	0	0	0	0	0	0	0	0	0	0	0	0	0	0	0	0	164	0	0	0	0	0	0	0	0	0	0	0	0	0	0	25	44	0	0	D_0__k__Bacteria; D_1__p__Bacteroidetes; D_2__c__Bacteroidia; D_3__o__Bacteroidales; D_4__f__Prevotellaceae; D_5__g__Prevotella; D_6__g__Prevotella_s__oris
582	0	0	0	0	0	0	0	0	0	0	0	0	0	0	0	0	0	0	0	0	0	0	0	0	0	0	0	0	0	0	0	0	0	0	0	0	0	0	0	0	0	0	0	359	0	0	0	0	0	0	D_0__k__Bacteria; D_1__p__Bacteroidetes; D_2__c__Bacteroidia; D_3__o__Bacteroidales; D_4__f__Prevotellaceae; D_5__g__Prevotella; D_6__g__Prevotella_s__jejuni
583	0	0	0	0	0	95	0	0	0	0	73	37	10	0	0	0	0	0	0	0	0	0	0	0	0	0	0	0	32	0	0	0	110	0	0	0	0	0	0	0	0	0	0	0	0	0	0	0	0	0	D_0__k__Bacteria; D_1__p__Actinobacteria; D_2__c__Coriobacteriia; D_3__o__Coriobacteriales; D_4__f__Atopobiaceae; D_5__g__Lancefieldella; D_6__g__Lancefieldella_s__parvula
584	0	0	0	0	0	0	0	0	0	0	0	0	0	0	0	0	0	0	0	0	0	0	0	0	0	0	0	0	0	0	0	0	0	0	0	0	0	0	0	0	0	0	0	0	122	235	0	0	0	0	D_0__k__Bacteria; D_1__p__Proteobacteria; D_2__c__Betaproteobacteria; D_3__o__Burkholderiales; D_4__f__Burkholderiaceae; D_5__g__Lautropia; D_6__g__Lautropia_s__mirabilis
585	0	0	0	0	0	0	0	0	0	0	0	0	0	0	0	0	0	0	0	0	0	0	0	0	0	0	0	0	0	0	0	356	0	0	0	0	0	0	0	0	0	0	0	0	0	0	0	0	0	0	D_0__k__Bacteria; D_1__p__Bacteroidetes; D_2__c__Flavobacteriia; D_3__o__Flavobacteriales; D_4__f__Flavobacteriaceae; D_5__g__Capnocytophaga; D_6__g__Capnocytophaga_s__sp._HMT_412
586	0	0	0	0	276	0	0	0	0	0	0	0	0	0	0	0	0	0	0	0	0	0	0	0	0	0	0	0	0	0	0	0	0	0	0	0	0	0	0	0	0	0	0	0	79	0	0	0	0	0	D_0__k__Bacteria; D_1__p__Bacteroidetes; D_2__c__Bacteroidia; D_3__o__Bacteroidales; D_4__f__Prevotellaceae; D_5__g__Prevotella; D_6__g__Prevotella_s__marshii
587	0	0	354	0	0	0	0	0	0	0	0	0	0	0	0	0	0	0	0	0	0	0	0	0	0	0	0	0	0	0	0	0	0	0	0	0	0	0	0	0	0	0	0	0	0	0	0	0	0	0	D_0__k__Bacteria; D_1__p__Spirochaetes; D_2__c__Spirochaetia; D_3__o__Spirochaetales; D_4__f__Treponemataceae; D_5__g__Treponema; D_6__g__Treponema_s__maltophilum
588	0	12	0	0	46	0	0	0	0	0	0	0	25	0	0	0	0	0	125	0	104	0	0	0	0	0	0	0	0	0	0	0	0	0	0	0	0	0	41	0	0	0	0	0	0	0	0	0	0	0	D_0__k__Bacteria; D_1__p__Firmicutes; D_2__c__Clostridia; D_3__o__Eubacteriales; D_4__f__Peptostreptococcaceae; D_5__g__Peptostreptococcaceae_[G-9]; D_6__g__Peptostreptococcaceae_[G-9]_s__[Eubacterium]_brachy
589	0	0	0	0	0	0	0	0	0	0	0	0	0	0	0	0	0	93	0	0	0	0	0	0	0	0	0	0	0	0	0	0	0	0	0	0	0	0	0	0	0	0	0	260	0	0	0	0	0	0	D_0__k__Bacteria; D_1__p__Actinobacteria; D_2__c__Actinomycetia; D_3__o__Propionibacteriales; D_4__f__Propionibacteriaceae; D_5__g__Arachnia; D_6__g__Arachnia_s__propionica
590	0	66	0	0	0	0	0	0	0	0	0	0	0	0	0	0	0	0	0	0	0	0	0	0	0	0	0	0	0	0	0	0	0	0	0	0	0	0	0	0	0	0	0	0	0	0	0	34	0	0	D_0__k__Bacteria; D_1__p__Gracilibacteria_(GN02); D_2__c__Gracilibacteria_(GN02)_[C-1]; D_3__o__Gracilibacteria_(GN02)_[O-1]; D_4__f__Gracilibacteria_(GN02)_[F-1]; D_5__g__Gracilibacteria_(GN02)_[G-1]; D_6__g__Gracilibacteria_(GN02)_[G-1]_s__bacterium_HMT_872
591	351	0	0	0	0	0	0	0	0	0	0	0	0	0	0	0	0	0	0	0	0	0	0	0	0	0	0	0	0	0	0	0	0	0	0	0	0	0	0	0	0	0	0	0	0	0	0	0	0	0	D_0__k__Bacteria; D_1__p__Bacteroidetes; D_2__c__Bacteroidia; D_3__o__Bacteroidales; D_4__f__Prevotellaceae; D_5__g__Alloprevotella; D_6__g__Alloprevotella_s__tannerae
592	0	0	0	0	0	0	0	0	0	0	0	0	0	0	0	0	0	0	0	0	0	0	0	0	0	0	0	0	0	0	0	0	0	0	0	0	0	0	225	124	0	0	0	0	0	0	0	0	0	0	D_0__k__Bacteria; D_1__p__Bacteroidetes; D_2__c__Bacteroidia; D_3__o__Bacteroidales; D_4__f__Tannerellaceae; D_5__g__Tannerella; D_6__g__Tannerella_s__sp._HMT_286
593	0	0	0	0	0	0	0	0	0	0	0	0	0	0	0	0	0	0	0	119	0	0	0	0	0	0	0	0	0	0	0	0	177	0	0	0	0	0	0	0	0	0	0	0	0	0	0	52	0	0	D_0__k__Bacteria; D_1__p__Bacteroidetes; D_2__c__Bacteroidia; D_3__o__Bacteroidales; D_4__f__Porphyromonadaceae; D_5__g__Porphyromonas; D_6__g__Porphyromonas_s__sp._HMT_930
594	0	141	0	0	0	0	0	0	0	0	0	0	0	0	0	0	0	0	0	0	0	0	104	0	0	0	0	0	0	0	0	0	0	0	0	0	0	0	0	0	0	0	0	0	0	0	0	102	0	0	D_0__k__Bacteria; D_1__p__Fusobacteria; D_2__c__Fusobacteriia; D_3__o__Fusobacteriales; D_4__f__Leptotrichiaceae; D_5__g__Pseudoleptotrichia; D_6__g__Pseudoleptotrichia_s__sp._HMT_221
595	0	0	0	0	0	11	0	0	0	0	0	0	0	0	0	0	0	210	0	0	0	0	74	0	0	0	0	0	18	0	0	0	0	0	0	0	0	0	0	0	0	0	0	0	0	0	0	0	0	34	D_0__k__Bacteria; D_1__p__Fusobacteria; D_2__c__Fusobacteriia; D_3__o__Fusobacteriales; D_4__f__Leptotrichiaceae; D_5__g__Leptotrichia; D_6__g__Leptotrichia_s__sp._HMT_215
596	0	0	0	0	0	0	0	0	0	0	0	0	0	0	0	0	0	0	0	0	0	0	180	0	0	109	0	0	0	0	0	0	58	0	0	0	0	0	0	0	0	0	0	0	0	0	0	0	0	0	D_0__k__Bacteria; D_1__p__Bacteroidetes; D_2__c__Bacteroidia; D_3__o__Bacteroidales; D_4__f__Tannerellaceae; D_5__g__Tannerella; D_6__g__Tannerella_s__sp._HMT_286
597	0	0	0	0	0	0	0	78	0	0	0	57	0	0	0	40	0	0	0	0	0	17	0	0	0	0	0	0	0	0	0	0	0	0	0	0	44	0	0	0	0	0	0	0	0	0	0	0	0	0	D_0__k__Bacteria; D_1__p__Firmicutes; D_2__c__Clostridia; D_3__o__Eubacteriales; D_4__f__Lachnospiraceae; D_5__g__Lachnospiraceae_[G-3]; D_6__g__Lachnospiraceae_[G-3]_s__bacterium_HMT_100
598	0	0	0	0	0	0	0	0	0	0	346	0	0	0	0	0	0	0	0	0	0	0	0	0	0	0	0	0	0	0	0	0	0	0	0	0	0	0	0	0	0	0	0	0	0	0	0	0	0	0	D_0__k__Bacteria; D_1__p__Bacteroidetes; D_2__c__Bacteroidia; D_3__o__Bacteroidales; D_4__f__Prevotellaceae; D_5__g__Prevotella; D_6__g__Prevotella_s__denticola
599	0	41	0	0	0	0	0	0	0	0	0	0	0	0	0	0	0	0	20	0	0	0	0	0	0	0	0	0	0	0	0	0	152	0	0	0	0	0	0	0	0	0	0	0	54	48	0	0	0	0	D_0__k__Bacteria; D_1__p__Proteobacteria; D_2__c__Betaproteobacteria; D_3__o__Neisseriales; D_4__f__Neisseriaceae; D_5__g__Neisseria; D_6__g__Neisseria_s__oralis
600	0	0	0	0	0	0	0	61	0	0	0	0	0	0	0	0	0	0	0	0	0	0	0	0	0	0	0	0	0	0	0	0	0	0	21	58	0	0	64	0	0	0	0	0	0	0	0	137	0	0	D_0__k__Bacteria; D_1__p__Bacteroidetes; D_2__c__Flavobacteriia; D_3__o__Flavobacteriales; D_4__f__Flavobacteriaceae; D_5__g__Capnocytophaga; D_6__g__Capnocytophaga_s__endodontalis
601	340	0	0	0	0	0	0	0	0	0	0	0	0	0	0	0	0	0	0	0	0	0	0	0	0	0	0	0	0	0	0	0	0	0	0	0	0	0	0	0	0	0	0	0	0	0	0	0	0	0	D_0__k__Bacteria; D_1__p__Fusobacteria; D_2__c__Fusobacteriia; D_3__o__Fusobacteriales; D_4__f__Fusobacteriaceae; D_5__g__Fusobacterium; D_6__g__Fusobacterium_s__nucleatum
602	0	0	57	0	0	0	0	0	0	0	0	0	0	0	0	0	0	0	0	0	0	0	0	0	0	149	0	0	0	0	0	0	67	0	0	0	42	0	0	0	0	0	0	0	0	0	0	0	0	23	D_0__k__Bacteria; D_1__p__Firmicutes; D_2__c__Clostridia; D_3__o__Eubacteriales; D_4__f__Lachnospiraceae; D_5__g__Lachnospiraceae_[G-3]; D_6__g__Lachnospiraceae_[G-3]_s__bacterium_HMT_100
603	0	0	18	0	0	0	0	0	0	0	115	0	0	31	0	0	0	0	0	43	0	0	0	0	0	41	0	0	0	0	0	0	0	0	0	60	18	0	0	0	0	0	0	0	12	0	0	0	0	0	D_0__k__Bacteria; D_1__p__Actinobacteria; D_2__c__Actinomycetia; D_3__o__Corynebacteriales; D_4__f__Corynebacteriaceae; D_5__g__Corynebacterium; D_6__g__Corynebacterium_s__durum
604	0	0	0	0	0	0	0	0	336	0	0	0	0	0	0	0	0	0	0	0	0	0	0	0	0	0	0	0	0	0	0	0	0	0	0	0	0	0	0	0	0	0	0	0	0	0	0	0	0	0	D_0__k__Bacteria; D_1__p__Actinobacteria; D_2__c__Actinomycetia; D_3__o__Actinomycetales; D_4__f__Actinomycetaceae; D_5__g__Actinomyces; D_6__g__Actinomyces_s__graevenitzii
605	0	0	0	0	0	0	0	0	0	0	0	0	0	0	0	0	0	0	0	0	0	0	0	0	0	60	0	0	0	0	0	0	0	0	0	0	62	67	0	0	0	0	0	0	0	0	0	0	0	0	D_0__k__Bacteria; D_1__p__Bacteroidetes; D_2__c__Bacteroidia; D_3__o__Bacteroidales; D_4__f__Porphyromonadaceae; D_5__g__Porphyromonas; D_6__g__Porphyromonas_s__catoniae
606	0	0	0	0	0	0	0	0	0	0	235	0	0	0	0	0	0	0	0	0	0	0	0	0	0	0	0	0	0	0	0	0	0	0	0	0	0	0	0	0	0	0	0	0	32	0	0	0	65	0	D_0__k__Bacteria; D_1__p__Firmicutes; D_2__c__Negativicutes; D_3__o__Selenomonadales; D_4__f__Selenomonadaceae; D_5__g__Veillonellaceae_[G-1]; D_6__g__Veillonellaceae_[G-1]_s__bacterium_HMT_129
607	0	37	0	0	0	0	47	51	0	0	0	0	0	0	0	27	0	0	0	0	0	0	0	0	0	73	0	0	0	0	0	0	0	0	0	0	0	0	53	43	0	0	0	0	0	0	0	0	0	0	D_0__k__Bacteria; D_1__p__Absconditabacteria_(SR1); D_2__c__Absconditabacteria_(SR1)_[C-1]; D_3__o__Absconditabacteria_(SR1)_[O-1]; D_4__f__Absconditabacteria_(SR1)_[F-1]; D_5__g__Absconditabacteria_(SR1)_[G-1]; D_6__g__Absconditabacteria_(SR1)_[G-1]_s__bacterium_HMT_874
608	330	0	0	0	0	0	0	0	0	0	0	0	0	0	0	0	0	0	0	0	0	0	0	0	0	0	0	0	0	0	0	0	0	0	0	0	0	0	0	0	0	0	0	0	0	0	0	0	0	0	D_0__k__Bacteria; D_1__p__Firmicutes; D_2__c__Negativicutes; D_3__o__Veillonellales; D_4__f__Veillonellaceae; D_5__g__Megasphaera; D_6__g__Megasphaera_s__micronuciformis
609	0	0	0	0	76	0	0	0	0	0	72	0	0	0	0	0	0	0	48	0	129	0	0	0	0	0	0	0	0	0	0	0	0	0	0	0	0	0	0	0	0	0	0	0	4	0	0	0	0	0	D_0__k__Bacteria; D_1__p__Firmicutes; D_2__c__Clostridia; D_3__o__Eubacteriales; D_4__f__Peptostreptococcaceae; D_5__g__Peptostreptococcaceae_[G-1]; D_6__g__Peptostreptococcaceae_[G-1]_s__[Eubacterium]_infirmum
610	0	0	328	0	0	0	0	0	0	0	0	0	0	0	0	0	0	0	0	0	0	0	0	0	0	0	0	0	0	0	0	0	0	0	0	0	0	0	0	0	0	0	0	0	0	0	0	0	0	0	D_0__k__Bacteria; D_1__p__Bacteroidetes; D_2__c__Bacteroidia; D_3__o__Bacteroidales; D_4__f__Prevotellaceae; D_5__g__Prevotella; D_6__g__Prevotella_s__nigrescens
611	0	0	0	0	0	0	0	0	0	0	0	0	0	0	0	0	0	0	0	0	0	0	0	0	0	0	0	0	0	0	0	0	0	0	0	0	0	0	0	0	0	0	0	328	0	0	0	0	0	0	D_0__k__Bacteria; D_1__p__Bacteroidetes; D_2__c__Flavobacteriia; D_3__o__Flavobacteriales; D_4__f__Flavobacteriaceae; D_5__g__Capnocytophaga; D_6__g__Capnocytophaga_s__sp._HMT_412
612	0	0	0	56	0	0	0	0	0	0	0	0	0	0	0	0	0	0	0	0	0	0	0	0	0	0	0	0	0	0	0	0	213	0	0	0	0	0	0	0	0	0	0	0	0	0	0	0	0	0	D_0__k__Bacteria; D_1__p__Bacteroidetes; D_2__c__Bacteroidia; D_3__o__Bacteroidales; D_4__f__Prevotellaceae; D_5__g__Prevotella; D_6__g__Prevotella_s__oris
613	0	0	0	0	0	0	0	107	0	0	0	0	0	0	0	0	0	88	0	0	0	0	0	0	0	0	0	0	0	0	0	0	0	0	0	0	0	0	0	0	0	0	0	0	0	0	0	0	0	105	D_0__k__Bacteria; D_1__p__Saccharibacteria_(TM7); D_2__c__Saccharibacteria_(TM7)_[C-1]; D_3__o__Saccharibacteria_(TM7)_[O-1]; D_4__f__Saccharibacteria_(TM7)_[F-1]; D_5__g__Saccharibacteria_(TM7)_[G-1]; D_6__g__Saccharibacteria_(TM7)_[G-1]_s__bacterium_HMT_347
614	0	0	0	0	0	0	0	0	0	0	0	0	0	0	0	0	0	0	0	0	0	0	0	0	0	53	0	0	0	0	0	0	0	0	0	0	0	0	0	0	0	0	0	0	0	0	169	104	0	0	D_0__k__Bacteria; D_1__p__Proteobacteria; D_2__c__Gammaproteobacteria; D_3__o__Cardiobacteriales; D_4__f__Cardiobacteriaceae; D_5__g__Cardiobacterium; D_6__g__Cardiobacterium_s__hominis
615	319	0	0	0	0	0	0	0	0	0	0	0	0	0	0	0	0	0	0	0	0	0	0	0	0	0	0	0	0	0	0	0	0	0	0	0	0	0	0	0	0	0	0	0	0	0	0	0	0	0	D_0__k__Bacteria; D_1__p__Firmicutes; D_2__c__Negativicutes; D_3__o__Selenomonadales; D_4__f__Selenomonadaceae; D_5__g__Selenomonas; D_6__g__Selenomonas_s__sputigena
616	0	0	0	0	0	0	0	0	0	0	0	325	0	0	0	0	0	0	0	0	0	0	0	0	0	0	0	0	0	0	0	0	0	0	0	0	0	0	0	0	0	0	0	0	0	0	0	0	0	0	D_0__k__Bacteria; D_1__p__Proteobacteria; D_2__c__Betaproteobacteria; D_3__o__Neisseriales; D_4__f__Neisseriaceae; D_5__g__Neisseria; D_6__g__Neisseria_s__flava
617	324	0	0	0	0	0	0	0	0	0	0	0	0	0	0	0	0	0	0	0	0	0	0	0	0	0	0	0	0	0	0	0	0	0	0	0	0	0	0	0	0	0	0	0	0	0	0	0	0	0	D_0__k__Bacteria; D_1__p__Bacteroidetes; D_2__c__Bacteroidia; D_3__o__Bacteroidales; D_4__f__Prevotellaceae; D_5__g__Prevotella; D_6__g__Prevotella_s__sp._HMT_292
618	0	0	0	0	0	0	0	0	0	0	43	0	67	25	0	0	0	0	0	0	0	0	0	0	0	0	189	0	0	0	0	0	0	0	0	0	0	0	0	0	0	0	0	0	0	0	0	0	0	0	D_0__k__Bacteria; D_1__p__Actinobacteria; D_2__c__Actinomycetia; D_3__o__Bifidobacteriales; D_4__f__Bifidobacteriaceae; D_5__g__Scardovia; D_6__g__Scardovia_s__wiggsiae
619	0	46	0	0	0	0	0	36	0	0	0	0	0	0	0	0	0	0	0	0	0	0	0	0	0	0	0	0	0	0	0	0	0	0	0	0	75	71	0	0	0	0	0	0	0	0	0	0	0	56	D_0__k__Bacteria; D_1__p__Firmicutes; D_2__c__Negativicutes; D_3__o__Selenomonadales; D_4__f__Selenomonadaceae; D_5__g__Selenomonas; D_6__g__Selenomonas_s__artemidis
620	0	7	0	0	0	0	0	0	0	0	0	0	0	0	0	0	0	0	0	0	0	0	0	0	0	0	0	0	0	0	0	0	0	0	0	0	0	0	20	0	0	0	0	0	0	0	0	0	0	295	D_0__k__Bacteria; D_1__p__Bacteroidetes; D_2__c__Flavobacteriia; D_3__o__Flavobacteriales; D_4__f__Flavobacteriaceae; D_5__g__Capnocytophaga; D_6__g__Capnocytophaga_s__sp._HMT_336
621	0	0	0	0	0	0	17	0	0	0	0	0	0	0	0	83	0	0	0	0	0	0	221	0	0	0	0	0	0	0	0	0	0	0	0	0	0	0	0	0	0	0	0	0	0	0	0	0	0	0	D_0__k__Bacteria; D_1__p__Fusobacteria; D_2__c__Fusobacteriia; D_3__o__Fusobacteriales; D_4__f__Leptotrichiaceae; D_5__g__Leptotrichia; D_6__g__Leptotrichia_s__shahii
622	0	0	0	0	280	0	40	0	0	0	0	0	0	0	0	0	0	0	0	0	0	0	0	0	0	0	0	0	0	0	0	0	0	0	0	0	0	0	0	0	0	0	0	0	0	0	0	0	0	0	D_0__k__Bacteria; D_1__p__Spirochaetes; D_2__c__Spirochaetia; D_3__o__Spirochaetales; D_4__f__Treponemataceae; D_5__g__Treponema; D_6__g__Treponema_s__sp._HMT_268
623	0	122	0	0	0	0	0	0	0	0	0	29	0	0	0	0	0	0	0	0	0	0	0	0	0	0	0	0	0	0	0	0	0	0	0	0	0	0	109	59	0	0	0	0	0	0	0	0	0	0	D_0__k__Bacteria; D_1__p__Bacteroidetes; D_2__c__Bacteroidia; D_3__o__Bacteroidales; D_4__f__Porphyromonadaceae; D_5__g__Porphyromonas; D_6__g__Porphyromonas_s__sp._HMT_278
624	0	0	0	0	0	0	0	0	0	0	0	0	0	0	0	0	0	0	0	0	0	0	0	0	0	0	0	0	0	0	0	0	0	0	318	0	0	0	0	0	0	0	0	0	0	0	0	0	0	0	D_0__k__Bacteria; D_1__p__Firmicutes; D_2__c__Bacilli; D_3__o__Lactobacillales; D_4__f__Lactobacillaceae; D_5__g__Lactobacillus; D_6__g__Lactobacillus_s__ultunensis
625	0	0	0	0	0	0	0	0	0	0	0	0	0	0	0	0	0	0	0	0	0	0	0	0	0	0	0	0	0	0	0	0	0	0	0	318	0	0	0	0	0	0	0	0	0	0	0	0	0	0	D_0__k__Bacteria; D_1__p__Proteobacteria; D_2__c__Betaproteobacteria; D_3__o__Neisseriales; D_4__f__Neisseriaceae; D_5__g__Neisseria; D_6__g__Neisseria_s__sp._HMT_499
626	0	0	0	0	0	0	51	0	0	0	208	0	0	0	0	0	0	0	0	45	0	0	0	0	0	0	0	0	0	0	0	0	0	0	0	0	0	0	0	0	0	0	0	0	0	0	0	0	0	0	D_0__k__Bacteria; D_1__p__Proteobacteria; D_2__c__Gammaproteobacteria; D_3__o__Pasteurellales; D_4__f__Pasteurellaceae; D_5__g__Haemophilus; D_6__g__Haemophilus_s__parainfluenzae
627	0	0	0	0	0	0	0	0	0	0	316	0	0	0	0	0	0	0	0	0	0	0	0	0	0	0	0	0	0	0	0	0	0	0	0	0	0	0	0	0	0	0	0	0	0	0	0	0	0	0	D_0__k__Bacteria; D_1__p__Bacteroidetes; D_2__c__Bacteroidia; D_3__o__Bacteroidales; D_4__f__Prevotellaceae; D_5__g__Alloprevotella; D_6__g__Alloprevotella_s__tannerae
628	0	0	0	0	0	0	0	0	0	0	124	0	0	0	0	0	0	0	88	0	0	0	0	0	0	0	0	0	0	0	0	0	0	0	104	0	0	0	0	0	0	0	0	0	0	0	0	0	0	0	D_0__k__Bacteria; D_1__p__Fusobacteria; D_2__c__Fusobacteriia; D_3__o__Fusobacteriales; D_4__f__Fusobacteriaceae; D_5__g__Fusobacterium; D_6__g__Fusobacterium_s__nucleatum
629	0	0	0	153	0	0	0	56	0	0	0	104	0	0	0	0	0	0	0	0	0	0	0	0	0	0	0	0	0	0	0	0	2	0	0	0	0	0	0	0	0	0	0	0	0	0	0	0	0	0	D_0__k__Bacteria; D_1__p__Bacteroidetes; D_2__c__Bacteroidia; D_3__o__Bacteroidales; D_4__f__Porphyromonadaceae; D_5__g__Porphyromonas; D_6__g__Porphyromonas_s__sp._HMT_930
630	0	0	0	0	0	0	0	0	0	0	0	91	0	0	0	0	0	0	0	0	0	8	0	0	0	48	0	0	0	0	0	0	0	0	0	0	0	0	0	0	0	0	0	0	0	0	0	0	0	83	D_0__k__Bacteria; D_1__p__Bacteroidetes; D_2__c__Bacteroidia; D_3__o__Bacteroidales; D_4__f__Prevotellaceae; D_5__g__Alloprevotella; D_6__g__Alloprevotella_s__sp._HMT_914
631	0	0	0	0	150	0	0	0	0	0	0	0	0	0	0	0	0	0	0	0	163	0	0	0	0	0	0	0	0	0	0	0	0	0	0	0	0	0	0	0	0	0	0	0	0	0	0	0	0	0	D_0__k__Bacteria; D_1__p__Bacteroidetes; D_2__c__Bacteroidetes_[C-1]; D_3__o__Bacteroidetes_[O-1]; D_4__f__Bacteroidetes_[F-1]; D_5__g__Bacteroidetes_[G-3]; D_6__g__Bacteroidetes_[G-3]_s__bacterium_HMT_899
632	0	0	0	0	0	0	0	0	0	0	0	0	0	0	0	0	0	0	0	0	0	0	126	0	0	0	0	0	0	0	0	0	0	0	0	0	87	0	0	0	0	0	0	0	0	0	41	58	0	0	D_0__k__Bacteria; D_1__p__Actinobacteria; D_2__c__Actinomycetia; D_3__o__Corynebacteriales; D_4__f__Corynebacteriaceae; D_5__g__Corynebacterium; D_6__g__Corynebacterium_s__matruchotii
633	0	0	82	33	0	0	0	44	0	0	0	62	0	0	0	0	0	0	0	0	0	0	0	0	0	0	0	0	0	0	0	0	0	0	0	0	0	0	0	0	0	0	0	0	0	0	0	0	0	27	D_0__k__Bacteria; D_1__p__Firmicutes; D_2__c__Clostridia; D_3__o__Eubacteriales; D_4__f__Lachnospiraceae; D_5__g__Lachnoanaerobaculum; D_6__g__Lachnoanaerobaculum_s__umeaense
634	0	0	0	0	0	0	0	0	0	0	0	125	0	0	0	60	0	0	0	0	0	0	0	0	0	0	0	0	0	0	0	0	0	0	0	0	0	0	0	0	0	0	0	0	0	0	0	0	0	0	D_0__k__Bacteria; D_1__p__Bacteroidetes; D_2__c__Bacteroidia; D_3__o__Bacteroidales; D_4__f__Prevotellaceae; D_5__g__Alloprevotella; D_6__g__Alloprevotella_s__sp._HMT_914
635	0	0	0	0	0	0	0	0	0	0	0	0	0	0	0	0	29	281	0	0	0	0	0	0	0	0	0	0	0	0	0	0	0	0	0	0	0	0	0	0	0	0	0	0	0	0	0	0	0	0	D_0__k__Bacteria; D_1__p__Bacteroidetes; D_2__c__Flavobacteriia; D_3__o__Flavobacteriales; D_4__f__Flavobacteriaceae; D_5__g__Capnocytophaga; D_6__g__Capnocytophaga_s__sp._HMT_412
636	0	157	0	0	0	0	0	0	0	0	0	0	0	0	0	0	0	0	0	39	0	0	0	0	0	0	0	0	0	0	0	0	0	0	0	0	29	83	0	0	0	0	0	0	0	0	0	0	0	0	D_0__k__Bacteria; D_1__p__Bacteroidetes; D_2__c__Flavobacteriia; D_3__o__Flavobacteriales; D_4__f__Flavobacteriaceae; D_5__g__Capnocytophaga; D_6__g__Capnocytophaga_s__granulosa
637	0	0	0	0	0	0	0	0	38	0	0	0	0	0	0	0	0	0	0	0	0	0	0	0	0	0	0	0	84	0	0	0	0	0	0	0	0	0	0	0	0	0	0	0	0	55	0	0	0	0	D_0__k__Bacteria; D_1__p__Firmicutes; D_2__c__Negativicutes; D_3__o__Veillonellales; D_4__f__Veillonellaceae; D_5__g__Veillonella; D_6__g__Veillonella_s__dispar
638	0	0	0	0	0	0	0	0	0	0	0	116	0	0	0	0	0	0	0	0	0	0	0	0	0	57	0	0	0	0	0	0	0	0	0	0	0	0	0	0	0	0	0	0	0	0	52	79	0	0	D_0__k__Bacteria; D_1__p__Firmicutes; D_2__c__Negativicutes; D_3__o__Selenomonadales; D_4__f__Selenomonadaceae; D_5__g__Selenomonas; D_6__g__Selenomonas_s__sp._HMT_936
639	0	27	0	0	0	0	0	0	0	0	0	0	0	0	0	0	0	0	0	0	0	0	0	0	221	19	0	0	0	0	0	0	0	0	0	0	0	0	0	0	0	0	0	0	0	0	0	36	0	0	D_0__k__Bacteria; D_1__p__Bacteroidetes; D_2__c__Flavobacteriia; D_3__o__Flavobacteriales; D_4__f__Weeksellaceae; D_5__g__Cloacibacterium; D_6__g__Cloacibacterium_s__sp._HMT_206
640	0	0	0	0	0	0	0	0	0	0	0	0	0	0	0	0	0	0	169	0	0	0	0	0	0	0	0	0	0	0	0	0	6	0	0	0	0	0	0	0	0	0	0	0	0	0	128	0	0	0	D_0__k__Bacteria; D_1__p__Bacteroidetes; D_2__c__Bacteroidia; D_3__o__Bacteroidales; D_4__f__Prevotellaceae; D_5__g__Prevotella; D_6__g__Prevotella_s__sp._HMT_292
641	0	0	0	0	0	0	0	0	0	0	0	0	0	0	0	0	0	0	0	0	0	0	0	0	0	0	0	0	0	0	0	0	0	0	0	0	0	0	174	129	0	0	0	0	0	0	0	0	0	0	D_0__k__Bacteria; D_1__p__Actinobacteria; D_2__c__Actinomycetia; D_3__o__Corynebacteriales; D_4__f__Corynebacteriaceae; D_5__g__Corynebacterium; D_6__g__Corynebacterium_s__matruchotii
642	0	0	0	0	0	0	59	0	0	0	0	0	0	0	0	0	0	0	0	0	0	0	99	0	0	20	0	0	0	0	0	0	0	0	0	0	0	0	0	0	0	0	124	0	0	0	0	0	0	0	D_0__k__Bacteria; D_1__p__Actinobacteria; D_2__c__Actinomycetia; D_3__o__Actinomycetales; D_4__f__Actinomycetaceae; D_5__g__Schaalia; D_6__g__Schaalia_s__sp._HMT_180
643	0	0	0	0	0	0	0	0	0	0	0	0	0	0	0	0	0	0	0	32	0	0	95	0	0	0	0	0	0	0	0	0	0	0	0	0	71	0	0	0	0	0	0	0	0	0	48	55	0	0	D_0__k__Bacteria; D_1__p__Actinobacteria; D_2__c__Actinomycetia; D_3__o__Corynebacteriales; D_4__f__Corynebacteriaceae; D_5__g__Corynebacterium; D_6__g__Corynebacterium_s__matruchotii
644	0	0	0	0	0	0	0	0	0	0	0	0	0	0	0	0	0	50	0	0	0	0	0	0	0	0	0	0	250	0	0	0	0	0	0	0	0	0	0	0	0	0	0	0	0	0	0	0	0	0	D_0__k__Bacteria; D_1__p__Bacteroidetes; D_2__c__Bacteroidia; D_3__o__Bacteroidales; D_4__f__Prevotellaceae; D_5__g__Prevotella; D_6__g__Prevotella_s__nanceiensis
645	0	0	0	0	0	0	0	0	0	0	0	0	0	0	0	0	0	0	0	0	0	0	0	0	0	0	0	0	0	0	0	0	0	0	0	0	0	0	0	0	300	0	0	0	0	0	0	0	0	0	D_0__k__Bacteria; D_1__p__Fusobacteria; D_2__c__Fusobacteriia; D_3__o__Fusobacteriales; D_4__f__Fusobacteriaceae; D_5__g__Fusobacterium; D_6__g__Fusobacterium_s__nucleatum
646	0	0	298	0	0	0	0	0	0	0	0	0	0	0	0	0	0	0	0	0	0	0	0	0	0	0	0	0	0	0	0	0	0	0	0	0	0	0	0	0	0	0	0	0	0	0	0	0	0	0	D_0__k__Bacteria; D_1__p__Firmicutes; D_2__c__Clostridia; D_3__o__Eubacteriales; D_4__f__Eubacteriaceae; D_5__g__Pseudoramibacter; D_6__g__Pseudoramibacter_s__alactolyticus
647	0	0	0	0	0	0	0	0	0	0	0	152	0	0	0	47	0	0	0	0	0	0	51	0	0	0	0	0	0	0	0	0	0	0	0	0	48	0	0	0	0	0	0	0	0	0	0	0	0	0	D_0__k__Bacteria; D_1__p__Bacteroidetes; D_2__c__Bacteroidia; D_3__o__Bacteroidales; D_4__f__Prevotellaceae; D_5__g__Prevotella; D_6__g__Prevotella_s__oulorum
648	0	0	0	0	0	0	0	0	0	0	0	0	0	0	0	0	0	0	0	0	0	0	0	0	0	0	0	0	0	0	0	0	0	0	0	0	69	229	0	0	0	0	0	0	0	0	0	0	0	0	D_0__k__Bacteria; D_1__p__Firmicutes; D_2__c__Bacilli; D_3__o__Lactobacillales; D_4__f__Streptococcaceae; D_5__g__Streptococcus; D_6__g__Streptococcus_s__oralis_subsp._dentisani_clade_058
649	50	0	0	0	0	0	0	0	0	0	0	118	0	0	0	0	0	0	0	0	0	0	0	0	0	0	0	0	0	35	0	23	0	0	0	0	0	0	0	0	0	0	0	0	0	0	0	0	0	0	D_0__k__Bacteria; D_1__p__Actinobacteria; D_2__c__Actinomycetia; D_3__o__Propionibacteriales; D_4__f__Propionibacteriaceae; D_5__g__Arachnia; D_6__g__Arachnia_s__propionica
650	0	0	0	0	0	0	0	109	0	0	0	0	7	0	0	11	0	12	0	0	0	0	0	0	0	0	0	0	0	0	0	0	0	0	0	4	0	34	0	0	0	0	0	0	0	0	40	80	0	0	D_0__k__Bacteria; D_1__p__Actinobacteria; D_2__c__Actinomycetia; D_3__o__Actinomycetales; D_4__f__Actinomycetaceae; D_5__g__Peptidiphaga; D_6__g__Peptidiphaga_s__gingivicola
651	0	0	0	59	0	0	0	0	0	0	89	0	0	0	0	0	0	0	0	0	0	0	0	0	0	0	0	0	0	0	0	83	0	0	0	65	0	0	0	0	0	0	0	0	0	0	0	0	0	0	D_0__k__Bacteria; D_1__p__Firmicutes; D_2__c__Bacilli; D_3__o__Bacillales; D_4__f__Gemellaceae; D_5__g__Gemella; D_6__g__Gemella_s__sanguinis
652	0	0	0	0	0	0	0	31	0	0	0	63	0	0	0	0	0	0	0	0	0	0	0	0	0	48	0	0	0	0	0	0	0	0	0	0	65	0	41	0	0	0	0	0	0	0	0	0	0	0	D_0__k__Bacteria; D_1__p__Spirochaetes; D_2__c__Spirochaetia; D_3__o__Spirochaetales; D_4__f__Treponemataceae; D_5__g__Treponema; D_6__g__Treponema_s__socranskii
653	0	0	0	0	0	0	0	0	0	0	0	183	0	0	0	0	0	0	0	0	0	0	0	0	0	0	0	0	0	0	0	0	0	0	0	0	76	32	0	0	0	0	0	0	0	0	0	0	0	0	D_0__k__Bacteria; D_1__p__Firmicutes; D_2__c__Negativicutes; D_3__o__Selenomonadales; D_4__f__Selenomonadaceae; D_5__g__Selenomonas; D_6__g__Selenomonas_s__sp._HMT_936
654	0	0	0	0	0	0	0	0	0	0	0	0	0	0	0	0	0	0	0	0	0	0	0	0	33	177	0	0	0	0	0	0	0	0	0	0	0	0	0	0	0	0	0	0	0	0	0	0	0	0	D_0__k__Bacteria; D_1__p__Bacteroidetes; D_2__c__Bacteroidia; D_3__o__Bacteroidales; D_4__f__Prevotellaceae; D_5__g__Alloprevotella; D_6__g__Alloprevotella_s__sp._HMT_914
655	0	36	0	0	0	0	0	0	0	0	0	0	0	0	0	0	0	0	0	0	0	26	0	0	0	0	0	0	0	0	0	226	0	0	0	0	0	0	0	0	0	0	0	0	0	0	0	0	0	0	D_0__k__Bacteria; D_1__p__Saccharibacteria_(TM7); D_2__c__Saccharibacteria_(TM7)_[C-1]; D_3__o__Saccharibacteria_(TM7)_[O-1]; D_4__f__Saccharibacteria_(TM7)_[F-1]; D_5__g__Saccharibacteria_(TM7)_[G-6]; D_6__g__Saccharibacteria_(TM7)_[G-6]_s__bacterium_HMT_870
656	0	0	0	0	0	0	0	0	0	0	0	0	46	0	0	0	0	0	11	0	0	0	0	0	0	0	192	0	0	0	0	0	0	0	0	0	0	0	0	0	0	0	0	0	0	0	39	0	0	0	D_0__k__Bacteria; D_1__p__Actinobacteria; D_2__c__Actinomycetia; D_3__o__Bifidobacteriales; D_4__f__Bifidobacteriaceae; D_5__g__Scardovia; D_6__g__Scardovia_s__wiggsiae
657	0	0	0	0	0	0	0	0	0	0	0	0	0	0	0	0	0	0	0	0	0	0	0	0	0	0	0	0	0	0	0	0	0	0	0	0	62	0	0	0	223	0	0	0	0	0	0	0	0	0	D_0__k__Bacteria; D_1__p__Fusobacteria; D_2__c__Fusobacteriia; D_3__o__Fusobacteriales; D_4__f__Fusobacteriaceae; D_5__g__Fusobacterium; D_6__g__Fusobacterium_s__nucleatum
658	0	0	0	0	0	0	0	0	0	0	0	0	0	0	0	0	0	0	0	0	0	0	0	0	284	0	0	0	0	0	0	0	0	0	0	0	0	0	0	0	0	0	0	0	0	0	0	0	0	0	D_0__k__Bacteria; D_1__p__Firmicutes; D_2__c__Clostridia; D_3__o__Eubacteriales; D_4__f__Peptostreptococcaceae; D_5__g__Peptostreptococcus; D_6__g__Peptostreptococcus_s__stomatis
659	0	0	0	0	0	0	70	0	0	0	0	0	0	0	0	123	0	0	0	0	0	0	0	0	0	0	0	0	0	0	0	0	0	0	0	0	90	0	0	0	0	0	0	0	0	0	0	0	0	0	D_0__k__Bacteria; D_1__p__Firmicutes; D_2__c__Negativicutes; D_3__o__Selenomonadales; D_4__f__Selenomonadaceae; D_5__g__Selenomonas; D_6__g__Selenomonas_s__sputigena
660	0	0	0	0	0	0	0	0	0	0	0	0	0	0	0	0	0	0	0	0	0	0	0	0	0	21	0	0	0	0	0	0	0	0	0	0	0	0	0	0	0	0	0	0	231	0	0	0	0	0	D_0__k__Bacteria; D_1__p__Proteobacteria; D_2__c__Betaproteobacteria; D_3__o__Neisseriales; D_4__f__Neisseriaceae; D_5__g__Neisseria; D_6__g__Neisseria_s__elongata
661	0	0	0	0	0	0	0	0	0	0	0	6	0	0	0	0	0	92	0	0	0	0	0	0	0	0	0	0	0	0	0	0	0	0	0	0	0	0	0	0	0	0	0	0	0	0	0	0	0	184	D_0__k__Bacteria; D_1__p__Bacteroidetes; D_2__c__Flavobacteriia; D_3__o__Flavobacteriales; D_4__f__Weeksellaceae; D_5__g__Weeksellaceae_[G-1]; D_6__g__Weeksellaceae_[G-1]_s__sp._HMT_907
662	0	0	0	167	0	0	0	0	0	0	0	0	0	0	0	0	0	0	0	0	0	0	0	0	0	0	0	0	0	0	0	86	0	0	0	0	0	0	0	0	0	0	0	0	0	0	0	0	0	0	D_0__k__Bacteria; D_1__p__Proteobacteria; D_2__c__Betaproteobacteria; D_3__o__Neisseriales; D_4__f__Neisseriaceae; D_5__g__Neisseria; D_6__g__Neisseria_s__perflava
663	0	0	0	0	0	0	0	0	0	0	0	0	0	0	0	0	0	0	0	0	0	0	0	0	0	0	0	0	0	0	0	0	0	0	0	0	0	0	0	0	0	0	0	0	0	0	0	0	281	0	D_0__k__Bacteria; D_1__p__Bacteroidetes; D_2__c__Bacteroidia; D_3__o__Bacteroidales; D_4__f__Tannerellaceae; D_5__g__Tannerella; D_6__g__Tannerella_s__forsythia
664	0	0	0	0	0	0	0	78	0	0	0	0	0	0	0	0	0	97	0	0	0	0	0	0	0	0	0	0	0	0	0	66	0	0	0	0	0	0	39	0	0	0	0	0	0	0	0	0	0	0	D_0__k__Bacteria; D_1__p__Firmicutes; D_2__c__Clostridia; D_3__o__Eubacteriales; D_4__f__Lachnospiraceae; D_5__g__Lachnospiraceae_[G-3]; D_6__g__Lachnospiraceae_[G-3]_s__bacterium_HMT_100
665	0	92	0	0	0	0	0	0	0	0	0	0	0	0	0	0	0	0	0	0	0	0	0	0	0	81	0	0	0	0	0	0	0	0	0	0	0	0	0	0	0	0	0	0	0	28	0	0	0	36	D_0__k__Bacteria; D_1__p__Bacteroidetes; D_2__c__Bacteroidia; D_3__o__Bacteroidales; D_4__f__Prevotellaceae; D_5__g__Alloprevotella; D_6__g__Alloprevotella_s__sp._HMT_914
666	0	0	10	0	147	0	0	0	0	0	0	0	0	0	0	0	0	0	0	0	75	0	0	0	0	0	0	0	0	0	0	0	0	0	0	0	0	0	0	0	0	0	0	0	46	0	0	0	0	0	D_0__k__Bacteria; D_1__p__Synergistetes; D_2__c__Synergistia; D_3__o__Synergistales; D_4__f__Synergistaceae; D_5__g__Fretibacterium; D_6__g__Fretibacterium_s__sp._HMT_360
667	0	0	0	0	0	0	0	0	0	0	0	149	0	0	0	0	0	0	0	0	0	0	0	0	0	0	0	0	0	0	0	0	0	49	0	0	78	0	0	0	0	0	0	0	0	0	0	0	0	0	D_0__k__Bacteria; D_1__p__Firmicutes; D_2__c__Negativicutes; D_3__o__Selenomonadales; D_4__f__Selenomonadaceae; D_5__g__Selenomonas; D_6__g__Selenomonas_s__sp._HMT_936
668	0	0	0	0	77	0	0	0	0	0	0	0	0	0	0	0	0	0	0	0	59	0	0	0	0	0	0	0	0	0	0	0	0	0	0	0	0	0	0	0	0	0	0	0	0	0	0	0	139	0	D_0__k__Bacteria; D_1__p__Spirochaetes; D_2__c__Spirochaetia; D_3__o__Spirochaetales; D_4__f__Treponemataceae; D_5__g__Treponema; D_6__g__Treponema_s__sp._HMT_951
669	0	0	0	0	0	0	0	176	0	0	0	0	0	0	0	0	0	0	0	0	0	0	0	0	0	0	0	0	0	0	0	71	0	0	0	0	0	0	0	0	0	0	0	0	0	0	0	0	0	28	D_0__k__Bacteria; D_1__p__Actinobacteria; D_2__c__Actinomycetia; D_3__o__Actinomycetales; D_4__f__Actinomycetaceae; D_5__g__Actinomyces; D_6__g__Actinomyces_s__sp._HMT_175
670	0	0	0	0	0	0	0	0	49	0	0	0	0	0	0	0	0	0	0	0	0	0	0	0	0	0	0	0	0	0	0	0	0	0	0	0	0	0	0	0	67	0	0	0	0	45	0	0	0	0	D_0__k__Bacteria; D_1__p__Firmicutes; D_2__c__Negativicutes; D_3__o__Veillonellales; D_4__f__Veillonellaceae; D_5__g__Veillonella; D_6__g__Veillonella_s__dispar
671	0	0	0	0	0	0	0	0	0	0	0	36	0	33	0	52	0	0	0	93	0	0	0	0	0	0	0	0	0	0	0	0	61	0	0	0	0	0	0	0	0	0	0	0	0	0	0	0	0	0	D_0__k__Bacteria; D_1__p__Bacteroidetes; D_2__c__Bacteroidia; D_3__o__Bacteroidales; D_4__f__Porphyromonadaceae; D_5__g__Porphyromonas; D_6__g__Porphyromonas_s__sp._HMT_275
672	0	37	0	0	0	0	0	0	0	0	0	0	0	0	0	0	0	0	0	0	0	0	0	0	0	0	0	0	237	0	0	0	0	0	0	0	0	0	0	0	0	0	0	0	0	0	0	0	0	0	D_0__k__Bacteria; D_1__p__Bacteroidetes; D_2__c__Bacteroidia; D_3__o__Bacteroidales; D_4__f__Prevotellaceae; D_5__g__Prevotella; D_6__g__Prevotella_s__nanceiensis
673	0	0	0	0	0	0	0	0	0	0	0	51	0	0	0	39	0	0	0	0	0	0	0	0	0	0	0	0	0	0	0	0	86	82	0	0	0	0	0	0	0	0	0	0	0	0	0	0	0	16	D_0__k__Bacteria; D_1__p__Firmicutes; D_2__c__Negativicutes; D_3__o__Selenomonadales; D_4__f__Selenomonadaceae; D_5__g__Selenomonas; D_6__g__Selenomonas_s__artemidis
674	0	0	0	0	0	0	0	0	0	0	0	0	0	0	0	0	0	0	271	0	0	0	0	0	0	0	0	0	0	0	0	0	0	0	0	0	0	0	0	0	0	0	0	0	0	0	0	0	0	0	D_0__k__Bacteria; D_1__p__Actinobacteria; D_2__c__Coriobacteriia; D_3__o__Coriobacteriales; D_4__f__Atopobiaceae; D_5__g__Lancefieldella; D_6__g__Lancefieldella_s__sp._HMT_199
675	0	0	0	0	0	0	0	50	0	0	0	0	0	0	0	0	0	0	0	0	0	0	0	0	172	11	0	0	0	0	0	0	0	0	0	0	0	0	0	0	0	0	0	0	0	0	0	0	0	37	D_0__k__Bacteria; D_1__p__Proteobacteria; D_2__c__Gammaproteobacteria; D_3__o__Pasteurellales; D_4__f__Pasteurellaceae; D_5__g__Haemophilus; D_6__g__Haemophilus_s__paraphrohaemolyticus
676	0	0	0	0	0	0	0	0	0	0	0	0	0	0	0	0	0	0	0	0	0	0	0	0	0	0	0	0	0	0	0	0	0	0	0	0	0	0	0	0	0	0	0	0	268	0	0	0	0	0	D_0__k__Bacteria; D_1__p__Bacteroidetes; D_2__c__Bacteroidia; D_3__o__Bacteroidales; D_4__f__Prevotellaceae; D_5__g__Prevotella; D_6__g__Prevotella_s__multiformis
677	0	0	0	0	0	0	0	0	0	0	0	0	0	0	0	0	0	0	0	0	0	0	0	0	0	0	0	0	0	0	0	0	0	0	0	0	0	0	0	0	0	0	0	0	268	0	0	0	0	0	D_0__k__Bacteria; D_1__p__Bacteroidetes; D_2__c__Bacteroidia; D_3__o__Bacteroidales; D_4__f__Prevotellaceae; D_5__g__Alloprevotella; D_6__g__Alloprevotella_s__tannerae
678	0	0	0	0	0	0	0	0	0	0	0	0	0	0	0	0	0	0	0	0	0	0	0	0	48	0	0	0	0	0	0	0	51	69	0	0	0	0	0	0	0	0	0	0	0	0	0	0	0	99	D_0__k__Bacteria; D_1__p__Proteobacteria; D_2__c__Gammaproteobacteria; D_3__o__Pasteurellales; D_4__f__Pasteurellaceae; D_5__g__Haemophilus; D_6__g__Haemophilus_s__paraphrohaemolyticus
679	0	0	0	0	0	0	0	0	0	0	0	0	0	0	0	0	0	0	0	0	0	0	0	0	0	162	0	0	0	0	0	0	59	0	0	0	0	0	0	0	0	0	0	0	0	0	0	46	0	0	D_0__k__Bacteria; D_1__p__Bacteroidetes; D_2__c__Bacteroidia; D_3__o__Bacteroidales; D_4__f__Prevotellaceae; D_5__g__Prevotella; D_6__g__Prevotella_s__melaninogenica
680	0	0	265	0	0	0	0	0	0	0	0	0	0	0	0	0	0	0	0	0	0	0	0	0	0	0	0	0	0	0	0	0	0	0	0	0	0	0	0	0	0	0	0	0	0	0	0	0	0	0	D_0__k__Bacteria; D_1__p__Proteobacteria; D_2__c__Deltaproteobacteria; D_3__o__Desulfobacterales; D_4__f__Desulfobulbaceae; D_5__g__Desulfobulbus; D_6__g__Desulfobulbus_s__sp._HMT_041
681	0	0	0	60	0	0	0	0	0	0	0	0	0	0	0	0	0	3	0	0	0	0	0	0	0	0	0	0	0	0	0	5	0	150	0	0	5	7	22	0	0	0	0	0	1	0	0	0	0	0	D_0__k__Bacteria; D_1__p__Bacteroidetes; D_2__c__Flavobacteriia; D_3__o__Flavobacteriales; D_4__f__Flavobacteriaceae; D_5__g__Capnocytophaga; D_6__g__Capnocytophaga_s__granulosa
682	0	0	0	0	0	0	0	0	0	0	0	6	0	0	0	0	0	0	0	70	0	0	0	0	0	21	0	0	0	0	0	0	67	0	0	0	0	0	0	0	0	0	0	0	0	0	0	0	0	0	D_0__k__Bacteria; D_1__p__Firmicutes; D_2__c__Negativicutes; D_3__o__Selenomonadales; D_4__f__Selenomonadaceae; D_5__g__Selenomonas; D_6__g__Selenomonas_s__sp._HMT_936
683	0	0	0	0	0	0	0	0	0	0	0	0	0	0	0	57	0	0	0	0	0	0	0	0	0	0	0	0	0	0	0	0	18	0	0	14	0	0	0	0	0	0	0	0	0	0	0	0	0	0	D_0__k__Bacteria; D_1__p__Proteobacteria; D_2__c__Gammaproteobacteria; D_3__o__Cardiobacteriales; D_4__f__Cardiobacteriaceae; D_5__g__Cardiobacterium; D_6__g__Cardiobacterium_s__hominis
684	0	0	96	0	0	0	0	47	0	0	0	51	0	0	0	0	0	0	0	0	0	0	0	0	0	0	0	0	0	0	0	0	0	0	0	0	0	0	0	0	0	0	0	0	0	0	0	0	0	0	D_0__k__Bacteria; D_1__p__Firmicutes; D_2__c__Clostridia; D_3__o__Eubacteriales; D_4__f__Lachnospiraceae; D_5__g__Lachnoanaerobaculum; D_6__g__Lachnoanaerobaculum_s__umeaense
685	0	0	0	0	0	0	0	0	0	0	0	0	0	0	0	0	0	0	0	0	0	0	0	0	0	0	0	0	0	0	0	0	0	0	0	0	0	0	0	0	0	0	0	0	133	129	0	0	0	0	D_0__k__Bacteria; D_1__p__Bacteroidetes; D_2__c__Bacteroidia; D_3__o__Bacteroidales; D_4__f__Prevotellaceae; D_5__g__Prevotella; D_6__g__Prevotella_s__veroralis
686	0	0	0	0	0	0	0	46	0	0	0	0	0	0	0	0	0	0	0	0	63	0	0	0	0	0	0	0	0	0	0	0	0	0	0	0	0	0	58	0	0	0	0	0	0	0	0	0	0	0	D_0__k__Bacteria; D_1__p__Absconditabacteria_(SR1); D_2__c__Absconditabacteria_(SR1)_[C-1]; D_3__o__Absconditabacteria_(SR1)_[O-1]; D_4__f__Absconditabacteria_(SR1)_[F-1]; D_5__g__Absconditabacteria_(SR1)_[G-1]; D_6__g__Absconditabacteria_(SR1)_[G-1]_s__bacterium_HMT_345
687	0	0	0	0	0	0	0	0	0	0	0	0	0	0	0	0	0	0	0	0	0	0	28	0	0	0	0	0	0	0	0	0	0	0	0	0	46	15	0	0	0	0	0	0	0	0	74	11	0	86	D_0__k__Bacteria; D_1__p__Proteobacteria; D_2__c__Betaproteobacteria; D_3__o__Neisseriales; D_4__f__Neisseriaceae; D_5__g__Eikenella; D_6__g__Eikenella_s__corrodens
688	0	0	0	0	0	0	0	0	0	0	0	0	0	0	0	0	0	0	0	0	258	0	0	0	0	0	0	0	0	0	0	0	0	0	0	0	0	0	0	0	0	0	0	0	0	0	0	0	0	0	D_0__k__Bacteria; D_1__p__Bacteroidetes; D_2__c__Bacteroidetes_[C-1]; D_3__o__Bacteroidetes_[O-1]; D_4__f__Bacteroidetes_[F-1]; D_5__g__Bacteroidetes_[G-3]; D_6__g__Bacteroidetes_[G-3]_s__bacterium_HMT_503
689	0	0	0	0	0	0	0	0	0	0	0	0	0	0	0	0	0	0	0	0	0	0	0	0	0	88	0	0	0	0	0	0	0	0	0	0	77	0	0	0	0	0	0	0	0	0	0	0	92	0	D_0__k__Bacteria; D_1__p__Fusobacteria; D_2__c__Fusobacteriia; D_3__o__Fusobacteriales; D_4__f__Fusobacteriaceae; D_5__g__Fusobacterium; D_6__g__Fusobacterium_s__naviforme
690	0	0	0	36	24	0	0	57	0	0	0	0	0	0	0	0	0	0	0	0	0	0	0	0	0	0	0	0	0	0	0	0	0	0	0	0	0	0	0	0	0	0	0	0	0	0	0	0	0	0	D_0__k__Bacteria; D_1__p__Fusobacteria; D_2__c__Fusobacteriia; D_3__o__Fusobacteriales; D_4__f__Leptotrichiaceae; D_5__g__Leptotrichia; D_6__g__Leptotrichia_s__hofstadii
691	0	0	0	0	0	0	0	0	0	0	0	71	0	0	0	0	10	0	0	60	0	0	0	0	0	0	0	0	0	0	0	0	62	0	0	0	0	0	0	0	0	0	0	0	0	0	0	0	0	52	D_0__k__Bacteria; D_1__p__Bacteroidetes; D_2__c__Bacteroidia; D_3__o__Bacteroidales; D_4__f__Porphyromonadaceae; D_5__g__Porphyromonas; D_6__g__Porphyromonas_s__sp._HMT_275
692	0	0	0	0	0	42	87	5	0	0	0	0	0	0	0	0	0	0	0	0	0	12	0	0	0	0	0	0	0	0	0	0	0	0	0	0	0	0	0	0	0	0	0	0	0	108	0	0	0	0	D_0__k__Bacteria; D_1__p__Bacteroidetes; D_2__c__Bacteroidia; D_3__o__Bacteroidales; D_4__f__Prevotellaceae; D_5__g__Prevotella; D_6__g__Prevotella_s__nanceiensis
693	0	0	0	0	0	0	0	0	0	0	90	0	0	0	0	0	0	0	0	0	0	0	0	0	0	0	0	0	0	0	0	0	0	0	0	0	0	0	0	0	0	0	0	163	0	0	0	0	0	0	D_0__k__Bacteria; D_1__p__Actinobacteria; D_2__c__Actinomycetia; D_3__o__Actinomycetales; D_4__f__Actinomycetaceae; D_5__g__Actinomyces; D_6__g__Actinomyces_s__oris
694	0	0	0	0	0	0	0	0	0	0	0	0	0	0	0	0	0	0	0	0	0	0	60	0	0	0	0	0	0	17	0	0	0	0	0	0	0	0	0	0	0	0	176	0	0	0	0	0	0	0	D_0__k__Bacteria; D_1__p__Actinobacteria; D_2__c__Actinomycetia; D_3__o__Actinomycetales; D_4__f__Actinomycetaceae; D_5__g__Schaalia; D_6__g__Schaalia_s__sp._HMT_180
695	0	0	0	0	0	0	252	0	0	0	0	0	0	0	0	0	0	0	0	0	0	0	0	0	0	0	0	0	0	0	0	0	0	0	0	0	0	0	0	0	0	0	0	0	0	0	0	0	0	0	D_0__k__Bacteria; D_1__p__Actinobacteria; D_2__c__Actinomycetia; D_3__o__Bifidobacteriales; D_4__f__Bifidobacteriaceae; D_5__g__Scardovia; D_6__g__Scardovia_s__inopinata
696	0	0	0	0	0	0	0	38	0	0	0	0	0	0	0	0	16	119	0	0	0	0	0	0	0	0	0	0	0	0	0	0	0	0	0	0	0	0	0	0	0	0	0	0	0	0	0	0	0	0	D_0__k__Bacteria; D_1__p__Fusobacteria; D_2__c__Fusobacteriia; D_3__o__Fusobacteriales; D_4__f__Leptotrichiaceae; D_5__g__Leptotrichia; D_6__g__Leptotrichia_s__buccalis
697	0	0	251	0	0	0	0	0	0	0	0	0	0	0	0	0	0	0	0	0	0	0	0	0	0	0	0	0	0	0	0	0	0	0	0	0	0	0	0	0	0	0	0	0	0	0	0	0	0	0	D_0__k__Bacteria; D_1__p__Firmicutes; D_2__c__Negativicutes; D_3__o__Selenomonadales; D_4__f__Selenomonadaceae; D_5__g__Veillonellaceae_[G-1]; D_6__g__Veillonellaceae_[G-1]_s__bacterium_HMT_145
698	0	0	0	14	0	0	0	91	0	0	0	0	0	0	0	0	0	0	0	0	0	0	0	0	0	0	0	0	0	0	0	0	0	0	0	0	0	0	40	0	0	0	0	48	0	0	46	11	0	0	D_0__k__Bacteria; D_1__p__Actinobacteria; D_2__c__Actinomycetia; D_3__o__Propionibacteriales; D_4__f__Propionibacteriaceae; D_5__g__Arachnia; D_6__g__Arachnia_s__propionica
699	0	0	0	0	0	0	0	0	0	0	0	0	0	0	0	0	0	0	0	0	0	0	30	0	0	168	0	0	0	0	0	0	0	0	0	0	0	0	0	0	0	0	0	0	0	0	0	52	0	0	D_0__k__Bacteria; D_1__p__Bacteroidetes; D_2__c__Flavobacteriia; D_3__o__Flavobacteriales; D_4__f__Weeksellaceae; D_5__g__Weeksellaceae_[G-1]; D_6__g__Weeksellaceae_[G-1]_s__sp._HMT_900
700	0	0	0	0	0	0	0	0	0	0	0	0	0	0	0	0	0	77	0	0	0	0	0	0	0	0	0	0	0	0	0	0	0	0	0	0	0	0	0	0	0	0	0	0	0	0	0	0	0	171	D_0__k__Bacteria; D_1__p__Proteobacteria; D_2__c__Gammaproteobacteria; D_3__o__Pasteurellales; D_4__f__Pasteurellaceae; D_5__g__Haemophilus; D_6__g__Haemophilus_s__parainfluenzae
701	0	80	0	0	0	0	0	0	0	0	0	0	0	0	0	0	0	0	0	0	0	0	0	0	0	0	0	0	0	0	0	0	0	0	0	0	0	0	0	0	0	0	0	0	0	0	0	0	0	0	D_0__k__Bacteria; D_1__p__Bacteroidetes; D_2__c__Flavobacteriia; D_3__o__Flavobacteriales; D_4__f__Flavobacteriaceae; D_5__g__Capnocytophaga; D_6__g__Capnocytophaga_s__leadbetteri
702	0	0	0	0	0	0	0	0	0	0	0	0	0	0	0	0	0	0	247	0	0	0	0	0	0	0	0	0	0	0	0	0	0	0	0	0	0	0	0	0	0	0	0	0	0	0	0	0	0	0	D_0__k__Bacteria; D_1__p__Bacteroidetes; D_2__c__Bacteroidia; D_3__o__Bacteroidales; D_4__f__Tannerellaceae; D_5__g__Tannerella; D_6__g__Tannerella_s__forsythia
703	0	0	0	0	0	0	0	0	0	0	0	0	0	0	0	0	0	0	0	0	0	0	0	0	0	0	0	0	0	0	0	247	0	0	0	0	0	0	0	0	0	0	0	0	0	0	0	0	0	0	D_0__k__Bacteria; D_1__p__Fusobacteria; D_2__c__Fusobacteriia; D_3__o__Fusobacteriales; D_4__f__Leptotrichiaceae; D_5__g__Pseudoleptotrichia; D_6__g__Pseudoleptotrichia_s__goodfellowii
704	0	0	246	0	0	0	0	0	0	0	0	0	0	0	0	0	0	0	0	0	0	0	0	0	0	0	0	0	0	0	0	0	0	0	0	0	0	0	0	0	0	0	0	0	0	0	0	0	0	0	D_0__k__Bacteria; D_1__p__Bacteroidetes; D_2__c__Bacteroidia; D_3__o__Bacteroidales; D_4__f__Prevotellaceae; D_5__g__Prevotella; D_6__g__Prevotella_s__koreensis
705	0	0	0	0	0	0	0	0	0	0	0	0	0	0	0	0	0	0	0	0	0	0	0	0	0	0	0	0	16	201	0	0	0	0	0	0	0	0	0	0	0	0	0	0	0	0	0	0	0	0	D_0__k__Bacteria; D_1__p__Bacteroidetes; D_2__c__Flavobacteriia; D_3__o__Flavobacteriales; D_4__f__Flavobacteriaceae; D_5__g__Capnocytophaga; D_6__g__Capnocytophaga_s__gingivalis
706	0	0	0	0	0	0	0	0	0	0	0	0	0	0	0	0	0	0	0	0	0	0	0	0	0	0	0	0	0	0	0	0	0	0	0	0	0	246	0	0	0	0	0	0	0	0	0	0	0	0	D_0__k__Bacteria; D_1__p__Proteobacteria; D_2__c__Betaproteobacteria; D_3__o__Neisseriales; D_4__f__Neisseriaceae; D_5__g__Neisseria; D_6__g__Neisseria_s__cinerea
707	0	2	0	0	0	0	0	0	0	0	0	0	0	0	0	0	0	0	0	0	0	0	33	0	0	0	0	0	0	0	0	0	0	0	0	0	0	0	116	94	0	0	0	0	0	0	0	0	0	0	D_0__k__Bacteria; D_1__p__Bacteroidetes; D_2__c__Bacteroidia; D_3__o__Bacteroidales; D_4__f__Tannerellaceae; D_5__g__Tannerella; D_6__g__Tannerella_s__sp._HMT_286
708	0	0	0	25	0	0	0	0	0	0	0	0	0	0	0	0	0	0	0	0	0	0	0	0	0	0	0	0	0	0	0	0	220	0	0	0	0	0	0	0	0	0	0	0	0	0	0	0	0	0	D_0__k__Bacteria; D_1__p__Fusobacteria; D_2__c__Fusobacteriia; D_3__o__Fusobacteriales; D_4__f__Leptotrichiaceae; D_5__g__Pseudoleptotrichia; D_6__g__Pseudoleptotrichia_s__sp._HMT_219
709	0	0	0	0	0	0	0	0	0	0	0	0	0	0	0	0	0	0	0	0	0	0	245	0	0	0	0	0	0	0	0	0	0	0	0	0	0	0	0	0	0	0	0	0	0	0	0	0	0	0	D_0__k__Bacteria; D_1__p__Bacteroidetes; D_2__c__Bacteroidia; D_3__o__Bacteroidales; D_4__f__Prevotellaceae; D_5__g__Prevotella; D_6__g__Prevotella_s__sp._HMT_306
710	0	0	0	82	0	0	0	0	0	0	0	0	0	0	0	0	0	103	0	0	0	0	0	0	0	0	0	0	0	0	0	0	0	0	0	0	0	58	0	0	0	0	0	0	0	0	0	0	0	0	D_0__k__Bacteria; D_1__p__Bacteroidetes; D_2__c__Flavobacteriia; D_3__o__Flavobacteriales; D_4__f__Weeksellaceae; D_5__g__Weeksellaceae_[G-1]; D_6__g__Weeksellaceae_[G-1]_s__sp._HMT_907
711	0	0	0	36	0	0	0	50	0	0	0	0	0	0	0	0	0	0	0	0	0	0	0	0	0	0	0	0	0	0	0	0	0	0	0	0	0	0	0	46	0	0	0	0	0	0	0	0	0	0	D_0__k__Bacteria; D_1__p__Fusobacteria; D_2__c__Fusobacteriia; D_3__o__Fusobacteriales; D_4__f__Leptotrichiaceae; D_5__g__Leptotrichia; D_6__g__Leptotrichia_s__hofstadii
712	0	0	0	0	0	0	0	0	0	0	0	0	0	0	0	0	0	243	0	0	0	0	0	0	0	0	0	0	0	0	0	0	0	0	0	0	0	0	0	0	0	0	0	0	0	0	0	0	0	0	D_0__k__Bacteria; D_1__p__Bacteroidetes; D_2__c__Bacteroidia; D_3__o__Bacteroidales; D_4__f__Prevotellaceae; D_5__g__Prevotella; D_6__g__Prevotella_s__pallens
713	0	0	0	0	0	0	0	0	0	0	0	0	0	0	0	0	0	0	0	0	0	3	0	0	0	0	0	0	0	0	0	0	0	0	0	0	0	0	0	0	0	0	0	0	0	0	0	0	0	239	D_0__k__Bacteria; D_1__p__Gracilibacteria_(GN02); D_2__c__Gracilibacteria_(GN02)_[C-1]; D_3__o__Gracilibacteria_(GN02)_[O-1]; D_4__f__Gracilibacteria_(GN02)_[F-1]; D_5__g__Gracilibacteria_(GN02)_[G-1]; D_6__g__Gracilibacteria_(GN02)_[G-1]_s__bacterium_HMT_871
714	0	0	0	0	0	0	0	0	0	0	0	0	0	0	0	0	0	0	0	0	0	0	0	0	0	0	0	0	0	0	0	0	0	0	0	0	0	0	0	0	0	0	0	0	0	0	95	147	0	0	D_0__k__Bacteria; D_1__p__Bacteroidetes; D_2__c__Flavobacteriia; D_3__o__Flavobacteriales; D_4__f__Flavobacteriaceae; D_5__g__Capnocytophaga; D_6__g__Capnocytophaga_s__sp._HMT_336
715	0	0	0	44	0	0	0	0	0	0	0	0	0	0	0	0	0	0	0	0	0	0	0	0	0	77	0	0	0	0	0	0	0	0	0	0	0	0	0	0	0	0	0	0	65	55	0	0	0	0	D_0__k__Bacteria; D_1__p__Bacteroidetes; D_2__c__Bacteroidia; D_3__o__Bacteroidales; D_4__f__Porphyromonadaceae; D_5__g__Porphyromonas; D_6__g__Porphyromonas_s__sp._HMT_930
716	0	0	0	14	0	0	0	84	0	0	0	0	0	0	0	0	0	74	0	0	0	0	0	0	0	0	0	0	0	0	0	0	0	0	0	0	0	0	32	0	0	0	0	0	0	0	0	0	0	0	D_0__k__Bacteria; D_1__p__Firmicutes; D_2__c__Clostridia; D_3__o__Eubacteriales; D_4__f__Lachnospiraceae; D_5__g__Lachnospiraceae_[G-3]; D_6__g__Lachnospiraceae_[G-3]_s__bacterium_HMT_100
717	0	0	0	0	0	75	0	0	0	0	0	0	0	0	0	78	0	0	0	0	0	0	0	0	0	0	0	0	0	0	0	0	0	0	0	0	0	0	0	0	0	0	0	0	0	0	0	0	0	0	D_0__k__Bacteria; D_1__p__Actinobacteria; D_2__c__Actinomycetia; D_3__o__Corynebacteriales; D_4__f__Corynebacteriaceae; D_5__g__Corynebacterium; D_6__g__Corynebacterium_s__matruchotii
718	0	0	0	54	0	132	0	0	0	0	0	54	0	0	0	0	0	0	0	0	0	0	0	0	0	0	0	0	0	0	0	0	0	0	0	0	0	0	0	0	0	0	0	0	0	0	0	0	0	0	D_0__k__Bacteria; D_1__p__Firmicutes; D_2__c__Clostridia; D_3__o__Eubacteriales; D_4__f__Peptostreptococcaceae; D_5__g__Mogibacterium; D_6__g__Mogibacterium_s__vescum
719	0	0	0	0	0	0	0	0	0	0	0	132	0	0	0	0	0	14	0	0	0	0	0	0	0	70	0	0	0	0	0	0	0	0	0	0	0	0	0	0	0	0	0	0	0	0	0	0	0	0	D_0__k__Bacteria; D_1__p__Bacteroidetes; D_2__c__Bacteroidia; D_3__o__Bacteroidales; D_4__f__Prevotellaceae; D_5__g__Alloprevotella; D_6__g__Alloprevotella_s__sp._HMT_912
720	0	0	0	0	0	0	0	0	0	0	0	0	0	0	0	0	0	0	0	0	0	0	0	0	0	0	0	0	0	47	0	0	62	131	0	0	0	0	0	0	0	0	0	0	0	0	0	0	0	0	D_0__k__Bacteria; D_1__p__Actinobacteria; D_2__c__Actinomycetia; D_3__o__Micrococcales; D_4__f__Micrococcaceae; D_5__g__Rothia; D_6__g__Rothia_s__aeria
721	0	0	0	0	0	0	0	0	238	0	0	0	0	0	0	0	0	0	0	0	0	0	0	0	0	0	0	0	0	0	0	0	0	0	0	0	0	0	0	0	0	0	0	0	0	0	0	0	0	0	D_0__k__Bacteria; D_1__p__Proteobacteria; D_2__c__Gammaproteobacteria; D_3__o__Enterobacterales; D_4__f__Enterobacteriaceae; D_5__g__Klebsiella; D_6__g__Klebsiella_s__pneumoniae
722	0	0	0	0	0	0	0	0	0	0	0	0	0	0	0	0	0	0	0	0	0	0	0	0	0	0	0	0	0	0	0	0	42	195	0	0	0	0	0	0	0	0	0	0	0	0	0	0	0	0	D_0__k__Bacteria; D_1__p__Fusobacteria; D_2__c__Fusobacteriia; D_3__o__Fusobacteriales; D_4__f__Leptotrichiaceae; D_5__g__Pseudoleptotrichia; D_6__g__Pseudoleptotrichia_s__goodfellowii
723	0	0	0	156	0	0	0	0	0	0	0	0	0	0	0	27	0	0	0	0	0	0	0	0	0	0	0	0	0	0	0	0	0	0	0	0	0	0	0	53	0	0	0	0	0	0	0	0	0	0	D_0__k__Bacteria; D_1__p__Fusobacteria; D_2__c__Fusobacteriia; D_3__o__Fusobacteriales; D_4__f__Leptotrichiaceae; D_5__g__Leptotrichia; D_6__g__Leptotrichia_s__sp._HMT_498
724	0	30	0	0	0	0	0	0	0	0	0	108	0	0	0	0	0	19	0	0	0	0	0	0	0	57	0	0	0	0	0	0	0	0	0	0	0	0	0	0	0	0	0	0	0	0	0	0	0	0	D_0__k__Bacteria; D_1__p__Bacteroidetes; D_2__c__Bacteroidia; D_3__o__Bacteroidales; D_4__f__Prevotellaceae; D_5__g__Alloprevotella; D_6__g__Alloprevotella_s__sp._HMT_912
725	0	23	0	0	0	0	0	0	0	0	0	76	0	0	0	0	0	0	0	0	0	0	0	0	0	0	0	0	0	0	0	0	1	0	0	0	81	0	0	0	0	0	0	0	0	0	0	0	0	0	D_0__k__Bacteria; D_1__p__Firmicutes; D_2__c__Negativicutes; D_3__o__Selenomonadales; D_4__f__Selenomonadaceae; D_5__g__Selenomonas; D_6__g__Selenomonas_s__flueggei
726	0	0	146	0	0	0	0	0	0	0	0	0	0	0	0	0	0	0	0	0	0	0	0	0	0	0	0	0	0	0	0	0	0	0	0	0	0	0	0	0	0	0	0	0	0	0	0	0	87	0	D_0__k__Bacteria; D_1__p__Actinobacteria; D_2__c__Coriobacteriia; D_3__o__Coriobacteriales; D_4__f__Atopobiaceae; D_5__g__Lancefieldella; D_6__g__Lancefieldella_s__sp._HMT_199
727	0	0	125	0	22	0	0	0	0	0	0	0	0	0	0	0	0	0	0	0	0	0	0	0	0	0	0	0	0	0	0	0	0	0	0	0	0	0	0	0	0	0	0	0	0	0	0	0	86	0	D_0__k__Bacteria; D_1__p__Spirochaetes; D_2__c__Spirochaetia; D_3__o__Spirochaetales; D_4__f__Treponemataceae; D_5__g__Treponema; D_6__g__Treponema_s__socranskii
728	0	0	0	0	0	0	0	0	0	0	0	0	0	0	0	0	0	0	0	233	0	0	0	0	0	0	0	0	0	0	0	0	0	0	0	0	0	0	0	0	0	0	0	0	0	0	0	0	0	0	D_0__k__Bacteria; D_1__p__Firmicutes; D_2__c__Bacilli; D_3__o__Lactobacillales; D_4__f__Streptococcaceae; D_5__g__Streptococcus; D_6__g__Streptococcus_s__oralis_subsp._dentisani_clade_058
729	0	0	0	232	0	0	0	0	0	0	0	0	0	0	0	0	0	0	0	0	0	0	0	0	0	0	0	0	0	0	0	0	0	0	0	0	0	0	0	0	0	0	0	0	0	0	0	0	0	0	D_0__k__Bacteria; D_1__p__Firmicutes; D_2__c__Bacilli; D_3__o__Lactobacillales; D_4__f__Streptococcaceae; D_5__g__Streptococcus; D_6__g__Streptococcus_s__oralis_subsp._dentisani_clade_058
730	0	0	0	0	0	0	0	0	0	0	0	0	0	0	0	0	0	0	0	0	0	0	52	0	0	0	0	0	0	0	0	0	81	0	0	0	0	0	0	0	0	0	0	0	0	0	99	0	0	0	D_0__k__Bacteria; D_1__p__Proteobacteria; D_2__c__Epsilonproteobacteria; D_3__o__Campylobacterales; D_4__f__Campylobacteraceae; D_5__g__Campylobacter; D_6__g__Campylobacter_s__curvus
731	0	0	0	0	0	0	0	0	0	0	0	0	0	0	0	0	0	0	0	0	0	0	0	0	0	0	0	0	0	0	0	0	0	0	0	0	232	0	0	0	0	0	0	0	0	0	0	0	0	0	D_0__k__Bacteria; D_1__p__Fusobacteria; D_2__c__Fusobacteriia; D_3__o__Fusobacteriales; D_4__f__Fusobacteriaceae; D_5__g__Fusobacterium; D_6__g__Fusobacterium_s__nucleatum
732	0	0	0	0	0	0	0	0	0	0	0	0	0	0	0	0	0	0	0	0	0	0	0	0	0	0	0	0	0	0	0	0	0	0	0	0	0	0	0	0	232	0	0	0	0	0	0	0	0	0	D_0__k__Bacteria; D_1__p__Bacteroidetes; D_2__c__Flavobacteriia; D_3__o__Flavobacteriales; D_4__f__Flavobacteriaceae; D_5__g__Capnocytophaga; D_6__g__Capnocytophaga_s__sp._HMT_323
733	0	144	0	0	0	0	0	0	0	0	0	0	0	0	0	0	0	0	0	0	0	0	0	0	0	0	0	0	0	0	0	0	0	0	0	0	0	0	0	0	0	0	0	0	0	0	0	87	0	0	D_0__k__Bacteria; D_1__p__Proteobacteria; D_2__c__Betaproteobacteria; D_3__o__Neisseriales; D_4__f__Neisseriaceae; D_5__g__Neisseria; D_6__g__Neisseria_s__flava
734	0	0	101	0	0	0	0	0	0	0	0	0	0	0	0	0	0	0	0	0	0	0	0	0	0	0	0	0	0	0	0	0	0	0	0	0	0	0	0	0	0	0	0	0	43	0	0	0	87	0	D_0__k__Bacteria; D_1__p__Firmicutes; D_2__c__Clostridia; D_3__o__Eubacteriales; D_4__f__Peptostreptococcaceae; D_5__g__Peptostreptococcaceae_[G-6]; D_6__g__Peptostreptococcaceae_[G-6]_s__[Eubacterium]_nodatum
735	0	0	0	0	0	0	0	0	0	0	0	0	0	0	0	0	0	0	0	0	0	0	0	0	0	0	0	0	0	0	0	0	0	0	0	0	0	0	7	0	0	0	0	0	0	0	224	0	0	0	D_0__k__Bacteria; D_1__p__Firmicutes; D_2__c__Negativicutes; D_3__o__Selenomonadales; D_4__f__Selenomonadaceae; D_5__g__Selenomonas; D_6__g__Selenomonas_s__sputigena
736	0	0	0	65	0	0	0	0	0	0	0	0	0	0	0	0	0	5	0	0	0	0	0	0	0	3	0	0	0	0	0	3	0	126	0	0	1	4	22	0	0	0	0	0	0	0	0	0	0	0	D_0__k__Bacteria; D_1__p__Bacteroidetes; D_2__c__Flavobacteriia; D_3__o__Flavobacteriales; D_4__f__Flavobacteriaceae; D_5__g__Capnocytophaga; D_6__g__Capnocytophaga_s__granulosa
737	0	0	0	0	0	0	0	0	0	0	0	0	0	0	0	0	0	0	0	0	39	0	0	0	0	0	0	0	0	0	0	0	0	0	0	0	0	0	0	0	0	0	0	0	0	0	0	0	190	0	D_0__k__Bacteria; D_1__p__Fusobacteria; D_2__c__Fusobacteriia; D_3__o__Fusobacteriales; D_4__f__Fusobacteriaceae; D_5__g__Fusobacterium; D_6__g__Fusobacterium_s__nucleatum
738	0	0	0	0	0	0	0	0	0	0	0	0	0	0	0	0	0	0	0	0	0	0	0	0	229	0	0	0	0	0	0	0	0	0	0	0	0	0	0	0	0	0	0	0	0	0	0	0	0	0	D_0__k__Bacteria; D_1__p__Fusobacteria; D_2__c__Fusobacteriia; D_3__o__Fusobacteriales; D_4__f__Fusobacteriaceae; D_5__g__Fusobacterium; D_6__g__Fusobacterium_s__nucleatum
739	0	0	0	0	0	0	0	0	0	0	0	0	0	0	0	0	0	0	0	0	0	0	0	0	0	0	0	0	0	0	228	0	0	0	0	0	0	0	0	0	0	0	0	0	0	0	0	0	0	0	D_0__k__Bacteria; D_1__p__Proteobacteria; D_2__c__Gammaproteobacteria; D_3__o__Pasteurellales; D_4__f__Pasteurellaceae; D_5__g__Haemophilus; D_6__g__Haemophilus_s__parainfluenzae
740	0	0	0	0	0	0	0	0	0	0	0	0	0	0	0	0	0	0	0	18	0	0	0	0	0	0	0	0	0	0	0	0	0	0	0	0	129	80	0	0	0	0	0	0	0	0	0	0	0	0	D_0__k__Bacteria; D_1__p__Bacteroidetes; D_2__c__Flavobacteriia; D_3__o__Flavobacteriales; D_4__f__Flavobacteriaceae; D_5__g__Capnocytophaga; D_6__g__Capnocytophaga_s__sputigena
741	0	0	0	0	0	0	0	0	0	0	0	0	0	0	0	0	0	0	0	0	0	0	0	0	0	0	0	0	0	0	0	0	0	0	0	0	0	0	0	0	0	227	0	0	0	0	0	0	0	0	D_0__k__Bacteria; D_1__p__Firmicutes; D_2__c__Bacilli; D_3__o__Lactobacillales; D_4__f__Streptococcaceae; D_5__g__Streptococcus; D_6__g__Streptococcus_s__parasanguinis_clade_721
742	0	12	0	0	0	0	0	0	0	0	0	0	0	0	0	0	0	0	0	0	0	0	0	0	0	47	0	0	0	0	0	0	0	0	0	0	0	0	0	0	0	0	0	0	0	0	0	0	0	167	D_0__k__Bacteria; D_1__p__Gracilibacteria_(GN02); D_2__c__Gracilibacteria_(GN02)_[C-1]; D_3__o__Gracilibacteria_(GN02)_[O-1]; D_4__f__Gracilibacteria_(GN02)_[F-1]; D_5__g__Gracilibacteria_(GN02)_[G-1]; D_6__g__Gracilibacteria_(GN02)_[G-1]_s__bacterium_HMT_871
743	0	0	0	0	0	0	89	0	0	0	0	0	0	0	0	0	0	0	0	0	64	0	0	0	0	0	0	0	0	0	0	0	0	0	0	0	0	0	0	0	0	0	0	73	0	0	0	0	0	0	D_0__k__Bacteria; D_1__p__Firmicutes; D_2__c__Negativicutes; D_3__o__Selenomonadales; D_4__f__Selenomonadaceae; D_5__g__Veillonellaceae_[G-1]; D_6__g__Veillonellaceae_[G-1]_s__bacterium_HMT_155
744	0	0	0	0	0	0	0	100	0	0	0	0	0	0	0	0	0	0	0	49	0	0	0	0	0	0	0	0	0	0	0	0	0	0	0	0	8	0	0	0	0	0	0	0	0	0	0	67	0	0	D_0__k__Bacteria; D_1__p__Actinobacteria; D_2__c__Actinomycetia; D_3__o__Actinomycetales; D_4__f__Actinomycetaceae; D_5__g__Peptidiphaga; D_6__g__Peptidiphaga_s__gingivicola
745	0	26	0	0	0	0	0	0	0	0	0	0	0	0	0	0	0	0	0	0	0	0	197	0	0	0	0	0	0	0	0	0	0	0	0	0	0	0	0	0	0	0	0	0	0	0	0	0	0	0	D_0__k__Bacteria; D_1__p__Bacteroidetes; D_2__c__Bacteroidia; D_3__o__Bacteroidales; D_4__f__Tannerellaceae; D_5__g__Tannerella; D_6__g__Tannerella_s__sp._HMT_286
746	0	0	0	0	49	0	97	0	0	0	0	0	0	0	0	0	0	0	0	0	0	0	0	0	0	0	0	0	0	0	0	0	31	0	0	0	0	0	0	0	0	0	0	0	0	0	46	0	0	0	D_0__k__Bacteria; D_1__p__Actinobacteria; D_2__c__Actinomycetia; D_3__o__Propionibacteriales; D_4__f__Propionibacteriaceae; D_5__g__Acidipropionibacterium; D_6__g__Acidipropionibacterium_s__acidifaciens
747	0	151	0	0	0	0	0	0	0	0	0	0	0	0	0	0	0	0	0	0	0	0	0	0	0	0	0	0	0	0	0	0	0	0	0	0	0	0	0	0	0	0	0	0	0	0	0	71	0	0	D_0__k__Bacteria; D_1__p__Proteobacteria; D_2__c__Betaproteobacteria; D_3__o__Neisseriales; D_4__f__Neisseriaceae; D_5__g__Neisseria; D_6__g__Neisseria_s__flava
748	0	0	0	63	0	117	0	0	0	0	0	42	0	0	0	0	0	0	0	0	0	0	0	0	0	0	0	0	0	0	0	0	0	0	0	0	0	0	0	0	0	0	0	0	0	0	0	0	0	0	D_0__k__Bacteria; D_1__p__Actinobacteria; D_2__c__Coriobacteriia; D_3__o__Coriobacteriales; D_4__f__Atopobiaceae; D_5__g__Lancefieldella; D_6__g__Lancefieldella_s__rimae
749	0	0	50	0	52	0	0	0	0	0	0	0	0	0	0	0	0	0	0	0	119	0	0	0	0	0	0	0	0	0	0	0	0	0	0	0	0	0	0	0	0	0	0	0	0	0	0	0	0	0	D_0__k__Bacteria; D_1__p__Spirochaetes; D_2__c__Spirochaetia; D_3__o__Spirochaetales; D_4__f__Treponemataceae; D_5__g__Treponema; D_6__g__Treponema_s__socranskii
750	0	0	207	0	0	0	0	0	0	0	0	0	0	0	0	0	0	0	0	0	0	0	0	0	0	0	0	0	0	0	0	0	0	0	0	13	0	0	0	0	0	0	0	0	0	0	0	0	0	0	D_0__k__Bacteria; D_1__p__Proteobacteria; D_2__c__Betaproteobacteria; D_3__o__Neisseriales; D_4__f__Neisseriaceae; D_5__g__Eikenella; D_6__g__Eikenella_s__corrodens
751	0	0	0	0	0	0	0	0	0	0	0	0	0	0	0	51	0	0	0	0	0	4	0	0	0	0	0	0	0	0	0	0	0	0	0	0	0	0	0	76	0	0	0	42	0	0	0	0	0	0	D_0__k__Bacteria; D_1__p__Actinobacteria; D_2__c__Actinomycetia; D_3__o__Propionibacteriales; D_4__f__Propionibacteriaceae; D_5__g__Arachnia; D_6__g__Arachnia_s__propionica
752	0	0	0	0	0	0	0	0	0	0	0	0	0	0	0	0	0	0	0	0	0	0	0	0	0	0	0	0	0	0	0	0	0	0	0	0	0	0	0	0	0	0	0	0	0	0	0	0	219	0	D_0__k__Bacteria; D_1__p__Firmicutes; D_2__c__Negativicutes; D_3__o__Selenomonadales; D_4__f__Selenomonadaceae; D_5__g__Veillonellaceae_[G-1]; D_6__g__Veillonellaceae_[G-1]_s__bacterium_HMT_150
753	0	0	0	52	0	0	0	64	0	0	0	0	0	0	0	0	0	0	0	0	0	0	0	0	0	0	0	0	0	27	0	0	0	75	0	0	0	0	0	0	0	0	0	0	0	0	0	0	0	0	D_0__k__Bacteria; D_1__p__Fusobacteria; D_2__c__Fusobacteriia; D_3__o__Fusobacteriales; D_4__f__Leptotrichiaceae; D_5__g__Leptotrichia; D_6__g__Leptotrichia_s__hofstadii
754	0	0	0	0	0	0	0	0	0	0	0	0	0	0	0	0	0	119	0	0	0	0	0	0	0	0	0	0	0	0	0	0	0	0	0	0	0	0	0	0	0	0	0	0	0	0	0	0	0	0	D_0__k__Bacteria; D_1__p__Proteobacteria; D_2__c__Gammaproteobacteria; D_3__o__Pasteurellales; D_4__f__Pasteurellaceae; D_5__g__Aggregatibacter; D_6__g__Aggregatibacter_s__sp._HMT_512
755	0	60	0	0	0	0	0	0	0	0	0	0	0	0	0	54	0	0	0	0	0	0	0	0	0	0	0	0	0	0	0	0	0	0	0	0	0	0	0	103	0	0	0	0	0	0	0	0	0	0	D_0__k__Bacteria; D_1__p__Bacteroidetes; D_2__c__Flavobacteriia; D_3__o__Flavobacteriales; D_4__f__Flavobacteriaceae; D_5__g__Capnocytophaga; D_6__g__Capnocytophaga_s__sp._HMT_323
756	0	0	0	63	0	0	0	0	0	0	0	0	0	0	0	0	0	0	0	0	0	0	0	0	0	0	0	0	0	0	0	0	0	0	0	0	0	0	22	59	0	0	0	0	0	0	0	0	0	73	D_0__k__Bacteria; D_1__p__Proteobacteria; D_2__c__Gammaproteobacteria; D_3__o__Cardiobacteriales; D_4__f__Cardiobacteriaceae; D_5__g__Cardiobacterium; D_6__g__Cardiobacterium_s__hominis
757	0	0	0	0	0	0	0	0	0	0	0	0	0	0	0	0	0	0	217	0	0	0	0	0	0	0	0	0	0	0	0	0	0	0	0	0	0	0	0	0	0	0	0	0	0	0	0	0	0	0	D_0__k__Bacteria; D_1__p__Bacteroidetes; D_2__c__Bacteroidia; D_3__o__Bacteroidales; D_4__f__Porphyromonadaceae; D_5__g__Porphyromonas; D_6__g__Porphyromonas_s__uenonis
758	0	0	0	0	0	0	0	0	0	0	0	0	0	0	0	0	0	0	0	0	0	0	0	0	0	0	0	0	0	0	0	0	0	0	0	0	0	0	0	0	0	0	0	0	0	217	0	0	0	0	D_0__k__Bacteria; D_1__p__Fusobacteria; D_2__c__Fusobacteriia; D_3__o__Fusobacteriales; D_4__f__Leptotrichiaceae; D_5__g__Leptotrichia; D_6__g__Leptotrichia_s__hongkongensis
759	0	0	0	0	216	0	0	0	0	0	0	0	0	0	0	0	0	0	0	0	0	0	0	0	0	0	0	0	0	0	0	0	0	0	0	0	0	0	0	0	0	0	0	0	0	0	0	0	0	0	D_0__k__Bacteria; D_1__p__Spirochaetes; D_2__c__Spirochaetia; D_3__o__Spirochaetales; D_4__f__Treponemataceae; D_5__g__Treponema; D_6__g__Treponema_s__socranskii
760	0	0	0	0	0	26	0	0	0	0	0	0	0	0	0	0	0	0	0	0	0	0	0	0	0	0	0	0	0	0	0	0	0	0	0	0	0	0	0	0	0	189	0	0	0	0	0	0	0	0	D_0__k__Bacteria; D_1__p__Bacteroidetes; D_2__c__Flavobacteriia; D_3__o__Flavobacteriales; D_4__f__Flavobacteriaceae; D_5__g__Capnocytophaga; D_6__g__Capnocytophaga_s__sputigena
761	214	0	0	0	0	0	0	0	0	0	0	0	0	0	0	0	0	0	0	0	0	0	0	0	0	0	0	0	0	0	0	0	0	0	0	0	0	0	0	0	0	0	0	0	0	0	0	0	0	0	D_0__k__Bacteria; D_1__p__Actinobacteria; D_2__c__Actinomycetia; D_3__o__Bifidobacteriales; D_4__f__Bifidobacteriaceae; D_5__g__Bifidobacterium; D_6__g__Bifidobacterium_s__breve
762	0	0	0	0	0	0	0	0	0	0	0	0	0	0	0	54	0	103	0	0	0	0	0	0	0	0	0	0	0	0	0	0	0	0	0	0	0	0	0	0	0	0	0	0	0	0	0	0	0	0	D_0__k__Bacteria; D_1__p__Bacteroidetes; D_2__c__Bacteroidia; D_3__o__Bacteroidales; D_4__f__Porphyromonadaceae; D_5__g__Porphyromonas; D_6__g__Porphyromonas_s__sp._HMT_278
763	0	0	0	0	0	0	0	0	0	0	0	0	0	0	0	0	0	0	0	0	0	0	0	0	0	214	0	0	0	0	0	0	0	0	0	0	0	0	0	0	0	0	0	0	0	0	0	0	0	0	D_0__k__Bacteria; D_1__p__Fusobacteria; D_2__c__Fusobacteriia; D_3__o__Fusobacteriales; D_4__f__Fusobacteriaceae; D_5__g__Fusobacterium; D_6__g__Fusobacterium_s__sp._HMT_203
764	0	0	0	0	0	0	0	0	0	0	0	0	0	0	0	0	0	0	0	0	0	0	0	0	74	0	0	0	0	0	0	0	0	64	0	0	0	0	52	0	0	0	0	0	0	0	0	0	0	0	D_0__k__Bacteria; D_1__p__Firmicutes; D_2__c__Negativicutes; D_3__o__Selenomonadales; D_4__f__Selenomonadaceae; D_5__g__Selenomonas; D_6__g__Selenomonas_s__sp._HMT_138
765	34	55	0	0	0	0	0	0	58	0	22	0	0	0	0	0	0	0	0	0	0	0	0	0	0	0	0	0	0	0	0	0	0	0	0	0	0	0	0	0	0	0	0	0	0	0	0	0	0	0	D_0__k__Bacteria; D_1__p__Actinobacteria; D_2__c__Actinomycetia; D_3__o__Actinomycetales; D_4__f__Actinomycetaceae; D_5__g__Actinomyces; D_6__g__Actinomyces_s__johnsonii
766	0	0	212	0	0	0	0	0	0	0	0	0	0	0	0	0	0	0	0	0	0	0	0	0	0	0	0	0	0	0	0	0	0	0	0	0	0	0	0	0	0	0	0	0	0	0	0	0	0	0	D_0__k__Bacteria; D_1__p__Spirochaetes; D_2__c__Spirochaetia; D_3__o__Spirochaetales; D_4__f__Treponemataceae; D_5__g__Treponema; D_6__g__Treponema_s__maltophilum
767	0	0	84	33	0	0	0	0	0	0	44	0	0	0	0	0	0	0	0	0	0	0	0	0	0	0	51	0	0	0	0	0	0	0	0	0	0	0	0	0	0	0	0	0	0	0	0	0	0	0	D_0__k__Bacteria; D_1__p__Actinobacteria; D_2__c__Actinomycetia; D_3__o__Actinomycetales; D_4__f__Actinomycetaceae; D_5__g__Actinomyces; D_6__g__Actinomyces_s__gerencseriae
768	0	0	0	0	0	0	0	0	0	0	0	0	0	0	0	212	0	0	0	0	0	0	0	0	0	0	0	0	0	0	0	0	0	0	0	0	0	0	0	0	0	0	0	0	0	0	0	0	0	0	D_0__k__Bacteria; D_1__p__Fusobacteria; D_2__c__Fusobacteriia; D_3__o__Fusobacteriales; D_4__f__Fusobacteriaceae; D_5__g__Fusobacterium; D_6__g__Fusobacterium_s__periodonticum
769	0	0	0	0	38	0	0	0	0	0	0	0	0	0	0	130	0	0	0	0	0	0	0	0	0	0	0	0	0	0	0	0	0	0	0	0	0	0	0	0	0	0	0	0	0	0	0	43	0	0	D_0__k__Bacteria; D_1__p__Fusobacteria; D_2__c__Fusobacteriia; D_3__o__Fusobacteriales; D_4__f__Leptotrichiaceae; D_5__g__Leptotrichia; D_6__g__Leptotrichia_s__sp._HMT_498
770	0	0	209	0	0	0	0	0	0	0	0	0	0	0	0	0	0	0	0	0	0	0	0	0	0	0	0	0	0	0	0	0	0	0	0	0	0	0	0	0	0	0	0	0	0	0	0	0	0	0	D_0__k__Bacteria; D_1__p__Bacteroidetes; D_2__c__Bacteroidia; D_3__o__Bacteroidales; D_4__f__Prevotellaceae; D_5__g__Prevotella; D_6__g__Prevotella_s__multiformis
771	0	0	0	0	0	0	0	0	0	0	0	0	0	0	0	0	0	0	0	0	0	0	0	0	0	0	0	156	53	0	0	0	0	0	0	0	0	0	0	0	0	0	0	0	0	0	0	0	0	0	D_0__k__Bacteria; D_1__p__Firmicutes; D_2__c__Bacilli; D_3__o__Lactobacillales; D_4__f__Streptococcaceae; D_5__g__Streptococcus; D_6__g__Streptococcus_s__anginosus
772	0	0	0	0	0	0	0	0	0	0	0	0	0	0	0	112	0	0	0	0	0	0	0	0	0	0	0	0	0	0	0	0	54	0	0	0	0	0	0	0	0	0	0	0	0	0	0	0	0	0	D_0__k__Bacteria; D_1__p__Firmicutes; D_2__c__Clostridia; D_3__o__Eubacteriales; D_4__f__Lachnospiraceae; D_5__g__Lachnoanaerobaculum; D_6__g__Lachnoanaerobaculum_s__orale
773	0	0	0	0	0	0	0	0	0	0	0	0	0	0	0	0	0	0	0	0	97	0	0	0	0	0	0	0	0	0	0	0	0	0	0	0	0	0	0	0	0	0	0	0	0	0	94	17	0	0	D_0__k__Bacteria; D_1__p__Firmicutes; D_2__c__Clostridia; D_3__o__Eubacteriales; D_4__f__Peptostreptococcaceae; D_5__g__Peptostreptococcaceae_[G-7]; D_6__g__Peptostreptococcaceae_[G-7]_s__[Eubacterium]_yurii_subsps._yurii_&_margaretiae
774	0	119	0	0	0	0	0	0	0	0	0	0	0	0	0	0	0	0	0	0	0	0	0	0	0	0	0	0	0	0	0	0	0	0	0	0	0	0	34	54	0	0	0	0	0	0	0	0	0	0	D_0__k__Bacteria; D_1__p__Bacteroidetes; D_2__c__Flavobacteriia; D_3__o__Flavobacteriales; D_4__f__Flavobacteriaceae; D_5__g__Capnocytophaga; D_6__g__Capnocytophaga_s__sp._HMT_412
775	0	0	0	0	0	35	0	0	0	0	56	0	0	0	0	0	0	0	0	0	0	0	0	0	0	0	0	0	0	0	0	115	0	0	0	0	0	0	0	0	0	0	0	0	0	0	0	0	0	0	D_0__k__Bacteria; D_1__p__Firmicutes; D_2__c__Bacilli; D_3__o__Bacillales; D_4__f__Gemellaceae; D_5__g__Gemella; D_6__g__Gemella_s__sanguinis
776	0	0	0	0	0	0	0	0	0	0	0	0	0	0	0	0	0	0	0	0	0	0	0	0	0	0	0	0	0	0	0	0	0	0	0	0	0	0	0	0	0	0	0	0	0	0	0	0	0	47	D_0__k__Bacteria; D_1__p__Fusobacteria; D_2__c__Fusobacteriia; D_3__o__Fusobacteriales; D_4__f__Leptotrichiaceae; D_5__g__Leptotrichia; D_6__g__Leptotrichia_s__hongkongensis
777	0	0	0	0	0	0	0	0	0	0	0	0	0	0	0	0	0	0	0	0	0	0	42	0	0	0	0	0	0	0	0	0	0	0	0	0	0	0	0	0	0	0	0	163	0	0	0	0	0	0	D_0__k__Bacteria; D_1__p__Bacteroidetes; D_2__c__Bacteroidia; D_3__o__Bacteroidales; D_4__f__Prevotellaceae; D_5__g__Prevotella; D_6__g__Prevotella_s__pallens
778	0	45	0	0	0	0	0	0	0	0	0	0	0	0	0	0	0	0	0	0	0	0	0	0	0	0	0	0	0	0	0	0	0	0	0	0	0	0	41	0	0	0	0	0	0	0	0	0	0	118	D_0__k__Bacteria; D_1__p__Proteobacteria; D_2__c__Gammaproteobacteria; D_3__o__Cardiobacteriales; D_4__f__Cardiobacteriaceae; D_5__g__Cardiobacterium; D_6__g__Cardiobacterium_s__hominis
779	0	0	0	0	0	0	203	0	0	0	0	0	0	0	0	0	0	0	0	0	0	0	0	0	0	0	0	0	0	0	0	0	0	0	0	0	0	0	0	0	0	0	0	0	0	0	0	0	0	0	D_0__k__Bacteria; D_1__p__Fusobacteria; D_2__c__Fusobacteriia; D_3__o__Fusobacteriales; D_4__f__Fusobacteriaceae; D_5__g__Fusobacterium; D_6__g__Fusobacterium_s__nucleatum
780	0	0	0	0	0	0	0	0	0	0	0	0	0	0	0	0	0	0	0	0	0	0	0	0	0	0	0	0	0	0	0	0	0	0	0	0	0	0	0	0	0	0	0	200	0	0	0	0	0	0	D_0__k__Bacteria; D_1__p__Firmicutes; D_2__c__Bacilli; D_3__o__Lactobacillales; D_4__f__Streptococcaceae; D_5__g__Streptococcus; D_6__g__Streptococcus_s__constellatus
781	0	0	0	40	0	0	0	21	0	0	0	2	0	0	0	0	0	0	0	0	0	0	0	0	0	0	0	0	0	0	0	0	59	0	0	0	0	0	0	0	0	0	0	0	0	0	0	0	0	0	D_0__k__Bacteria; D_1__p__Firmicutes; D_2__c__Negativicutes; D_3__o__Selenomonadales; D_4__f__Selenomonadaceae; D_5__g__Selenomonas; D_6__g__Selenomonas_s__sp._HMT_936
782	0	0	0	0	0	0	0	0	0	0	0	0	0	0	0	0	0	0	0	0	0	0	0	0	0	0	0	0	0	0	0	0	0	0	31	0	0	0	0	0	0	168	0	0	0	0	0	0	0	0	D_0__k__Bacteria; D_1__p__Proteobacteria; D_2__c__Betaproteobacteria; D_3__o__Neisseriales; D_4__f__Neisseriaceae; D_5__g__Eikenella; D_6__g__Eikenella_s__corrodens
783	0	56	0	0	0	0	0	17	0	0	0	125	0	0	0	0	0	0	0	0	0	0	0	0	0	0	0	0	0	0	0	0	0	0	0	0	0	0	0	0	0	0	0	0	0	0	0	0	0	0	D_0__k__Bacteria; D_1__p__Saccharibacteria_(TM7); D_2__c__Saccharibacteria_(TM7)_[C-1]; D_3__o__Saccharibacteria_(TM7)_[O-1]; D_4__f__Saccharibacteria_(TM7)_[F-1]; D_5__g__Saccharibacteria_(TM7)_[G-1]; D_6__g__Saccharibacteria_(TM7)_[G-1]_s__bacterium_HMT_952
784	0	0	0	0	96	0	0	0	0	0	0	0	0	0	0	0	16	0	68	0	0	0	0	0	0	0	0	0	0	0	0	0	0	0	0	0	0	0	0	0	0	0	0	0	0	0	0	0	0	0	D_0__k__Bacteria; D_1__p__Firmicutes; D_2__c__Clostridia; D_3__o__Eubacteriales; D_4__f__Peptococcaceae; D_5__g__Peptococcus; D_6__g__Peptococcus_s__sp._HMT_167
785	0	0	0	0	0	0	0	0	0	0	0	0	0	0	0	0	0	95	0	77	0	0	0	0	0	0	0	0	0	0	0	0	0	0	0	0	0	0	26	0	0	0	0	0	0	0	0	0	0	0	D_0__k__Bacteria; D_1__p__Proteobacteria; D_2__c__Gammaproteobacteria; D_3__o__Pasteurellales; D_4__f__Pasteurellaceae; D_5__g__Haemophilus; D_6__g__Haemophilus_s__sp._HMT_036
786	0	0	0	0	0	0	0	0	0	0	0	0	0	0	0	0	0	0	0	120	0	0	0	0	0	0	0	0	0	0	0	0	0	0	0	0	0	0	0	0	0	0	0	0	0	78	0	0	0	0	D_0__k__Bacteria; D_1__p__Proteobacteria; D_2__c__Gammaproteobacteria; D_3__o__Pasteurellales; D_4__f__Pasteurellaceae; D_5__g__Haemophilus; D_6__g__Haemophilus_s__parainfluenzae
787	0	0	0	0	0	0	0	0	0	0	0	0	0	0	0	0	0	0	0	0	0	0	0	0	0	0	0	0	0	0	0	0	48	65	0	0	0	0	0	0	0	0	0	0	0	0	0	0	0	0	D_0__k__Bacteria; D_1__p__Firmicutes; D_2__c__Bacilli; D_3__o__Bacillales; D_4__f__Gemellaceae; D_5__g__Gemella; D_6__g__Gemella_s__haemolysans
788	0	0	0	0	0	0	0	43	0	0	0	0	0	0	0	0	0	0	0	0	0	0	0	0	0	0	0	0	0	0	0	0	0	0	0	0	54	100	0	0	0	0	0	0	0	0	0	0	0	0	D_0__k__Bacteria; D_1__p__Proteobacteria; D_2__c__Epsilonproteobacteria; D_3__o__Campylobacterales; D_4__f__Campylobacteraceae; D_5__g__Campylobacter; D_6__g__Campylobacter_s__concisus
789	0	0	0	0	0	0	0	0	0	0	0	0	0	0	0	0	0	0	0	0	0	0	0	0	0	0	0	0	0	0	0	0	76	0	0	121	0	0	0	0	0	0	0	0	0	0	0	0	0	0	D_0__k__Bacteria; D_1__p__Actinobacteria; D_2__c__Actinomycetia; D_3__o__Actinomycetales; D_4__f__Actinomycetaceae; D_5__g__Actinomyces; D_6__g__Actinomyces_s__sp._HMT_171
790	0	0	0	0	0	0	0	0	0	0	0	0	0	0	0	0	0	0	0	0	0	0	0	0	0	0	0	0	0	0	0	0	0	0	0	0	0	0	0	0	0	0	0	0	0	0	53	144	0	0	D_0__k__Bacteria; D_1__p__Actinobacteria; D_2__c__Actinomycetia; D_3__o__Corynebacteriales; D_4__f__Corynebacteriaceae; D_5__g__Corynebacterium; D_6__g__Corynebacterium_s__matruchotii
791	0	43	0	0	0	0	0	0	0	0	0	0	0	0	0	0	0	0	0	0	0	0	0	0	0	0	0	0	0	0	0	0	0	0	0	0	0	0	37	0	0	0	0	0	0	0	116	0	0	0	D_0__k__Bacteria; D_1__p__Bacteroidetes; D_2__c__Bacteroidia; D_3__o__Bacteroidales; D_4__f__Tannerellaceae; D_5__g__Tannerella; D_6__g__Tannerella_s__sp._HMT_286
792	0	0	0	0	0	0	0	0	0	0	0	0	0	0	0	0	0	0	0	0	0	0	0	0	0	0	0	0	0	0	0	0	0	0	0	0	0	0	196	0	0	0	0	0	0	0	0	0	0	0	D_0__k__Bacteria; D_1__p__Fusobacteria; D_2__c__Fusobacteriia; D_3__o__Fusobacteriales; D_4__f__Leptotrichiaceae; D_5__g__Leptotrichia; D_6__g__Leptotrichia_s__hongkongensis
793	0	0	0	4	0	0	0	0	0	0	0	0	7	0	0	0	0	0	0	0	0	0	0	13	0	99	0	0	0	0	0	0	0	0	0	0	0	0	0	0	0	0	0	0	30	0	0	0	42	0	D_0__k__Bacteria; D_1__p__Actinobacteria; D_2__c__Coriobacteriia; D_3__o__Coriobacteriales; D_4__f__Atopobiaceae; D_5__g__Olsenella; D_6__g__Olsenella_s__sp._HMT_807
794	0	0	0	0	0	0	0	0	0	0	0	0	0	0	0	0	0	0	106	0	0	0	0	0	0	0	0	0	0	0	0	0	0	0	0	0	0	0	0	0	0	0	0	0	0	0	0	0	89	0	D_0__k__Bacteria; D_1__p__Firmicutes; D_2__c__Erysipelotrichia; D_3__o__Erysipelotrichales; D_4__f__Erysipelotrichaceae; D_5__g__Bulleidia; D_6__g__Bulleidia_s__extructa
795	0	0	0	0	0	0	0	0	0	0	0	0	0	0	0	0	0	0	0	0	0	0	0	0	0	0	0	0	0	0	0	0	195	0	0	0	0	0	0	0	0	0	0	0	0	0	0	0	0	0	D_0__k__Bacteria; D_1__p__Bacteroidetes; D_2__c__Bacteroidia; D_3__o__Bacteroidales; D_4__f__Prevotellaceae; D_5__g__Prevotella; D_6__g__Prevotella_s__sp._HMT_475
796	0	194	0	0	0	0	0	0	0	0	0	0	0	0	0	0	0	0	0	0	0	0	0	0	0	0	0	0	0	0	0	0	0	0	0	0	0	0	0	0	0	0	0	0	0	0	0	0	0	0	D_0__k__Bacteria; D_1__p__Firmicutes; D_2__c__Negativicutes; D_3__o__Veillonellales; D_4__f__Veillonellaceae; D_5__g__Veillonella; D_6__g__Veillonella_s__dispar
797	0	0	0	0	0	0	0	0	0	0	0	0	0	0	0	83	0	0	0	0	0	0	0	0	0	0	0	0	0	0	0	0	40	71	0	0	0	0	0	0	0	0	0	0	0	0	0	0	0	0	D_0__k__Bacteria; D_1__p__Saccharibacteria_(TM7); D_2__c__Saccharibacteria_(TM7)_[C-1]; D_3__o__Saccharibacteria_(TM7)_[O-1]; D_4__f__Saccharibacteria_(TM7)_[F-1]; D_5__g__Saccharibacteria_(TM7)_[G-1]; D_6__g__Saccharibacteria_(TM7)_[G-1]_s__bacterium_HMT_352
798	0	0	0	0	0	0	0	0	0	0	0	0	0	0	0	0	0	0	0	0	0	0	0	0	0	0	0	0	0	0	0	0	194	0	0	0	0	0	0	0	0	0	0	0	0	0	0	0	0	0	D_0__k__Bacteria; D_1__p__Fusobacteria; D_2__c__Fusobacteriia; D_3__o__Fusobacteriales; D_4__f__Fusobacteriaceae; D_5__g__Fusobacterium; D_6__g__Fusobacterium_s__nucleatum
799	0	0	0	0	0	0	0	0	0	0	0	0	0	0	0	0	0	0	0	0	0	0	0	0	0	0	0	0	0	0	0	0	0	0	0	0	0	0	0	0	0	0	0	0	0	0	0	193	0	0	D_0__k__Bacteria; D_1__p__Fusobacteria; D_2__c__Fusobacteriia; D_3__o__Fusobacteriales; D_4__f__Leptotrichiaceae; D_5__g__Leptotrichia; D_6__g__Leptotrichia_s__wadei
800	0	0	0	0	0	0	0	0	0	0	0	0	0	0	0	0	0	0	0	0	0	0	0	0	41	151	0	0	0	0	0	0	0	0	0	0	0	0	0	0	0	0	0	0	0	0	0	0	0	0	D_0__k__Bacteria; D_1__p__Bacteroidetes; D_2__c__Bacteroidia; D_3__o__Bacteroidales; D_4__f__Prevotellaceae; D_5__g__Prevotella; D_6__g__Prevotella_s__sp._HMT_292
801	0	0	0	0	0	0	0	0	0	0	0	0	0	0	0	0	0	0	0	0	0	0	0	0	0	56	0	0	0	0	0	0	0	136	0	0	0	0	0	0	0	0	0	0	0	0	0	0	0	0	D_0__k__Bacteria; D_1__p__Fusobacteria; D_2__c__Fusobacteriia; D_3__o__Fusobacteriales; D_4__f__Fusobacteriaceae; D_5__g__Fusobacterium; D_6__g__Fusobacterium_s__nucleatum
802	0	0	0	0	0	0	0	0	0	0	0	0	0	0	0	0	0	0	0	0	0	0	0	0	0	0	0	0	0	0	0	0	0	0	0	0	0	0	0	0	0	0	0	0	0	0	58	134	0	0	D_0__k__Bacteria; D_1__p__Proteobacteria; D_2__c__Betaproteobacteria; D_3__o__Burkholderiales; D_4__f__Burkholderiaceae; D_5__g__Lautropia; D_6__g__Lautropia_s__mirabilis
803	0	0	0	0	0	0	0	0	0	0	0	0	0	0	0	0	0	0	0	0	0	0	0	0	0	0	0	0	0	0	0	0	0	0	0	0	0	0	0	0	0	0	0	0	0	0	0	0	192	0	D_0__k__Bacteria; D_1__p__Firmicutes; D_2__c__Negativicutes; D_3__o__Veillonellales; D_4__f__Veillonellaceae; D_5__g__Dialister; D_6__g__Dialister_s__invisus
804	0	0	0	0	0	0	0	0	0	0	0	0	0	0	0	0	0	0	0	0	0	0	0	0	0	0	0	0	0	0	0	0	0	0	0	0	0	0	0	0	0	0	0	0	0	0	0	0	0	192	D_0__k__Bacteria; D_1__p__Fusobacteria; D_2__c__Fusobacteriia; D_3__o__Fusobacteriales; D_4__f__Leptotrichiaceae; D_5__g__Leptotrichia; D_6__g__Leptotrichia_s__sp._HMT_225
805	0	0	0	0	0	0	0	0	0	0	0	147	0	0	0	0	7	36	0	0	0	0	0	0	0	0	0	0	0	0	0	0	0	0	0	0	0	0	0	0	0	0	0	0	0	0	0	0	0	0	D_0__k__Bacteria; D_1__p__Saccharibacteria_(TM7); D_2__c__Saccharibacteria_(TM7)_[C-1]; D_3__o__Saccharibacteria_(TM7)_[O-1]; D_4__f__Saccharibacteria_(TM7)_[F-1]; D_5__g__Saccharibacteria_(TM7)_[G-1]; D_6__g__Saccharibacteria_(TM7)_[G-1]_s__bacterium_HMT_957
806	0	0	0	0	0	0	19	0	0	0	0	0	0	0	0	0	0	0	0	0	0	0	0	0	0	0	0	0	0	0	0	0	0	0	0	0	0	0	0	0	0	0	0	0	0	0	170	0	0	0	D_0__k__Bacteria; D_1__p__Actinobacteria; D_2__c__Coriobacteriia; D_3__o__Coriobacteriales; D_4__f__Atopobiaceae; D_5__g__Lancefieldella; D_6__g__Lancefieldella_s__rimae
807	0	0	0	0	0	0	0	0	0	0	0	0	0	0	0	0	0	0	0	0	0	0	0	0	0	189	0	0	0	0	0	0	0	0	0	0	0	0	0	0	0	0	0	0	0	0	0	0	0	0	D_0__k__Bacteria; D_1__p__Bacteroidetes; D_2__c__Bacteroidia; D_3__o__Bacteroidales; D_4__f__Prevotellaceae; D_5__g__Prevotella; D_6__g__Prevotella_s__melaninogenica
808	0	0	0	0	0	0	0	0	0	0	0	0	0	0	0	0	0	0	0	0	0	0	0	0	0	0	0	189	0	0	0	0	0	0	0	0	0	0	0	0	0	0	0	0	0	0	0	0	0	0	D_0__k__Bacteria; D_1__p__Actinobacteria; D_2__c__Actinomycetia; D_3__o__Micrococcales; D_4__f__Microbacteriaceae; D_5__g__Microbacterium; D_6__g__Microbacterium_s__flavescens
809	0	0	0	51	0	137	0	0	0	0	0	0	0	0	0	0	0	0	0	0	0	0	0	0	0	0	0	0	0	0	0	0	0	0	0	0	0	0	0	0	0	0	0	0	0	0	0	0	0	0	D_0__k__Bacteria; D_1__p__Actinobacteria; D_2__c__Actinomycetia; D_3__o__Bifidobacteriales; D_4__f__Bifidobacteriaceae; D_5__g__Bifidobacterium; D_6__g__Bifidobacterium_s__dentium
810	0	0	0	0	0	0	0	0	0	0	0	0	0	0	0	0	0	0	0	0	0	0	187	0	0	0	0	0	0	0	0	0	0	0	0	0	0	0	0	0	0	0	0	0	0	0	0	0	0	0	D_0__k__Bacteria; D_1__p__Proteobacteria; D_2__c__Betaproteobacteria; D_3__o__Neisseriales; D_4__f__Neisseriaceae; D_5__g__Neisseria; D_6__g__Neisseria_s__sp._HMT_523
811	0	65	0	0	0	0	0	0	0	0	0	0	0	0	0	0	0	0	0	0	0	0	0	0	0	0	0	0	0	0	0	0	0	0	0	0	45	45	0	31	0	0	0	0	0	0	0	0	0	0	D_0__k__Bacteria; D_1__p__Bacteroidetes; D_2__c__Flavobacteriia; D_3__o__Flavobacteriales; D_4__f__Flavobacteriaceae; D_5__g__Capnocytophaga; D_6__g__Capnocytophaga_s__sp._HMT_323
812	0	0	0	46	0	0	0	0	0	0	0	0	56	0	0	0	0	0	0	0	0	0	0	0	0	0	0	0	0	0	0	0	0	0	0	0	0	0	0	0	0	0	0	0	69	0	0	0	0	0	D_0__k__Bacteria; D_1__p__Fusobacteria; D_2__c__Fusobacteriia; D_3__o__Fusobacteriales; D_4__f__Leptotrichiaceae; D_5__g__Leptotrichia; D_6__g__Leptotrichia_s__sp._HMT_212
813	0	0	0	0	0	0	0	0	0	0	0	0	0	0	0	0	0	0	0	0	0	0	0	0	0	186	0	0	0	0	0	0	0	0	0	0	0	0	0	0	0	0	0	0	0	0	0	0	0	0	D_0__k__Bacteria; D_1__p__Fusobacteria; D_2__c__Fusobacteriia; D_3__o__Fusobacteriales; D_4__f__Leptotrichiaceae; D_5__g__Leptotrichia; D_6__g__Leptotrichia_s__hongkongensis
814	0	0	0	0	0	0	0	0	0	0	0	0	0	0	0	0	0	0	0	0	0	0	0	0	0	0	0	0	0	0	0	186	0	0	0	0	0	0	0	0	0	0	0	0	0	0	0	0	0	0	D_0__k__Bacteria; D_1__p__Bacteroidetes; D_2__c__Bacteroidia; D_3__o__Bacteroidales; D_4__f__Porphyromonadaceae; D_5__g__Porphyromonas; D_6__g__Porphyromonas_s__catoniae
815	0	0	0	0	0	0	0	0	0	0	0	0	0	0	0	0	0	0	0	0	0	0	0	0	0	0	0	0	0	0	0	0	0	0	0	0	0	0	0	0	0	0	0	0	0	0	0	0	0	186	D_0__k__Bacteria; D_1__p__Bacteroidetes; D_2__c__Flavobacteriia; D_3__o__Flavobacteriales; D_4__f__Flavobacteriaceae; D_5__g__Capnocytophaga; D_6__g__Capnocytophaga_s__granulosa
816	0	0	0	0	0	0	0	0	0	0	0	0	0	0	0	0	0	53	0	0	0	0	0	0	0	45	0	0	0	0	0	0	0	0	0	0	0	0	0	0	0	0	0	67	0	0	0	0	0	20	D_0__k__Bacteria; D_1__p__Actinobacteria; D_2__c__Actinomycetia; D_3__o__Actinomycetales; D_4__f__Actinomycetaceae; D_5__g__Actinomyces; D_6__g__Actinomyces_s__sp._HMT_171
817	0	0	0	0	0	0	0	0	0	0	0	0	0	0	0	0	0	0	0	0	0	0	0	0	0	0	0	0	0	0	0	0	0	185	0	0	0	0	0	0	0	0	0	0	0	0	0	0	0	0	D_0__k__Bacteria; D_1__p__Firmicutes; D_2__c__Bacilli; D_3__o__Lactobacillales; D_4__f__Streptococcaceae; D_5__g__Streptococcus; D_6__g__Streptococcus_s__oralis_subsp._dentisani_clade_058
818	0	0	0	29	0	63	0	0	0	0	0	38	0	0	0	0	0	0	0	0	0	11	25	0	0	0	0	0	0	0	0	0	0	0	0	0	0	0	0	0	0	0	0	0	0	0	0	18	0	0	D_0__k__Bacteria; D_1__p__Firmicutes; D_2__c__Clostridia; D_3__o__Eubacteriales; D_4__f__Lachnospiraceae; D_5__g__Oribacterium; D_6__g__Oribacterium_s__sinus
819	0	0	0	0	0	0	0	0	0	0	0	0	0	0	0	0	0	0	0	0	0	0	0	0	184	0	0	0	0	0	0	0	0	0	0	0	0	0	0	0	0	0	0	0	0	0	0	0	0	0	D_0__k__Bacteria; D_1__p__Firmicutes; D_2__c__Erysipelotrichia; D_3__o__Erysipelotrichales; D_4__f__Erysipelotrichaceae; D_5__g__Bulleidia; D_6__g__Bulleidia_s__extructa
820	0	33	0	0	0	0	0	0	0	0	0	0	0	0	0	150	0	0	0	0	0	0	0	0	0	0	0	0	0	0	0	0	0	0	0	0	0	0	0	0	0	0	0	0	0	0	0	0	0	0	D_0__k__Bacteria; D_1__p__Fusobacteria; D_2__c__Fusobacteriia; D_3__o__Fusobacteriales; D_4__f__Leptotrichiaceae; D_5__g__Leptotrichia; D_6__g__Leptotrichia_s__sp._HMT_498
821	0	0	0	0	0	0	0	0	0	0	97	0	0	0	0	0	0	0	0	0	0	45	0	0	0	0	0	0	0	41	0	0	0	0	0	0	0	0	0	0	0	0	0	0	0	0	0	0	0	0	D_0__k__Bacteria; D_1__p__Actinobacteria; D_2__c__Actinomycetia; D_3__o__Micrococcales; D_4__f__Micrococcaceae; D_5__g__Rothia; D_6__g__Rothia_s__mucilaginosa
822	0	0	0	0	0	0	0	0	0	0	0	0	0	0	0	0	0	0	0	0	183	0	0	0	0	0	0	0	0	0	0	0	0	0	0	0	0	0	0	0	0	0	0	0	0	0	0	0	0	0	D_0__k__Bacteria; D_1__p__Firmicutes; D_2__c__Negativicutes; D_3__o__Veillonellales; D_4__f__Veillonellaceae; D_5__g__Dialister; D_6__g__Dialister_s__pneumosintes
823	0	0	0	0	0	0	0	0	0	0	0	0	0	0	0	0	0	0	0	0	0	0	0	0	0	0	0	0	0	0	0	0	0	0	0	0	0	0	0	0	0	0	0	0	0	0	95	88	0	0	D_0__k__Bacteria; D_1__p__Bacteroidetes; D_2__c__Bacteroidia; D_3__o__Bacteroidales; D_4__f__Prevotellaceae; D_5__g__Prevotella; D_6__g__Prevotella_s__oulorum
824	0	83	0	0	0	0	0	0	0	0	0	0	0	0	0	0	0	0	0	0	0	0	0	0	0	0	0	0	0	0	0	0	0	0	0	0	52	0	37	10	0	0	0	0	0	0	0	0	0	0	D_0__k__Bacteria; D_1__p__Bacteroidetes; D_2__c__Flavobacteriia; D_3__o__Flavobacteriales; D_4__f__Flavobacteriaceae; D_5__g__Capnocytophaga; D_6__g__Capnocytophaga_s__sp._HMT_323
825	0	0	0	45	0	0	0	0	0	0	0	0	0	0	0	0	0	0	0	0	0	0	0	0	0	136	0	0	0	0	0	0	0	0	0	0	0	0	0	0	0	0	0	0	0	0	0	0	0	0	D_0__k__Bacteria; D_1__p__Firmicutes; D_2__c__Negativicutes; D_3__o__Selenomonadales; D_4__f__Selenomonadaceae; D_5__g__Selenomonas; D_6__g__Selenomonas_s__artemidis
826	0	0	0	23	0	0	0	0	0	0	0	0	0	0	0	0	20	48	0	0	0	0	0	0	0	90	0	0	0	0	0	0	0	0	0	0	0	0	0	0	0	0	0	0	0	0	0	0	0	0	D_0__k__Bacteria; D_1__p__Fusobacteria; D_2__c__Fusobacteriia; D_3__o__Fusobacteriales; D_4__f__Leptotrichiaceae; D_5__g__Pseudoleptotrichia; D_6__g__Pseudoleptotrichia_s__goodfellowii
827	0	0	0	0	0	0	0	0	0	0	126	0	0	0	0	0	0	0	0	0	0	0	0	0	0	0	0	0	0	0	0	0	0	0	0	0	55	0	0	0	0	0	0	0	0	0	0	0	0	0	D_0__k__Bacteria; D_1__p__Bacteroidetes; D_2__c__Bacteroidia; D_3__o__Bacteroidales; D_4__f__Prevotellaceae; D_5__g__Alloprevotella; D_6__g__Alloprevotella_s__rava
828	0	0	0	0	0	0	180	0	0	0	0	0	0	0	0	0	0	0	0	0	0	0	0	0	0	0	0	0	0	0	0	0	0	0	0	0	0	0	0	0	0	0	0	0	0	0	0	0	0	0	D_0__k__Bacteria; D_1__p__Firmicutes; D_2__c__Clostridia; D_3__o__Eubacteriales; D_4__f__Eubacteriaceae; D_5__g__Pseudoramibacter; D_6__g__Pseudoramibacter_s__alactolyticus
829	0	0	0	0	0	0	0	0	0	0	0	0	0	0	0	0	0	0	0	0	0	0	0	0	0	0	0	0	0	0	0	0	0	0	0	0	0	0	0	0	0	0	0	0	0	0	0	155	0	0	D_0__k__Bacteria; D_1__p__Proteobacteria; D_2__c__Betaproteobacteria; D_3__o__Neisseriales; D_4__f__Neisseriaceae; D_5__g__Neisseria; D_6__g__Neisseria_s__subflava
830	0	0	0	178	0	0	0	0	0	0	0	0	0	0	0	0	0	0	0	0	0	0	0	0	0	0	0	0	0	0	0	0	0	0	0	0	0	0	0	0	0	0	0	0	0	0	0	0	0	0	D_0__k__Bacteria; D_1__p__Proteobacteria; D_2__c__Betaproteobacteria; D_3__o__Neisseriales; D_4__f__Neisseriaceae; D_5__g__Kingella; D_6__g__Kingella_s__sp._HMT_012
831	0	0	0	16	0	25	0	0	0	0	0	0	0	0	0	0	0	82	24	0	0	0	0	0	0	0	0	0	0	0	0	0	0	0	0	0	0	0	0	0	0	0	0	0	0	0	31	0	0	0	D_0__k__Bacteria; D_1__p__Firmicutes; D_2__c__Clostridia; D_3__o__Eubacteriales; D_4__f__Peptostreptococcaceae; D_5__g__Peptostreptococcaceae_[G-7]; D_6__g__Peptostreptococcaceae_[G-7]_s__[Eubacterium]_yurii_subsps._yurii_&_margaretiae
832	0	0	0	0	68	0	0	0	0	0	0	0	0	0	0	0	0	0	0	0	25	0	26	0	0	0	0	0	0	0	0	0	0	0	0	0	0	0	0	0	0	0	0	0	0	0	59	0	0	0	D_0__k__Bacteria; D_1__p__Firmicutes; D_2__c__Negativicutes; D_3__o__Veillonellales; D_4__f__Veillonellaceae; D_5__g__Megasphaera; D_6__g__Megasphaera_s__micronuciformis
833	0	0	0	0	0	0	0	69	0	0	0	0	0	0	0	0	0	0	0	0	0	0	0	0	0	65	0	0	0	0	0	0	0	44	0	0	0	0	0	0	0	0	0	0	0	0	0	0	0	0	D_0__k__Bacteria; D_1__p__Fusobacteria; D_2__c__Fusobacteriia; D_3__o__Fusobacteriales; D_4__f__Fusobacteriaceae; D_5__g__Fusobacterium; D_6__g__Fusobacterium_s__nucleatum
834	0	0	0	0	0	0	0	0	0	0	0	0	0	0	0	0	0	146	0	0	0	31	0	0	0	0	0	0	0	0	0	0	0	0	0	0	0	0	0	0	0	0	0	0	0	0	0	0	0	0	D_0__k__Bacteria; D_1__p__Proteobacteria; D_2__c__Betaproteobacteria; D_3__o__Neisseriales; D_4__f__Neisseriaceae; D_5__g__Neisseria; D_6__g__Neisseria_s__subflava
835	0	0	0	0	0	0	0	0	0	0	0	0	0	0	0	0	0	0	0	0	0	0	0	0	0	0	0	0	0	0	0	0	0	0	0	0	0	0	0	0	0	0	0	0	0	0	0	0	177	0	D_0__k__Bacteria; D_1__p__Bacteroidetes; D_2__c__Bacteroidia; D_3__o__Bacteroidales; D_4__f__Prevotellaceae; D_5__g__Prevotella; D_6__g__Prevotella_s__fusca
836	0	0	0	0	0	52	0	0	0	0	0	25	0	0	0	0	0	0	0	0	0	0	0	0	0	0	0	0	0	0	0	0	67	0	0	0	0	0	32	0	0	0	0	0	0	0	0	0	0	0	D_0__k__Bacteria; D_1__p__Firmicutes; D_2__c__Negativicutes; D_3__o__Veillonellales; D_4__f__Veillonellaceae; D_5__g__Megasphaera; D_6__g__Megasphaera_s__micronuciformis
837	0	0	0	0	0	0	0	0	0	0	0	176	0	0	0	0	0	0	0	0	0	0	0	0	0	0	0	0	0	0	0	0	0	0	0	0	0	0	0	0	0	0	0	0	0	0	0	0	0	0	D_0__k__Bacteria; D_1__p__Saccharibacteria_(TM7); D_2__c__Saccharibacteria_(TM7)_[C-1]; D_3__o__Saccharibacteria_(TM7)_[O-1]; D_4__f__Saccharibacteria_(TM7)_[F-1]; D_5__g__Saccharibacteria_(TM7)_[G-1]; D_6__g__Saccharibacteria_(TM7)_[G-1]_s__bacterium_HMT_869
838	0	0	0	0	0	0	0	0	0	0	0	0	52	11	0	0	0	0	12	0	0	0	0	0	0	0	0	0	0	0	0	0	0	0	0	0	0	0	0	0	0	0	0	0	0	0	100	0	0	0	D_0__k__Bacteria; D_1__p__Bacteroidetes; D_2__c__Bacteroidia; D_3__o__Bacteroidales; D_4__f__Prevotellaceae; D_5__g__Prevotella; D_6__g__Prevotella_s__sp._HMT_292
839	0	0	0	0	0	0	0	0	0	0	0	0	0	0	0	0	0	0	0	0	0	0	0	0	0	0	174	0	0	0	0	0	0	0	0	0	0	0	0	0	0	0	0	0	0	0	0	0	0	0	D_0__k__Bacteria; D_1__p__Firmicutes; D_2__c__Bacilli; D_3__o__Lactobacillales; D_4__f__Lactobacillaceae; D_5__g__Lacticaseibacillus; D_6__g__Lacticaseibacillus_s__casei
840	0	0	0	0	0	0	0	0	0	0	0	0	0	0	0	0	0	0	0	0	0	0	0	0	0	0	0	0	0	0	0	0	0	142	0	0	0	0	0	0	0	0	0	0	0	0	32	0	0	0	D_0__k__Bacteria; D_1__p__Actinobacteria; D_2__c__Actinomycetia; D_3__o__Micrococcales; D_4__f__Micrococcaceae; D_5__g__Rothia; D_6__g__Rothia_s__aeria
841	0	0	83	33	0	0	0	0	0	0	0	0	0	0	0	0	0	0	0	0	0	0	0	0	0	0	57	0	0	0	0	0	0	0	0	0	0	0	0	0	0	0	0	0	0	0	0	0	0	0	D_0__k__Bacteria; D_1__p__Actinobacteria; D_2__c__Actinomycetia; D_3__o__Actinomycetales; D_4__f__Actinomycetaceae; D_5__g__Actinomyces; D_6__g__Actinomyces_s__gerencseriae
842	0	0	0	0	0	0	72	101	0	0	0	0	0	0	0	0	0	0	0	0	0	0	0	0	0	0	0	0	0	0	0	0	0	0	0	0	0	0	0	0	0	0	0	0	0	0	0	0	0	0	D_0__k__Bacteria; D_1__p__Bacteroidetes; D_2__c__Bacteroidia; D_3__o__Bacteroidales; D_4__f__Prevotellaceae; D_5__g__Alloprevotella; D_6__g__Alloprevotella_s__sp._HMT_914
843	0	0	0	0	0	0	0	53	0	0	0	9	0	0	0	0	0	0	0	0	0	0	0	0	0	0	0	0	0	0	0	0	0	0	0	0	27	0	33	0	0	0	0	0	0	0	0	0	0	0	D_0__k__Bacteria; D_1__p__Absconditabacteria_(SR1); D_2__c__Absconditabacteria_(SR1)_[C-1]; D_3__o__Absconditabacteria_(SR1)_[O-1]; D_4__f__Absconditabacteria_(SR1)_[F-1]; D_5__g__Absconditabacteria_(SR1)_[G-1]; D_6__g__Absconditabacteria_(SR1)_[G-1]_s__bacterium_HMT_345
844	0	0	144	0	0	0	28	0	0	0	0	0	0	0	0	0	0	0	0	0	0	0	0	0	0	0	0	0	0	0	0	0	0	0	0	0	0	0	0	0	0	0	0	0	0	0	0	0	0	0	D_0__k__Bacteria; D_1__p__Bacteroidetes; D_2__c__Bacteroidia; D_3__o__Bacteroidales; D_4__f__Prevotellaceae; D_5__g__Prevotella; D_6__g__Prevotella_s__sp._HMT_443
845	0	0	0	0	0	0	0	0	0	0	0	0	0	0	0	0	0	0	0	0	172	0	0	0	0	0	0	0	0	0	0	0	0	0	0	0	0	0	0	0	0	0	0	0	0	0	0	0	0	0	D_0__k__Bacteria; D_1__p__Firmicutes; D_2__c__Clostridia; D_3__o__Eubacteriales; D_4__f__Lachnospiraceae; D_5__g__Lachnospiraceae_[G-8]; D_6__g__Lachnospiraceae_[G-8]_s__bacterium_HMT_500
846	0	75	0	0	0	0	0	0	0	0	0	0	0	0	0	0	0	0	0	0	0	0	0	0	0	0	0	0	0	0	0	0	0	0	0	0	0	49	0	47	0	0	0	0	0	0	0	0	0	0	D_0__k__Bacteria; D_1__p__Fusobacteria; D_2__c__Fusobacteriia; D_3__o__Fusobacteriales; D_4__f__Leptotrichiaceae; D_5__g__Pseudoleptotrichia; D_6__g__Pseudoleptotrichia_s__sp._HMT_221
847	0	0	106	0	0	0	0	0	0	0	0	0	0	0	0	0	65	0	0	0	0	0	0	0	0	0	0	0	0	0	0	0	0	0	0	0	0	0	0	0	0	0	0	0	0	0	0	0	0	0	D_0__k__Bacteria; D_1__p__Bacteroidetes; D_2__c__Bacteroidia; D_3__o__Bacteroidales; D_4__f__Tannerellaceae; D_5__g__Tannerella; D_6__g__Tannerella_s__sp._HMT_808
848	0	0	0	8	0	0	0	0	0	0	0	0	0	0	0	0	0	0	0	0	0	0	35	0	0	0	0	0	0	0	0	0	0	0	0	65	0	0	63	0	0	0	0	0	0	0	0	0	0	0	D_0__k__Bacteria; D_1__p__Proteobacteria; D_2__c__Betaproteobacteria; D_3__o__Neisseriales; D_4__f__Neisseriaceae; D_5__g__Kingella; D_6__g__Kingella_s__denitrificans
849	0	0	0	0	0	0	0	0	0	0	0	0	0	0	0	171	0	0	0	0	0	0	0	0	0	0	0	0	0	0	0	0	0	0	0	0	0	0	0	0	0	0	0	0	0	0	0	0	0	0	D_0__k__Bacteria; D_1__p__Fusobacteria; D_2__c__Fusobacteriia; D_3__o__Fusobacteriales; D_4__f__Fusobacteriaceae; D_5__g__Fusobacterium; D_6__g__Fusobacterium_s__nucleatum
850	0	0	0	0	0	0	0	0	0	0	0	0	0	0	0	0	0	0	0	0	0	0	0	0	0	0	0	0	0	0	0	0	0	0	0	0	0	0	0	0	0	0	0	0	0	0	171	0	0	0	D_0__k__Bacteria; D_1__p__Bacteroidetes; D_2__c__Bacteroidia; D_3__o__Bacteroidales; D_4__f__Prevotellaceae; D_5__g__Prevotella; D_6__g__Prevotella_s__denticola
851	0	0	0	0	170	0	0	0	0	0	0	0	0	0	0	0	0	0	0	0	0	0	0	0	0	0	0	0	0	0	0	0	0	0	0	0	0	0	0	0	0	0	0	0	0	0	0	0	0	0	D_0__k__Bacteria; D_1__p__Synergistetes; D_2__c__Synergistia; D_3__o__Synergistales; D_4__f__Synergistaceae; D_5__g__Fretibacterium; D_6__g__Fretibacterium_s__sp._HMT_360
852	0	0	0	0	0	0	0	0	0	0	0	0	0	0	0	0	0	0	17	153	0	0	0	0	0	0	0	0	0	0	0	0	0	0	0	0	0	0	0	0	0	0	0	0	0	0	0	0	0	0	D_0__k__Bacteria; D_1__p__Bacteroidetes; D_2__c__Bacteroidia; D_3__o__Bacteroidales; D_4__f__Porphyromonadaceae; D_5__g__Porphyromonas; D_6__g__Porphyromonas_s__pasteri
853	0	0	0	0	0	0	0	0	0	0	0	0	0	0	0	0	0	0	0	0	170	0	0	0	0	0	0	0	0	0	0	0	0	0	0	0	0	0	0	0	0	0	0	0	0	0	0	0	0	0	D_0__k__Bacteria; D_1__p__Bacteroidetes; D_2__c__Bacteroidetes_[C-1]; D_3__o__Bacteroidetes_[O-1]; D_4__f__Bacteroidetes_[F-1]; D_5__g__Bacteroidetes_[G-3]; D_6__g__Bacteroidetes_[G-3]_s__bacterium_HMT_365
854	0	0	0	0	0	0	0	0	0	0	0	0	0	0	0	0	0	0	0	0	0	0	0	0	0	0	0	0	0	0	0	0	0	0	0	0	0	0	0	0	0	0	0	0	0	0	0	0	0	170	D_0__k__Bacteria; D_1__p__Fusobacteria; D_2__c__Fusobacteriia; D_3__o__Fusobacteriales; D_4__f__Fusobacteriaceae; D_5__g__Fusobacterium; D_6__g__Fusobacterium_s__nucleatum
855	0	0	0	0	0	0	0	0	0	0	0	0	0	0	0	0	0	0	0	0	11	0	14	0	0	0	0	0	0	0	0	0	0	0	0	0	0	0	0	0	0	0	0	144	0	0	0	0	0	0	D_0__k__Bacteria; D_1__p__Bacteroidetes; D_2__c__Bacteroidia; D_3__o__Bacteroidales; D_4__f__Prevotellaceae; D_5__g__Prevotella; D_6__g__Prevotella_s__oulorum
856	0	101	0	0	0	0	0	0	0	0	0	0	0	0	0	0	0	0	0	59	0	0	0	0	0	0	0	0	0	0	0	0	0	0	0	0	0	0	0	0	0	0	0	0	6	0	0	0	0	0	D_0__k__Bacteria; D_1__p__Bacteroidetes; D_2__c__Flavobacteriia; D_3__o__Flavobacteriales; D_4__f__Flavobacteriaceae; D_5__g__Capnocytophaga; D_6__g__Capnocytophaga_s__granulosa
857	0	56	0	10	0	0	0	2	0	0	0	27	0	0	0	12	0	9	0	0	0	0	0	0	0	0	0	0	0	0	0	1	0	0	0	0	0	23	16	0	0	0	0	0	0	0	0	0	0	10	D_0__k__Bacteria; D_1__p__Fusobacteria; D_2__c__Fusobacteriia; D_3__o__Fusobacteriales; D_4__f__Fusobacteriaceae; D_5__g__Fusobacterium; D_6__g__Fusobacterium_s__periodonticum
858	0	0	0	0	0	0	0	0	0	0	0	92	0	0	0	0	0	74	0	0	0	0	0	0	0	0	0	0	0	0	0	0	0	0	0	0	0	0	0	0	0	0	0	0	0	0	0	0	0	0	D_0__k__Bacteria; D_1__p__Bacteroidetes; D_2__c__Bacteroidia; D_3__o__Bacteroidales; D_4__f__Prevotellaceae; D_5__g__Prevotella; D_6__g__Prevotella_s__sp._HMT_317
859	0	0	0	0	49	0	116	0	0	0	0	0	0	0	0	0	0	0	0	0	0	0	0	0	0	0	0	0	0	0	0	0	0	0	0	0	0	0	0	0	0	0	0	0	0	0	0	0	0	0	D_0__k__Bacteria; D_1__p__Actinobacteria; D_2__c__Actinomycetia; D_3__o__Propionibacteriales; D_4__f__Propionibacteriaceae; D_5__g__Acidipropionibacterium; D_6__g__Acidipropionibacterium_s__acidifaciens
860	0	0	0	0	0	0	0	0	0	0	0	0	0	0	0	0	0	0	165	0	0	0	0	0	0	0	0	0	0	0	0	0	0	0	0	0	0	0	0	0	0	0	0	0	0	0	0	0	0	0	D_0__k__Bacteria; D_1__p__Bacteroidetes; D_2__c__Bacteroidia; D_3__o__Bacteroidales; D_4__f__Porphyromonadaceae; D_5__g__Porphyromonas; D_6__g__Porphyromonas_s__asaccharolytica
861	0	151	0	0	0	0	0	0	0	0	0	13	0	0	0	0	0	0	0	0	0	0	0	0	0	0	0	0	0	0	0	0	0	0	0	0	0	0	0	0	0	0	0	0	0	0	0	0	0	0	D_0__k__Bacteria; D_1__p__Fusobacteria; D_2__c__Fusobacteriia; D_3__o__Fusobacteriales; D_4__f__Leptotrichiaceae; D_5__g__Pseudoleptotrichia; D_6__g__Pseudoleptotrichia_s__sp._HMT_221
862	0	0	0	0	0	0	0	0	0	0	65	0	0	0	0	0	0	0	0	0	0	0	0	0	0	0	0	0	0	0	0	0	0	0	0	0	0	0	0	0	0	0	0	0	0	37	0	0	33	0	D_0__k__Bacteria; D_1__p__Actinobacteria; D_2__c__Actinomycetia; D_3__o__Actinomycetales; D_4__f__Actinomycetaceae; D_5__g__Actinomyces; D_6__g__Actinomyces_s__naeslundii
863	0	0	0	0	0	0	0	0	0	0	0	0	0	29	0	65	0	0	0	0	0	0	0	0	0	0	0	0	0	0	0	0	0	0	0	0	0	0	0	0	0	0	0	0	0	0	0	0	0	33	D_0__k__Bacteria; D_1__p__Firmicutes; D_2__c__Negativicutes; D_3__o__Selenomonadales; D_4__f__Selenomonadaceae; D_5__g__Selenomonas; D_6__g__Selenomonas_s__noxia
864	0	0	0	0	0	0	0	0	0	0	0	0	0	0	0	0	0	0	0	0	0	0	0	0	0	0	0	0	0	0	0	0	0	0	0	0	0	0	0	0	0	0	0	0	47	116	0	0	0	0	D_0__k__Bacteria; D_1__p__Proteobacteria; D_2__c__Betaproteobacteria; D_3__o__Burkholderiales; D_4__f__Burkholderiaceae; D_5__g__Lautropia; D_6__g__Lautropia_s__mirabilis
865	0	0	0	24	0	109	0	0	0	0	0	29	0	0	0	0	0	0	0	0	0	0	0	0	0	0	0	0	0	0	0	0	0	0	0	0	0	0	0	0	0	0	0	0	0	0	0	0	0	0	D_0__k__Bacteria; D_1__p__Bacteroidetes; D_2__c__Bacteroidia; D_3__o__Bacteroidales; D_4__f__Prevotellaceae; D_5__g__Prevotella; D_6__g__Prevotella_s__oris
866	0	0	0	0	0	0	0	0	0	0	0	55	0	0	0	0	0	0	0	0	0	0	0	0	0	107	0	0	0	0	0	0	0	0	0	0	0	0	0	0	0	0	0	0	0	0	0	0	0	0	D_0__k__Bacteria; D_1__p__Bacteroidetes; D_2__c__Bacteroidia; D_3__o__Bacteroidales; D_4__f__Prevotellaceae; D_5__g__Prevotella; D_6__g__Prevotella_s__saccharolytica
867	0	0	0	0	0	0	0	0	0	0	0	0	0	0	0	0	0	146	0	0	0	0	0	0	0	0	0	0	0	0	0	0	0	0	0	0	0	0	0	0	0	0	0	0	14	0	0	0	0	2	D_0__k__Bacteria; D_1__p__Proteobacteria; D_2__c__Gammaproteobacteria; D_3__o__Cardiobacteriales; D_4__f__Cardiobacteriaceae; D_5__g__Cardiobacterium; D_6__g__Cardiobacterium_s__hominis
868	0	0	91	0	0	0	0	0	0	0	0	0	0	0	0	0	0	0	0	0	0	0	0	0	0	0	0	0	0	0	0	0	0	0	0	0	0	0	0	0	0	0	0	0	70	0	0	0	0	0	D_0__k__Bacteria; D_1__p__Bacteroidetes; D_2__c__Bacteroidia; D_3__o__Bacteroidales; D_4__f__Prevotellaceae; D_5__g__Prevotella; D_6__g__Prevotella_s__sp._HMT_443
869	0	0	56	0	0	0	0	0	0	0	0	45	0	0	0	0	0	0	0	0	59	0	0	0	0	0	0	0	0	0	0	0	0	0	0	0	0	0	0	0	0	0	0	0	0	0	0	0	0	0	D_0__k__Bacteria; D_1__p__Spirochaetes; D_2__c__Spirochaetia; D_3__o__Spirochaetales; D_4__f__Treponemataceae; D_5__g__Treponema; D_6__g__Treponema_s__sp._HMT_230
870	0	49	0	0	0	0	0	0	0	0	0	0	0	0	0	0	0	0	0	0	0	0	0	0	0	0	0	0	0	0	0	0	0	0	0	54	0	0	0	0	0	0	0	0	0	0	0	0	0	56	D_0__k__Bacteria; D_1__p__Actinobacteria; D_2__c__Actinomycetia; D_3__o__Actinomycetales; D_4__f__Actinomycetaceae; D_5__g__Actinomyces; D_6__g__Actinomyces_s__naeslundii
871	0	0	0	0	0	0	0	0	0	0	0	0	0	0	0	0	0	0	0	0	0	0	0	0	0	0	0	0	0	88	0	0	0	0	0	0	0	0	0	0	0	0	0	0	0	0	0	0	0	0	D_0__k__Bacteria; D_1__p__Firmicutes; D_2__c__Bacilli; D_3__o__Lactobacillales; D_4__f__Streptococcaceae; D_5__g__Streptococcus; D_6__g__Streptococcus_s__sanguinis
872	0	45	0	0	0	0	0	0	0	0	0	0	0	0	0	0	0	0	0	0	0	0	0	0	0	0	0	0	0	0	0	0	35	0	0	0	0	0	0	0	0	0	0	0	0	78	0	0	0	0	D_0__k__Bacteria; D_1__p__Bacteroidetes; D_2__c__Bacteroidia; D_3__o__Bacteroidales; D_4__f__Prevotellaceae; D_5__g__Prevotella; D_6__g__Prevotella_s__melaninogenica
873	0	0	0	0	0	0	91	66	0	0	0	0	0	0	0	0	0	0	0	0	0	0	0	0	0	0	0	0	0	0	0	0	0	0	0	0	0	0	0	0	0	0	0	0	0	0	0	0	0	0	D_0__k__Bacteria; D_1__p__Fusobacteria; D_2__c__Fusobacteriia; D_3__o__Fusobacteriales; D_4__f__Fusobacteriaceae; D_5__g__Fusobacterium; D_6__g__Fusobacterium_s__nucleatum
874	0	0	0	0	0	0	0	0	0	0	0	157	0	0	0	0	0	0	0	0	0	0	0	0	0	0	0	0	0	0	0	0	0	0	0	0	0	0	0	0	0	0	0	0	0	0	0	0	0	0	D_0__k__Bacteria; D_1__p__Bacteroidetes; D_2__c__Bacteroidia; D_3__o__Bacteroidales; D_4__f__Prevotellaceae; D_5__g__Prevotella; D_6__g__Prevotella_s__shahii
875	0	0	0	0	0	0	0	0	0	0	0	0	0	0	0	0	0	0	0	0	0	0	0	0	0	0	0	0	0	0	0	0	0	157	0	0	0	0	0	0	0	0	0	0	0	0	0	0	0	0	D_0__k__Bacteria; D_1__p__Bacteroidetes; D_2__c__Flavobacteriia; D_3__o__Flavobacteriales; D_4__f__Flavobacteriaceae; D_5__g__Capnocytophaga; D_6__g__Capnocytophaga_s__sp._HMT_864
876	0	0	0	0	0	0	0	0	0	0	0	0	0	0	0	0	0	61	0	0	0	0	0	0	0	0	0	0	0	0	0	0	0	0	0	0	0	0	0	0	0	0	0	0	0	0	0	0	0	0	D_0__k__Bacteria; D_1__p__Proteobacteria; D_2__c__Gammaproteobacteria; D_3__o__Pasteurellales; D_4__f__Pasteurellaceae; D_5__g__Haemophilus; D_6__g__Haemophilus_s__parainfluenzae
877	0	0	0	0	0	0	0	0	0	0	0	0	0	0	0	0	0	0	14	90	0	0	0	0	0	0	0	0	0	0	0	0	0	31	0	0	0	0	0	0	0	0	0	0	0	0	0	0	0	21	D_0__k__Bacteria; D_1__p__Actinobacteria; D_2__c__Actinomycetia; D_3__o__Actinomycetales; D_4__f__Actinomycetaceae; D_5__g__Schaalia; D_6__g__Schaalia_s__sp._HMT_180
878	0	0	154	0	0	0	0	0	0	0	0	0	0	0	0	0	0	0	0	0	0	0	0	0	0	0	0	0	0	0	0	0	0	0	0	0	0	0	0	0	0	0	0	0	0	0	0	0	0	0	D_0__k__Bacteria; D_1__p__Bacteroidetes; D_2__c__Bacteroidia; D_3__o__Bacteroidales; D_4__f__Prevotellaceae; D_5__g__Prevotella; D_6__g__Prevotella_s__oris
879	0	0	0	0	0	0	0	0	0	0	0	0	0	0	0	0	0	0	0	0	0	0	0	0	0	0	0	0	0	0	0	0	0	0	0	0	0	0	55	68	0	0	0	0	0	0	0	0	0	0	D_0__k__Bacteria; D_1__p__Fusobacteria; D_2__c__Fusobacteriia; D_3__o__Fusobacteriales; D_4__f__Leptotrichiaceae; D_5__g__Leptotrichia; D_6__g__Leptotrichia_s__sp._HMT_392
880	98	0	0	0	0	0	0	0	0	0	0	0	0	0	0	0	0	0	0	0	0	0	0	0	0	0	0	0	0	0	0	0	0	0	0	0	0	0	0	0	0	0	0	0	0	0	0	0	0	55	D_0__k__Bacteria; D_1__p__Firmicutes; D_2__c__Negativicutes; D_3__o__Selenomonadales; D_4__f__Selenomonadaceae; D_5__g__Selenomonas; D_6__g__Selenomonas_s__noxia
881	55	0	0	0	0	0	0	0	0	0	0	0	0	0	0	30	0	0	0	0	0	0	53	0	0	15	0	0	0	0	0	0	0	0	0	0	0	0	0	0	0	0	0	0	0	0	0	0	0	0	D_0__k__Bacteria; D_1__p__Firmicutes; D_2__c__Negativicutes; D_3__o__Selenomonadales; D_4__f__Selenomonadaceae; D_5__g__Selenomonas; D_6__g__Selenomonas_s__flueggei
882	0	68	0	0	0	0	0	0	0	0	0	0	0	0	0	0	0	0	0	0	0	0	0	0	0	0	0	0	0	0	0	0	0	0	0	0	0	0	0	0	0	0	0	0	0	0	0	0	35	0	D_0__k__Bacteria; D_1__p__Bacteroidetes; D_2__c__Bacteroidia; D_3__o__Bacteroidales; D_4__f__Prevotellaceae; D_5__g__Alloprevotella; D_6__g__Alloprevotella_s__sp._HMT_914
883	0	152	0	0	0	0	0	0	0	0	0	0	0	0	0	0	0	0	0	0	0	0	0	0	0	0	0	0	0	0	0	0	0	0	0	0	0	0	0	0	0	0	0	0	0	0	0	0	0	0	D_0__k__Bacteria; D_1__p__Bacteroidetes; D_2__c__Bacteroidia; D_3__o__Bacteroidales; D_4__f__Prevotellaceae; D_5__g__Alloprevotella; D_6__g__Alloprevotella_s__sp._HMT_912
884	0	0	0	0	73	0	0	0	0	0	0	0	0	0	0	0	0	0	0	0	0	0	0	0	0	0	0	0	0	0	0	0	0	0	0	0	0	0	0	0	0	0	79	0	0	0	0	0	0	0	D_0__k__Bacteria; D_1__p__Fusobacteria; D_2__c__Fusobacteriia; D_3__o__Fusobacteriales; D_4__f__Fusobacteriaceae; D_5__g__Fusobacterium; D_6__g__Fusobacterium_s__nucleatum
885	0	0	0	0	32	0	0	0	0	0	0	0	0	0	0	0	10	0	0	0	0	0	0	0	27	0	0	0	0	0	0	0	0	0	0	0	0	0	0	0	0	0	0	0	25	0	0	0	58	0	D_0__k__Bacteria; D_1__p__Bacteroidetes; D_2__c__Bacteroidia; D_3__o__Bacteroidales; D_4__f__Prevotellaceae; D_5__g__Prevotella; D_6__g__Prevotella_s__sp._HMT_315
886	0	0	0	0	0	0	24	59	0	0	0	0	0	0	0	0	0	0	0	0	0	0	0	0	0	0	0	0	0	0	0	0	0	0	0	0	0	0	69	0	0	0	0	0	0	0	0	0	0	0	D_0__k__Bacteria; D_1__p__Bacteroidetes; D_2__c__Bacteroidia; D_3__o__Bacteroidales; D_4__f__Prevotellaceae; D_5__g__Prevotella; D_6__g__Prevotella_s__sp._HMT_314
887	0	0	0	0	0	0	0	0	0	0	0	0	0	0	0	0	0	0	0	0	0	0	0	0	0	0	0	0	0	0	0	152	0	0	0	0	0	0	0	0	0	0	0	0	0	0	0	0	0	0	D_0__k__Bacteria; D_1__p__Fusobacteria; D_2__c__Fusobacteriia; D_3__o__Fusobacteriales; D_4__f__Fusobacteriaceae; D_5__g__Fusobacterium; D_6__g__Fusobacterium_s__nucleatum
888	0	0	0	0	0	0	0	0	0	0	151	0	0	0	0	0	0	0	0	0	0	0	0	0	0	0	0	0	0	0	0	0	0	0	0	0	0	0	0	0	0	0	0	0	0	0	0	0	0	0	D_0__k__Bacteria; D_1__p__Firmicutes; D_2__c__Bacilli; D_3__o__Lactobacillales; D_4__f__Lactobacillaceae; D_5__g__Lactobacillus; D_6__g__Lactobacillus_s__acidophilus
889	0	0	0	0	0	0	0	0	0	0	0	0	0	0	0	0	0	0	0	0	0	0	0	0	0	151	0	0	0	0	0	0	0	0	0	0	0	0	0	0	0	0	0	0	0	0	0	0	0	0	D_0__k__Bacteria; D_1__p__Firmicutes; D_2__c__Negativicutes; D_3__o__Selenomonadales; D_4__f__Selenomonadaceae; D_5__g__Selenomonas; D_6__g__Selenomonas_s__sp._HMT_133
890	0	0	0	0	0	0	0	0	0	0	0	0	0	0	0	0	0	0	0	0	0	0	0	0	0	0	0	0	0	0	0	0	0	0	0	0	0	0	0	0	0	0	0	151	0	0	0	0	0	0	D_0__k__Bacteria; D_1__p__Actinobacteria; D_2__c__Actinomycetia; D_3__o__Corynebacteriales; D_4__f__Corynebacteriaceae; D_5__g__Corynebacterium; D_6__g__Corynebacterium_s__matruchotii
891	0	0	0	0	96	0	0	0	0	0	0	0	0	0	0	0	0	0	0	0	54	0	0	0	0	0	0	0	0	0	0	0	0	0	0	0	0	0	0	0	0	0	0	0	0	0	0	0	0	0	D_0__k__Bacteria; D_1__p__Bacteroidetes; D_2__c__Bacteroidia; D_3__o__Bacteroidales; D_4__f__Prevotellaceae; D_5__g__Alloprevotella; D_6__g__Alloprevotella_s__rava
892	0	0	0	0	0	0	0	0	0	0	0	0	0	0	0	0	0	0	0	0	0	0	0	0	0	0	0	0	0	0	0	0	0	0	0	150	0	0	0	0	0	0	0	0	0	0	0	0	0	0	D_0__k__Bacteria; D_1__p__Proteobacteria; D_2__c__Gammaproteobacteria; D_3__o__Pasteurellales; D_4__f__Pasteurellaceae; D_5__g__Haemophilus; D_6__g__Haemophilus_s__sp._HMT_908
893	0	0	0	0	0	0	0	0	0	0	0	0	0	0	0	0	0	0	0	0	0	0	0	0	0	0	0	0	0	0	0	0	0	0	0	0	0	0	0	0	0	0	0	0	150	0	0	0	0	0	D_0__k__Bacteria; D_1__p__Bacteroidetes; D_2__c__Bacteroidia; D_3__o__Bacteroidales; D_4__f__Prevotellaceae; D_5__g__Prevotella; D_6__g__Prevotella_s__baroniae
894	0	0	0	0	0	0	0	0	0	0	0	0	0	0	0	0	0	0	0	0	0	0	0	0	0	0	0	0	0	0	0	0	0	0	0	0	0	0	0	0	0	0	0	0	92	58	0	0	0	0	D_0__k__Bacteria; D_1__p__Bacteroidetes; D_2__c__Flavobacteriia; D_3__o__Flavobacteriales; D_4__f__Flavobacteriaceae; D_5__g__Capnocytophaga; D_6__g__Capnocytophaga_s__sp._HMT_878
895	0	0	0	0	0	0	28	48	0	0	0	0	0	0	0	0	0	0	0	0	73	0	0	0	0	0	0	0	0	0	0	0	0	0	0	0	0	0	0	0	0	0	0	0	0	0	0	0	0	0	D_0__k__Bacteria; D_1__p__Firmicutes; D_2__c__Clostridia; D_3__o__Eubacteriales; D_4__f__Peptostreptococcaceae; D_5__g__Peptostreptococcaceae_[G-7]; D_6__g__Peptostreptococcaceae_[G-7]_s__[Eubacterium]_yurii_subsps._yurii_&_margaretiae
896	0	0	0	0	0	0	0	0	0	0	0	0	0	0	0	0	0	0	0	0	149	0	0	0	0	0	0	0	0	0	0	0	0	0	0	0	0	0	0	0	0	0	0	0	0	0	0	0	0	0	D_0__k__Bacteria; D_1__p__Proteobacteria; D_2__c__Alphaproteobacteria; D_3__o__Hyphomicrobiales; D_4__f__Brucellaceae; D_5__g__Brucella; D_6__g__Brucella_s__anthropi
897	0	0	0	0	0	0	0	0	0	0	0	0	0	0	0	0	0	0	0	0	92	0	0	0	57	0	0	0	0	0	0	0	0	0	0	0	0	0	0	0	0	0	0	0	0	0	0	0	0	0	D_0__k__Bacteria; D_1__p__Bacteroidetes; D_2__c__Bacteroidia; D_3__o__Bacteroidales; D_4__f__Prevotellaceae; D_5__g__Prevotella; D_6__g__Prevotella_s__oris
898	0	0	0	0	0	0	0	0	0	0	0	0	0	0	0	0	0	0	0	0	0	0	0	0	0	0	0	0	0	0	0	0	0	149	0	0	0	0	0	0	0	0	0	0	0	0	0	0	0	0	D_0__k__Bacteria; D_1__p__Fusobacteria; D_2__c__Fusobacteriia; D_3__o__Fusobacteriales; D_4__f__Leptotrichiaceae; D_5__g__Leptotrichia; D_6__g__Leptotrichia_s__hofstadii
899	0	0	0	0	0	0	0	0	0	0	0	0	0	0	0	0	0	0	0	0	0	0	0	0	0	0	0	0	0	0	0	0	0	0	0	0	0	0	101	48	0	0	0	0	0	0	0	0	0	0	D_0__k__Bacteria; D_1__p__Bacteroidetes; D_2__c__Bacteroidia; D_3__o__Bacteroidales; D_4__f__Prevotellaceae; D_5__g__Prevotella; D_6__g__Prevotella_s__saccharolytica
900	0	0	63	0	0	0	0	0	0	0	0	0	0	0	0	0	0	0	0	0	0	0	0	0	0	0	0	0	0	0	0	0	0	0	0	0	0	0	0	0	0	0	0	0	0	0	0	0	85	0	D_0__k__Bacteria; D_1__p__Firmicutes; D_2__c__Erysipelotrichia; D_3__o__Erysipelotrichales; D_4__f__Coprobacillaceae; D_5__g__Eggerthia; D_6__g__Eggerthia_s__catenaformis
901	0	0	0	0	148	0	0	0	0	0	0	0	0	0	0	0	0	0	0	0	0	0	0	0	0	0	0	0	0	0	0	0	0	0	0	0	0	0	0	0	0	0	0	0	0	0	0	0	0	0	D_0__k__Bacteria; D_1__p__Synergistetes; D_2__c__Synergistia; D_3__o__Synergistales; D_4__f__Synergistaceae; D_5__g__Fretibacterium; D_6__g__Fretibacterium_s__sp._HMT_358
902	0	0	0	0	0	0	0	0	0	0	0	0	0	0	0	0	0	0	0	0	0	0	85	0	49	0	0	0	0	0	0	0	0	0	0	0	0	0	0	0	0	0	0	0	0	0	0	14	0	0	D_0__k__Bacteria; D_1__p__Firmicutes; D_2__c__Negativicutes; D_3__o__Selenomonadales; D_4__f__Selenomonadaceae; D_5__g__Selenomonas; D_6__g__Selenomonas_s__sputigena
903	0	0	0	0	0	0	0	0	0	0	0	0	0	0	0	0	0	0	0	0	0	0	0	0	0	0	0	0	0	0	0	0	0	0	0	148	0	0	0	0	0	0	0	0	0	0	0	0	0	0	D_0__k__Bacteria; D_1__p__Actinobacteria; D_2__c__Actinomycetia; D_3__o__Actinomycetales; D_4__f__Actinomycetaceae; D_5__g__Actinomyces; D_6__g__Actinomyces_s__sp._HMT_171
904	0	0	0	0	0	0	0	0	0	0	0	0	0	0	0	0	0	0	0	147	0	0	0	0	0	0	0	0	0	0	0	0	0	0	0	0	0	0	0	0	0	0	0	0	0	0	0	0	0	0	D_0__k__Bacteria; D_1__p__Bacteroidetes; D_2__c__Bacteroidia; D_3__o__Bacteroidales; D_4__f__Porphyromonadaceae; D_5__g__Porphyromonas; D_6__g__Porphyromonas_s__pasteri
905	0	26	0	0	0	0	0	0	0	0	0	0	0	0	0	0	0	0	0	0	0	0	0	0	0	0	0	0	0	0	0	0	0	0	0	0	0	0	0	0	0	0	0	0	0	0	0	120	0	0	D_0__k__Bacteria; D_1__p__Fusobacteria; D_2__c__Fusobacteriia; D_3__o__Fusobacteriales; D_4__f__Leptotrichiaceae; D_5__g__Pseudoleptotrichia; D_6__g__Pseudoleptotrichia_s__goodfellowii
906	0	0	0	0	82	12	0	0	0	0	0	0	0	0	0	0	0	0	12	0	0	0	0	0	0	25	0	0	0	0	0	0	0	0	0	0	0	0	0	0	0	0	0	0	0	0	0	0	0	0	D_0__k__Bacteria; D_1__p__Firmicutes; D_2__c__Clostridia; D_3__o__Eubacteriales; D_4__f__Peptococcaceae; D_5__g__Peptococcus; D_6__g__Peptococcus_s__sp._HMT_168
907	0	0	0	0	43	33	0	0	0	0	0	0	0	9	0	11	0	0	0	0	0	0	16	0	0	0	0	0	0	0	0	0	0	0	0	0	0	0	0	0	0	0	0	34	0	0	0	0	0	0	D_0__k__Bacteria; D_1__p__Bacteroidetes; D_2__c__Bacteroidia; D_3__o__Bacteroidales; D_4__f__Prevotellaceae; D_5__g__Prevotella; D_6__g__Prevotella_s__oulorum
908	0	0	0	0	0	0	0	146	0	0	0	0	0	0	0	0	0	0	0	0	0	0	0	0	0	0	0	0	0	0	0	0	0	0	0	0	0	0	0	0	0	0	0	0	0	0	0	0	0	0	D_0__k__Bacteria; D_1__p__Bacteroidetes; D_2__c__Flavobacteriia; D_3__o__Flavobacteriales; D_4__f__Flavobacteriaceae; D_5__g__Capnocytophaga; D_6__g__Capnocytophaga_s__sp._HMT_332
909	0	0	0	0	0	0	0	41	0	0	0	0	0	0	0	0	0	0	0	0	0	0	0	0	0	0	0	0	0	47	0	0	0	0	0	0	0	0	0	0	0	0	0	0	0	0	0	0	0	0	D_0__k__Bacteria; D_1__p__Bacteroidetes; D_2__c__Flavobacteriia; D_3__o__Flavobacteriales; D_4__f__Weeksellaceae; D_5__g__Weeksellaceae_[G-1]; D_6__g__Weeksellaceae_[G-1]_s__sp._HMT_900
910	0	0	0	0	0	0	0	0	0	0	0	0	0	0	0	0	0	0	0	0	0	0	0	0	0	60	0	0	0	0	0	0	86	0	0	0	0	0	0	0	0	0	0	0	0	0	0	0	0	0	D_0__k__Bacteria; D_1__p__Firmicutes; D_2__c__Negativicutes; D_3__o__Selenomonadales; D_4__f__Selenomonadaceae; D_5__g__Selenomonas; D_6__g__Selenomonas_s__artemidis
911	0	0	0	0	0	0	0	0	0	0	0	0	0	0	0	0	0	0	0	0	0	0	0	0	0	0	0	0	0	0	0	0	0	0	0	0	0	0	79	0	0	0	0	0	0	0	0	0	0	0	D_0__k__Bacteria; D_1__p__Saccharibacteria_(TM7); D_2__c__Saccharibacteria_(TM7)_[C-1]; D_3__o__Saccharibacteria_(TM7)_[O-1]; D_4__f__Saccharibacteria_(TM7)_[F-1]; D_5__g__Saccharibacteria_(TM7)_[G-6]; D_6__g__Saccharibacteria_(TM7)_[G-6]_s__bacterium_HMT_870
912	0	0	0	0	0	0	80	64	0	0	0	0	0	0	0	0	0	0	0	0	0	0	0	0	0	0	0	0	0	0	0	0	0	0	0	0	0	0	0	0	0	0	0	0	0	0	0	0	0	0	D_0__k__Bacteria; D_1__p__Fusobacteria; D_2__c__Fusobacteriia; D_3__o__Fusobacteriales; D_4__f__Fusobacteriaceae; D_5__g__Fusobacterium; D_6__g__Fusobacterium_s__nucleatum
913	0	0	0	0	0	0	0	0	0	0	0	68	0	0	0	0	0	0	0	29	0	0	0	0	0	47	0	0	0	0	0	0	0	0	0	0	0	0	0	0	0	0	0	0	0	0	0	0	0	0	D_0__k__Bacteria; D_1__p__Firmicutes; D_2__c__Negativicutes; D_3__o__Veillonellales; D_4__f__Veillonellaceae; D_5__g__Veillonella; D_6__g__Veillonella_s__sp._HMT_780
914	0	0	0	0	0	0	0	0	0	0	0	0	0	0	0	0	0	0	0	0	144	0	0	0	0	0	0	0	0	0	0	0	0	0	0	0	0	0	0	0	0	0	0	0	0	0	0	0	0	0	D_0__k__Bacteria; D_1__p__Spirochaetes; D_2__c__Spirochaetia; D_3__o__Spirochaetales; D_4__f__Treponemataceae; D_5__g__Treponema; D_6__g__Treponema_s__sp._HMT_228
915	0	0	0	0	0	0	0	0	0	0	0	0	0	0	0	0	0	0	0	0	0	0	0	0	0	0	0	0	0	0	143	0	0	0	0	0	0	0	0	0	0	0	0	0	0	0	0	0	0	0	D_0__k__Bacteria; D_1__p__Firmicutes; D_2__c__Bacilli; D_3__o__Bacillales; D_4__f__Gemellaceae; D_5__g__Gemella; D_6__g__Gemella_s__haemolysans
916	0	0	0	0	0	0	0	0	0	0	0	0	0	0	0	0	0	0	0	0	0	0	0	0	0	0	0	0	0	0	0	0	0	0	0	0	141	0	0	0	0	0	0	0	0	0	0	0	0	0	D_0__k__Bacteria; D_1__p__Bacteroidetes; D_2__c__Bacteroidia; D_3__o__Bacteroidales; D_4__f__Prevotellaceae; D_5__g__Prevotella; D_6__g__Prevotella_s__pleuritidis
917	0	0	0	0	0	0	0	0	0	0	0	0	0	0	0	0	0	0	0	0	0	0	0	0	0	0	0	0	0	0	0	0	0	0	0	0	0	0	0	0	0	0	0	0	0	0	0	59	0	82	D_0__k__Bacteria; D_1__p__Proteobacteria; D_2__c__Gammaproteobacteria; D_3__o__Pasteurellales; D_4__f__Pasteurellaceae; D_5__g__Haemophilus; D_6__g__Haemophilus_s__sp._HMT_036
918	0	0	140	0	0	0	0	0	0	0	0	0	0	0	0	0	0	0	0	0	0	0	0	0	0	0	0	0	0	0	0	0	0	0	0	0	0	0	0	0	0	0	0	0	0	0	0	0	0	0	D_0__k__Bacteria; D_1__p__Bacteroidetes; D_2__c__Bacteroidia; D_3__o__Bacteroidales; D_4__f__Prevotellaceae; D_5__g__Prevotella; D_6__g__Prevotella_s__multiformis
919	0	0	0	0	0	0	0	0	0	0	0	0	0	0	0	0	0	0	0	0	0	0	60	0	0	0	0	0	0	0	0	0	0	0	0	0	0	0	0	0	0	0	0	80	0	0	0	0	0	0	D_0__k__Bacteria; D_1__p__Firmicutes; D_2__c__Negativicutes; D_3__o__Selenomonadales; D_4__f__Selenomonadaceae; D_5__g__Selenomonas; D_6__g__Selenomonas_s__sputigena
920	0	0	0	0	0	0	0	0	0	0	0	0	0	0	0	0	0	0	0	62	0	0	0	0	0	0	0	0	0	0	0	0	0	0	0	0	0	0	0	0	0	0	0	0	0	0	0	36	0	0	D_0__k__Bacteria; D_1__p__Actinobacteria; D_2__c__Actinomycetia; D_3__o__Micrococcales; D_4__f__Micrococcaceae; D_5__g__Rothia; D_6__g__Rothia_s__mucilaginosa
921	0	0	0	53	0	0	0	0	0	0	0	0	0	0	0	0	0	0	0	0	0	0	0	0	0	0	0	0	0	0	0	12	0	0	0	0	0	0	0	0	0	0	0	0	49	0	0	0	0	0	D_0__k__Bacteria; D_1__p__Fusobacteria; D_2__c__Fusobacteriia; D_3__o__Fusobacteriales; D_4__f__Leptotrichiaceae; D_5__g__Leptotrichia; D_6__g__Leptotrichia_s__sp._HMT_212
922	0	0	0	0	0	0	0	0	0	0	0	138	0	0	0	0	0	0	0	0	0	0	0	0	0	0	0	0	0	0	0	0	0	0	0	0	0	0	0	0	0	0	0	0	0	0	0	0	0	0	D_0__k__Bacteria; D_1__p__Fusobacteria; D_2__c__Fusobacteriia; D_3__o__Fusobacteriales; D_4__f__Leptotrichiaceae; D_5__g__Leptotrichia; D_6__g__Leptotrichia_s__sp._HMT_417
923	0	0	0	0	0	0	0	0	0	0	0	0	0	0	0	0	0	0	0	0	0	0	0	0	0	0	0	0	0	0	0	0	0	0	0	0	0	0	0	0	0	0	0	0	138	0	0	0	0	0	D_0__k__Bacteria; D_1__p__Actinobacteria; D_2__c__Coriobacteriia; D_3__o__Coriobacteriales; D_4__f__Atopobiaceae; D_5__g__Lancefieldella; D_6__g__Lancefieldella_s__sp._HMT_199
924	0	0	0	0	0	0	0	0	0	0	0	0	0	0	0	0	0	0	0	0	0	0	0	0	0	0	0	0	0	0	0	0	0	0	0	0	0	0	137	0	0	0	0	0	0	0	0	0	0	0	D_0__k__Bacteria; D_1__p__Bacteroidetes; D_2__c__Bacteroidia; D_3__o__Bacteroidales; D_4__f__Tannerellaceae; D_5__g__Tannerella; D_6__g__Tannerella_s__sp._HMT_286
925	0	0	136	0	0	0	0	0	0	0	0	0	0	0	0	0	0	0	0	0	0	0	0	0	0	0	0	0	0	0	0	0	0	0	0	0	0	0	0	0	0	0	0	0	0	0	0	0	0	0	D_0__k__Bacteria; D_1__p__Firmicutes; D_2__c__Clostridia; D_3__o__Eubacteriales; D_4__f__Lachnospiraceae; D_5__g__Oribacterium; D_6__g__Oribacterium_s__sp._HMT_078
926	0	0	0	0	0	0	0	0	0	0	0	0	0	0	0	0	0	0	0	0	0	0	0	0	0	0	0	0	0	0	0	0	0	0	0	0	0	0	0	0	135	0	0	0	0	0	0	0	0	0	D_0__k__Bacteria; D_1__p__Bacteroidetes; D_2__c__Bacteroidia; D_3__o__Bacteroidales; D_4__f__Porphyromonadaceae; D_5__g__Porphyromonas; D_6__g__Porphyromonas_s__sp._HMT_930
927	0	0	0	10	0	0	0	0	0	0	0	0	0	0	0	0	0	0	0	0	0	0	0	0	0	0	0	0	0	0	0	0	0	0	0	0	0	0	15	0	0	0	0	0	0	0	0	0	0	109	D_0__k__Bacteria; D_1__p__Proteobacteria; D_2__c__Betaproteobacteria; D_3__o__Neisseriales; D_4__f__Neisseriaceae; D_5__g__Neisseria; D_6__g__Neisseria_s__elongata
928	0	0	0	0	134	0	0	0	0	0	0	0	0	0	0	0	0	0	0	0	0	0	0	0	0	0	0	0	0	0	0	0	0	0	0	0	0	0	0	0	0	0	0	0	0	0	0	0	0	0	D_0__k__Bacteria; D_1__p__Bacteroidetes; D_2__c__Bacteroidia; D_3__o__Bacteroidales; D_4__f__Prevotellaceae; D_5__g__Prevotella; D_6__g__Prevotella_s__micans
929	0	0	0	0	0	0	0	0	0	11	0	0	0	0	0	0	0	0	0	0	0	0	0	0	0	0	0	31	0	0	0	0	0	0	0	0	0	0	0	0	0	0	0	0	0	0	0	0	0	0	D_0__k__Bacteria; D_1__p__Firmicutes; D_2__c__Tissierellia; D_3__o__Tissierellales; D_4__f__Peptoniphilaceae; D_5__g__Parvimonas; D_6__g__Parvimonas_s__sp._HMT_110
930	0	0	0	0	0	0	0	0	0	0	0	0	0	0	0	0	0	0	0	0	0	0	0	0	0	0	0	0	0	0	0	0	0	0	0	0	0	0	0	0	0	0	0	0	0	0	0	0	133	0	D_0__k__Bacteria; D_1__p__Spirochaetes; D_2__c__Spirochaetia; D_3__o__Spirochaetales; D_4__f__Treponemataceae; D_5__g__Treponema; D_6__g__Treponema_s__denticola
931	0	0	0	0	0	0	0	0	0	0	0	0	0	0	0	0	0	0	0	59	0	0	0	0	0	0	0	0	0	0	0	0	0	0	0	0	0	0	0	0	0	0	0	0	0	0	73	0	0	0	D_0__k__Bacteria; D_1__p__Fusobacteria; D_2__c__Fusobacteriia; D_3__o__Fusobacteriales; D_4__f__Leptotrichiaceae; D_5__g__Pseudoleptotrichia; D_6__g__Pseudoleptotrichia_s__sp._HMT_219
932	0	0	0	0	125	0	0	0	0	0	0	0	0	0	0	0	0	0	0	0	0	0	0	0	0	0	0	0	0	0	0	0	0	0	0	0	0	0	0	0	0	0	0	0	6	0	0	0	0	0	D_0__k__Bacteria; D_1__p__Firmicutes; D_2__c__Negativicutes; D_3__o__Veillonellales; D_4__f__Veillonellaceae; D_5__g__Colibacter; D_6__g__Colibacter_s__massiliensis
933	0	0	0	0	70	0	0	0	0	0	0	0	0	0	0	0	0	0	0	0	22	0	0	0	0	0	0	0	0	0	0	0	0	0	0	0	0	0	0	0	0	39	0	0	0	0	0	0	0	0	D_0__k__Bacteria; D_1__p__Actinobacteria; D_2__c__Coriobacteriia; D_3__o__Eggerthellales; D_4__f__Eggerthellaceae; D_5__g__Slackia; D_6__g__Slackia_s__exigua
934	0	0	0	0	0	0	0	0	0	0	131	0	0	0	0	0	0	0	0	0	0	0	0	0	0	0	0	0	0	0	0	0	0	0	0	0	0	0	0	0	0	0	0	0	0	0	0	0	0	0	D_0__k__Bacteria; D_1__p__Firmicutes; D_2__c__Bacilli; D_3__o__Lactobacillales; D_4__f__Lactobacillaceae; D_5__g__Lentilactobacillus; D_6__g__Lentilactobacillus_s__buchneri
935	0	0	0	0	0	0	0	0	0	0	0	131	0	0	0	0	0	0	0	0	0	0	0	0	0	0	0	0	0	0	0	0	0	0	0	0	0	0	0	0	0	0	0	0	0	0	0	0	0	0	D_0__k__Bacteria; D_1__p__Saccharibacteria_(TM7); D_2__c__Saccharibacteria_(TM7)_[C-1]; D_3__o__Saccharibacteria_(TM7)_[O-1]; D_4__f__Saccharibacteria_(TM7)_[F-1]; D_5__g__Saccharibacteria_(TM7)_[G-6]; D_6__g__Saccharibacteria_(TM7)_[G-6]_s__bacterium_HMT_870
936	0	0	0	0	0	0	0	0	0	0	0	0	0	0	0	0	0	131	0	0	0	0	0	0	0	0	0	0	0	0	0	0	0	0	0	0	0	0	0	0	0	0	0	0	0	0	0	0	0	0	D_0__k__Bacteria; D_1__p__Bacteroidetes; D_2__c__Bacteroidia; D_3__o__Bacteroidales; D_4__f__Porphyromonadaceae; D_5__g__Porphyromonas; D_6__g__Porphyromonas_s__sp._HMT_284
937	130	0	0	0	0	0	0	0	0	0	0	0	0	0	0	0	0	0	0	0	0	0	0	0	0	0	0	0	0	0	0	0	0	0	0	0	0	0	0	0	0	0	0	0	0	0	0	0	0	0	D_0__k__Bacteria; D_1__p__Firmicutes; D_2__c__Negativicutes; D_3__o__Selenomonadales; D_4__f__Selenomonadaceae; D_5__g__Selenomonas; D_6__g__Selenomonas_s__sputigena
938	0	0	0	0	130	0	0	0	0	0	0	0	0	0	0	0	0	0	0	0	0	0	0	0	0	0	0	0	0	0	0	0	0	0	0	0	0	0	0	0	0	0	0	0	0	0	0	0	0	0	D_0__k__Bacteria; D_1__p__Spirochaetes; D_2__c__Spirochaetia; D_3__o__Spirochaetales; D_4__f__Treponemataceae; D_5__g__Treponema; D_6__g__Treponema_s__sp._HMT_234
939	0	0	0	0	0	96	0	0	0	0	0	33	0	0	0	0	0	0	0	0	0	0	0	0	0	0	0	0	0	0	0	0	0	0	0	0	0	0	0	0	0	0	0	0	0	0	0	0	0	0	D_0__k__Bacteria; D_1__p__Bacteroidetes; D_2__c__Bacteroidia; D_3__o__Bacteroidales; D_4__f__Prevotellaceae; D_5__g__Prevotella; D_6__g__Prevotella_s__oris
940	0	0	0	0	0	0	36	62	0	0	0	0	0	0	0	0	0	0	0	0	0	0	0	0	0	0	0	0	0	0	0	0	31	0	0	0	0	0	0	0	0	0	0	0	0	0	0	0	0	0	D_0__k__Bacteria; D_1__p__Proteobacteria; D_2__c__Gammaproteobacteria; D_3__o__Pasteurellales; D_4__f__Pasteurellaceae; D_5__g__Haemophilus; D_6__g__Haemophilus_s__sp._HMT_908
941	0	0	0	0	0	0	0	0	0	0	0	0	0	0	0	0	0	0	0	0	0	54	0	0	0	0	0	0	0	0	0	0	0	0	0	0	0	75	0	0	0	0	0	0	0	0	0	0	0	0	D_0__k__Bacteria; D_1__p__Bacteroidetes; D_2__c__Bacteroidia; D_3__o__Bacteroidales; D_4__f__Porphyromonadaceae; D_5__g__Porphyromonas; D_6__g__Porphyromonas_s__pasteri
942	0	0	0	0	0	0	0	0	0	0	0	0	0	0	0	0	0	0	0	0	0	0	0	0	0	0	0	0	0	0	0	0	0	0	0	0	0	0	0	0	0	0	0	0	0	0	0	0	129	0	D_0__k__Bacteria; D_1__p__Firmicutes; D_2__c__Clostridia; D_3__o__Eubacteriales; D_4__f__Peptostreptococcaceae; D_5__g__Peptostreptococcaceae_[G-7]; D_6__g__Peptostreptococcaceae_[G-7]_s__bacterium_HMT_081
943	0	0	0	0	0	0	0	0	0	0	0	0	0	0	0	0	0	0	0	0	0	0	0	0	0	0	0	0	0	0	0	0	0	0	0	0	0	0	0	0	0	0	0	0	0	0	0	0	0	129	D_0__k__Bacteria; D_1__p__Bacteroidetes; D_2__c__Bacteroidia; D_3__o__Bacteroidales; D_4__f__Porphyromonadaceae; D_5__g__Porphyromonas; D_6__g__Porphyromonas_s__sp._HMT_275
944	0	0	0	2	0	0	0	0	0	0	0	0	0	0	0	0	0	0	0	0	0	0	0	0	0	0	0	0	0	0	0	0	3	2	0	0	0	0	0	0	63	0	0	0	0	0	2	4	0	0	D_0__k__Bacteria; D_1__p__Firmicutes; D_2__c__Negativicutes; D_3__o__Veillonellales; D_4__f__Veillonellaceae; D_5__g__Veillonella; D_6__g__Veillonella_s__parvula
945	0	0	0	0	0	0	0	0	0	0	128	0	0	0	0	0	0	0	0	0	0	0	0	0	0	0	0	0	0	0	0	0	0	0	0	0	0	0	0	0	0	0	0	0	0	0	0	0	0	0	D_0__k__Bacteria; D_1__p__Proteobacteria; D_2__c__Alphaproteobacteria; D_3__o__Rhodospirillales; D_4__f__Acetobacteraceae; D_5__g__Roseomonas; D_6__g__Roseomonas_s__mucosa
946	0	0	0	0	0	0	0	0	0	0	0	0	0	0	0	0	0	128	0	0	0	0	0	0	0	0	0	0	0	0	0	0	0	0	0	0	0	0	0	0	0	0	0	0	0	0	0	0	0	0	D_0__k__Bacteria; D_1__p__Bacteroidetes; D_2__c__Bacteroidia; D_3__o__Bacteroidales; D_4__f__Prevotellaceae; D_5__g__Alloprevotella; D_6__g__Alloprevotella_s__sp._HMT_912
947	0	0	0	0	0	0	0	0	0	0	0	0	0	0	0	0	0	0	0	0	0	0	0	0	0	0	0	0	0	0	0	0	60	66	0	0	0	0	0	0	0	0	0	0	0	0	0	0	0	0	D_0__k__Bacteria; D_1__p__Firmicutes; D_2__c__Clostridia; D_3__o__Eubacteriales; D_4__f__Peptostreptococcaceae; D_5__g__Peptostreptococcaceae_[G-7]; D_6__g__Peptostreptococcaceae_[G-7]_s__[Eubacterium]_yurii_subsps._yurii_&_margaretiae
948	0	0	0	0	0	0	0	0	0	0	0	0	0	0	0	0	0	0	0	0	0	0	0	0	0	0	0	0	0	0	0	0	0	0	0	0	0	0	0	0	0	0	0	0	0	0	0	0	0	126	D_0__k__Bacteria; D_1__p__Bacteroidetes; D_2__c__Bacteroidia; D_3__o__Bacteroidales; D_4__f__Porphyromonadaceae; D_5__g__Porphyromonas; D_6__g__Porphyromonas_s__catoniae
949	0	0	0	0	0	0	0	0	0	0	0	0	0	0	0	0	0	0	0	125	0	0	0	0	0	0	0	0	0	0	0	0	0	0	0	0	0	0	0	0	0	0	0	0	0	0	0	0	0	0	D_0__k__Bacteria; D_1__p__Proteobacteria; D_2__c__Betaproteobacteria; D_3__o__Neisseriales; D_4__f__Neisseriaceae; D_5__g__Neisseria; D_6__g__Neisseria_s__flava
950	0	0	0	0	0	0	0	0	0	0	0	0	0	0	0	0	0	0	0	0	0	0	0	0	0	125	0	0	0	0	0	0	0	0	0	0	0	0	0	0	0	0	0	0	0	0	0	0	0	0	D_0__k__Bacteria; D_1__p__Bacteroidetes; D_2__c__Bacteroidia; D_3__o__Bacteroidales; D_4__f__Prevotellaceae; D_5__g__Prevotella; D_6__g__Prevotella_s__oulorum
951	0	0	0	0	0	0	0	0	0	0	0	0	0	0	0	0	0	0	0	0	0	0	0	0	0	0	0	0	0	0	0	0	125	0	0	0	0	0	0	0	0	0	0	0	0	0	0	0	0	0	D_0__k__Bacteria; D_1__p__Bacteroidetes; D_2__c__Bacteroidia; D_3__o__Bacteroidales; D_4__f__Prevotellaceae; D_5__g__Prevotella; D_6__g__Prevotella_s__oulorum
952	0	124	0	0	0	0	0	0	0	0	0	0	0	0	0	0	0	0	0	0	0	0	0	0	0	0	0	0	0	0	0	0	0	0	0	0	0	0	0	0	0	0	0	0	0	0	0	0	0	0	D_0__k__Bacteria; D_1__p__Fusobacteria; D_2__c__Fusobacteriia; D_3__o__Fusobacteriales; D_4__f__Leptotrichiaceae; D_5__g__Leptotrichia; D_6__g__Leptotrichia_s__sp._HMT_417
953	0	0	0	0	0	0	0	0	0	0	0	0	0	0	0	14	0	0	0	0	0	0	0	0	0	0	0	0	0	0	0	0	0	26	0	0	0	26	0	0	0	58	0	0	0	0	0	0	0	0	D_0__k__Bacteria; D_1__p__Firmicutes; D_2__c__Bacilli; D_3__o__Lactobacillales; D_4__f__Streptococcaceae; D_5__g__Streptococcus; D_6__g__Streptococcus_s__sp._HMT_056
954	0	0	0	0	0	0	0	0	0	0	0	0	0	0	0	0	0	0	0	0	0	0	0	0	0	0	0	0	0	0	0	0	0	0	0	0	0	0	0	0	0	0	0	0	78	0	0	0	46	0	D_0__k__Bacteria; D_1__p__Firmicutes; D_2__c__Clostridia; D_3__o__Eubacteriales; D_4__f__Peptostreptococcaceae; D_5__g__Peptostreptococcus; D_6__g__Peptostreptococcus_s__stomatis
955	0	0	0	0	0	0	0	0	0	0	0	123	0	0	0	0	0	0	0	0	0	0	0	0	0	0	0	0	0	0	0	0	0	0	0	0	0	0	0	0	0	0	0	0	0	0	0	0	0	0	D_0__k__Bacteria; D_1__p__Bacteroidetes; D_2__c__Bacteroidia; D_3__o__Bacteroidales; D_4__f__Prevotellaceae; D_5__g__Prevotella; D_6__g__Prevotella_s__sp._HMT_472
956	0	0	0	0	0	0	0	0	0	0	0	0	0	0	0	0	0	0	0	0	123	0	0	0	0	0	0	0	0	0	0	0	0	0	0	0	0	0	0	0	0	0	0	0	0	0	0	0	0	0	D_0__k__Bacteria; D_1__p__Fusobacteria; D_2__c__Fusobacteriia; D_3__o__Fusobacteriales; D_4__f__Fusobacteriaceae; D_5__g__Fusobacterium; D_6__g__Fusobacterium_s__nucleatum
957	0	0	0	0	0	0	0	0	0	0	0	0	0	0	0	0	0	0	0	0	0	0	0	0	0	0	0	0	0	0	0	0	0	0	0	0	0	0	0	0	0	0	0	0	0	0	0	0	123	0	D_0__k__Bacteria; D_1__p__Spirochaetes; D_2__c__Spirochaetia; D_3__o__Spirochaetales; D_4__f__Treponemataceae; D_5__g__Treponema; D_6__g__Treponema_s__sp._HMT_247
958	0	0	0	0	0	0	0	122	0	0	0	0	0	0	0	0	0	0	0	0	0	0	0	0	0	0	0	0	0	0	0	0	0	0	0	0	0	0	0	0	0	0	0	0	0	0	0	0	0	0	D_0__k__Bacteria; D_1__p__Bacteroidetes; D_2__c__Flavobacteriia; D_3__o__Flavobacteriales; D_4__f__Flavobacteriaceae; D_5__g__Capnocytophaga; D_6__g__Capnocytophaga_s__sp._HMT_902
959	0	0	0	0	0	0	0	0	0	0	0	0	0	0	0	122	0	0	0	0	0	0	0	0	0	0	0	0	0	0	0	0	0	0	0	0	0	0	0	0	0	0	0	0	0	0	0	0	0	0	D_0__k__Bacteria; D_1__p__Fusobacteria; D_2__c__Fusobacteriia; D_3__o__Fusobacteriales; D_4__f__Fusobacteriaceae; D_5__g__Fusobacterium; D_6__g__Fusobacterium_s__nucleatum
960	0	0	0	0	0	0	0	0	0	0	0	0	0	0	0	0	0	0	0	0	0	0	0	0	0	0	0	0	0	0	0	0	0	122	0	0	0	0	0	0	0	0	0	0	0	0	0	0	0	0	D_0__k__Bacteria; D_1__p__Proteobacteria; D_2__c__Epsilonproteobacteria; D_3__o__Campylobacterales; D_4__f__Campylobacteraceae; D_5__g__Campylobacter; D_6__g__Campylobacter_s__rectus
961	0	0	0	0	0	0	0	0	0	0	0	0	0	0	0	0	0	0	0	0	0	0	0	0	0	0	0	0	0	0	0	0	0	0	0	0	122	0	0	0	0	0	0	0	0	0	0	0	0	0	D_0__k__Bacteria; D_1__p__Saccharibacteria_(TM7); D_2__c__Saccharibacteria_(TM7)_[C-1]; D_3__o__Saccharibacteria_(TM7)_[O-1]; D_4__f__Saccharibacteria_(TM7)_[F-1]; D_5__g__Saccharibacteria_(TM7)_[G-3]; D_6__g__Saccharibacteria_(TM7)_[G-3]_s__bacterium_HMT_351
962	0	0	0	0	0	0	0	0	0	0	0	0	0	0	0	30	0	0	0	0	0	0	0	0	49	42	0	0	0	0	0	0	0	0	0	0	0	0	0	0	0	0	0	0	0	0	0	0	0	0	D_0__k__Bacteria; D_1__p__Firmicutes; D_2__c__Negativicutes; D_3__o__Selenomonadales; D_4__f__Selenomonadaceae; D_5__g__Selenomonas; D_6__g__Selenomonas_s__sputigena
963	0	0	0	0	0	0	0	0	0	0	0	0	0	0	0	0	0	0	0	0	0	0	0	0	0	121	0	0	0	0	0	0	0	0	0	0	0	0	0	0	0	0	0	0	0	0	0	0	0	0	D_0__k__Bacteria; D_1__p__Bacteroidetes; D_2__c__Bacteroidia; D_3__o__Bacteroidales; D_4__f__Prevotellaceae; D_5__g__Prevotella; D_6__g__Prevotella_s__oulorum
964	0	0	0	0	0	0	0	0	0	0	0	0	0	0	0	0	0	0	0	0	0	0	0	0	0	0	0	0	89	0	0	0	0	0	0	0	0	0	0	0	32	0	0	0	0	0	0	0	0	0	D_0__k__Bacteria; D_1__p__Firmicutes; D_2__c__Erysipelotrichia; D_3__o__Erysipelotrichales; D_4__f__Erysipelotrichaceae; D_5__g__Solobacterium; D_6__g__Solobacterium_s__moorei
965	0	0	0	0	0	0	0	0	0	0	0	0	0	0	0	80	0	0	0	0	0	0	0	0	40	0	0	0	0	0	0	0	0	0	0	0	0	0	0	0	0	0	0	0	0	0	0	0	0	0	D_0__k__Bacteria; D_1__p__Actinobacteria; D_2__c__Actinomycetia; D_3__o__Actinomycetales; D_4__f__Actinomycetaceae; D_5__g__Actinomyces; D_6__g__Actinomyces_s__naeslundii
966	0	0	0	0	0	0	0	0	0	0	0	0	0	0	0	0	0	0	0	0	0	0	0	0	0	0	0	0	0	0	120	0	0	0	0	0	0	0	0	0	0	0	0	0	0	0	0	0	0	0	D_0__k__Bacteria; D_1__p__Bacteroidetes; D_2__c__Bacteroidia; D_3__o__Bacteroidales; D_4__f__Prevotellaceae; D_5__g__Prevotella; D_6__g__Prevotella_s__oris
967	0	0	0	0	0	0	0	0	0	0	0	0	0	0	0	0	0	0	0	0	0	0	0	0	0	0	0	0	0	0	0	0	60	60	0	0	0	0	0	0	0	0	0	0	0	0	0	0	0	0	D_0__k__Bacteria; D_1__p__Firmicutes; D_2__c__Bacilli; D_3__o__Lactobacillales; D_4__f__Carnobacteriaceae; D_5__g__Granulicatella; D_6__g__Granulicatella_s__elegans
968	0	0	0	0	0	0	119	0	0	0	0	0	0	0	0	0	0	0	0	0	0	0	0	0	0	0	0	0	0	0	0	0	0	0	0	0	0	0	0	0	0	0	0	0	0	0	0	0	0	0	D_0__k__Bacteria; D_1__p__Proteobacteria; D_2__c__Gammaproteobacteria; D_3__o__Cardiobacteriales; D_4__f__Cardiobacteriaceae; D_5__g__Cardiobacterium; D_6__g__Cardiobacterium_s__valvarum
969	0	0	0	0	0	0	0	0	0	0	0	0	0	0	0	0	0	46	0	0	0	0	0	0	0	0	0	0	0	0	0	0	0	0	0	0	0	0	0	0	0	0	0	0	0	0	53	20	0	0	D_0__k__Bacteria; D_1__p__Bacteroidetes; D_2__c__Bacteroidia; D_3__o__Bacteroidales; D_4__f__Prevotellaceae; D_5__g__Prevotella; D_6__g__Prevotella_s__saccharolytica
970	0	0	0	0	0	0	0	0	0	0	0	0	0	0	0	0	0	16	0	0	0	0	0	0	0	0	0	0	0	0	0	0	0	0	0	0	0	0	0	0	0	0	0	103	0	0	0	0	0	0	D_0__k__Bacteria; D_1__p__Bacteroidetes; D_2__c__Bacteroidia; D_3__o__Bacteroidales; D_4__f__Prevotellaceae; D_5__g__Prevotella; D_6__g__Prevotella_s__nanceiensis
971	0	0	0	0	0	0	0	0	0	0	0	0	0	0	0	0	0	0	0	0	0	0	0	0	0	0	0	0	0	0	0	0	0	0	0	0	0	0	0	0	0	0	0	0	74	45	0	0	0	0	D_0__k__Bacteria; D_1__p__Bacteroidetes; D_2__c__Bacteroidia; D_3__o__Bacteroidales; D_4__f__Prevotellaceae; D_5__g__Prevotella; D_6__g__Prevotella_s__sp._HMT_314
972	0	0	0	27	0	70	0	0	0	0	0	0	0	0	0	0	0	0	0	0	21	0	0	0	0	0	0	0	0	0	0	0	0	0	0	0	0	0	0	0	0	0	0	0	0	0	0	0	0	0	D_0__k__Bacteria; D_1__p__Firmicutes; D_2__c__Bacilli; D_3__o__Lactobacillales; D_4__f__Lactobacillaceae; D_5__g__Limosilactobacillus; D_6__g__Limosilactobacillus_s__oris
973	0	0	0	0	0	0	0	0	0	0	0	0	0	0	0	0	0	0	0	0	0	0	0	0	0	0	0	0	0	0	0	0	0	0	0	0	0	0	92	26	0	0	0	0	0	0	0	0	0	0	D_0__k__Bacteria; D_1__p__Firmicutes; D_2__c__Clostridia; D_3__o__Eubacteriales; D_4__f__Lachnospiraceae; D_5__g__Lachnospiraceae_[G-3]; D_6__g__Lachnospiraceae_[G-3]_s__bacterium_HMT_100
974	0	0	3	0	41	0	0	0	0	0	0	0	0	0	0	0	0	0	0	0	0	0	0	0	0	0	0	0	0	0	0	0	0	0	0	0	0	0	42	31	0	0	0	0	0	0	0	0	0	0	D_0__k__Bacteria; D_1__p__Bacteroidetes; D_2__c__Bacteroidia; D_3__o__Bacteroidales; D_4__f__Prevotellaceae; D_5__g__Alloprevotella; D_6__g__Alloprevotella_s__tannerae
975	0	0	0	0	0	0	0	0	117	0	0	0	0	0	0	0	0	0	0	0	0	0	0	0	0	0	0	0	0	0	0	0	0	0	0	0	0	0	0	0	0	0	0	0	0	0	0	0	0	0	D_0__k__Bacteria; D_1__p__Actinobacteria; D_2__c__Actinomycetia; D_3__o__Micrococcales; D_4__f__Micrococcaceae; D_5__g__Rothia; D_6__g__Rothia_s__mucilaginosa
976	0	0	0	0	0	0	0	0	0	0	0	0	0	0	0	0	0	0	0	0	0	0	103	0	0	0	0	0	0	0	0	0	0	0	0	0	0	0	0	0	0	0	0	0	0	0	14	0	0	0	D_0__k__Bacteria; D_1__p__Actinobacteria; D_2__c__Actinomycetia; D_3__o__Actinomycetales; D_4__f__Actinomycetaceae; D_5__g__Schaalia; D_6__g__Schaalia_s__lingnae
977	0	0	0	0	0	0	0	0	0	0	0	0	0	0	0	0	0	0	0	0	0	0	0	0	0	0	0	0	0	0	0	0	0	0	0	0	0	0	0	0	0	0	0	0	0	0	57	60	0	0	D_0__k__Bacteria; D_1__p__Bacteroidetes; D_2__c__Bacteroidia; D_3__o__Bacteroidales; D_4__f__Porphyromonadaceae; D_5__g__Porphyromonas; D_6__g__Porphyromonas_s__catoniae
978	0	0	0	0	0	0	41	0	0	0	0	0	0	0	0	0	0	0	0	0	0	0	0	0	0	0	0	0	0	0	0	0	0	0	0	0	0	0	0	0	0	0	0	0	0	0	75	0	0	0	D_0__k__Bacteria; D_1__p__Bacteroidetes; D_2__c__Bacteroidia; D_3__o__Bacteroidales; D_4__f__Prevotellaceae; D_5__g__Prevotella; D_6__g__Prevotella_s__denticola
979	0	0	0	0	0	0	0	0	0	0	0	0	0	0	0	0	0	0	0	0	0	0	0	0	0	0	0	0	0	0	0	0	0	0	0	0	0	0	0	0	0	0	0	116	0	0	0	0	0	0	D_0__k__Bacteria; D_1__p__Proteobacteria; D_2__c__Gammaproteobacteria; D_3__o__Pasteurellales; D_4__f__Pasteurellaceae; D_5__g__Aggregatibacter; D_6__g__Aggregatibacter_s__sp._HMT_898
980	0	0	0	0	0	0	0	0	0	0	0	0	0	0	0	0	0	0	0	0	0	0	0	0	0	115	0	0	0	0	0	0	0	0	0	0	0	0	0	0	0	0	0	0	0	0	0	0	0	0	D_0__k__Bacteria; D_1__p__Bacteroidetes; D_2__c__Bacteroidia; D_3__o__Bacteroidales; D_4__f__Prevotellaceae; D_5__g__Alloprevotella; D_6__g__Alloprevotella_s__sp._HMT_912
981	0	0	114	0	0	0	0	0	0	0	0	0	0	0	0	0	0	0	0	0	0	0	0	0	0	0	0	0	0	0	0	0	0	0	0	0	0	0	0	0	0	0	0	0	0	0	0	0	0	0	D_0__k__Bacteria; D_1__p__Bacteroidetes; D_2__c__Bacteroidia; D_3__o__Bacteroidales; D_4__f__Prevotellaceae; D_5__g__Prevotella; D_6__g__Prevotella_s__multiformis
982	0	0	0	0	0	0	0	0	0	0	0	0	0	0	0	0	18	0	0	0	0	0	0	0	0	0	0	0	0	0	0	0	0	0	0	0	0	0	0	0	0	0	0	96	0	0	0	0	0	0	D_0__k__Bacteria; D_1__p__Saccharibacteria_(TM7); D_2__c__Saccharibacteria_(TM7)_[C-1]; D_3__o__Saccharibacteria_(TM7)_[O-1]; D_4__f__Saccharibacteria_(TM7)_[F-1]; D_5__g__Saccharibacteria_(TM7)_[G-1]; D_6__g__Saccharibacteria_(TM7)_[G-1]_s__bacterium_HMT_349
983	0	0	0	0	0	0	0	0	0	0	0	0	0	0	0	0	0	0	0	0	30	0	0	0	0	0	0	0	0	0	0	0	0	0	0	0	0	0	0	0	0	0	0	0	84	0	0	0	0	0	D_0__k__Bacteria; D_1__p__Bacteroidetes; D_2__c__Bacteroidia; D_3__o__Bacteroidales; D_4__f__Prevotellaceae; D_5__g__Prevotella; D_6__g__Prevotella_s__dentalis
984	0	0	0	0	0	0	113	0	0	0	0	0	0	0	0	0	0	0	0	0	0	0	0	0	0	0	0	0	0	0	0	0	0	0	0	0	0	0	0	0	0	0	0	0	0	0	0	0	0	0	D_0__k__Bacteria; D_1__p__Bacteroidetes; D_2__c__Flavobacteriia; D_3__o__Flavobacteriales; D_4__f__Flavobacteriaceae; D_5__g__Capnocytophaga; D_6__g__Capnocytophaga_s__sp._HMT_324
985	0	0	0	0	0	0	0	0	0	0	113	0	0	0	0	0	0	0	0	0	0	0	0	0	0	0	0	0	0	0	0	0	0	0	0	0	0	0	0	0	0	0	0	0	0	0	0	0	0	0	D_0__k__Bacteria; D_1__p__Firmicutes; D_2__c__Negativicutes; D_3__o__Selenomonadales; D_4__f__Selenomonadaceae; D_5__g__Veillonellaceae_[G-1]; D_6__g__Veillonellaceae_[G-1]_s__bacterium_HMT_150
986	0	0	0	0	0	0	0	0	0	0	0	0	0	0	0	0	0	0	0	0	0	0	0	0	113	0	0	0	0	0	0	0	0	0	0	0	0	0	0	0	0	0	0	0	0	0	0	0	0	0	D_0__k__Bacteria; D_1__p__Proteobacteria; D_2__c__Alphaproteobacteria; D_3__o__Hyphomicrobiales; D_4__f__Boseaceae; D_5__g__Bosea; D_6__g__Bosea_s__vestrisii
987	0	0	112	0	0	0	0	0	0	0	0	0	0	0	0	0	0	0	0	0	0	0	0	0	0	0	0	0	0	0	0	0	0	0	0	0	0	0	0	0	0	0	0	0	0	0	0	0	0	0	D_0__k__Bacteria; D_1__p__Bacteroidetes; D_2__c__Bacteroidetes_[C-1]; D_3__o__Bacteroidetes_[O-1]; D_4__f__Bacteroidetes_[F-1]; D_5__g__Bacteroidetes_[G-3]; D_6__g__Bacteroidetes_[G-3]_s__bacterium_HMT_281
988	0	0	0	0	112	0	0	0	0	0	0	0	0	0	0	0	0	0	0	0	0	0	0	0	0	0	0	0	0	0	0	0	0	0	0	0	0	0	0	0	0	0	0	0	0	0	0	0	0	0	D_0__k__Bacteria; D_1__p__Firmicutes; D_2__c__Negativicutes; D_3__o__Selenomonadales; D_4__f__Selenomonadaceae; D_5__g__Veillonellaceae_[G-1]; D_6__g__Veillonellaceae_[G-1]_s__bacterium_HMT_145
989	0	0	0	0	0	0	0	0	0	0	0	0	0	0	0	0	0	84	0	0	0	0	0	0	0	0	0	0	0	0	0	0	0	0	0	0	0	28	0	0	0	0	0	0	0	0	0	0	0	0	D_0__k__Bacteria; D_1__p__Proteobacteria; D_2__c__Gammaproteobacteria; D_3__o__Pasteurellales; D_4__f__Pasteurellaceae; D_5__g__Haemophilus; D_6__g__Haemophilus_s__sp._HMT_036
990	0	0	0	0	0	0	0	0	0	0	0	0	0	0	0	0	0	0	0	0	0	0	0	0	0	0	0	0	0	0	0	0	0	0	0	0	0	0	0	0	0	0	0	112	0	0	0	0	0	0	D_0__k__Bacteria; D_1__p__Bacteroidetes; D_2__c__Bacteroidia; D_3__o__Bacteroidales; D_4__f__Prevotellaceae; D_5__g__Prevotella; D_6__g__Prevotella_s__salivae
991	0	0	111	0	0	0	0	0	0	0	0	0	0	0	0	0	0	0	0	0	0	0	0	0	0	0	0	0	0	0	0	0	0	0	0	0	0	0	0	0	0	0	0	0	0	0	0	0	0	0	D_0__k__Bacteria; D_1__p__Firmicutes; D_2__c__Clostridia; D_3__o__Eubacteriales; D_4__f__Lachnospiraceae; D_5__g__Lachnoanaerobaculum; D_6__g__Lachnoanaerobaculum_s__sp._HMT_089
992	0	0	36	0	0	0	0	0	0	0	0	0	0	0	58	17	0	0	0	0	0	0	0	0	0	0	0	0	0	0	0	0	0	0	0	0	0	0	0	0	0	0	0	0	0	0	0	0	0	0	D_0__k__Bacteria; D_1__p__Bacteroidetes; D_2__c__Bacteroidia; D_3__o__Bacteroidales; D_4__f__Prevotellaceae; D_5__g__Alloprevotella; D_6__g__Alloprevotella_s__rava
993	0	0	0	0	0	0	0	0	0	0	0	0	0	0	0	0	0	0	0	0	0	0	0	0	0	0	0	0	0	0	0	111	0	0	0	0	0	0	0	0	0	0	0	0	0	0	0	0	0	0	D_0__k__Bacteria; D_1__p__Proteobacteria; D_2__c__Betaproteobacteria; D_3__o__Neisseriales; D_4__f__Neisseriaceae; D_5__g__Neisseria; D_6__g__Neisseria_s__subflava
994	0	0	71	0	0	0	0	0	0	0	0	0	0	0	0	0	0	0	0	0	0	0	0	0	0	0	0	0	0	0	0	0	0	0	0	0	39	0	0	0	0	0	0	0	0	0	0	0	0	0	D_0__k__Bacteria; D_1__p__Spirochaetes; D_2__c__Spirochaetia; D_3__o__Spirochaetales; D_4__f__Treponemataceae; D_5__g__Treponema; D_6__g__Treponema_s__socranskii
995	0	0	0	0	0	0	110	0	0	0	0	0	0	0	0	0	0	0	0	0	0	0	0	0	0	0	0	0	0	0	0	0	0	0	0	0	0	0	0	0	0	0	0	0	0	0	0	0	0	0	D_0__k__Bacteria; D_1__p__Actinobacteria; D_2__c__Coriobacteriia; D_3__o__Coriobacteriales; D_4__f__Atopobiaceae; D_5__g__Olsenella; D_6__g__Olsenella_s__profusa
996	0	0	0	0	0	0	21	89	0	0	0	0	0	0	0	0	0	0	0	0	0	0	0	0	0	0	0	0	0	0	0	0	0	0	0	0	0	0	0	0	0	0	0	0	0	0	0	0	0	0	D_0__k__Bacteria; D_1__p__Spirochaetes; D_2__c__Spirochaetia; D_3__o__Spirochaetales; D_4__f__Treponemataceae; D_5__g__Treponema; D_6__g__Treponema_s__vincentii
997	0	0	0	0	0	0	0	0	0	0	0	0	0	0	0	0	0	0	0	0	0	0	0	0	0	0	0	0	0	0	0	0	0	0	0	0	0	0	0	0	0	110	0	0	0	0	0	0	0	0	D_0__k__Bacteria; D_1__p__Firmicutes; D_2__c__Bacilli; D_3__o__Lactobacillales; D_4__f__Streptococcaceae; D_5__g__Streptococcus; D_6__g__Streptococcus_s__sp._HMT_056
998	0	0	0	78	0	0	0	0	0	0	0	0	0	0	0	0	0	25	0	0	0	0	0	0	0	0	0	0	0	0	0	3	0	0	0	0	0	0	0	0	0	0	0	0	0	0	0	0	0	3	D_0__k__Bacteria; D_1__p__Bacteroidetes; D_2__c__Bacteroidia; D_3__o__Bacteroidales; D_4__f__Porphyromonadaceae; D_5__g__Porphyromonas; D_6__g__Porphyromonas_s__catoniae
999	0	0	0	0	0	0	0	0	0	0	109	0	0	0	0	0	0	0	0	0	0	0	0	0	0	0	0	0	0	0	0	0	0	0	0	0	0	0	0	0	0	0	0	0	0	0	0	0	0	0	D_0__k__Bacteria; D_1__p__Actinobacteria; D_2__c__Actinomycetia; D_3__o__Corynebacteriales; D_4__f__Lawsonellaceae; D_5__g__Lawsonella; D_6__g__Lawsonella_s__clevelandensis
1000	0	0	0	0	0	0	0	0	0	0	0	0	0	0	0	0	0	0	0	0	0	0	0	0	0	109	0	0	0	0	0	0	0	0	0	0	0	0	0	0	0	0	0	0	0	0	0	0	0	0	D_0__k__Bacteria; D_1__p__Bacteroidetes; D_2__c__Bacteroidia; D_3__o__Bacteroidales; D_4__f__Tannerellaceae; D_5__g__Tannerella; D_6__g__Tannerella_s__sp._HMT_286
1001	0	0	0	0	0	0	0	0	0	0	0	0	0	0	0	0	0	0	0	0	0	0	0	0	0	0	0	0	0	0	0	0	0	0	0	0	0	0	0	0	0	109	0	0	0	0	0	0	0	0	D_0__k__Bacteria; D_1__p__Proteobacteria; D_2__c__Gammaproteobacteria; D_3__o__Pasteurellales; D_4__f__Pasteurellaceae; D_5__g__Aggregatibacter; D_6__g__Aggregatibacter_s__sp._HMT_512
1002	0	0	0	0	0	0	0	0	0	0	0	0	0	0	0	0	0	0	0	0	0	0	0	0	0	0	0	0	0	0	0	0	0	0	0	0	0	0	0	0	0	0	0	0	0	0	0	0	109	0	D_0__k__Bacteria; D_1__p__Bacteroidetes; D_2__c__Bacteroidia; D_3__o__Bacteroidales; D_4__f__Prevotellaceae; D_5__g__Prevotella; D_6__g__Prevotella_s__fusca
1003	0	1	0	11	0	0	0	5	0	0	0	0	0	0	0	26	0	20	0	0	0	0	0	0	0	6	0	0	0	0	0	0	14	1	0	0	18	0	0	0	0	0	0	0	0	0	0	0	0	0	D_0__k__Bacteria; D_1__p__Fusobacteria; D_2__c__Fusobacteriia; D_3__o__Fusobacteriales; D_4__f__Leptotrichiaceae; D_5__g__Leptotrichia; D_6__g__Leptotrichia_s__hongkongensis
1004	0	0	0	0	0	75	0	0	0	0	0	33	0	0	0	0	0	0	0	0	0	0	0	0	0	0	0	0	0	0	0	0	0	0	0	0	0	0	0	0	0	0	0	0	0	0	0	0	0	0	D_0__k__Bacteria; D_1__p__Bacteroidetes; D_2__c__Bacteroidia; D_3__o__Bacteroidales; D_4__f__Prevotellaceae; D_5__g__Alloprevotella; D_6__g__Alloprevotella_s__rava
1005	0	0	0	0	0	0	0	0	0	0	0	0	0	0	52	56	0	0	0	0	0	0	0	0	0	0	0	0	0	0	0	0	0	0	0	0	0	0	0	0	0	0	0	0	0	0	0	0	0	0	D_0__k__Bacteria; D_1__p__Bacteroidetes; D_2__c__Bacteroidia; D_3__o__Bacteroidales; D_4__f__Prevotellaceae; D_5__g__Prevotella; D_6__g__Prevotella_s__maculosa
1006	0	0	0	0	53	0	0	0	0	0	0	0	0	0	0	0	0	0	0	0	0	0	0	0	0	0	0	0	0	0	0	0	0	0	0	54	0	0	0	0	0	0	0	0	0	0	0	0	0	0	D_0__k__Bacteria; D_1__p__Firmicutes; D_2__c__Clostridia; D_3__o__Eubacteriales; D_4__f__Lachnospiraceae; D_5__g__Oribacterium; D_6__g__Oribacterium_s__sinus
1007	0	0	0	0	0	40	0	67	0	0	0	0	0	0	0	0	0	0	0	0	0	0	0	0	0	0	0	0	0	0	0	0	0	0	0	0	0	0	0	0	0	0	0	0	0	0	0	0	0	0	D_0__k__Bacteria; D_1__p__Firmicutes; D_2__c__Bacilli; D_3__o__Lactobacillales; D_4__f__Streptococcaceae; D_5__g__Streptococcus; D_6__g__Streptococcus_s__pneumoniae
1008	0	0	0	0	0	0	0	0	0	0	0	0	0	0	0	107	0	0	0	0	0	0	0	0	0	0	0	0	0	0	0	0	0	0	0	0	0	0	0	0	0	0	0	0	0	0	0	0	0	0	D_0__k__Bacteria; D_1__p__Firmicutes; D_2__c__Negativicutes; D_3__o__Selenomonadales; D_4__f__Selenomonadaceae; D_5__g__Selenomonas; D_6__g__Selenomonas_s__noxia
1009	0	0	0	0	0	0	0	0	0	0	0	0	0	0	0	0	0	0	0	0	0	0	0	0	0	0	93	0	0	0	0	0	0	0	0	14	0	0	0	0	0	0	0	0	0	0	0	0	0	0	D_0__k__Bacteria; D_1__p__Actinobacteria; D_2__c__Actinomycetia; D_3__o__Actinomycetales; D_4__f__Actinomycetaceae; D_5__g__Schaalia; D_6__g__Schaalia_s__sp._HMT_172
1010	0	0	0	0	0	0	0	0	0	0	0	0	0	0	0	0	0	0	0	0	0	0	0	0	0	0	0	0	0	0	0	0	0	0	107	0	0	0	0	0	0	0	0	0	0	0	0	0	0	0	D_0__k__Bacteria; D_1__p__Firmicutes; D_2__c__Bacilli; D_3__o__Lactobacillales; D_4__f__Lactobacillaceae; D_5__g__Limosilactobacillus; D_6__g__Limosilactobacillus_s__vaginalis
1011	0	0	0	0	0	0	0	0	0	0	0	0	0	0	0	0	0	0	0	0	0	0	0	0	0	0	0	0	0	0	0	0	0	0	0	0	69	38	0	0	0	0	0	0	0	0	0	0	0	0	D_0__k__Bacteria; D_1__p__Bacteroidetes; D_2__c__Bacteroidia; D_3__o__Bacteroidales; D_4__f__Tannerellaceae; D_5__g__Tannerella; D_6__g__Tannerella_s__sp._HMT_286
1012	0	0	0	0	0	0	0	0	0	0	0	0	0	0	0	0	0	0	0	0	0	0	0	0	0	0	0	0	0	0	0	0	0	0	0	0	0	0	0	0	0	0	0	0	0	0	0	0	0	107	D_0__k__Bacteria; D_1__p__Bacteroidetes; D_2__c__Bacteroidia; D_3__o__Bacteroidales; D_4__f__Prevotellaceae; D_5__g__Prevotella; D_6__g__Prevotella_s__melaninogenica
1013	0	0	0	0	0	0	0	0	0	0	106	0	0	0	0	0	0	0	0	0	0	0	0	0	0	0	0	0	0	0	0	0	0	0	0	0	0	0	0	0	0	0	0	0	0	0	0	0	0	0	D_0__k__Bacteria; D_1__p__Proteobacteria; D_2__c__Betaproteobacteria; D_3__o__Neisseriales; D_4__f__Neisseriaceae; D_5__g__Neisseria; D_6__g__Neisseria_s__sp._HMT_018
1014	0	0	0	0	0	0	0	0	0	0	0	0	55	51	0	0	0	0	0	0	0	0	0	0	0	0	0	0	0	0	0	0	0	0	0	0	0	0	0	0	0	0	0	0	0	0	0	0	0	0	D_0__k__Bacteria; D_1__p__Bacteroidetes; D_2__c__Bacteroidia; D_3__o__Bacteroidales; D_4__f__Prevotellaceae; D_5__g__Prevotella; D_6__g__Prevotella_s__oris
1015	0	0	0	0	0	0	0	0	0	0	0	0	0	0	0	0	0	0	0	0	0	0	0	0	0	0	0	0	0	0	0	0	0	0	0	106	0	0	0	0	0	0	0	0	0	0	0	0	0	0	D_0__k__Bacteria; D_1__p__Proteobacteria; D_2__c__Gammaproteobacteria; D_3__o__Pasteurellales; D_4__f__Pasteurellaceae; D_5__g__Aggregatibacter; D_6__g__Aggregatibacter_s__paraphrophilus
1016	0	0	0	0	0	0	0	0	0	0	0	0	0	0	0	0	0	0	0	0	0	0	0	0	0	0	0	0	0	0	0	0	0	0	0	0	0	0	0	0	0	0	0	0	0	0	0	0	0	106	D_0__k__Bacteria; D_1__p__Bacteroidetes; D_2__c__Bacteroidia; D_3__o__Bacteroidales; D_4__f__Prevotellaceae; D_5__g__Prevotella; D_6__g__Prevotella_s__sp._HMT_317
1017	0	9	0	0	0	0	0	49	0	0	0	0	0	0	0	0	0	0	0	0	0	9	0	0	0	0	0	0	0	0	0	0	0	0	0	0	0	0	0	0	0	0	0	0	0	0	0	0	0	0	D_0__k__Bacteria; D_1__p__Bacteroidetes; D_2__c__Bacteroidia; D_3__o__Bacteroidales; D_4__f__Prevotellaceae; D_5__g__Prevotella; D_6__g__Prevotella_s__saccharolytica
1018	0	0	39	0	0	0	0	0	0	0	0	0	0	0	66	0	0	0	0	0	0	0	0	0	0	0	0	0	0	0	0	0	0	0	0	0	0	0	0	0	0	0	0	0	0	0	0	0	0	0	D_0__k__Bacteria; D_1__p__Bacteroidetes; D_2__c__Bacteroidia; D_3__o__Bacteroidales; D_4__f__Prevotellaceae; D_5__g__Alloprevotella; D_6__g__Alloprevotella_s__rava
1019	0	0	0	0	0	0	0	0	0	0	0	0	0	0	0	105	0	0	0	0	0	0	0	0	0	0	0	0	0	0	0	0	0	0	0	0	0	0	0	0	0	0	0	0	0	0	0	0	0	0	D_0__k__Bacteria; D_1__p__Proteobacteria; D_2__c__Betaproteobacteria; D_3__o__Neisseriales; D_4__f__Neisseriaceae; D_5__g__Kingella; D_6__g__Kingella_s__oralis
1020	0	0	0	0	0	0	0	0	0	0	0	0	0	0	0	0	0	0	0	0	0	0	0	0	0	0	0	0	0	104	0	0	0	0	0	0	0	0	0	0	0	0	0	0	0	0	0	0	0	0	D_0__k__Bacteria; D_1__p__Proteobacteria; D_2__c__Gammaproteobacteria; D_3__o__Pasteurellales; D_4__f__Pasteurellaceae; D_5__g__Haemophilus; D_6__g__Haemophilus_s__parainfluenzae
1021	0	0	0	0	0	0	0	0	0	0	0	0	0	0	0	0	0	0	0	0	0	0	0	0	0	0	0	0	0	0	0	0	0	0	0	0	104	0	0	0	0	0	0	0	0	0	0	0	0	0	D_0__k__Bacteria; D_1__p__Proteobacteria; D_2__c__Deltaproteobacteria; D_3__o__Desulfobacterales; D_4__f__Desulfobulbaceae; D_5__g__Desulfobulbus; D_6__g__Desulfobulbus_s__sp._HMT_041
1022	0	0	0	0	0	0	0	0	0	0	0	0	0	0	0	0	0	0	103	0	0	0	0	0	0	0	0	0	0	0	0	0	0	0	0	0	0	0	0	0	0	0	0	0	0	0	0	0	0	0	D_0__k__Bacteria; D_1__p__Spirochaetes; D_2__c__Spirochaetia; D_3__o__Spirochaetales; D_4__f__Treponemataceae; D_5__g__Treponema; D_6__g__Treponema_s__maltophilum
1023	0	0	0	0	0	0	0	0	0	0	0	0	0	0	0	0	0	0	0	0	0	0	0	103	0	0	0	0	0	0	0	0	0	0	0	0	0	0	0	0	0	0	0	0	0	0	0	0	0	0	D_0__k__Bacteria; D_1__p__Bacteroidetes; D_2__c__Flavobacteriia; D_3__o__Flavobacteriales; D_4__f__Flavobacteriaceae; D_5__g__Capnocytophaga; D_6__g__Capnocytophaga_s__sp._HMT_864
1024	0	0	0	0	0	0	0	0	0	0	0	0	0	0	0	0	0	0	0	0	0	0	0	0	0	0	0	0	0	0	0	0	0	0	0	0	0	0	52	51	0	0	0	0	0	0	0	0	0	0	D_0__k__Bacteria; D_1__p__Bacteroidetes; D_2__c__Bacteroidia; D_3__o__Bacteroidales; D_4__f__Prevotellaceae; D_5__g__Prevotella; D_6__g__Prevotella_s__nigrescens
1025	0	0	0	0	0	0	0	0	0	0	0	0	0	0	0	0	0	0	0	0	0	0	0	0	0	0	0	0	0	0	0	0	0	0	0	0	0	0	0	0	0	0	0	0	0	0	0	0	103	0	D_0__k__Bacteria; D_1__p__Spirochaetes; D_2__c__Spirochaetia; D_3__o__Spirochaetales; D_4__f__Treponemataceae; D_5__g__Treponema; D_6__g__Treponema_s__lecithinolyticum
1026	0	0	0	0	0	0	0	0	0	0	0	0	0	0	0	0	0	102	0	0	0	0	0	0	0	0	0	0	0	0	0	0	0	0	0	0	0	0	0	0	0	0	0	0	0	0	0	0	0	0	D_0__k__Bacteria; D_1__p__Bacteroidetes; D_2__c__Bacteroidia; D_3__o__Bacteroidales; D_4__f__Prevotellaceae; D_5__g__Alloprevotella; D_6__g__Alloprevotella_s__sp._HMT_473
1027	0	0	0	0	0	0	0	0	0	0	0	0	0	0	0	0	0	0	0	0	0	102	0	0	0	0	0	0	0	0	0	0	0	0	0	0	0	0	0	0	0	0	0	0	0	0	0	0	0	0	D_0__k__Bacteria; D_1__p__Proteobacteria; D_2__c__Betaproteobacteria; D_3__o__Neisseriales; D_4__f__Neisseriaceae; D_5__g__Neisseria; D_6__g__Neisseria_s__perflava
1028	0	0	0	0	0	0	0	0	0	0	0	0	0	0	0	0	0	0	0	0	0	0	0	0	0	51	0	0	0	51	0	0	0	0	0	0	0	0	0	0	0	0	0	0	0	0	0	0	0	0	D_0__k__Bacteria; D_1__p__Fusobacteria; D_2__c__Fusobacteriia; D_3__o__Fusobacteriales; D_4__f__Leptotrichiaceae; D_5__g__Leptotrichia; D_6__g__Leptotrichia_s__sp._HMT_215
1029	0	0	0	0	0	0	0	0	0	0	0	0	0	0	0	0	0	0	0	0	0	0	0	0	0	0	0	0	0	0	0	0	0	0	0	0	0	0	0	0	0	0	0	0	0	0	0	0	102	0	D_0__k__Bacteria; D_1__p__Bacteroidetes; D_2__c__Bacteroidia; D_3__o__Bacteroidales; D_4__f__Prevotellaceae; D_5__g__Prevotella; D_6__g__Prevotella_s__micans
1030	0	0	0	0	101	0	0	0	0	0	0	0	0	0	0	0	0	0	0	0	0	0	0	0	0	0	0	0	0	0	0	0	0	0	0	0	0	0	0	0	0	0	0	0	0	0	0	0	0	0	D_0__k__Bacteria; D_1__p__Bacteroidetes; D_2__c__Bacteroidia; D_3__o__Bacteroidales; D_4__f__Prevotellaceae; D_5__g__Prevotella; D_6__g__Prevotella_s__baroniae
1031	0	0	0	0	0	0	0	0	0	0	0	0	0	0	0	80	0	0	0	0	0	0	0	0	0	0	0	0	0	0	0	0	0	0	0	0	19	0	0	0	0	0	0	0	0	0	0	0	0	2	D_0__k__Bacteria; D_1__p__Bacteroidetes; D_2__c__Bacteroidia; D_3__o__Bacteroidales; D_4__f__Porphyromonadaceae; D_5__g__Porphyromonas; D_6__g__Porphyromonas_s__catoniae
1032	0	0	0	0	0	0	0	0	0	0	0	0	0	0	0	0	6	0	0	0	0	0	0	0	0	0	0	0	0	0	0	0	0	0	0	0	0	0	0	0	0	0	0	0	0	0	28	0	30	0	D_0__k__Bacteria; D_1__p__Firmicutes; D_2__c__Clostridia; D_3__o__Eubacteriales; D_4__f__Peptostreptococcaceae; D_5__g__Peptostreptococcaceae_[G-7]; D_6__g__Peptostreptococcaceae_[G-7]_s__[Eubacterium]_yurii_subsps._yurii_&_margaretiae
1033	0	0	0	0	0	0	0	0	0	0	0	0	0	0	0	0	0	0	0	0	0	0	0	0	0	0	0	0	0	0	0	0	91	0	0	0	0	0	0	0	10	0	0	0	0	0	0	0	0	0	D_0__k__Bacteria; D_1__p__Actinobacteria; D_2__c__Coriobacteriia; D_3__o__Coriobacteriales; D_4__f__Atopobiaceae; D_5__g__Lancefieldella; D_6__g__Lancefieldella_s__rimae
1034	0	0	0	0	100	0	0	0	0	0	0	0	0	0	0	0	0	0	0	0	0	0	0	0	0	0	0	0	0	0	0	0	0	0	0	0	0	0	0	0	0	0	0	0	0	0	0	0	0	0	D_0__k__Bacteria; D_1__p__Actinobacteria; D_2__c__Coriobacteriia; D_3__o__Coriobacteriales; D_4__f__Atopobiaceae; D_5__g__Olsenella; D_6__g__Olsenella_s__sp._HMT_807
1035	0	0	0	0	0	0	0	0	0	0	0	35	0	0	0	0	0	0	0	0	0	0	0	0	0	0	0	0	0	0	0	0	0	0	0	0	0	15	0	0	0	0	0	0	0	0	0	0	0	0	D_0__k__Bacteria; D_1__p__Firmicutes; D_2__c__Clostridia; D_3__o__Eubacteriales; D_4__f__Ruminococcaceae; D_5__g__Ruminococcaceae_[G-2]; D_6__g__Ruminococcaceae_[G-2]_s__bacterium_HMT_085
1036	0	0	0	0	0	0	0	0	0	0	0	0	0	0	0	0	0	0	0	100	0	0	0	0	0	0	0	0	0	0	0	0	0	0	0	0	0	0	0	0	0	0	0	0	0	0	0	0	0	0	D_0__k__Bacteria; D_1__p__Proteobacteria; D_2__c__Betaproteobacteria; D_3__o__Neisseriales; D_4__f__Neisseriaceae; D_5__g__Neisseria; D_6__g__Neisseria_s__flava
1037	0	0	0	0	0	0	0	0	0	0	0	0	0	0	0	0	0	0	0	0	0	0	0	0	0	100	0	0	0	0	0	0	0	0	0	0	0	0	0	0	0	0	0	0	0	0	0	0	0	0	D_0__k__Bacteria; D_1__p__Bacteroidetes; D_2__c__Bacteroidia; D_3__o__Bacteroidales; D_4__f__Prevotellaceae; D_5__g__Prevotella; D_6__g__Prevotella_s__sp._HMT_292
1038	0	0	0	0	0	0	0	0	0	0	0	0	0	0	0	0	0	0	0	0	0	0	0	0	0	0	0	0	0	0	0	0	0	0	0	0	100	0	0	0	0	0	0	0	0	0	0	0	0	0	D_0__k__Bacteria; D_1__p__Proteobacteria; D_2__c__Betaproteobacteria; D_3__o__Neisseriales; D_4__f__Neisseriaceae; D_5__g__Kingella; D_6__g__Kingella_s__sp._HMT_012
1039	0	0	78	0	0	0	0	0	0	0	0	0	0	0	0	0	0	0	13	0	0	0	0	0	0	0	0	0	0	0	0	0	0	0	0	0	0	0	0	0	0	0	0	0	8	0	0	0	0	0	D_0__k__Bacteria; D_1__p__Firmicutes; D_2__c__Clostridia; D_3__o__Eubacteriales; D_4__f__Lachnospiraceae; D_5__g__Catonella; D_6__g__Catonella_s__morbi
1040	0	0	0	0	0	0	99	0	0	0	0	0	0	0	0	0	0	0	0	0	0	0	0	0	0	0	0	0	0	0	0	0	0	0	0	0	0	0	0	0	0	0	0	0	0	0	0	0	0	0	D_0__k__Bacteria; D_1__p__Bacteroidetes; D_2__c__Bacteroidia; D_3__o__Bacteroidales; D_4__f__Prevotellaceae; D_5__g__Prevotella; D_6__g__Prevotella_s__loescheii
1041	0	0	0	0	0	0	0	21	0	0	0	0	0	0	0	0	0	0	0	0	0	0	0	0	0	0	0	0	0	0	0	0	3	2	0	0	0	0	12	0	0	0	0	51	0	0	0	0	0	10	D_0__k__Bacteria; D_1__p__Proteobacteria; D_2__c__Gammaproteobacteria; D_3__o__Pasteurellales; D_4__f__Pasteurellaceae; D_5__g__Haemophilus; D_6__g__Haemophilus_s__paraphrohaemolyticus
1042	0	0	0	0	0	0	0	0	0	0	0	0	0	0	0	0	0	54	0	0	0	0	0	0	0	45	0	0	0	0	0	0	0	0	0	0	0	0	0	0	0	0	0	0	0	0	0	0	0	0	D_0__k__Bacteria; D_1__p__Actinobacteria; D_2__c__Actinomycetia; D_3__o__Actinomycetales; D_4__f__Actinomycetaceae; D_5__g__Actinomyces; D_6__g__Actinomyces_s__dentalis
1043	0	0	0	0	0	0	0	0	0	0	0	0	0	0	0	0	0	0	0	0	31	0	0	0	0	0	0	0	0	0	0	0	0	0	41	0	0	0	0	0	0	0	0	0	27	0	0	0	0	0	D_0__k__Bacteria; D_1__p__Firmicutes; D_2__c__Erysipelotrichia; D_3__o__Erysipelotrichales; D_4__f__Erysipelotrichaceae; D_5__g__Erysipelotrichaceae_[G-1]; D_6__g__Erysipelotrichaceae_[G-1]_s__bacterium_HMT_905
1044	0	0	0	0	0	0	0	0	0	0	0	0	0	0	0	0	0	0	0	0	0	0	0	0	0	0	0	0	0	0	0	0	0	0	0	0	0	0	0	0	0	0	0	0	0	0	0	99	0	0	D_0__k__Bacteria; D_1__p__Bacteroidetes; D_2__c__Flavobacteriia; D_3__o__Flavobacteriales; D_4__f__Flavobacteriaceae; D_5__g__Capnocytophaga; D_6__g__Capnocytophaga_s__sp._HMT_323
1045	0	0	0	0	0	0	0	0	0	0	0	0	0	0	0	0	0	0	0	0	0	0	0	0	0	0	0	0	0	0	0	0	0	0	0	0	0	0	0	0	0	0	0	0	0	0	0	0	99	0	D_0__k__Bacteria; D_1__p__Firmicutes; D_2__c__Negativicutes; D_3__o__Selenomonadales; D_4__f__Selenomonadaceae; D_5__g__Centipeda; D_6__g__Centipeda_s__periodontii
1046	0	0	0	0	98	0	0	0	0	0	0	0	0	0	0	0	0	0	0	0	0	0	0	0	0	0	0	0	0	0	0	0	0	0	0	0	0	0	0	0	0	0	0	0	0	0	0	0	0	0	D_0__k__Bacteria; D_1__p__Firmicutes; D_2__c__Clostridia; D_3__o__Eubacteriales; D_4__f__Peptococcaceae; D_5__g__Peptococcus; D_6__g__Peptococcus_s__sp._HMT_168
1047	0	0	0	0	76	0	0	0	0	0	0	7	0	0	0	15	0	0	0	0	0	0	0	0	0	0	0	0	0	0	0	0	0	0	0	0	0	0	0	0	0	0	0	0	0	0	0	0	0	0	D_0__k__Bacteria; D_1__p__Actinobacteria; D_2__c__Coriobacteriia; D_3__o__Coriobacteriales; D_4__f__Atopobiaceae; D_5__g__Olsenella; D_6__g__Olsenella_s__sp._HMT_807
1048	0	0	0	0	0	0	0	98	0	0	0	0	0	0	0	0	0	0	0	0	0	0	0	0	0	0	0	0	0	0	0	0	0	0	0	0	0	0	0	0	0	0	0	0	0	0	0	0	0	0	D_0__k__Bacteria; D_1__p__Firmicutes; D_2__c__Negativicutes; D_3__o__Selenomonadales; D_4__f__Selenomonadaceae; D_5__g__Centipeda; D_6__g__Centipeda_s__periodontii
1049	0	0	0	0	0	0	0	0	0	0	98	0	0	0	0	0	0	0	0	0	0	0	0	0	0	0	0	0	0	0	0	0	0	0	0	0	0	0	0	0	0	0	0	0	0	0	0	0	0	0	D_0__k__Bacteria; D_1__p__Proteobacteria; D_2__c__Gammaproteobacteria; D_3__o__Pasteurellales; D_4__f__Pasteurellaceae; D_5__g__Aggregatibacter; D_6__g__Aggregatibacter_s__actinomycetemcomitans
1050	0	0	0	0	0	0	0	0	0	0	0	0	0	0	0	0	0	0	68	0	0	0	0	0	0	0	0	0	0	0	0	0	0	0	0	0	30	0	0	0	0	0	0	0	0	0	0	0	0	0	D_0__k__Bacteria; D_1__p__Firmicutes; D_2__c__Tissierellia; D_3__o__Tissierellales; D_4__f__Peptoniphilaceae; D_5__g__Peptoniphilus; D_6__g__Peptoniphilus_s__lacrimalis
1051	0	0	0	0	0	0	0	0	0	0	0	0	0	0	0	0	0	0	0	0	77	21	0	0	0	0	0	0	0	0	0	0	0	0	0	0	0	0	0	0	0	0	0	0	0	0	0	0	0	0	D_0__k__Bacteria; D_1__p__Saccharibacteria_(TM7); D_2__c__Saccharibacteria_(TM7)_[C-1]; D_3__o__Saccharibacteria_(TM7)_[O-1]; D_4__f__Saccharibacteria_(TM7)_[F-1]; D_5__g__Saccharibacteria_(TM7)_[G-4]; D_6__g__Saccharibacteria_(TM7)_[G-4]_s__bacterium_HMT_355
1052	0	0	0	0	0	0	0	0	0	0	0	0	0	0	0	0	0	0	0	0	0	0	29	0	0	69	0	0	0	0	0	0	0	0	0	0	0	0	0	0	0	0	0	0	0	0	0	0	0	0	D_0__k__Bacteria; D_1__p__Firmicutes; D_2__c__Negativicutes; D_3__o__Selenomonadales; D_4__f__Selenomonadaceae; D_5__g__Selenomonas; D_6__g__Selenomonas_s__infelix
1053	0	0	0	0	0	0	0	0	0	0	0	0	0	0	0	0	0	0	0	0	0	0	0	0	0	0	0	0	0	0	0	0	0	98	0	0	0	0	0	0	0	0	0	0	0	0	0	0	0	0	D_0__k__Bacteria; D_1__p__Fusobacteria; D_2__c__Fusobacteriia; D_3__o__Fusobacteriales; D_4__f__Leptotrichiaceae; D_5__g__Leptotrichia; D_6__g__Leptotrichia_s__shahii
1054	0	0	0	0	0	0	0	0	0	0	0	0	0	0	0	0	0	0	0	0	0	0	0	0	0	0	0	0	0	0	0	0	0	0	0	0	0	0	41	57	0	0	0	0	0	0	0	0	0	0	D_0__k__Bacteria; D_1__p__Bacteroidetes; D_2__c__Bacteroidia; D_3__o__Bacteroidales; D_4__f__Prevotellaceae; D_5__g__Prevotella; D_6__g__Prevotella_s__micans
1055	0	0	0	0	0	0	0	0	0	0	0	0	0	0	0	0	0	0	0	0	0	0	0	0	0	0	0	0	0	0	0	0	0	0	0	0	0	0	0	0	0	0	0	0	0	0	0	0	0	98	D_0__k__Bacteria; D_1__p__Bacteroidetes; D_2__c__Flavobacteriia; D_3__o__Flavobacteriales; D_4__f__Flavobacteriaceae; D_5__g__Capnocytophaga; D_6__g__Capnocytophaga_s__sp._HMT_324
1056	0	78	0	0	0	0	0	0	0	0	0	19	0	0	0	0	0	0	0	0	0	0	0	0	0	0	0	0	0	0	0	0	0	0	0	0	0	0	0	0	0	0	0	0	0	0	0	0	0	0	D_0__k__Bacteria; D_1__p__Bacteroidetes; D_2__c__Flavobacteriia; D_3__o__Flavobacteriales; D_4__f__Flavobacteriaceae; D_5__g__Capnocytophaga; D_6__g__Capnocytophaga_s__granulosa
1057	0	12	0	0	0	0	0	0	0	0	0	28	0	0	0	57	0	0	0	0	0	0	0	0	0	0	0	0	0	0	0	0	0	0	0	0	0	0	0	0	0	0	0	0	0	0	0	0	0	0	D_0__k__Bacteria; D_1__p__Bacteroidetes; D_2__c__Flavobacteriia; D_3__o__Flavobacteriales; D_4__f__Flavobacteriaceae; D_5__g__Capnocytophaga; D_6__g__Capnocytophaga_s__sp._HMT_902
1058	0	0	0	47	0	0	0	0	0	0	0	0	0	0	0	0	0	0	0	0	0	0	0	0	0	0	0	0	0	0	0	0	0	0	0	0	0	0	0	0	0	0	0	0	0	0	0	0	0	0	D_0__k__Bacteria; D_1__p__Bacteroidetes; D_2__c__Flavobacteriia; D_3__o__Flavobacteriales; D_4__f__Flavobacteriaceae; D_5__g__Capnocytophaga; D_6__g__Capnocytophaga_s__sputigena
1059	0	0	0	16	0	0	0	0	0	0	0	0	0	0	0	0	0	0	0	0	0	0	0	0	0	0	0	0	0	0	0	0	0	0	0	0	0	0	0	0	0	0	0	0	0	0	0	81	0	0	D_0__k__Bacteria; D_1__p__Proteobacteria; D_2__c__Betaproteobacteria; D_3__o__Neisseriales; D_4__f__Neisseriaceae; D_5__g__Neisseria; D_6__g__Neisseria_s__flava
1060	0	0	0	0	0	0	35	0	0	0	0	0	0	0	0	0	0	0	0	0	0	0	0	0	0	0	0	0	0	0	0	0	0	0	0	0	0	0	0	0	0	0	0	62	0	0	0	0	0	0	D_0__k__Bacteria; D_1__p__Firmicutes; D_2__c__Clostridia; D_3__o__Eubacteriales; D_4__f__Lachnospiraceae; D_5__g__Lachnoanaerobaculum; D_6__g__Lachnoanaerobaculum_s__orale
1061	0	0	0	0	0	0	0	0	0	0	0	0	0	0	97	0	0	0	0	0	0	0	0	0	0	0	0	0	0	0	0	0	0	0	0	0	0	0	0	0	0	0	0	0	0	0	0	0	0	0	D_0__k__Bacteria; D_1__p__Bacteroidetes; D_2__c__Bacteroidia; D_3__o__Bacteroidales; D_4__f__Prevotellaceae; D_5__g__Alloprevotella; D_6__g__Alloprevotella_s__tannerae
1062	0	0	0	41	0	0	0	0	0	0	0	0	0	55	0	0	0	0	0	0	0	0	0	0	0	0	0	0	0	0	0	0	0	0	0	0	0	0	0	0	0	0	0	0	0	0	0	0	0	0	D_0__k__Bacteria; D_1__p__Bacteroidetes; D_2__c__Flavobacteriia; D_3__o__Flavobacteriales; D_4__f__Weeksellaceae; D_5__g__Riemerella; D_6__g__Riemerella_s__sp._HMT_322
1063	71	0	0	0	0	0	0	0	0	0	0	0	0	0	0	0	0	0	0	0	0	0	0	0	0	0	0	0	0	0	0	0	0	0	0	0	0	0	0	0	0	0	0	0	0	0	0	0	0	0	D_0__k__Bacteria; D_1__p__Actinobacteria; D_2__c__Actinomycetia; D_3__o__Corynebacteriales; D_4__f__Dietziaceae; D_5__g__Dietzia; D_6__g__Dietzia_s__cinnamea
1064	0	0	0	0	0	0	0	53	0	0	0	0	0	0	0	0	0	0	0	0	0	0	0	0	0	0	0	0	0	0	0	0	42	0	0	0	0	0	0	0	0	0	0	0	0	0	0	0	0	0	D_0__k__Bacteria; D_1__p__Bacteroidetes; D_2__c__Bacteroidia; D_3__o__Bacteroidales; D_4__f__Prevotellaceae; D_5__g__Alloprevotella; D_6__g__Alloprevotella_s__sp._HMT_912
1065	0	0	0	0	0	0	0	0	0	0	95	0	0	0	0	0	0	0	0	0	0	0	0	0	0	0	0	0	0	0	0	0	0	0	0	0	0	0	0	0	0	0	0	0	0	0	0	0	0	0	D_0__k__Bacteria; D_1__p__Bacteroidetes; D_2__c__Bacteroidia; D_3__o__Bacteroidales; D_4__f__Prevotellaceae; D_5__g__Prevotella; D_6__g__Prevotella_s__histicola
1066	0	0	0	0	0	0	0	0	0	0	0	0	0	0	0	95	0	0	0	0	0	0	0	0	0	0	0	0	0	0	0	0	0	0	0	0	0	0	0	0	0	0	0	0	0	0	0	0	0	0	D_0__k__Bacteria; D_1__p__Fusobacteria; D_2__c__Fusobacteriia; D_3__o__Fusobacteriales; D_4__f__Leptotrichiaceae; D_5__g__Leptotrichia; D_6__g__Leptotrichia_s__sp._HMT_223
1067	0	0	0	0	0	0	0	0	0	0	0	0	0	0	0	0	0	0	0	0	0	0	0	0	0	0	0	0	0	0	0	0	95	0	0	0	0	0	0	0	0	0	0	0	0	0	0	0	0	0	D_0__k__Bacteria; D_1__p__Bacteroidetes; D_2__c__Flavobacteriia; D_3__o__Flavobacteriales; D_4__f__Weeksellaceae; D_5__g__Weeksellaceae_[G-1]; D_6__g__Weeksellaceae_[G-1]_s__sp._HMT_931
1068	0	0	0	0	48	0	0	0	0	0	0	0	0	0	0	0	0	0	0	0	0	0	46	0	0	0	0	0	0	0	0	0	0	0	0	0	0	0	0	0	0	0	0	0	0	0	0	0	0	0	D_0__k__Bacteria; D_1__p__Bacteroidetes; D_2__c__Bacteroidia; D_3__o__Bacteroidales; D_4__f__Prevotellaceae; D_5__g__Prevotella; D_6__g__Prevotella_s__sp._HMT_317
1069	0	0	0	0	0	0	20	0	0	0	0	0	0	0	0	0	0	0	0	0	0	0	0	0	0	74	0	0	0	0	0	0	0	0	0	0	0	0	0	0	0	0	0	0	0	0	0	0	0	0	D_0__k__Bacteria; D_1__p__Actinobacteria; D_2__c__Actinomycetia; D_3__o__Actinomycetales; D_4__f__Actinomycetaceae; D_5__g__Schaalia; D_6__g__Schaalia_s__sp._HMT_180
1070	0	0	0	0	0	0	0	0	0	0	0	0	0	0	0	0	0	0	94	0	0	0	0	0	0	0	0	0	0	0	0	0	0	0	0	0	0	0	0	0	0	0	0	0	0	0	0	0	0	0	D_0__k__Bacteria; D_1__p__Firmicutes; D_2__c__Clostridia; D_3__o__Eubacteriales; D_4__f__Lachnospiraceae; D_5__g__Shuttleworthia; D_6__g__Shuttleworthia_s__satelles
1071	0	0	0	0	70	0	0	0	0	0	0	0	0	0	0	0	0	0	0	0	0	0	0	0	0	0	0	0	0	0	0	0	0	0	0	0	0	0	0	0	0	0	0	0	23	0	0	0	0	0	D_0__k__Bacteria; D_1__p__Spirochaetes; D_2__c__Spirochaetia; D_3__o__Spirochaetales; D_4__f__Treponemataceae; D_5__g__Treponema; D_6__g__Treponema_s__parvum
1072	0	0	0	0	0	0	0	0	0	0	0	0	0	0	0	93	0	0	0	0	0	0	0	0	0	0	0	0	0	0	0	0	0	0	0	0	0	0	0	0	0	0	0	0	0	0	0	0	0	0	D_0__k__Bacteria; D_1__p__Proteobacteria; D_2__c__Betaproteobacteria; D_3__o__Neisseriales; D_4__f__Neisseriaceae; D_5__g__Kingella; D_6__g__Kingella_s__oralis
1073	0	0	0	0	0	0	0	0	0	0	0	0	0	0	0	0	0	93	0	0	0	0	0	0	0	0	0	0	0	0	0	0	0	0	0	0	0	0	0	0	0	0	0	0	0	0	0	0	0	0	D_0__k__Bacteria; D_1__p__Bacteroidetes; D_2__c__Bacteroidia; D_3__o__Bacteroidales; D_4__f__Porphyromonadaceae; D_5__g__Porphyromonas; D_6__g__Porphyromonas_s__sp._HMT_284
1074	0	0	0	0	0	0	44	0	0	0	0	0	0	0	0	0	0	0	0	0	0	0	0	0	0	0	0	0	0	0	0	0	48	0	0	0	0	0	0	0	0	0	0	0	0	0	0	0	0	0	D_0__k__Bacteria; D_1__p__Actinobacteria; D_2__c__Actinomycetia; D_3__o__Bifidobacteriales; D_4__f__Bifidobacteriaceae; D_5__g__Bifidobacterium; D_6__g__Bifidobacterium_s__dentium
1075	0	0	0	0	0	0	0	0	0	0	0	0	0	0	0	92	0	0	0	0	0	0	0	0	0	0	0	0	0	0	0	0	0	0	0	0	0	0	0	0	0	0	0	0	0	0	0	0	0	0	D_0__k__Bacteria; D_1__p__Bacteroidetes; D_2__c__Flavobacteriia; D_3__o__Flavobacteriales; D_4__f__Flavobacteriaceae; D_5__g__Capnocytophaga; D_6__g__Capnocytophaga_s__haemolytica
1076	0	0	0	0	0	0	0	0	0	0	0	0	0	0	0	0	0	0	0	0	52	0	0	0	0	0	0	0	0	0	0	0	0	0	0	0	0	0	0	0	0	0	0	0	40	0	0	0	0	0	D_0__k__Bacteria; D_1__p__Firmicutes; D_2__c__Clostridia; D_3__o__Eubacteriales; D_4__f__Lachnospiraceae; D_5__g__Catonella; D_6__g__Catonella_s__sp._HMT_451
1077	0	0	0	0	0	0	0	0	0	0	0	0	0	0	0	0	0	0	0	0	0	0	0	0	0	92	0	0	0	0	0	0	0	0	0	0	0	0	0	0	0	0	0	0	0	0	0	0	0	0	D_0__k__Bacteria; D_1__p__Saccharibacteria_(TM7); D_2__c__Saccharibacteria_(TM7)_[C-1]; D_3__o__Saccharibacteria_(TM7)_[O-1]; D_4__f__Saccharibacteria_(TM7)_[F-1]; D_5__g__Saccharibacteria_(TM7)_[G-1]; D_6__g__Saccharibacteria_(TM7)_[G-1]_s__bacterium_HMT_349
1078	0	0	0	0	0	0	0	0	0	0	0	0	0	0	0	0	0	0	0	0	0	0	0	0	0	0	0	0	0	0	0	0	0	92	0	0	0	0	0	0	0	0	0	0	0	0	0	0	0	0	D_0__k__Bacteria; D_1__p__Firmicutes; D_2__c__Bacilli; D_3__o__Lactobacillales; D_4__f__Streptococcaceae; D_5__g__Streptococcus; D_6__g__Streptococcus_s__oralis_subsp._dentisani_clade_058
1079	0	0	0	0	0	0	0	0	0	0	0	0	0	0	0	0	0	0	0	0	0	0	0	0	0	0	0	0	0	0	0	0	0	0	0	0	92	0	0	0	0	0	0	0	0	0	0	0	0	0	D_0__k__Bacteria; D_1__p__Firmicutes; D_2__c__Negativicutes; D_3__o__Veillonellales; D_4__f__Veillonellaceae; D_5__g__Anaeroglobus; D_6__g__Anaeroglobus_s__geminatus
1080	0	0	0	0	0	0	0	0	0	0	0	0	0	0	0	0	0	0	0	0	91	0	0	0	0	0	0	0	0	0	0	0	0	0	0	0	0	0	0	0	0	0	0	0	0	0	0	0	0	0	D_0__k__Bacteria; D_1__p__Firmicutes; D_2__c__Clostridia; D_3__o__Eubacteriales; D_4__f__Peptostreptococcaceae; D_5__g__Peptostreptococcaceae_[G-5]; D_6__g__Peptostreptococcaceae_[G-5]_s__bacterium_HMT_493
1081	0	0	0	0	0	0	0	0	0	0	0	0	0	0	0	0	0	0	0	0	0	0	0	0	0	0	0	0	0	18	0	0	26	0	0	0	0	0	23	0	0	0	0	0	0	0	0	0	0	0	D_0__k__Bacteria; D_1__p__Actinobacteria; D_2__c__Actinomycetia; D_3__o__Actinomycetales; D_4__f__Actinomycetaceae; D_5__g__Schaalia; D_6__g__Schaalia_s__sp._HMT_180
1082	0	0	0	0	0	0	0	0	0	0	0	0	0	0	0	0	0	0	0	0	0	0	0	0	0	0	0	0	0	0	0	0	0	91	0	0	0	0	0	0	0	0	0	0	0	0	0	0	0	0	D_0__k__Bacteria; D_1__p__Fusobacteria; D_2__c__Fusobacteriia; D_3__o__Fusobacteriales; D_4__f__Fusobacteriaceae; D_5__g__Fusobacterium; D_6__g__Fusobacterium_s__nucleatum
1083	0	0	0	0	0	0	0	0	0	0	0	0	0	0	0	0	0	0	0	0	0	0	0	0	0	0	0	0	0	0	0	0	0	0	0	0	0	0	91	0	0	0	0	0	0	0	0	0	0	0	D_0__k__Bacteria; D_1__p__Firmicutes; D_2__c__Clostridia; D_3__o__Eubacteriales; D_4__f__Peptococcaceae; D_5__g__Peptococcus; D_6__g__Peptococcus_s__sp._HMT_167
1084	0	0	0	0	84	0	0	0	0	0	0	0	0	0	0	0	0	0	0	0	0	0	0	0	0	0	0	0	0	0	0	0	0	0	0	0	0	0	0	0	0	0	0	0	0	0	0	0	0	0	D_0__k__Bacteria; D_1__p__Firmicutes; D_2__c__Negativicutes; D_3__o__Selenomonadales; D_4__f__Selenomonadaceae; D_5__g__Veillonellaceae_[G-1]; D_6__g__Veillonellaceae_[G-1]_s__bacterium_HMT_155
1085	0	0	0	0	0	0	0	0	0	0	0	70	0	0	0	0	0	0	0	0	0	0	0	0	0	19	0	0	0	0	0	0	0	0	0	0	0	0	0	0	0	0	0	0	0	0	0	0	0	0	D_0__k__Bacteria; D_1__p__Actinobacteria; D_2__c__Actinomycetia; D_3__o__Actinomycetales; D_4__f__Actinomycetaceae; D_5__g__Actinomyces; D_6__g__Actinomyces_s__dentalis
1086	0	0	0	0	0	0	0	0	0	0	0	0	0	0	0	0	0	0	0	0	89	0	0	0	0	0	0	0	0	0	0	0	0	0	0	0	0	0	0	0	0	0	0	0	0	0	0	0	0	0	D_0__k__Bacteria; D_1__p__Spirochaetes; D_2__c__Spirochaetia; D_3__o__Spirochaetales; D_4__f__Treponemataceae; D_5__g__Treponema; D_6__g__Treponema_s__sp._HMT_252
1087	0	0	0	0	0	0	0	0	0	0	0	0	0	0	0	0	0	0	0	0	0	0	0	0	0	0	0	0	0	0	0	0	0	89	0	0	0	0	0	0	0	0	0	0	0	0	0	0	0	0	D_0__k__Bacteria; D_1__p__Absconditabacteria_(SR1); D_2__c__Absconditabacteria_(SR1)_[C-1]; D_3__o__Absconditabacteria_(SR1)_[O-1]; D_4__f__Absconditabacteria_(SR1)_[F-1]; D_5__g__Absconditabacteria_(SR1)_[G-1]; D_6__g__Absconditabacteria_(SR1)_[G-1]_s__bacterium_HMT_874
1088	0	0	0	0	0	0	0	0	0	0	0	0	0	0	0	0	0	0	0	0	0	0	0	0	0	0	0	0	0	0	0	0	0	0	0	23	0	0	66	0	0	0	0	0	0	0	0	0	0	0	D_0__k__Bacteria; D_1__p__Proteobacteria; D_2__c__Gammaproteobacteria; D_3__o__Pasteurellales; D_4__f__Pasteurellaceae; D_5__g__Aggregatibacter; D_6__g__Aggregatibacter_s__paraphrophilus
1089	0	0	0	0	0	0	0	0	0	0	0	0	0	0	0	0	0	0	0	0	0	0	0	0	0	0	0	0	0	0	0	0	0	0	0	0	0	0	0	0	0	0	0	0	66	0	0	0	23	0	D_0__k__Bacteria; D_1__p__Firmicutes; D_2__c__Negativicutes; D_3__o__Selenomonadales; D_4__f__Selenomonadaceae; D_5__g__Selenomonas; D_6__g__Selenomonas_s__sp._HMT_126
1090	88	0	0	0	0	0	0	0	0	0	0	0	0	0	0	0	0	0	0	0	0	0	0	0	0	0	0	0	0	0	0	0	0	0	0	0	0	0	0	0	0	0	0	0	0	0	0	0	0	0	D_0__k__Bacteria; D_1__p__Firmicutes; D_2__c__Clostridia; D_3__o__Eubacteriales; D_4__f__Lachnospiraceae; D_5__g__Lachnoanaerobaculum; D_6__g__Lachnoanaerobaculum_s__orale
1091	0	88	0	0	0	0	0	0	0	0	0	0	0	0	0	0	0	0	0	0	0	0	0	0	0	0	0	0	0	0	0	0	0	0	0	0	0	0	0	0	0	0	0	0	0	0	0	0	0	0	D_0__k__Bacteria; D_1__p__Proteobacteria; D_2__c__Gammaproteobacteria; D_3__o__Pasteurellales; D_4__f__Pasteurellaceae; D_5__g__Haemophilus; D_6__g__Haemophilus_s__parainfluenzae
1092	0	0	78	10	0	0	0	0	0	0	0	0	0	0	0	0	0	0	0	0	0	0	0	0	0	0	0	0	0	0	0	0	0	0	0	0	0	0	0	0	0	0	0	0	0	0	0	0	0	0	D_0__k__Bacteria; D_1__p__Bacteroidetes; D_2__c__Bacteroidia; D_3__o__Bacteroidales; D_4__f__Prevotellaceae; D_5__g__Alloprevotella; D_6__g__Alloprevotella_s__rava
1093	0	0	0	0	0	0	0	0	0	0	0	0	0	0	0	88	0	0	0	0	0	0	0	0	0	0	0	0	0	0	0	0	0	0	0	0	0	0	0	0	0	0	0	0	0	0	0	0	0	0	D_0__k__Bacteria; D_1__p__Bacteroidetes; D_2__c__Bacteroidia; D_3__o__Bacteroidales; D_4__f__Prevotellaceae; D_5__g__Prevotella; D_6__g__Prevotella_s__salivae
1094	0	0	0	0	0	0	0	0	0	0	0	0	0	0	0	29	0	0	0	0	0	0	59	0	0	0	0	0	0	0	0	0	0	0	0	0	0	0	0	0	0	0	0	0	0	0	0	0	0	0	D_0__k__Bacteria; D_1__p__Firmicutes; D_2__c__Bacilli; D_3__o__Lactobacillales; D_4__f__Streptococcaceae; D_5__g__Streptococcus; D_6__g__Streptococcus_s__anginosus
1095	0	0	0	0	0	0	0	0	0	0	0	0	0	0	0	0	0	0	0	0	0	0	17	0	0	71	0	0	0	0	0	0	0	0	0	0	0	0	0	0	0	0	0	0	0	0	0	0	0	0	D_0__k__Bacteria; D_1__p__Saccharibacteria_(TM7); D_2__c__Saccharibacteria_(TM7)_[C-1]; D_3__o__Saccharibacteria_(TM7)_[O-1]; D_4__f__Saccharibacteria_(TM7)_[F-1]; D_5__g__Saccharibacteria_(TM7)_[G-1]; D_6__g__Saccharibacteria_(TM7)_[G-1]_s__bacterium_HMT_349
1096	0	0	0	0	0	0	0	0	0	0	0	0	0	0	0	0	0	0	0	0	0	0	0	0	0	0	0	0	0	0	0	0	88	0	0	0	0	0	0	0	0	0	0	0	0	0	0	0	0	0	D_0__k__Bacteria; D_1__p__Proteobacteria; D_2__c__Alphaproteobacteria; D_3__o__Hyphomicrobiales; D_4__f__Bradyrhizobiaceae; D_5__g__Afipia; D_6__g__Afipia_s__broomeae
1097	0	3	0	0	0	0	0	0	0	0	2	0	0	0	0	0	0	0	0	0	0	0	0	0	0	0	0	0	0	0	0	0	0	0	0	0	26	0	0	0	0	54	0	0	0	0	0	0	0	0	D_0__k__Bacteria; D_1__p__Actinobacteria; D_2__c__Actinomycetia; D_3__o__Actinomycetales; D_4__f__Actinomycetaceae; D_5__g__Actinomyces; D_6__g__Actinomyces_s__sp._HMT_171
1098	0	0	0	0	0	0	0	52	0	0	0	0	0	0	0	0	0	35	0	0	0	0	0	0	0	0	0	0	0	0	0	0	0	0	0	0	0	0	0	0	0	0	0	0	0	0	0	0	0	0	D_0__k__Bacteria; D_1__p__Firmicutes; D_2__c__Clostridia; D_3__o__Eubacteriales; D_4__f__Lachnospiraceae; D_5__g__Lachnoanaerobaculum; D_6__g__Lachnoanaerobaculum_s__saburreum
1099	0	0	0	0	0	0	0	0	0	0	0	0	0	0	0	0	0	0	0	0	0	0	0	0	42	0	0	0	0	0	0	0	0	0	0	0	0	0	0	0	0	0	0	0	45	0	0	0	0	0	D_0__k__Bacteria; D_1__p__Firmicutes; D_2__c__Clostridia; D_3__o__Eubacteriales; D_4__f__Peptostreptococcaceae; D_5__g__Mogibacterium; D_6__g__Mogibacterium_s__timidum
1100	86	0	0	0	0	0	0	0	0	0	0	0	0	0	0	0	0	0	0	0	0	0	0	0	0	0	0	0	0	0	0	0	0	0	0	0	0	0	0	0	0	0	0	0	0	0	0	0	0	0	D_0__k__Bacteria; D_1__p__Firmicutes; D_2__c__Bacilli; D_3__o__Lactobacillales; D_4__f__Lactobacillaceae; D_5__g__Lactobacillus; D_6__g__Lactobacillus_s__gasseri
1101	0	8	0	2	21	25	0	0	0	0	0	4	0	0	0	0	0	0	0	0	0	0	23	0	0	0	0	0	0	0	0	0	0	0	0	1	0	0	0	0	0	0	0	0	0	0	0	0	0	0	D_0__k__Bacteria; D_1__p__Firmicutes; D_2__c__Negativicutes; D_3__o__Veillonellales; D_4__f__Veillonellaceae; D_5__g__Veillonella; D_6__g__Veillonella_s__atypica
1102	0	0	0	0	0	0	30	0	0	0	0	0	0	0	0	0	0	0	0	0	0	0	0	0	0	0	0	0	0	0	0	0	0	0	0	0	0	0	0	0	0	0	0	56	0	0	0	0	0	0	D_0__k__Bacteria; D_1__p__Bacteroidetes; D_2__c__Bacteroidia; D_3__o__Bacteroidales; D_4__f__Prevotellaceae; D_5__g__Prevotella; D_6__g__Prevotella_s__oulorum
1103	0	0	0	0	0	0	0	0	0	0	0	0	0	0	0	0	0	0	0	86	0	0	0	0	0	0	0	0	0	0	0	0	0	0	0	0	0	0	0	0	0	0	0	0	0	0	0	0	0	0	D_0__k__Bacteria; D_1__p__Bacteroidetes; D_2__c__Bacteroidia; D_3__o__Bacteroidales; D_4__f__Prevotellaceae; D_5__g__Alloprevotella; D_6__g__Alloprevotella_s__sp._HMT_473
1104	0	0	0	0	0	0	0	0	0	0	0	0	0	0	0	0	0	0	0	0	0	0	0	0	0	0	0	0	0	86	0	0	0	0	0	0	0	0	0	0	0	0	0	0	0	0	0	0	0	0	D_0__k__Bacteria; D_1__p__Proteobacteria; D_2__c__Gammaproteobacteria; D_3__o__Pasteurellales; D_4__f__Pasteurellaceae; D_5__g__Haemophilus; D_6__g__Haemophilus_s__sp._HMT_036
1105	0	0	0	0	0	0	0	0	0	0	0	0	0	0	0	0	0	0	0	0	0	0	0	0	0	0	0	0	0	0	0	0	0	0	0	0	0	86	0	0	0	0	0	0	0	0	0	0	0	0	D_0__k__Bacteria; D_1__p__Proteobacteria; D_2__c__Gammaproteobacteria; D_3__o__Pasteurellales; D_4__f__Pasteurellaceae; D_5__g__Haemophilus; D_6__g__Haemophilus_s__paraphrohaemolyticus
1106	0	0	0	0	0	0	0	0	0	0	0	0	0	0	0	0	0	0	0	0	0	0	0	0	0	0	0	0	0	0	0	0	0	0	0	0	0	0	0	0	0	0	0	0	0	0	0	0	86	0	D_0__k__Bacteria; D_1__p__Bacteroidetes; D_2__c__Bacteroidia; D_3__o__Bacteroidales; D_4__f__Prevotellaceae; D_5__g__Prevotella; D_6__g__Prevotella_s__sp._HMT_300
1107	0	0	0	0	0	0	0	0	0	0	0	0	0	0	0	0	0	0	0	0	0	0	0	0	0	0	0	0	0	0	0	0	0	0	0	0	0	0	0	0	0	0	0	0	0	0	0	0	86	0	D_0__k__Bacteria; D_1__p__Firmicutes; D_2__c__Negativicutes; D_3__o__Selenomonadales; D_4__f__Selenomonadaceae; D_5__g__Selenomonas; D_6__g__Selenomonas_s__sp._HMT_936
1108	0	0	85	0	0	0	0	0	0	0	0	0	0	0	0	0	0	0	0	0	0	0	0	0	0	0	0	0	0	0	0	0	0	0	0	0	0	0	0	0	0	0	0	0	0	0	0	0	0	0	D_0__k__Bacteria; D_1__p__Bacteroidetes; D_2__c__Bacteroidia; D_3__o__Bacteroidales; D_4__f__Prevotellaceae; D_5__g__Prevotella; D_6__g__Prevotella_s__sp._HMT_304
1109	0	0	85	0	0	0	0	0	0	0	0	0	0	0	0	0	0	0	0	0	0	0	0	0	0	0	0	0	0	0	0	0	0	0	0	0	0	0	0	0	0	0	0	0	0	0	0	0	0	0	D_0__k__Bacteria; D_1__p__Fusobacteria; D_2__c__Fusobacteriia; D_3__o__Fusobacteriales; D_4__f__Fusobacteriaceae; D_5__g__Fusobacterium; D_6__g__Fusobacterium_s__nucleatum
1110	0	0	0	0	85	0	0	0	0	0	0	0	0	0	0	0	0	0	0	0	0	0	0	0	0	0	0	0	0	0	0	0	0	0	0	0	0	0	0	0	0	0	0	0	0	0	0	0	0	0	D_0__k__Bacteria; D_1__p__Firmicutes; D_2__c__Negativicutes; D_3__o__Veillonellales; D_4__f__Veillonellaceae; D_5__g__Colibacter; D_6__g__Colibacter_s__massiliensis
1111	0	0	0	0	0	0	0	0	0	0	0	85	0	0	0	0	0	0	0	0	0	0	0	0	0	0	0	0	0	0	0	0	0	0	0	0	0	0	0	0	0	0	0	0	0	0	0	0	0	0	D_0__k__Bacteria; D_1__p__Fusobacteria; D_2__c__Fusobacteriia; D_3__o__Fusobacteriales; D_4__f__Leptotrichiaceae; D_5__g__Leptotrichia; D_6__g__Leptotrichia_s__sp._HMT_225
1112	0	0	0	0	0	0	0	0	0	0	0	0	0	0	0	0	0	0	0	0	85	0	0	0	0	0	0	0	0	0	0	0	0	0	0	0	0	0	0	0	0	0	0	0	0	0	0	0	0	0	D_0__k__Bacteria; D_1__p__Fusobacteria; D_2__c__Fusobacteriia; D_3__o__Fusobacteriales; D_4__f__Fusobacteriaceae; D_5__g__Fusobacterium; D_6__g__Fusobacterium_s__nucleatum
1113	0	0	0	0	0	0	0	0	0	0	0	0	0	0	0	0	0	0	0	0	85	0	0	0	0	0	0	0	0	0	0	0	0	0	0	0	0	0	0	0	0	0	0	0	0	0	0	0	0	0	D_0__k__Bacteria; D_1__p__Bacteroidetes; D_2__c__Bacteroidia; D_3__o__Bacteroidales; D_4__f__Prevotellaceae; D_5__g__Prevotella; D_6__g__Prevotella_s__buccae
1114	0	0	0	0	0	0	0	0	0	0	0	0	0	0	0	0	0	0	0	0	0	0	0	0	0	0	0	0	0	0	0	0	0	0	0	0	0	0	0	0	0	0	0	0	0	0	84	0	0	0	D_0__k__Bacteria; D_1__p__Fusobacteria; D_2__c__Fusobacteriia; D_3__o__Fusobacteriales; D_4__f__Leptotrichiaceae; D_5__g__Leptotrichia; D_6__g__Leptotrichia_s__shahii
1115	0	0	0	0	0	0	0	0	0	0	0	0	0	0	0	0	0	0	0	0	0	0	0	0	0	0	0	0	0	0	0	0	0	0	0	0	0	0	0	0	0	0	0	0	0	0	0	0	0	84	D_0__k__Bacteria; D_1__p__Saccharibacteria_(TM7); D_2__c__Saccharibacteria_(TM7)_[C-1]; D_3__o__Saccharibacteria_(TM7)_[O-1]; D_4__f__Saccharibacteria_(TM7)_[F-1]; D_5__g__Saccharibacteria_(TM7)_[G-6]; D_6__g__Saccharibacteria_(TM7)_[G-6]_s__bacterium_HMT_870
1116	0	0	0	0	83	0	0	0	0	0	0	0	0	0	0	0	0	0	0	0	0	0	0	0	0	0	0	0	0	0	0	0	0	0	0	0	0	0	0	0	0	0	0	0	0	0	0	0	0	0	D_0__k__Bacteria; D_1__p__Bacteroidetes; D_2__c__Bacteroidia; D_3__o__Bacteroidales; D_4__f__Prevotellaceae; D_5__g__Prevotella; D_6__g__Prevotella_s__oris
1117	0	0	0	0	0	0	0	83	0	0	0	0	0	0	0	0	0	0	0	0	0	0	0	0	0	0	0	0	0	0	0	0	0	0	0	0	0	0	0	0	0	0	0	0	0	0	0	0	0	0	D_0__k__Bacteria; D_1__p__Proteobacteria; D_2__c__Epsilonproteobacteria; D_3__o__Campylobacterales; D_4__f__Campylobacteraceae; D_5__g__Campylobacter; D_6__g__Campylobacter_s__concisus
1118	0	0	0	0	0	0	0	0	0	0	53	0	0	0	0	0	0	0	0	0	0	0	0	0	0	0	0	0	0	0	0	0	0	0	0	0	0	0	0	0	0	0	0	0	30	0	0	0	0	0	D_0__k__Bacteria; D_1__p__Proteobacteria; D_2__c__Gammaproteobacteria; D_3__o__Pasteurellales; D_4__f__Pasteurellaceae; D_5__g__Haemophilus; D_6__g__Haemophilus_s__influenzae
1119	0	0	0	0	0	0	0	0	0	0	0	0	0	0	0	0	0	0	48	0	0	0	0	0	0	0	0	0	0	0	0	0	0	0	0	0	0	0	0	0	0	0	0	0	0	0	35	0	0	0	D_0__k__Bacteria; D_1__p__Firmicutes; D_2__c__Clostridia; D_3__o__Eubacteriales; D_4__f__Lachnospiraceae; D_5__g__Shuttleworthia; D_6__g__Shuttleworthia_s__satelles
1120	0	0	0	0	0	0	0	0	0	0	0	0	0	0	0	0	0	0	0	83	0	0	0	0	0	0	0	0	0	0	0	0	0	0	0	0	0	0	0	0	0	0	0	0	0	0	0	0	0	0	D_0__k__Bacteria; D_1__p__Fusobacteria; D_2__c__Fusobacteriia; D_3__o__Fusobacteriales; D_4__f__Leptotrichiaceae; D_5__g__Leptotrichia; D_6__g__Leptotrichia_s__sp._HMT_212
1121	0	0	0	0	0	0	0	0	0	0	0	0	0	0	0	0	0	0	0	0	83	0	0	0	0	0	0	0	0	0	0	0	0	0	0	0	0	0	0	0	0	0	0	0	0	0	0	0	0	0	D_0__k__Bacteria; D_1__p__Bacteroidetes; D_2__c__Bacteroidetes_[C-1]; D_3__o__Bacteroidetes_[O-1]; D_4__f__Bacteroidetes_[F-1]; D_5__g__Bacteroidetes_[G-3]; D_6__g__Bacteroidetes_[G-3]_s__bacterium_HMT_281
1122	0	0	0	0	0	0	0	0	0	0	0	0	0	0	0	0	0	0	0	0	0	0	0	0	0	0	0	0	83	0	0	0	0	0	0	0	0	0	0	0	0	0	0	0	0	0	0	0	0	0	D_0__k__Bacteria; D_1__p__Bacteroidetes; D_2__c__Bacteroidia; D_3__o__Bacteroidales; D_4__f__Prevotellaceae; D_5__g__Prevotella; D_6__g__Prevotella_s__sp._HMT_472
1123	0	0	0	0	0	0	0	0	0	0	0	0	0	0	0	0	0	0	0	0	0	0	0	0	0	0	0	0	0	0	0	0	0	83	0	0	0	0	0	0	0	0	0	0	0	0	0	0	0	0	D_0__k__Bacteria; D_1__p__Firmicutes; D_2__c__Negativicutes; D_3__o__Selenomonadales; D_4__f__Selenomonadaceae; D_5__g__Selenomonas; D_6__g__Selenomonas_s__noxia
1124	0	0	0	0	0	0	0	0	0	0	0	0	0	0	0	0	0	0	0	0	0	0	0	0	0	0	0	0	0	0	0	0	0	0	0	0	0	0	83	0	0	0	0	0	0	0	0	0	0	0	D_0__k__Bacteria; D_1__p__Saccharibacteria_(TM7); D_2__c__Saccharibacteria_(TM7)_[C-1]; D_3__o__Saccharibacteria_(TM7)_[O-1]; D_4__f__Saccharibacteria_(TM7)_[F-1]; D_5__g__Saccharibacteria_(TM7)_[G-1]; D_6__g__Saccharibacteria_(TM7)_[G-1]_s__bacterium_HMT_346
1125	0	12	0	0	0	0	0	0	0	0	0	0	0	0	0	0	0	0	0	0	0	0	0	0	0	0	0	0	0	2	0	0	0	0	0	0	0	0	0	0	22	0	0	0	0	0	0	14	0	28	D_0__k__Bacteria; D_1__p__Proteobacteria; D_2__c__Betaproteobacteria; D_3__o__Neisseriales; D_4__f__Neisseriaceae; D_5__g__Neisseria; D_6__g__Neisseria_s__flava
1126	0	0	17	6	0	0	0	0	0	0	0	0	0	0	0	0	0	0	0	0	59	0	0	0	0	0	0	0	0	0	0	0	0	0	0	0	0	0	0	0	0	0	0	0	0	0	0	0	0	0	D_0__k__Bacteria; D_1__p__Bacteroidetes; D_2__c__Bacteroidia; D_3__o__Bacteroidales; D_4__f__Prevotellaceae; D_5__g__Prevotella; D_6__g__Prevotella_s__sp._HMT_301
1127	0	0	0	0	82	0	0	0	0	0	0	0	0	0	0	0	0	0	0	0	0	0	0	0	0	0	0	0	0	0	0	0	0	0	0	0	0	0	0	0	0	0	0	0	0	0	0	0	0	0	D_0__k__Bacteria; D_1__p__Bacteroidetes; D_2__c__Bacteroidetes_[C-1]; D_3__o__Bacteroidetes_[O-1]; D_4__f__Bacteroidetes_[F-1]; D_5__g__Bacteroidetes_[G-5]; D_6__g__Bacteroidetes_[G-5]_s__bacterium_HMT_511
1128	0	0	0	0	81	0	0	0	0	0	0	0	0	0	0	0	0	0	0	0	0	0	0	0	0	0	0	0	0	0	0	0	0	0	0	0	0	0	0	0	0	0	0	0	0	0	0	0	0	0	D_0__k__Bacteria; D_1__p__Firmicutes; D_2__c__Clostridia; D_3__o__Eubacteriales; D_4__f__Peptococcaceae; D_5__g__Peptococcus; D_6__g__Peptococcus_s__sp._HMT_168
1129	0	0	0	0	0	0	0	0	0	0	0	0	0	0	0	0	0	0	0	81	0	0	0	0	0	0	0	0	0	0	0	0	0	0	0	0	0	0	0	0	0	0	0	0	0	0	0	0	0	0	D_0__k__Bacteria; D_1__p__Bacteroidetes; D_2__c__Bacteroidia; D_3__o__Bacteroidales; D_4__f__Prevotellaceae; D_5__g__Prevotella; D_6__g__Prevotella_s__sp._HMT_317
1130	0	0	0	0	0	0	0	0	0	0	0	0	0	0	0	0	0	0	0	81	0	0	0	0	0	0	0	0	0	0	0	0	0	0	0	0	0	0	0	0	0	0	0	0	0	0	0	0	0	0	D_0__k__Bacteria; D_1__p__Proteobacteria; D_2__c__Gammaproteobacteria; D_3__o__Pasteurellales; D_4__f__Pasteurellaceae; D_5__g__Haemophilus; D_6__g__Haemophilus_s__paraphrohaemolyticus
1131	0	0	0	0	0	0	0	0	0	0	0	0	0	0	0	0	0	0	0	0	0	0	0	0	81	0	0	0	0	0	0	0	0	0	0	0	0	0	0	0	0	0	0	0	0	0	0	0	0	0	D_0__k__Bacteria; D_1__p__Proteobacteria; D_2__c__Alphaproteobacteria; D_3__o__Hyphomicrobiales; D_4__f__Bradyrhizobiaceae; D_5__g__Afipia; D_6__g__Afipia_s__broomeae
1132	0	0	0	0	0	0	0	0	0	0	0	0	0	0	0	0	0	0	0	0	0	0	0	0	0	81	0	0	0	0	0	0	0	0	0	0	0	0	0	0	0	0	0	0	0	0	0	0	0	0	D_0__k__Bacteria; D_1__p__Bacteroidetes; D_2__c__Bacteroidia; D_3__o__Bacteroidales; D_4__f__Prevotellaceae; D_5__g__Alloprevotella; D_6__g__Alloprevotella_s__sp._HMT_912
1133	0	44	0	0	0	0	0	0	0	0	0	0	0	0	0	0	36	0	0	0	0	0	0	0	0	0	0	0	0	0	0	0	0	0	0	0	0	0	0	0	0	0	0	0	0	0	0	0	0	0	D_0__k__Bacteria; D_1__p__Bacteroidetes; D_2__c__Bacteroidia; D_3__o__Bacteroidales; D_4__f__Prevotellaceae; D_5__g__Prevotella; D_6__g__Prevotella_s__pallens
1134	0	0	0	0	0	0	24	0	0	0	0	0	0	0	0	14	0	0	0	0	0	0	0	0	0	0	0	0	15	0	0	0	0	0	0	0	0	0	0	0	0	0	0	0	0	0	27	0	0	0	D_0__k__Bacteria; D_1__p__Actinobacteria; D_2__c__Actinomycetia; D_3__o__Actinomycetales; D_4__f__Actinomycetaceae; D_5__g__Schaalia; D_6__g__Schaalia_s__sp._HMT_180
1135	0	0	0	0	0	0	0	0	0	0	0	0	0	0	0	0	0	0	0	80	0	0	0	0	0	0	0	0	0	0	0	0	0	0	0	0	0	0	0	0	0	0	0	0	0	0	0	0	0	0	D_0__k__Bacteria; D_1__p__Proteobacteria; D_2__c__Gammaproteobacteria; D_3__o__Pasteurellales; D_4__f__Pasteurellaceae; D_5__g__Haemophilus; D_6__g__Haemophilus_s__parainfluenzae
1136	0	0	0	0	0	0	0	0	0	0	0	0	0	0	0	0	0	0	0	80	0	0	0	0	0	0	0	0	0	0	0	0	0	0	0	0	0	0	0	0	0	0	0	0	0	0	0	0	0	0	D_0__k__Bacteria; D_1__p__Proteobacteria; D_2__c__Gammaproteobacteria; D_3__o__Pasteurellales; D_4__f__Pasteurellaceae; D_5__g__Haemophilus; D_6__g__Haemophilus_s__sp._HMT_908
1137	0	0	0	0	0	0	0	0	0	0	0	0	0	0	0	0	0	0	0	0	0	80	0	0	0	0	0	0	0	0	0	0	0	0	0	0	0	0	0	0	0	0	0	0	0	0	0	0	0	0	D_0__k__Bacteria; D_1__p__Proteobacteria; D_2__c__Betaproteobacteria; D_3__o__Neisseriales; D_4__f__Neisseriaceae; D_5__g__Neisseria; D_6__g__Neisseria_s__cinerea
1138	0	0	0	0	0	0	0	0	0	0	0	0	0	0	0	0	0	0	0	0	0	0	65	0	0	0	0	0	0	0	0	0	0	0	0	0	0	0	0	0	0	0	0	0	0	0	0	15	0	0	D_0__k__Bacteria; D_1__p__Bacteroidetes; D_2__c__Bacteroidia; D_3__o__Bacteroidales; D_4__f__Prevotellaceae; D_5__g__Prevotella; D_6__g__Prevotella_s__veroralis
1139	0	0	79	0	0	0	0	0	0	0	0	0	0	0	0	0	0	0	0	0	0	0	0	0	0	0	0	0	0	0	0	0	0	0	0	0	0	0	0	0	0	0	0	0	0	0	0	0	0	0	D_0__k__Bacteria; D_1__p__Firmicutes; D_2__c__Clostridia; D_3__o__Eubacteriales; D_4__f__Lachnospiraceae; D_5__g__Stomatobaculum; D_6__g__Stomatobaculum_s__sp._HMT_373
1140	0	0	36	0	0	0	0	0	0	0	0	0	0	0	0	0	0	0	36	0	0	0	0	0	0	0	0	0	0	0	0	0	0	0	0	0	7	0	0	0	0	0	0	0	0	0	0	0	0	0	D_0__k__Bacteria; D_1__p__Actinobacteria; D_2__c__Coriobacteriia; D_3__o__Eggerthellales; D_4__f__Eggerthellaceae; D_5__g__Slackia; D_6__g__Slackia_s__exigua
1141	0	0	0	1	0	0	0	0	0	0	0	0	0	0	0	0	0	0	0	0	0	0	0	0	0	0	0	0	0	0	0	0	0	0	0	0	0	0	0	0	0	32	0	0	0	0	0	0	0	0	D_0__k__Bacteria; D_1__p__Proteobacteria; D_2__c__Betaproteobacteria; D_3__o__Neisseriales; D_4__f__Neisseriaceae; D_5__g__Kingella; D_6__g__Kingella_s__denitrificans
1142	0	0	0	0	0	79	0	0	0	0	0	0	0	0	0	0	0	0	0	0	0	0	0	0	0	0	0	0	0	0	0	0	0	0	0	0	0	0	0	0	0	0	0	0	0	0	0	0	0	0	D_0__k__Bacteria; D_1__p__Proteobacteria; D_2__c__Betaproteobacteria; D_3__o__Neisseriales; D_4__f__Neisseriaceae; D_5__g__Neisseria; D_6__g__Neisseria_s__flavescens
1143	0	0	0	0	0	0	0	0	0	0	79	0	0	0	0	0	0	0	0	0	0	0	0	0	0	0	0	0	0	0	0	0	0	0	0	0	0	0	0	0	0	0	0	0	0	0	0	0	0	0	D_0__k__Bacteria; D_1__p__Fusobacteria; D_2__c__Fusobacteriia; D_3__o__Fusobacteriales; D_4__f__Fusobacteriaceae; D_5__g__Fusobacterium; D_6__g__Fusobacterium_s__nucleatum
1144	0	0	0	0	0	0	0	0	0	0	0	0	0	0	0	0	15	0	0	0	0	23	0	0	0	0	0	0	0	0	0	0	0	0	0	0	0	0	0	0	0	0	0	0	0	0	0	0	0	0	D_0__k__Bacteria; D_1__p__Firmicutes; D_2__c__Negativicutes; D_3__o__Veillonellales; D_4__f__Veillonellaceae; D_5__g__Veillonella; D_6__g__Veillonella_s__rogosae
1145	0	0	0	0	0	0	0	0	0	0	0	0	0	0	0	0	0	0	0	0	79	0	0	0	0	0	0	0	0	0	0	0	0	0	0	0	0	0	0	0	0	0	0	0	0	0	0	0	0	0	D_0__k__Bacteria; D_1__p__Bacteroidetes; D_2__c__Bacteroidia; D_3__o__Bacteroidales; D_4__f__Tannerellaceae; D_5__g__Tannerella; D_6__g__Tannerella_s__sp._HMT_808
1146	0	0	0	0	0	0	0	0	0	0	0	0	0	0	0	0	0	0	0	0	0	0	0	0	0	0	0	0	0	0	0	0	0	79	0	0	0	0	0	0	0	0	0	0	0	0	0	0	0	0	D_0__k__Bacteria; D_1__p__Bacteroidetes; D_2__c__Bacteroidia; D_3__o__Bacteroidales; D_4__f__Porphyromonadaceae; D_5__g__Porphyromonas; D_6__g__Porphyromonas_s__pasteri
1147	0	0	0	78	0	0	0	0	0	0	0	0	0	0	0	0	0	0	0	0	0	0	0	0	0	0	0	0	0	0	0	0	0	0	0	0	0	0	0	0	0	0	0	0	0	0	0	0	0	0	D_0__k__Bacteria; D_1__p__Proteobacteria; D_2__c__Betaproteobacteria; D_3__o__Neisseriales; D_4__f__Neisseriaceae; D_5__g__Neisseria; D_6__g__Neisseria_s__oralis
1148	0	0	0	0	78	0	0	0	0	0	0	0	0	0	0	0	0	0	0	0	0	0	0	0	0	0	0	0	0	0	0	0	0	0	0	0	0	0	0	0	0	0	0	0	0	0	0	0	0	0	D_0__k__Bacteria; D_1__p__Bacteroidetes; D_2__c__Bacteroidia; D_3__o__Bacteroidales; D_4__f__Bacteroidales_[F-2]; D_5__g__Bacteroidales_[G-2]; D_6__g__Bacteroidales_[G-2]_s__bacterium_HMT_274
1149	0	0	0	0	0	0	0	0	0	0	0	0	0	0	0	0	31	47	0	0	0	0	0	0	0	0	0	0	0	0	0	0	0	0	0	0	0	0	0	0	0	0	0	0	0	0	0	0	0	0	D_0__k__Bacteria; D_1__p__Proteobacteria; D_2__c__Betaproteobacteria; D_3__o__Neisseriales; D_4__f__Neisseriaceae; D_5__g__Simonsiella; D_6__g__Simonsiella_s__muelleri
1150	0	0	0	0	0	0	0	0	0	0	0	0	0	0	0	0	0	78	0	0	0	0	0	0	0	0	0	0	0	0	0	0	0	0	0	0	0	0	0	0	0	0	0	0	0	0	0	0	0	0	D_0__k__Bacteria; D_1__p__Fusobacteria; D_2__c__Fusobacteriia; D_3__o__Fusobacteriales; D_4__f__Leptotrichiaceae; D_5__g__Leptotrichia; D_6__g__Leptotrichia_s__wadei
1151	0	0	0	0	0	0	0	0	0	0	0	0	0	0	0	0	0	0	0	0	0	0	0	0	0	0	0	0	0	0	0	0	0	0	0	0	78	0	0	0	0	0	0	0	0	0	0	0	0	0	D_0__k__Bacteria; D_1__p__Firmicutes; D_2__c__Clostridia; D_3__o__Eubacteriales; D_4__f__Peptostreptococcaceae; D_5__g__Peptostreptococcaceae_[G-9]; D_6__g__Peptostreptococcaceae_[G-9]_s__[Eubacterium]_brachy
1152	0	0	0	0	0	0	0	0	0	0	0	0	0	0	0	0	0	0	0	0	0	0	0	0	0	0	0	0	0	0	0	0	0	0	0	0	0	0	0	0	78	0	0	0	0	0	0	0	0	0	D_0__k__Bacteria; D_1__p__Proteobacteria; D_2__c__Betaproteobacteria; D_3__o__Neisseriales; D_4__f__Neisseriaceae; D_5__g__Kingella; D_6__g__Kingella_s__sp._HMT_012
1153	0	0	0	0	0	0	0	0	0	0	0	0	0	0	0	0	0	0	0	0	0	0	0	0	0	0	0	0	0	0	0	0	0	0	0	0	0	0	0	0	0	0	0	0	78	0	0	0	0	0	D_0__k__Bacteria; D_1__p__Bacteroidetes; D_2__c__Flavobacteriia; D_3__o__Flavobacteriales; D_4__f__Flavobacteriaceae; D_5__g__Capnocytophaga; D_6__g__Capnocytophaga_s__sputigena
1154	0	0	0	0	18	0	0	0	0	0	0	0	0	0	0	0	0	0	0	0	0	0	0	0	0	0	0	0	0	0	0	0	0	0	0	0	0	0	0	0	0	0	0	0	0	0	0	0	0	0	D_0__k__Bacteria; D_1__p__Bacteroidetes; D_2__c__Bacteroidia; D_3__o__Bacteroidales; D_4__f__Prevotellaceae; D_5__g__Prevotella; D_6__g__Prevotella_s__oulorum
1155	0	0	0	0	0	22	0	0	0	0	0	0	0	0	0	0	0	0	0	0	0	0	0	0	0	0	0	0	0	0	0	0	0	0	0	0	0	0	0	0	0	0	0	0	0	0	0	0	0	0	D_0__k__Bacteria; D_1__p__Bacteroidetes; D_2__c__Bacteroidia; D_3__o__Bacteroidales; D_4__f__Prevotellaceae; D_5__g__Alloprevotella; D_6__g__Alloprevotella_s__sp._HMT_914
1156	0	0	0	0	0	0	0	0	0	0	0	0	0	0	0	0	0	0	0	0	77	0	0	0	0	0	0	0	0	0	0	0	0	0	0	0	0	0	0	0	0	0	0	0	0	0	0	0	0	0	D_0__k__Bacteria; D_1__p__Spirochaetes; D_2__c__Spirochaetia; D_3__o__Spirochaetales; D_4__f__Treponemataceae; D_5__g__Treponema; D_6__g__Treponema_s__sp._HMT_262
1157	0	0	0	0	0	0	0	0	0	0	0	0	0	0	0	0	0	0	0	0	0	0	0	0	0	0	0	0	0	0	0	0	0	0	0	0	0	0	0	0	0	0	0	0	77	0	0	0	0	0	D_0__k__Bacteria; D_1__p__Bacteroidetes; D_2__c__Bacteroidia; D_3__o__Bacteroidales; D_4__f__Bacteroidales_[F-2]; D_5__g__Bacteroidales_[G-2]; D_6__g__Bacteroidales_[G-2]_s__bacterium_HMT_274
1158	0	0	0	0	0	0	0	0	0	0	0	0	0	0	0	0	0	0	0	0	0	0	0	0	0	0	0	0	0	0	0	0	0	0	0	0	0	0	0	0	0	0	0	0	77	0	0	0	0	0	D_0__k__Bacteria; D_1__p__Bacteroidetes; D_2__c__Bacteroidia; D_3__o__Bacteroidales; D_4__f__Tannerellaceae; D_5__g__Tannerella; D_6__g__Tannerella_s__sp._HMT_808
1159	0	0	0	0	0	0	0	0	0	0	76	0	0	0	0	0	0	0	0	0	0	0	0	0	0	0	0	0	0	0	0	0	0	0	0	0	0	0	0	0	0	0	0	0	0	0	0	0	0	0	D_0__k__Bacteria; D_1__p__Bacteroidetes; D_2__c__Bacteroidia; D_3__o__Bacteroidales; D_4__f__Prevotellaceae; D_5__g__Prevotella; D_6__g__Prevotella_s__oris
1160	0	0	0	0	0	0	0	0	0	0	0	76	0	0	0	0	0	0	0	0	0	0	0	0	0	0	0	0	0	0	0	0	0	0	0	0	0	0	0	0	0	0	0	0	0	0	0	0	0	0	D_0__k__Bacteria; D_1__p__Bacteroidetes; D_2__c__Bacteroidia; D_3__o__Bacteroidales; D_4__f__Prevotellaceae; D_5__g__Alloprevotella; D_6__g__Alloprevotella_s__sp._HMT_912
1161	0	0	0	0	0	0	0	0	0	0	0	0	0	0	0	76	0	0	0	0	0	0	0	0	0	0	0	0	0	0	0	0	0	0	0	0	0	0	0	0	0	0	0	0	0	0	0	0	0	0	D_0__k__Bacteria; D_1__p__Fusobacteria; D_2__c__Fusobacteriia; D_3__o__Fusobacteriales; D_4__f__Leptotrichiaceae; D_5__g__Pseudoleptotrichia; D_6__g__Pseudoleptotrichia_s__sp._HMT_219
1162	0	0	0	0	0	0	0	0	0	0	0	0	0	0	0	0	0	0	0	0	28	0	0	0	0	0	0	0	0	0	0	0	0	0	0	0	0	0	0	0	0	0	0	0	0	0	48	0	0	0	D_0__k__Bacteria; D_1__p__Firmicutes; D_2__c__Clostridia; D_3__o__Eubacteriales; D_4__f__Lachnospiraceae; D_5__g__Shuttleworthia; D_6__g__Shuttleworthia_s__satelles
1163	0	0	0	0	0	0	0	0	0	0	0	0	0	0	0	0	0	0	0	0	0	0	76	0	0	0	0	0	0	0	0	0	0	0	0	0	0	0	0	0	0	0	0	0	0	0	0	0	0	0	D_0__k__Bacteria; D_1__p__Fusobacteria; D_2__c__Fusobacteriia; D_3__o__Fusobacteriales; D_4__f__Leptotrichiaceae; D_5__g__Leptotrichia; D_6__g__Leptotrichia_s__wadei
1164	0	0	0	0	0	0	0	0	0	0	0	0	0	0	0	0	0	0	0	0	0	0	0	0	0	0	0	0	0	0	0	0	0	76	0	0	0	0	0	0	0	0	0	0	0	0	0	0	0	0	D_0__k__Bacteria; D_1__p__Bacteroidetes; D_2__c__Bacteroidia; D_3__o__Bacteroidales; D_4__f__Prevotellaceae; D_5__g__Alloprevotella; D_6__g__Alloprevotella_s__sp._HMT_913
1165	0	0	0	0	0	0	0	0	0	0	0	0	0	0	0	0	0	0	0	0	0	0	0	0	0	0	0	0	0	0	0	0	0	0	0	0	0	0	23	53	0	0	0	0	0	0	0	0	0	0	D_0__k__Bacteria; D_1__p__Bacteroidetes; D_2__c__Bacteroidia; D_3__o__Bacteroidales; D_4__f__Prevotellaceae; D_5__g__Prevotella; D_6__g__Prevotella_s__saccharolytica
1166	0	0	0	0	0	0	0	0	0	0	0	0	0	0	0	0	0	0	0	0	0	0	0	0	0	0	0	0	0	0	0	0	0	0	0	0	0	0	0	0	0	0	0	0	0	0	0	0	76	0	D_0__k__Bacteria; D_1__p__Bacteroidetes; D_2__c__Bacteroidia; D_3__o__Bacteroidales; D_4__f__Prevotellaceae; D_5__g__Prevotella; D_6__g__Prevotella_s__oris
1167	0	0	0	0	0	0	0	0	0	0	0	0	0	0	0	75	0	0	0	0	0	0	0	0	0	0	0	0	0	0	0	0	0	0	0	0	0	0	0	0	0	0	0	0	0	0	0	0	0	0	D_0__k__Bacteria; D_1__p__Firmicutes; D_2__c__Negativicutes; D_3__o__Selenomonadales; D_4__f__Selenomonadaceae; D_5__g__Selenomonas; D_6__g__Selenomonas_s__flueggei
1168	0	0	0	0	0	0	0	0	0	0	0	0	0	0	0	75	0	0	0	0	0	0	0	0	0	0	0	0	0	0	0	0	0	0	0	0	0	0	0	0	0	0	0	0	0	0	0	0	0	0	D_0__k__Bacteria; D_1__p__Bacteroidetes; D_2__c__Flavobacteriia; D_3__o__Flavobacteriales; D_4__f__Flavobacteriaceae; D_5__g__Capnocytophaga; D_6__g__Capnocytophaga_s__haemolytica
1169	0	0	0	0	0	0	0	0	0	0	0	0	0	0	0	34	0	0	0	0	0	0	41	0	0	0	0	0	0	0	0	0	0	0	0	0	0	0	0	0	0	0	0	0	0	0	0	0	0	0	D_0__k__Bacteria; D_1__p__Firmicutes; D_2__c__Negativicutes; D_3__o__Selenomonadales; D_4__f__Selenomonadaceae; D_5__g__Mitsuokella; D_6__g__Mitsuokella_s__sp._HMT_521
1170	0	0	0	0	0	0	0	0	0	0	0	0	0	0	0	0	0	0	0	0	0	0	0	0	0	0	0	0	0	0	0	0	75	0	0	0	0	0	0	0	0	0	0	0	0	0	0	0	0	0	D_0__k__Bacteria; D_1__p__Firmicutes; D_2__c__Bacilli; D_3__o__Lactobacillales; D_4__f__Lactobacillaceae; D_5__g__Lentilactobacillus; D_6__g__Lentilactobacillus_s__buchneri
1171	0	0	0	0	0	0	0	0	0	0	0	0	0	0	0	0	0	0	0	0	0	0	0	0	0	0	0	0	0	0	0	0	0	75	0	0	0	0	0	0	0	0	0	0	0	0	0	0	0	0	D_0__k__Bacteria; D_1__p__Fusobacteria; D_2__c__Fusobacteriia; D_3__o__Fusobacteriales; D_4__f__Leptotrichiaceae; D_5__g__Leptotrichia; D_6__g__Leptotrichia_s__shahii
1172	0	0	0	0	0	0	0	0	0	0	0	0	0	0	0	0	0	0	0	0	0	0	0	0	0	0	0	0	0	0	0	0	0	75	0	0	0	0	0	0	0	0	0	0	0	0	0	0	0	0	D_0__k__Bacteria; D_1__p__Fusobacteria; D_2__c__Fusobacteriia; D_3__o__Fusobacteriales; D_4__f__Leptotrichiaceae; D_5__g__Leptotrichia; D_6__g__Leptotrichia_s__shahii
1173	0	0	0	0	0	0	0	0	0	0	0	0	0	0	0	0	0	0	0	0	0	0	0	0	0	0	0	0	0	0	0	0	0	0	0	0	0	0	0	0	0	0	0	0	0	0	0	0	75	0	D_0__k__Bacteria; D_1__p__Fusobacteria; D_2__c__Fusobacteriia; D_3__o__Fusobacteriales; D_4__f__Leptotrichiaceae; D_5__g__Leptotrichia; D_6__g__Leptotrichia_s__buccalis
1174	0	0	74	0	0	0	0	0	0	0	0	0	0	0	0	0	0	0	0	0	0	0	0	0	0	0	0	0	0	0	0	0	0	0	0	0	0	0	0	0	0	0	0	0	0	0	0	0	0	0	D_0__k__Bacteria; D_1__p__Firmicutes; D_2__c__Negativicutes; D_3__o__Selenomonadales; D_4__f__Selenomonadaceae; D_5__g__Veillonellaceae_[G-1]; D_6__g__Veillonellaceae_[G-1]_s__bacterium_HMT_150
1175	0	0	0	16	0	0	0	52	0	0	0	0	0	0	0	6	0	0	0	0	0	0	0	0	0	0	0	0	0	0	0	0	0	0	0	0	0	0	0	0	0	0	0	0	0	0	0	0	0	0	D_0__k__Bacteria; D_1__p__Bacteroidetes; D_2__c__Bacteroidia; D_3__o__Bacteroidales; D_4__f__Prevotellaceae; D_5__g__Prevotella; D_6__g__Prevotella_s__saccharolytica
1176	0	0	0	0	74	0	0	0	0	0	0	0	0	0	0	0	0	0	0	0	0	0	0	0	0	0	0	0	0	0	0	0	0	0	0	0	0	0	0	0	0	0	0	0	0	0	0	0	0	0	D_0__k__Bacteria; D_1__p__Spirochaetes; D_2__c__Spirochaetia; D_3__o__Spirochaetales; D_4__f__Treponemataceae; D_5__g__Treponema; D_6__g__Treponema_s__sp._HMT_226
1177	0	0	0	0	0	0	0	0	0	0	0	74	0	0	0	0	0	0	0	0	0	0	0	0	0	0	0	0	0	0	0	0	0	0	0	0	0	0	0	0	0	0	0	0	0	0	0	0	0	0	D_0__k__Bacteria; D_1__p__Bacteroidetes; D_2__c__Bacteroidia; D_3__o__Bacteroidales; D_4__f__Prevotellaceae; D_5__g__Prevotella; D_6__g__Prevotella_s__pallens
1178	0	0	0	0	0	0	0	0	0	0	0	74	0	0	0	0	0	0	0	0	0	0	0	0	0	0	0	0	0	0	0	0	0	0	0	0	0	0	0	0	0	0	0	0	0	0	0	0	0	0	D_0__k__Bacteria; D_1__p__Fusobacteria; D_2__c__Fusobacteriia; D_3__o__Fusobacteriales; D_4__f__Fusobacteriaceae; D_5__g__Fusobacterium; D_6__g__Fusobacterium_s__sp._HMT_204
1179	0	0	0	0	0	0	0	0	0	0	0	0	0	0	0	0	0	0	0	0	0	0	74	0	0	0	0	0	0	0	0	0	0	0	0	0	0	0	0	0	0	0	0	0	0	0	0	0	0	0	D_0__k__Bacteria; D_1__p__Actinobacteria; D_2__c__Actinomycetia; D_3__o__Micrococcales; D_4__f__Micrococcaceae; D_5__g__Rothia; D_6__g__Rothia_s__mucilaginosa
1180	0	0	0	0	0	0	0	0	0	0	0	0	0	0	0	0	0	0	0	0	0	0	0	0	0	74	0	0	0	0	0	0	0	0	0	0	0	0	0	0	0	0	0	0	0	0	0	0	0	0	D_0__k__Bacteria; D_1__p__Bacteroidetes; D_2__c__Flavobacteriia; D_3__o__Flavobacteriales; D_4__f__Flavobacteriaceae; D_5__g__Capnocytophaga; D_6__g__Capnocytophaga_s__leadbetteri
1181	0	0	0	0	0	0	0	0	0	0	0	0	0	0	0	0	0	0	0	0	0	0	0	0	0	74	0	0	0	0	0	0	0	0	0	0	0	0	0	0	0	0	0	0	0	0	0	0	0	0	D_0__k__Bacteria; D_1__p__Fusobacteria; D_2__c__Fusobacteriia; D_3__o__Fusobacteriales; D_4__f__Leptotrichiaceae; D_5__g__Leptotrichia; D_6__g__Leptotrichia_s__sp._HMT_498
1182	0	0	0	0	0	0	0	0	0	0	0	0	0	0	0	0	0	0	0	0	0	0	0	0	0	0	0	0	0	0	0	0	74	0	0	0	0	0	0	0	0	0	0	0	0	0	0	0	0	0	D_0__k__Bacteria; D_1__p__Firmicutes; D_2__c__Negativicutes; D_3__o__Selenomonadales; D_4__f__Selenomonadaceae; D_5__g__Selenomonas; D_6__g__Selenomonas_s__flueggei
1183	0	0	0	0	0	0	0	0	0	0	0	0	0	0	0	0	0	0	0	0	0	0	0	0	0	0	0	0	0	0	0	0	0	0	0	0	74	0	0	0	0	0	0	0	0	0	0	0	0	0	D_0__k__Bacteria; D_1__p__Firmicutes; D_2__c__Negativicutes; D_3__o__Selenomonadales; D_4__f__Selenomonadaceae; D_5__g__Selenomonas; D_6__g__Selenomonas_s__sputigena
1184	0	0	0	0	0	0	0	0	0	0	73	0	0	0	0	0	0	0	0	0	0	0	0	0	0	0	0	0	0	0	0	0	0	0	0	0	0	0	0	0	0	0	0	0	0	0	0	0	0	0	D_0__k__Bacteria; D_1__p__Firmicutes; D_2__c__Negativicutes; D_3__o__Selenomonadales; D_4__f__Selenomonadaceae; D_5__g__Selenomonas; D_6__g__Selenomonas_s__sputigena
1185	0	0	0	0	0	0	0	0	0	0	0	0	0	0	0	0	0	0	0	0	0	0	0	0	0	0	0	0	0	0	0	0	4	0	0	0	0	0	0	0	0	0	0	0	0	0	0	0	0	21	D_0__k__Bacteria; D_1__p__Bacteroidetes; D_2__c__Bacteroidia; D_3__o__Bacteroidales; D_4__f__Prevotellaceae; D_5__g__Alloprevotella; D_6__g__Alloprevotella_s__sp._HMT_912
1186	0	0	0	0	0	0	0	0	0	0	0	0	0	0	0	0	0	0	0	0	0	0	0	0	0	0	0	0	0	0	0	0	73	0	0	0	0	0	0	0	0	0	0	0	0	0	0	0	0	0	D_0__k__Bacteria; D_1__p__Bacteroidetes; D_2__c__Bacteroidia; D_3__o__Bacteroidales; D_4__f__Prevotellaceae; D_5__g__Alloprevotella; D_6__g__Alloprevotella_s__sp._HMT_912
1187	0	0	0	0	0	0	0	0	0	0	0	0	0	0	0	0	0	0	0	0	0	0	0	0	0	0	0	0	0	0	0	0	0	73	0	0	0	0	0	0	0	0	0	0	0	0	0	0	0	0	D_0__k__Bacteria; D_1__p__Fusobacteria; D_2__c__Fusobacteriia; D_3__o__Fusobacteriales; D_4__f__Leptotrichiaceae; D_5__g__Leptotrichia; D_6__g__Leptotrichia_s__hofstadii
1188	0	0	0	0	36	0	0	0	0	0	0	0	0	0	0	0	0	0	0	0	15	0	0	0	0	0	0	0	0	0	0	0	0	0	0	0	0	0	0	0	0	0	0	0	0	0	21	0	0	0	D_0__k__Bacteria; D_1__p__Firmicutes; D_2__c__Clostridia; D_3__o__Eubacteriales; D_4__f__Lachnospiraceae; D_5__g__Lachnospiraceae_[G-7]; D_6__g__Lachnospiraceae_[G-7]_s__bacterium_HMT_163
1189	0	0	0	0	0	0	0	0	0	0	0	0	0	0	72	0	0	0	0	0	0	0	0	0	0	0	0	0	0	0	0	0	0	0	0	0	0	0	0	0	0	0	0	0	0	0	0	0	0	0	D_0__k__Bacteria; D_1__p__Bacteroidetes; D_2__c__Bacteroidia; D_3__o__Bacteroidales; D_4__f__Porphyromonadaceae; D_5__g__Porphyromonas; D_6__g__Porphyromonas_s__endodontalis
1190	0	0	0	0	0	0	0	0	0	0	0	0	0	0	0	0	38	0	0	0	0	0	0	0	0	0	0	0	0	0	0	0	0	0	0	0	34	0	0	0	0	0	0	0	0	0	0	0	0	0	D_0__k__Bacteria; D_1__p__Spirochaetes; D_2__c__Spirochaetia; D_3__o__Spirochaetales; D_4__f__Treponemataceae; D_5__g__Treponema; D_6__g__Treponema_s__maltophilum
1191	0	0	0	0	0	0	0	0	0	0	0	0	0	0	0	0	0	0	0	0	0	0	0	0	0	0	0	0	0	0	0	0	0	0	72	0	0	0	0	0	0	0	0	0	0	0	0	0	0	0	D_0__k__Bacteria; D_1__p__Spirochaetes; D_2__c__Spirochaetia; D_3__o__Spirochaetales; D_4__f__Treponemataceae; D_5__g__Treponema; D_6__g__Treponema_s__denticola
1192	0	0	0	0	0	0	0	0	0	0	0	0	0	0	0	0	0	0	0	0	0	0	0	0	0	0	0	0	0	0	0	0	0	0	0	0	0	0	0	0	0	0	0	0	0	0	0	0	72	0	D_0__k__Bacteria; D_1__p__Spirochaetes; D_2__c__Spirochaetia; D_3__o__Spirochaetales; D_4__f__Treponemataceae; D_5__g__Treponema; D_6__g__Treponema_s__sp._HMT_237
1193	0	0	0	0	0	0	0	0	0	0	0	0	0	0	0	0	0	0	0	0	0	0	0	0	0	71	0	0	0	0	0	0	0	0	0	0	0	0	0	0	0	0	0	0	0	0	0	0	0	0	D_0__k__Bacteria; D_1__p__Actinobacteria; D_2__c__Actinomycetia; D_3__o__Actinomycetales; D_4__f__Actinomycetaceae; D_5__g__Actinomyces; D_6__g__Actinomyces_s__naeslundii
1194	0	0	0	0	0	0	0	0	0	0	0	0	0	0	0	0	0	0	0	0	0	0	0	0	0	0	0	0	0	0	0	0	0	0	0	0	0	0	0	0	71	0	0	0	0	0	0	0	0	0	D_0__k__Bacteria; D_1__p__Proteobacteria; D_2__c__Gammaproteobacteria; D_3__o__Pasteurellales; D_4__f__Pasteurellaceae; D_5__g__Haemophilus; D_6__g__Haemophilus_s__paraphrohaemolyticus
1195	0	0	0	0	0	0	0	0	0	0	0	0	0	0	0	0	0	0	0	0	0	0	0	0	0	0	0	0	0	0	0	0	0	0	0	0	0	0	0	0	0	0	0	0	71	0	0	0	0	0	D_0__k__Bacteria; D_1__p__Proteobacteria; D_2__c__Betaproteobacteria; D_3__o__Neisseriales; D_4__f__Neisseriaceae; D_5__g__Neisseria; D_6__g__Neisseria_s__flava
1196	0	0	0	0	0	0	0	0	0	0	0	0	0	0	0	0	0	0	0	0	0	0	0	0	0	0	0	0	0	0	0	0	0	0	0	0	0	0	0	0	0	0	0	0	0	0	0	0	71	0	D_0__k__Bacteria; D_1__p__Bacteroidetes; D_2__c__Bacteroidia; D_3__o__Bacteroidales; D_4__f__Prevotellaceae; D_5__g__Prevotella; D_6__g__Prevotella_s__sp._HMT_292
1197	0	70	0	0	0	0	0	0	0	0	0	0	0	0	0	0	0	0	0	0	0	0	0	0	0	0	0	0	0	0	0	0	0	0	0	0	0	0	0	0	0	0	0	0	0	0	0	0	0	0	D_0__k__Bacteria; D_1__p__Fusobacteria; D_2__c__Fusobacteriia; D_3__o__Fusobacteriales; D_4__f__Leptotrichiaceae; D_5__g__Pseudoleptotrichia; D_6__g__Pseudoleptotrichia_s__sp._HMT_221
1198	0	0	0	0	70	0	0	0	0	0	0	0	0	0	0	0	0	0	0	0	0	0	0	0	0	0	0	0	0	0	0	0	0	0	0	0	0	0	0	0	0	0	0	0	0	0	0	0	0	0	D_0__k__Bacteria; D_1__p__Bacteroidetes; D_2__c__Bacteroidia; D_3__o__Bacteroidales; D_4__f__Prevotellaceae; D_5__g__Prevotella; D_6__g__Prevotella_s__oris
1199	0	0	0	0	19	0	0	0	0	0	0	0	0	0	0	0	0	0	0	0	0	0	0	0	31	0	0	0	0	0	0	0	0	0	0	0	0	0	0	0	0	0	0	0	0	0	0	0	20	0	D_0__k__Bacteria; D_1__p__Firmicutes; D_2__c__Clostridia; D_3__o__Eubacteriales; D_4__f__Peptostreptococcaceae; D_5__g__Mogibacterium; D_6__g__Mogibacterium_s__timidum
1200	0	0	0	0	0	0	0	0	0	0	0	0	0	0	0	0	0	0	0	0	0	0	70	0	0	0	0	0	0	0	0	0	0	0	0	0	0	0	0	0	0	0	0	0	0	0	0	0	0	0	D_0__k__Bacteria; D_1__p__Bacteroidetes; D_2__c__Bacteroidia; D_3__o__Bacteroidales; D_4__f__Prevotellaceae; D_5__g__Prevotella; D_6__g__Prevotella_s__salivae
1201	0	0	0	0	0	0	0	0	0	0	0	0	0	0	0	0	0	0	0	0	0	0	0	0	0	0	0	70	0	0	0	0	0	0	0	0	0	0	0	0	0	0	0	0	0	0	0	0	0	0	D_0__k__Bacteria; D_1__p__Firmicutes; D_2__c__Bacilli; D_3__o__Lactobacillales; D_4__f__Streptococcaceae; D_5__g__Streptococcus; D_6__g__Streptococcus_s__anginosus
1202	0	0	0	0	0	0	0	0	0	0	0	0	0	0	0	0	0	0	0	0	0	0	0	0	0	0	0	0	0	0	0	0	70	0	0	0	0	0	0	0	0	0	0	0	0	0	0	0	0	0	D_0__k__Bacteria; D_1__p__Bacteroidetes; D_2__c__Bacteroidia; D_3__o__Bacteroidales; D_4__f__Prevotellaceae; D_5__g__Alloprevotella; D_6__g__Alloprevotella_s__sp._HMT_912
1203	0	0	0	0	0	0	0	0	0	0	0	0	0	0	0	0	0	0	0	0	0	0	0	0	0	0	0	0	0	0	0	0	0	0	0	0	0	0	70	0	0	0	0	0	0	0	0	0	0	0	D_0__k__Bacteria; D_1__p__Bacteroidetes; D_2__c__Bacteroidia; D_3__o__Bacteroidales; D_4__f__Prevotellaceae; D_5__g__Alloprevotella; D_6__g__Alloprevotella_s__tannerae
1204	0	0	0	0	0	0	0	0	0	0	0	0	0	0	0	0	0	0	0	0	0	0	0	0	0	0	0	0	0	0	0	0	0	0	0	0	0	0	0	0	0	0	0	70	0	0	0	0	0	0	D_0__k__Bacteria; D_1__p__Firmicutes; D_2__c__Negativicutes; D_3__o__Veillonellales; D_4__f__Veillonellaceae; D_5__g__Dialister; D_6__g__Dialister_s__sp._HMT_119
1205	0	0	0	0	0	0	0	0	0	0	0	0	0	0	0	0	0	0	0	0	0	0	0	0	0	0	0	0	0	0	0	0	0	0	0	0	0	0	0	0	0	0	0	0	70	0	0	0	0	0	D_0__k__Bacteria; D_1__p__Firmicutes; D_2__c__Clostridia; D_3__o__Eubacteriales; D_4__f__Lachnospiraceae; D_5__g__Stomatobaculum; D_6__g__Stomatobaculum_s__sp._HMT_373
1206	0	0	0	0	0	0	0	69	0	0	0	0	0	0	0	0	0	0	0	0	0	0	0	0	0	0	0	0	0	0	0	0	0	0	0	0	0	0	0	0	0	0	0	0	0	0	0	0	0	0	D_0__k__Bacteria; D_1__p__Proteobacteria; D_2__c__Gammaproteobacteria; D_3__o__Pasteurellales; D_4__f__Pasteurellaceae; D_5__g__Haemophilus; D_6__g__Haemophilus_s__pittmaniae
1207	0	0	0	0	0	0	0	30	0	0	0	0	0	0	0	0	0	0	0	0	0	0	0	0	0	0	0	0	0	0	0	0	0	0	0	0	39	0	0	0	0	0	0	0	0	0	0	0	0	0	D_0__k__Bacteria; D_1__p__Bacteroidetes; D_2__c__Bacteroidia; D_3__o__Bacteroidales; D_4__f__Prevotellaceae; D_5__g__Prevotella; D_6__g__Prevotella_s__maculosa
1208	0	0	0	0	0	0	0	0	0	0	0	0	0	0	0	0	0	0	0	0	0	0	0	0	0	0	0	0	0	0	0	0	0	0	0	0	0	69	0	0	0	0	0	0	0	0	0	0	0	0	D_0__k__Bacteria; D_1__p__Proteobacteria; D_2__c__Gammaproteobacteria; D_3__o__Pasteurellales; D_4__f__Pasteurellaceae; D_5__g__Haemophilus; D_6__g__Haemophilus_s__parainfluenzae
1209	0	0	0	0	0	0	0	0	0	0	0	0	0	0	0	0	0	0	0	0	0	0	0	0	0	0	0	0	0	0	0	0	0	0	0	0	0	11	0	0	0	0	0	0	0	0	0	0	0	58	D_0__k__Bacteria; D_1__p__Proteobacteria; D_2__c__Gammaproteobacteria; D_3__o__Pasteurellales; D_4__f__Pasteurellaceae; D_5__g__Haemophilus; D_6__g__Haemophilus_s__sputorum
1210	0	0	0	0	0	0	0	0	0	0	0	0	0	0	0	0	0	0	0	0	0	0	0	0	0	0	0	0	0	0	0	0	0	0	0	0	0	0	0	0	0	0	0	0	69	0	0	0	0	0	D_0__k__Bacteria; D_1__p__Bacteroidetes; D_2__c__Bacteroidia; D_3__o__Bacteroidales; D_4__f__Bacteroidaceae; D_5__g__Bacteroides; D_6__g__Bacteroides_s__zoogleoformans
1211	0	0	0	0	0	0	0	0	0	0	0	0	0	0	0	0	0	0	0	0	0	0	0	0	0	0	0	0	0	0	0	0	0	0	0	0	0	0	0	0	0	0	0	0	0	0	0	0	69	0	D_0__k__Bacteria; D_1__p__Spirochaetes; D_2__c__Spirochaetia; D_3__o__Spirochaetales; D_4__f__Treponemataceae; D_5__g__Treponema; D_6__g__Treponema_s__sp._HMT_236
1212	0	0	0	0	0	0	0	0	0	0	0	0	0	0	0	0	0	0	0	0	0	0	0	0	0	0	0	0	0	0	0	0	0	0	0	0	0	0	0	0	0	0	0	0	0	0	0	0	69	0	D_0__k__Bacteria; D_1__p__Fusobacteria; D_2__c__Fusobacteriia; D_3__o__Fusobacteriales; D_4__f__Fusobacteriaceae; D_5__g__Fusobacterium; D_6__g__Fusobacterium_s__nucleatum
1213	0	0	0	0	0	0	0	0	0	0	0	0	0	0	0	0	0	0	0	0	0	0	0	0	0	0	0	0	0	0	0	0	0	0	0	0	0	0	0	0	0	0	0	0	0	0	0	0	0	69	D_0__k__Bacteria; D_1__p__Fusobacteria; D_2__c__Fusobacteriia; D_3__o__Fusobacteriales; D_4__f__Leptotrichiaceae; D_5__g__Leptotrichia; D_6__g__Leptotrichia_s__sp._HMT_392
1214	0	0	68	0	0	0	0	0	0	0	0	0	0	0	0	0	0	0	0	0	0	0	0	0	0	0	0	0	0	0	0	0	0	0	0	0	0	0	0	0	0	0	0	0	0	0	0	0	0	0	D_0__k__Bacteria; D_1__p__Firmicutes; D_2__c__Negativicutes; D_3__o__Selenomonadales; D_4__f__Selenomonadaceae; D_5__g__Selenomonas; D_6__g__Selenomonas_s__infelix
1215	0	0	0	0	0	0	68	0	0	0	0	0	0	0	0	0	0	0	0	0	0	0	0	0	0	0	0	0	0	0	0	0	0	0	0	0	0	0	0	0	0	0	0	0	0	0	0	0	0	0	D_0__k__Bacteria; D_1__p__Bacteroidetes; D_2__c__Bacteroidia; D_3__o__Bacteroidales; D_4__f__Prevotellaceae; D_5__g__Prevotella; D_6__g__Prevotella_s__sp._HMT_292
1216	0	0	0	0	0	0	0	0	0	0	0	0	0	0	5	63	0	0	0	0	0	0	0	0	0	0	0	0	0	0	0	0	0	0	0	0	0	0	0	0	0	0	0	0	0	0	0	0	0	0	D_0__k__Bacteria; D_1__p__Bacteroidetes; D_2__c__Flavobacteriia; D_3__o__Flavobacteriales; D_4__f__Flavobacteriaceae; D_5__g__Capnocytophaga; D_6__g__Capnocytophaga_s__sp._HMT_864
1217	0	0	0	0	0	0	0	0	0	0	0	0	0	0	0	0	0	0	0	0	0	0	0	0	0	0	0	0	0	0	0	68	0	0	0	0	0	0	0	0	0	0	0	0	0	0	0	0	0	0	D_0__k__Bacteria; D_1__p__Fusobacteria; D_2__c__Fusobacteriia; D_3__o__Fusobacteriales; D_4__f__Fusobacteriaceae; D_5__g__Fusobacterium; D_6__g__Fusobacterium_s__periodonticum
1218	0	0	0	0	0	0	0	0	0	0	0	0	0	0	0	0	0	0	0	0	0	0	0	0	0	0	0	0	0	0	0	0	0	0	0	0	0	0	0	0	0	68	0	0	0	0	0	0	0	0	D_0__k__Bacteria; D_1__p__Actinobacteria; D_2__c__Actinomycetia; D_3__o__Corynebacteriales; D_4__f__Corynebacteriaceae; D_5__g__Corynebacterium; D_6__g__Corynebacterium_s__coyleae
1219	0	0	0	0	0	0	0	0	0	0	0	0	0	0	0	0	0	0	0	0	0	0	0	0	0	0	0	0	0	0	0	0	0	0	0	0	0	0	0	0	0	0	0	0	68	0	0	0	0	0	D_0__k__Bacteria; D_1__p__Bacteroidetes; D_2__c__Bacteroidia; D_3__o__Bacteroidales; D_4__f__Prevotellaceae; D_5__g__Prevotella; D_6__g__Prevotella_s__sp._HMT_292
1220	0	67	0	0	0	0	0	0	0	0	0	0	0	0	0	0	0	0	0	0	0	0	0	0	0	0	0	0	0	0	0	0	0	0	0	0	0	0	0	0	0	0	0	0	0	0	0	0	0	0	D_0__k__Bacteria; D_1__p__Bacteroidetes; D_2__c__Flavobacteriia; D_3__o__Flavobacteriales; D_4__f__Weeksellaceae; D_5__g__Weeksellaceae_[G-1]; D_6__g__Weeksellaceae_[G-1]_s__sp._HMT_907
1221	0	0	0	0	0	0	0	0	0	66	0	0	0	0	0	0	0	0	0	0	0	0	0	0	0	0	0	0	0	0	0	0	0	0	0	0	0	0	0	0	0	0	0	0	0	0	0	0	0	0	D_0__k__Bacteria; D_1__p__Actinobacteria; D_2__c__Actinomycetia; D_3__o__Actinomycetales; D_4__f__Actinomycetaceae; D_5__g__Actinomyces; D_6__g__Actinomyces_s__gerencseriae
1222	0	0	0	0	0	0	0	0	0	0	0	0	0	0	0	66	0	0	0	0	0	0	0	0	0	0	0	0	0	0	0	0	0	0	0	0	0	0	0	0	0	0	0	0	0	0	0	0	0	0	D_0__k__Bacteria; D_1__p__Bacteroidetes; D_2__c__Flavobacteriia; D_3__o__Flavobacteriales; D_4__f__Flavobacteriaceae; D_5__g__Capnocytophaga; D_6__g__Capnocytophaga_s__haemolytica
1223	0	0	0	0	0	0	0	0	0	0	0	0	0	0	0	0	0	0	0	0	0	0	66	0	0	0	0	0	0	0	0	0	0	0	0	0	0	0	0	0	0	0	0	0	0	0	0	0	0	0	D_0__k__Bacteria; D_1__p__Fusobacteria; D_2__c__Fusobacteriia; D_3__o__Fusobacteriales; D_4__f__Fusobacteriaceae; D_5__g__Fusobacterium; D_6__g__Fusobacterium_s__nucleatum
1224	0	0	0	0	0	0	0	0	0	0	0	0	0	0	0	0	0	0	0	0	0	0	0	66	0	0	0	0	0	0	0	0	0	0	0	0	0	0	0	0	0	0	0	0	0	0	0	0	0	0	D_0__k__Bacteria; D_1__p__Bacteroidetes; D_2__c__Flavobacteriia; D_3__o__Flavobacteriales; D_4__f__Flavobacteriaceae; D_5__g__Capnocytophaga; D_6__g__Capnocytophaga_s__sp._HMT_335
1225	0	0	65	0	0	0	0	0	0	0	0	0	0	0	0	0	0	0	0	0	0	0	0	0	0	0	0	0	0	0	0	0	0	0	0	0	0	0	0	0	0	0	0	0	0	0	0	0	0	0	D_0__k__Bacteria; D_1__p__Spirochaetes; D_2__c__Spirochaetia; D_3__o__Spirochaetales; D_4__f__Treponemataceae; D_5__g__Treponema; D_6__g__Treponema_s__sp._HMT_237
1226	0	0	65	0	0	0	0	0	0	0	0	0	0	0	0	0	0	0	0	0	0	0	0	0	0	0	0	0	0	0	0	0	0	0	0	0	0	0	0	0	0	0	0	0	0	0	0	0	0	0	D_0__k__Bacteria; D_1__p__Bacteroidetes; D_2__c__Bacteroidia; D_3__o__Bacteroidales; D_4__f__Prevotellaceae; D_5__g__Alloprevotella; D_6__g__Alloprevotella_s__tannerae
1227	0	0	65	0	0	0	0	0	0	0	0	0	0	0	0	0	0	0	0	0	0	0	0	0	0	0	0	0	0	0	0	0	0	0	0	0	0	0	0	0	0	0	0	0	0	0	0	0	0	0	D_0__k__Bacteria; D_1__p__Bacteroidetes; D_2__c__Bacteroidia; D_3__o__Bacteroidales; D_4__f__Bacteroidales_[F-2]; D_5__g__Bacteroidales_[G-2]; D_6__g__Bacteroidales_[G-2]_s__bacterium_HMT_274
1228	0	0	0	0	65	0	0	0	0	0	0	0	0	0	0	0	0	0	0	0	0	0	0	0	0	0	0	0	0	0	0	0	0	0	0	0	0	0	0	0	0	0	0	0	0	0	0	0	0	0	D_0__k__Bacteria; D_1__p__Bacteroidetes; D_2__c__Bacteroidia; D_3__o__Bacteroidales; D_4__f__Prevotellaceae; D_5__g__Prevotella; D_6__g__Prevotella_s__oris
1229	0	0	0	0	0	0	0	0	0	0	0	0	0	0	0	0	0	0	0	0	65	0	0	0	0	0	0	0	0	0	0	0	0	0	0	0	0	0	0	0	0	0	0	0	0	0	0	0	0	0	D_0__k__Bacteria; D_1__p__Bacteroidetes; D_2__c__Bacteroidia; D_3__o__Bacteroidales; D_4__f__Prevotellaceae; D_5__g__Prevotella; D_6__g__Prevotella_s__oris
1230	0	0	0	0	0	0	0	0	0	0	0	0	0	0	0	0	0	0	0	0	0	0	65	0	0	0	0	0	0	0	0	0	0	0	0	0	0	0	0	0	0	0	0	0	0	0	0	0	0	0	D_0__k__Bacteria; D_1__p__Bacteroidetes; D_2__c__Bacteroidia; D_3__o__Bacteroidales; D_4__f__Prevotellaceae; D_5__g__Prevotella; D_6__g__Prevotella_s__sp._HMT_306
1231	0	0	0	0	0	0	0	0	0	0	0	0	0	0	0	0	0	0	0	0	0	0	0	0	0	0	0	0	0	0	0	0	0	0	65	0	0	0	0	0	0	0	0	0	0	0	0	0	0	0	D_0__k__Bacteria; D_1__p__Fusobacteria; D_2__c__Fusobacteriia; D_3__o__Fusobacteriales; D_4__f__Fusobacteriaceae; D_5__g__Fusobacterium; D_6__g__Fusobacterium_s__nucleatum
1232	0	0	0	0	0	0	0	0	0	0	0	0	0	0	0	0	0	0	0	0	0	0	0	0	0	0	0	0	0	0	0	0	0	0	0	0	0	0	0	0	0	0	0	0	65	0	0	0	0	0	D_0__k__Bacteria; D_1__p__Fusobacteria; D_2__c__Fusobacteriia; D_3__o__Fusobacteriales; D_4__f__Fusobacteriaceae; D_5__g__Fusobacterium; D_6__g__Fusobacterium_s__sp._HMT_203
1233	0	64	0	0	0	0	0	0	0	0	0	0	0	0	0	0	0	0	0	0	0	0	0	0	0	0	0	0	0	0	0	0	0	0	0	0	0	0	0	0	0	0	0	0	0	0	0	0	0	0	D_0__k__Bacteria; D_1__p__Bacteroidetes; D_2__c__Bacteroidia; D_3__o__Bacteroidales; D_4__f__Porphyromonadaceae; D_5__g__Porphyromonas; D_6__g__Porphyromonas_s__catoniae
1234	0	0	0	0	64	0	0	0	0	0	0	0	0	0	0	0	0	0	0	0	0	0	0	0	0	0	0	0	0	0	0	0	0	0	0	0	0	0	0	0	0	0	0	0	0	0	0	0	0	0	D_0__k__Bacteria; D_1__p__Bacteroidetes; D_2__c__Bacteroidia; D_3__o__Bacteroidales; D_4__f__Bacteroidales_[F-2]; D_5__g__Bacteroidales_[G-2]; D_6__g__Bacteroidales_[G-2]_s__bacterium_HMT_274
1235	0	0	0	0	42	0	0	0	0	0	0	0	0	0	0	0	0	0	0	0	0	0	0	0	0	0	0	0	0	0	0	0	0	0	0	0	22	0	0	0	0	0	0	0	0	0	0	0	0	0	D_0__k__Bacteria; D_1__p__Firmicutes; D_2__c__Clostridia; D_3__o__Eubacteriales; D_4__f__Lachnospiraceae; D_5__g__Lachnospiraceae_[G-7]; D_6__g__Lachnospiraceae_[G-7]_s__bacterium_HMT_163
1236	0	0	0	0	0	0	0	0	0	64	0	0	0	0	0	0	0	0	0	0	0	0	0	0	0	0	0	0	0	0	0	0	0	0	0	0	0	0	0	0	0	0	0	0	0	0	0	0	0	0	D_0__k__Bacteria; D_1__p__Fusobacteria; D_2__c__Fusobacteriia; D_3__o__Fusobacteriales; D_4__f__Fusobacteriaceae; D_5__g__Fusobacterium; D_6__g__Fusobacterium_s__nucleatum
1237	0	0	0	0	0	0	0	0	0	0	0	0	0	0	0	64	0	0	0	0	0	0	0	0	0	0	0	0	0	0	0	0	0	0	0	0	0	0	0	0	0	0	0	0	0	0	0	0	0	0	D_0__k__Bacteria; D_1__p__Proteobacteria; D_2__c__Gammaproteobacteria; D_3__o__Cardiobacteriales; D_4__f__Cardiobacteriaceae; D_5__g__Cardiobacterium; D_6__g__Cardiobacterium_s__valvarum
1238	0	0	0	0	0	0	0	0	0	0	0	0	0	0	0	53	0	0	11	0	0	0	0	0	0	0	0	0	0	0	0	0	0	0	0	0	0	0	0	0	0	0	0	0	0	0	0	0	0	0	D_0__k__Bacteria; D_1__p__Firmicutes; D_2__c__Clostridia; D_3__o__Eubacteriales; D_4__f__Lachnospiraceae; D_5__g__Stomatobaculum; D_6__g__Stomatobaculum_s__sp._HMT_910
1239	0	0	0	0	0	0	0	0	0	0	0	0	0	0	0	17	0	0	0	0	0	0	0	0	0	0	0	0	0	0	0	0	0	0	0	0	27	0	0	20	0	0	0	0	0	0	0	0	0	0	D_0__k__Bacteria; D_1__p__Firmicutes; D_2__c__Negativicutes; D_3__o__Selenomonadales; D_4__f__Selenomonadaceae; D_5__g__Selenomonas; D_6__g__Selenomonas_s__sp._HMT_919
1240	0	0	0	0	0	0	0	0	0	0	0	0	0	0	0	0	0	0	64	0	0	0	0	0	0	0	0	0	0	0	0	0	0	0	0	0	0	0	0	0	0	0	0	0	0	0	0	0	0	0	D_0__k__Bacteria; D_1__p__Bacteroidetes; D_2__c__Bacteroidia; D_3__o__Bacteroidales; D_4__f__Prevotellaceae; D_5__g__Prevotella; D_6__g__Prevotella_s__buccalis
1241	0	0	0	0	0	0	0	0	0	0	0	0	0	0	0	0	0	0	0	0	0	0	0	0	0	0	0	0	0	0	0	0	0	0	0	0	0	0	34	30	0	0	0	0	0	0	0	0	0	0	D_0__k__Bacteria; D_1__p__Bacteroidetes; D_2__c__Bacteroidia; D_3__o__Bacteroidales; D_4__f__Porphyromonadaceae; D_5__g__Porphyromonas; D_6__g__Porphyromonas_s__sp._HMT_284
1242	0	0	0	0	0	0	0	0	0	0	0	0	0	0	0	0	0	0	0	0	0	0	0	0	0	0	0	0	0	0	0	0	0	0	0	0	0	0	0	0	0	0	0	0	0	0	0	64	0	0	D_0__k__Bacteria; D_1__p__Proteobacteria; D_2__c__Betaproteobacteria; D_3__o__Neisseriales; D_4__f__Neisseriaceae; D_5__g__Neisseria; D_6__g__Neisseria_s__oralis
1243	9	0	0	0	11	0	0	0	0	0	0	0	0	0	0	0	0	0	0	0	0	0	1	0	0	0	0	0	0	0	0	0	0	0	0	9	0	0	0	0	0	0	0	33	0	0	0	0	0	0	D_0__k__Bacteria; D_1__p__Firmicutes; D_2__c__Bacilli; D_3__o__Lactobacillales; D_4__f__Streptococcaceae; D_5__g__Streptococcus; D_6__g__Streptococcus_s__constellatus
1244	0	49	0	14	0	0	0	0	0	0	0	0	0	0	0	0	0	0	0	0	0	0	0	0	0	0	0	0	0	0	0	0	0	0	0	0	0	0	0	0	0	0	0	0	0	0	0	0	0	0	D_0__k__Bacteria; D_1__p__Bacteroidetes; D_2__c__Flavobacteriia; D_3__o__Flavobacteriales; D_4__f__Flavobacteriaceae; D_5__g__Capnocytophaga; D_6__g__Capnocytophaga_s__sp._HMT_332
1245	0	0	25	0	0	0	0	0	0	0	0	0	0	0	0	0	0	0	0	0	38	0	0	0	0	0	0	0	0	0	0	0	0	0	0	0	0	0	0	0	0	0	0	0	0	0	0	0	0	0	D_0__k__Bacteria; D_1__p__Bacteroidetes; D_2__c__Bacteroidia; D_3__o__Bacteroidales; D_4__f__Tannerellaceae; D_5__g__Tannerella; D_6__g__Tannerella_s__forsythia
1246	0	0	0	0	0	0	63	0	0	0	0	0	0	0	0	0	0	0	0	0	0	0	0	0	0	0	0	0	0	0	0	0	0	0	0	0	0	0	0	0	0	0	0	0	0	0	0	0	0	0	D_0__k__Bacteria; D_1__p__Bacteroidetes; D_2__c__Bacteroidia; D_3__o__Bacteroidales; D_4__f__Prevotellaceae; D_5__g__Prevotella; D_6__g__Prevotella_s__sp._HMT_300
1247	0	0	0	0	0	0	0	0	0	0	0	0	0	0	0	0	26	0	0	0	0	0	0	0	0	0	0	0	0	0	0	0	0	0	0	0	0	0	0	0	0	0	0	0	0	0	37	0	0	0	D_0__k__Bacteria; D_1__p__Bacteroidetes; D_2__c__Bacteroidia; D_3__o__Bacteroidales; D_4__f__Prevotellaceae; D_5__g__Prevotella; D_6__g__Prevotella_s__oulorum
1248	0	0	0	0	0	0	0	0	0	0	0	0	0	0	0	0	0	0	0	0	0	0	0	0	0	0	0	0	0	0	0	0	0	63	0	0	0	0	0	0	0	0	0	0	0	0	0	0	0	0	D_0__k__Bacteria; D_1__p__Firmicutes; D_2__c__Bacilli; D_3__o__Lactobacillales; D_4__f__Streptococcaceae; D_5__g__Streptococcus; D_6__g__Streptococcus_s__oralis_subsp._dentisani_clade_058
1249	0	0	0	0	0	0	0	0	0	0	0	0	0	0	0	0	0	0	0	0	0	0	0	0	0	0	0	0	0	0	0	0	0	63	0	0	0	0	0	0	0	0	0	0	0	0	0	0	0	0	D_0__k__Bacteria; D_1__p__Firmicutes; D_2__c__Bacilli; D_3__o__Lactobacillales; D_4__f__Streptococcaceae; D_5__g__Streptococcus; D_6__g__Streptococcus_s__oralis_subsp._dentisani_clade_058
1250	0	0	0	0	0	0	0	0	0	0	0	0	0	0	0	0	0	0	0	0	0	0	0	0	0	0	0	0	0	0	0	0	0	0	0	0	0	0	0	0	0	0	0	0	0	0	0	63	0	0	D_0__k__Bacteria; D_1__p__Bacteroidetes; D_2__c__Bacteroidia; D_3__o__Bacteroidales; D_4__f__Prevotellaceae; D_5__g__Prevotella; D_6__g__Prevotella_s__melaninogenica
1251	0	62	0	0	0	0	0	0	0	0	0	0	0	0	0	0	0	0	0	0	0	0	0	0	0	0	0	0	0	0	0	0	0	0	0	0	0	0	0	0	0	0	0	0	0	0	0	0	0	0	D_0__k__Bacteria; D_1__p__Proteobacteria; D_2__c__Gammaproteobacteria; D_3__o__Pasteurellales; D_4__f__Pasteurellaceae; D_5__g__Aggregatibacter; D_6__g__Aggregatibacter_s__aphrophilus
1252	0	0	0	0	0	0	0	0	0	0	0	0	0	62	0	0	0	0	0	0	0	0	0	0	0	0	0	0	0	0	0	0	0	0	0	0	0	0	0	0	0	0	0	0	0	0	0	0	0	0	D_0__k__Bacteria; D_1__p__Fusobacteria; D_2__c__Fusobacteriia; D_3__o__Fusobacteriales; D_4__f__Leptotrichiaceae; D_5__g__Leptotrichia; D_6__g__Leptotrichia_s__sp._HMT_212
1253	0	0	0	0	0	0	0	0	0	0	0	0	0	0	0	0	0	62	0	0	0	0	0	0	0	0	0	0	0	0	0	0	0	0	0	0	0	0	0	0	0	0	0	0	0	0	0	0	0	0	D_0__k__Bacteria; D_1__p__Bacteroidetes; D_2__c__Bacteroidia; D_3__o__Bacteroidales; D_4__f__Prevotellaceae; D_5__g__Prevotella; D_6__g__Prevotella_s__saccharolytica
1254	0	0	0	0	0	0	0	0	0	0	0	0	0	0	0	0	0	0	0	0	62	0	0	0	0	0	0	0	0	0	0	0	0	0	0	0	0	0	0	0	0	0	0	0	0	0	0	0	0	0	D_0__k__Bacteria; D_1__p__Bacteroidetes; D_2__c__Bacteroidia; D_3__o__Bacteroidales; D_4__f__Prevotellaceae; D_5__g__Alloprevotella; D_6__g__Alloprevotella_s__tannerae
1255	0	0	0	0	0	0	0	0	0	0	0	0	0	0	0	0	0	0	0	0	0	0	0	0	0	0	0	0	0	0	0	0	0	0	0	0	0	0	62	0	0	0	0	0	0	0	0	0	0	0	D_0__k__Bacteria; D_1__p__Bacteroidetes; D_2__c__Bacteroidia; D_3__o__Bacteroidales; D_4__f__Prevotellaceae; D_5__g__Prevotella; D_6__g__Prevotella_s__oris
1256	0	0	0	0	0	0	0	0	0	0	0	0	0	0	0	0	0	0	0	0	0	0	0	0	0	0	0	0	0	0	0	0	0	0	0	0	0	0	0	62	0	0	0	0	0	0	0	0	0	0	D_0__k__Bacteria; D_1__p__Fusobacteria; D_2__c__Fusobacteriia; D_3__o__Fusobacteriales; D_4__f__Leptotrichiaceae; D_5__g__Leptotrichia; D_6__g__Leptotrichia_s__sp._HMT_215
1257	0	0	0	0	61	0	0	0	0	0	0	0	0	0	0	0	0	0	0	0	0	0	0	0	0	0	0	0	0	0	0	0	0	0	0	0	0	0	0	0	0	0	0	0	0	0	0	0	0	0	D_0__k__Bacteria; D_1__p__Actinobacteria; D_2__c__Actinomycetia; D_3__o__Bifidobacteriales; D_4__f__Bifidobacteriaceae; D_5__g__Scardovia; D_6__g__Scardovia_s__inopinata
1258	0	0	0	0	0	61	0	0	0	0	0	0	0	0	0	0	0	0	0	0	0	0	0	0	0	0	0	0	0	0	0	0	0	0	0	0	0	0	0	0	0	0	0	0	0	0	0	0	0	0	D_0__k__Bacteria; D_1__p__Firmicutes; D_2__c__Tissierellia; D_3__o__Tissierellales; D_4__f__Peptoniphilaceae; D_5__g__Parvimonas; D_6__g__Parvimonas_s__micra
1259	0	0	0	0	0	0	0	0	0	0	0	0	0	0	0	0	0	0	0	61	0	0	0	0	0	0	0	0	0	0	0	0	0	0	0	0	0	0	0	0	0	0	0	0	0	0	0	0	0	0	D_0__k__Bacteria; D_1__p__Proteobacteria; D_2__c__Gammaproteobacteria; D_3__o__Pasteurellales; D_4__f__Pasteurellaceae; D_5__g__Haemophilus; D_6__g__Haemophilus_s__paraphrohaemolyticus
1260	0	0	0	0	0	0	0	0	0	0	0	0	0	0	0	0	0	0	0	0	61	0	0	0	0	0	0	0	0	0	0	0	0	0	0	0	0	0	0	0	0	0	0	0	0	0	0	0	0	0	D_0__k__Bacteria; D_1__p__Fusobacteria; D_2__c__Fusobacteriia; D_3__o__Fusobacteriales; D_4__f__Fusobacteriaceae; D_5__g__Fusobacterium; D_6__g__Fusobacterium_s__nucleatum
1261	0	0	0	0	0	0	0	0	0	0	0	0	0	0	0	0	0	0	0	0	0	0	0	0	0	61	0	0	0	0	0	0	0	0	0	0	0	0	0	0	0	0	0	0	0	0	0	0	0	0	D_0__k__Bacteria; D_1__p__Firmicutes; D_2__c__Negativicutes; D_3__o__Selenomonadales; D_4__f__Selenomonadaceae; D_5__g__Veillonellaceae_[G-1]; D_6__g__Veillonellaceae_[G-1]_s__bacterium_HMT_155
1262	0	0	0	0	0	0	0	0	0	0	0	0	0	0	0	0	0	0	0	0	0	0	0	0	0	61	0	0	0	0	0	0	0	0	0	0	0	0	0	0	0	0	0	0	0	0	0	0	0	0	D_0__k__Bacteria; D_1__p__Spirochaetes; D_2__c__Spirochaetia; D_3__o__Spirochaetales; D_4__f__Treponemataceae; D_5__g__Treponema; D_6__g__Treponema_s__sp._HMT_231
1263	0	0	0	0	0	0	0	0	0	0	0	0	0	0	0	0	0	0	0	0	0	0	0	0	0	0	0	0	0	0	0	0	61	0	0	0	0	0	0	0	0	0	0	0	0	0	0	0	0	0	D_0__k__Bacteria; D_1__p__Proteobacteria; D_2__c__Gammaproteobacteria; D_3__o__Cardiobacteriales; D_4__f__Cardiobacteriaceae; D_5__g__Cardiobacterium; D_6__g__Cardiobacterium_s__valvarum
1264	0	0	0	0	0	0	0	0	0	0	0	0	0	0	0	0	0	0	0	0	0	0	0	0	0	0	0	0	0	0	0	0	61	0	0	0	0	0	0	0	0	0	0	0	0	0	0	0	0	0	D_0__k__Bacteria; D_1__p__Bacteroidetes; D_2__c__Bacteroidia; D_3__o__Bacteroidales; D_4__f__Prevotellaceae; D_5__g__Prevotella; D_6__g__Prevotella_s__oris
1265	0	0	0	0	0	0	0	0	0	0	0	0	0	0	0	0	0	0	0	0	0	0	0	0	0	0	0	0	0	0	0	0	0	0	0	0	61	0	0	0	0	0	0	0	0	0	0	0	0	0	D_0__k__Bacteria; D_1__p__Bacteroidetes; D_2__c__Bacteroidia; D_3__o__Bacteroidales; D_4__f__Prevotellaceae; D_5__g__Prevotella; D_6__g__Prevotella_s__oris
1266	0	0	0	0	0	0	0	0	0	0	0	0	0	0	0	0	0	0	0	0	0	0	0	0	0	0	0	0	0	0	0	0	0	0	0	0	0	0	0	0	0	0	0	61	0	0	0	0	0	0	D_0__k__Bacteria; D_1__p__Firmicutes; D_2__c__Clostridia; D_3__o__Eubacteriales; D_4__f__Lachnospiraceae; D_5__g__Lachnoanaerobaculum; D_6__g__Lachnoanaerobaculum_s__orale
1267	0	17	0	0	0	0	0	0	0	0	0	36	0	0	0	0	0	0	0	0	0	0	0	0	0	0	0	0	0	0	0	0	0	0	0	0	0	7	0	0	0	0	0	0	0	0	0	0	0	0	D_0__k__Bacteria; D_1__p__Firmicutes; D_2__c__Clostridia; D_3__o__Eubacteriales; D_4__f__Lachnospiraceae; D_5__g__Lachnospiraceae_[G-2]; D_6__g__Lachnospiraceae_[G-2]_s__bacterium_HMT_088
1268	0	0	0	0	0	0	0	60	0	0	0	0	0	0	0	0	0	0	0	0	0	0	0	0	0	0	0	0	0	0	0	0	0	0	0	0	0	0	0	0	0	0	0	0	0	0	0	0	0	0	D_0__k__Bacteria; D_1__p__Bacteroidetes; D_2__c__Bacteroidia; D_3__o__Bacteroidales; D_4__f__Prevotellaceae; D_5__g__Prevotella; D_6__g__Prevotella_s__pallens
1269	0	0	0	0	0	0	0	0	0	0	0	0	0	0	0	60	0	0	0	0	0	0	0	0	0	0	0	0	0	0	0	0	0	0	0	0	0	0	0	0	0	0	0	0	0	0	0	0	0	0	D_0__k__Bacteria; D_1__p__Firmicutes; D_2__c__Bacilli; D_3__o__Lactobacillales; D_4__f__Streptococcaceae; D_5__g__Streptococcus; D_6__g__Streptococcus_s__oralis_subsp._dentisani_clade_058
1270	0	0	0	0	0	0	0	0	0	0	0	0	0	0	0	0	0	0	0	0	0	0	0	0	0	0	0	0	0	0	0	0	0	0	60	0	0	0	0	0	0	0	0	0	0	0	0	0	0	0	D_0__k__Bacteria; D_1__p__Bacteroidetes; D_2__c__Bacteroidia; D_3__o__Bacteroidales; D_4__f__Prevotellaceae; D_5__g__Prevotella; D_6__g__Prevotella_s__sp._HMT_300
1271	0	0	0	0	0	0	0	0	0	0	0	0	0	0	0	0	0	0	0	0	0	0	0	0	0	0	0	0	0	0	0	0	0	0	0	60	0	0	0	0	0	0	0	0	0	0	0	0	0	0	D_0__k__Bacteria; D_1__p__Proteobacteria; D_2__c__Betaproteobacteria; D_3__o__Burkholderiales; D_4__f__Burkholderiaceae; D_5__g__Lautropia; D_6__g__Lautropia_s__mirabilis
1272	0	0	0	0	0	0	0	0	0	0	0	0	0	0	0	0	0	0	0	0	0	0	0	0	0	0	0	0	0	0	0	0	0	0	0	39	0	0	21	0	0	0	0	0	0	0	0	0	0	0	D_0__k__Bacteria; D_1__p__Proteobacteria; D_2__c__Gammaproteobacteria; D_3__o__Pasteurellales; D_4__f__Pasteurellaceae; D_5__g__Aggregatibacter; D_6__g__Aggregatibacter_s__sp._HMT_458
1273	0	0	0	0	0	0	0	0	0	0	0	0	0	0	0	0	0	0	0	0	0	0	0	0	0	0	0	0	0	0	0	0	0	0	0	0	0	0	0	0	0	0	0	0	60	0	0	0	0	0	D_0__k__Bacteria; D_1__p__Bacteroidetes; D_2__c__Bacteroidia; D_3__o__Bacteroidales; D_4__f__Prevotellaceae; D_5__g__Prevotella; D_6__g__Prevotella_s__sp._HMT_443
1274	0	0	0	0	0	0	0	0	0	0	0	0	0	0	0	0	0	0	0	0	0	0	0	0	0	0	0	0	0	0	0	0	0	0	0	0	0	0	0	0	0	0	0	0	0	0	60	0	0	0	D_0__k__Bacteria; D_1__p__Bacteroidetes; D_2__c__Bacteroidia; D_3__o__Bacteroidales; D_4__f__Tannerellaceae; D_5__g__Tannerella; D_6__g__Tannerella_s__sp._HMT_286
1275	0	0	0	0	0	0	0	0	0	0	0	0	0	0	0	0	0	0	0	0	0	0	0	0	0	0	0	0	0	0	0	0	0	0	0	0	0	0	0	0	0	0	0	0	0	0	0	60	0	0	D_0__k__Bacteria; D_1__p__Actinobacteria; D_2__c__Actinomycetia; D_3__o__Corynebacteriales; D_4__f__Corynebacteriaceae; D_5__g__Corynebacterium; D_6__g__Corynebacterium_s__matruchotii
1276	0	0	0	0	0	0	0	0	0	59	0	0	0	0	0	0	0	0	0	0	0	0	0	0	0	0	0	0	0	0	0	0	0	0	0	0	0	0	0	0	0	0	0	0	0	0	0	0	0	0	D_0__k__Bacteria; D_1__p__Actinobacteria; D_2__c__Actinomycetia; D_3__o__Actinomycetales; D_4__f__Actinomycetaceae; D_5__g__Schaalia; D_6__g__Schaalia_s__sp._HMT_180
1277	0	0	0	0	0	0	0	0	0	0	0	59	0	0	0	0	0	0	0	0	0	0	0	0	0	0	0	0	0	0	0	0	0	0	0	0	0	0	0	0	0	0	0	0	0	0	0	0	0	0	D_0__k__Bacteria; D_1__p__Bacteroidetes; D_2__c__Bacteroidia; D_3__o__Bacteroidales; D_4__f__Prevotellaceae; D_5__g__Prevotella; D_6__g__Prevotella_s__marshii
1278	0	0	0	0	0	0	0	0	0	0	0	0	0	0	0	0	59	0	0	0	0	0	0	0	0	0	0	0	0	0	0	0	0	0	0	0	0	0	0	0	0	0	0	0	0	0	0	0	0	0	D_0__k__Bacteria; D_1__p__Bacteroidetes; D_2__c__Bacteroidia; D_3__o__Bacteroidales; D_4__f__Prevotellaceae; D_5__g__Prevotella; D_6__g__Prevotella_s__sp._HMT_475
1279	0	0	0	0	0	0	0	0	0	0	0	0	0	0	0	0	0	0	59	0	0	0	0	0	0	0	0	0	0	0	0	0	0	0	0	0	0	0	0	0	0	0	0	0	0	0	0	0	0	0	D_0__k__Bacteria; D_1__p__Spirochaetes; D_2__c__Spirochaetia; D_3__o__Spirochaetales; D_4__f__Treponemataceae; D_5__g__Treponema; D_6__g__Treponema_s__sp._HMT_257
1280	0	0	0	0	0	0	0	0	0	0	0	0	0	0	0	0	0	0	0	0	0	0	59	0	0	0	0	0	0	0	0	0	0	0	0	0	0	0	0	0	0	0	0	0	0	0	0	0	0	0	D_0__k__Bacteria; D_1__p__Fusobacteria; D_2__c__Fusobacteriia; D_3__o__Fusobacteriales; D_4__f__Leptotrichiaceae; D_5__g__Leptotrichia; D_6__g__Leptotrichia_s__shahii
1281	0	0	0	0	0	0	0	0	0	0	0	0	0	0	0	0	0	0	0	0	0	0	0	0	0	0	0	0	0	0	0	0	0	59	0	0	0	0	0	0	0	0	0	0	0	0	0	0	0	0	D_0__k__Bacteria; D_1__p__Firmicutes; D_2__c__Negativicutes; D_3__o__Selenomonadales; D_4__f__Selenomonadaceae; D_5__g__Selenomonas; D_6__g__Selenomonas_s__sp._HMT_137
1282	0	0	0	0	0	0	0	0	0	0	0	0	0	0	0	0	0	0	0	0	0	0	0	0	0	0	0	0	0	0	0	0	0	0	0	59	0	0	0	0	0	0	0	0	0	0	0	0	0	0	D_0__k__Bacteria; D_1__p__Actinobacteria; D_2__c__Actinomycetia; D_3__o__Micrococcales; D_4__f__Micrococcaceae; D_5__g__Rothia; D_6__g__Rothia_s__mucilaginosa
1283	0	0	0	0	0	0	0	0	0	0	0	0	0	0	0	0	0	0	0	0	0	0	0	0	0	0	0	0	0	0	0	0	0	0	0	0	0	0	59	0	0	0	0	0	0	0	0	0	0	0	D_0__k__Bacteria; D_1__p__Fusobacteria; D_2__c__Fusobacteriia; D_3__o__Fusobacteriales; D_4__f__Leptotrichiaceae; D_5__g__Leptotrichia; D_6__g__Leptotrichia_s__hongkongensis
1284	0	0	0	0	0	0	0	0	0	0	0	0	0	0	0	0	0	0	0	0	0	0	0	0	0	0	0	0	0	0	0	0	0	0	0	0	0	0	59	0	0	0	0	0	0	0	0	0	0	0	D_0__k__Bacteria; D_1__p__Firmicutes; D_2__c__Bacilli; D_3__o__Lactobacillales; D_4__f__Streptococcaceae; D_5__g__Streptococcus; D_6__g__Streptococcus_s__constellatus
1285	0	0	0	0	0	0	0	0	0	0	0	0	0	0	0	0	0	0	0	0	0	0	0	0	0	0	0	0	0	0	0	0	0	0	0	0	0	0	0	0	0	0	0	0	0	0	0	0	59	0	D_0__k__Bacteria; D_1__p__Bacteroidetes; D_2__c__Flavobacteriia; D_3__o__Flavobacteriales; D_4__f__Flavobacteriaceae; D_5__g__Capnocytophaga; D_6__g__Capnocytophaga_s__sp._HMT_864
1286	0	58	0	0	0	0	0	0	0	0	0	0	0	0	0	0	0	0	0	0	0	0	0	0	0	0	0	0	0	0	0	0	0	0	0	0	0	0	0	0	0	0	0	0	0	0	0	0	0	0	D_0__k__Bacteria; D_1__p__Bacteroidetes; D_2__c__Bacteroidia; D_3__o__Bacteroidales; D_4__f__Prevotellaceae; D_5__g__Alloprevotella; D_6__g__Alloprevotella_s__sp._HMT_914
1287	0	10	0	0	0	0	0	0	0	0	0	0	0	0	0	0	0	0	0	0	0	0	0	0	0	0	0	0	0	0	0	0	2	0	0	0	0	0	0	0	0	7	0	39	0	0	0	0	0	0	D_0__k__Bacteria; D_1__p__Firmicutes; D_2__c__Bacilli; D_3__o__Lactobacillales; D_4__f__Streptococcaceae; D_5__g__Streptococcus; D_6__g__Streptococcus_s__oralis_subsp._dentisani_clade_058
1288	0	0	0	58	0	0	0	0	0	0	0	0	0	0	0	0	0	0	0	0	0	0	0	0	0	0	0	0	0	0	0	0	0	0	0	0	0	0	0	0	0	0	0	0	0	0	0	0	0	0	D_0__k__Bacteria; D_1__p__Actinobacteria; D_2__c__Actinomycetia; D_3__o__Micrococcales; D_4__f__Micrococcaceae; D_5__g__Rothia; D_6__g__Rothia_s__mucilaginosa
1289	0	0	0	0	0	58	0	0	0	0	0	0	0	0	0	0	0	0	0	0	0	0	0	0	0	0	0	0	0	0	0	0	0	0	0	0	0	0	0	0	0	0	0	0	0	0	0	0	0	0	D_0__k__Bacteria; D_1__p__Firmicutes; D_2__c__Clostridia; D_3__o__Eubacteriales; D_4__f__Lachnospiraceae; D_5__g__Stomatobaculum; D_6__g__Stomatobaculum_s__longum
1290	0	0	0	0	0	0	0	58	0	0	0	0	0	0	0	0	0	0	0	0	0	0	0	0	0	0	0	0	0	0	0	0	0	0	0	0	0	0	0	0	0	0	0	0	0	0	0	0	0	0	D_0__k__Bacteria; D_1__p__Fusobacteria; D_2__c__Fusobacteriia; D_3__o__Fusobacteriales; D_4__f__Leptotrichiaceae; D_5__g__Leptotrichia; D_6__g__Leptotrichia_s__buccalis
1291	0	0	0	0	0	0	0	0	0	0	0	0	0	0	0	0	0	0	0	0	0	0	0	0	0	58	0	0	0	0	0	0	0	0	0	0	0	0	0	0	0	0	0	0	0	0	0	0	0	0	D_0__k__Bacteria; D_1__p__Bacteroidetes; D_2__c__Bacteroidia; D_3__o__Bacteroidales; D_4__f__Tannerellaceae; D_5__g__Tannerella; D_6__g__Tannerella_s__sp._HMT_286
1292	0	0	0	0	0	0	0	0	0	0	0	0	0	0	0	0	0	0	0	0	0	0	0	0	0	0	0	0	0	0	0	0	0	0	0	0	58	0	0	0	0	0	0	0	0	0	0	0	0	0	D_0__k__Bacteria; D_1__p__Bacteroidetes; D_2__c__Bacteroidia; D_3__o__Bacteroidales; D_4__f__Prevotellaceae; D_5__g__Prevotella; D_6__g__Prevotella_s__oris
1293	0	0	0	0	0	0	0	0	0	0	0	0	0	0	0	0	0	0	0	0	0	0	0	0	0	0	0	0	0	0	0	0	0	0	0	0	0	0	0	0	0	0	0	0	58	0	0	0	0	0	D_0__k__Bacteria; D_1__p__Bacteroidetes; D_2__c__Bacteroidia; D_3__o__Bacteroidales; D_4__f__Prevotellaceae; D_5__g__Alloprevotella; D_6__g__Alloprevotella_s__rava
1294	0	0	0	0	0	0	0	0	0	0	0	0	0	0	0	0	0	0	0	0	0	0	0	0	0	0	0	0	0	0	0	0	0	0	0	0	0	0	0	0	0	0	0	0	0	0	0	58	0	0	D_0__k__Bacteria; D_1__p__Bacteroidetes; D_2__c__Flavobacteriia; D_3__o__Flavobacteriales; D_4__f__Flavobacteriaceae; D_5__g__Capnocytophaga; D_6__g__Capnocytophaga_s__sp._HMT_336
1295	0	0	0	0	57	0	0	0	0	0	0	0	0	0	0	0	0	0	0	0	0	0	0	0	0	0	0	0	0	0	0	0	0	0	0	0	0	0	0	0	0	0	0	0	0	0	0	0	0	0	D_0__k__Bacteria; D_1__p__Firmicutes; D_2__c__Negativicutes; D_3__o__Selenomonadales; D_4__f__Selenomonadaceae; D_5__g__Selenomonas; D_6__g__Selenomonas_s__sputigena
1296	0	0	0	0	57	0	0	0	0	0	0	0	0	0	0	0	0	0	0	0	0	0	0	0	0	0	0	0	0	0	0	0	0	0	0	0	0	0	0	0	0	0	0	0	0	0	0	0	0	0	D_0__k__Bacteria; D_1__p__Firmicutes; D_2__c__Negativicutes; D_3__o__Veillonellales; D_4__f__Veillonellaceae; D_5__g__Dialister; D_6__g__Dialister_s__invisus
1297	0	0	0	0	0	29	0	0	0	0	0	0	0	0	0	0	0	0	0	0	0	0	0	0	0	0	0	0	0	28	0	0	0	0	0	0	0	0	0	0	0	0	0	0	0	0	0	0	0	0	D_0__k__Bacteria; D_1__p__Firmicutes; D_2__c__Clostridia; D_3__o__Eubacteriales; D_4__f__Peptococcaceae; D_5__g__Peptococcus; D_6__g__Peptococcus_s__sp._HMT_168
1298	0	0	0	0	0	0	0	0	0	0	57	0	0	0	0	0	0	0	0	0	0	0	0	0	0	0	0	0	0	0	0	0	0	0	0	0	0	0	0	0	0	0	0	0	0	0	0	0	0	0	D_0__k__Bacteria; D_1__p__Actinobacteria; D_2__c__Actinomycetia; D_3__o__Corynebacteriales; D_4__f__Corynebacteriaceae; D_5__g__Corynebacterium; D_6__g__Corynebacterium_s__tuberculostearicum
1299	0	0	0	0	0	0	0	0	0	0	0	0	0	0	0	57	0	0	0	0	0	0	0	0	0	0	0	0	0	0	0	0	0	0	0	0	0	0	0	0	0	0	0	0	0	0	0	0	0	0	D_0__k__Bacteria; D_1__p__Bacteroidetes; D_2__c__Bacteroidia; D_3__o__Bacteroidales; D_4__f__Prevotellaceae; D_5__g__Prevotella; D_6__g__Prevotella_s__oulorum
1300	0	0	0	0	0	0	0	0	0	0	0	0	0	0	0	0	0	0	57	0	0	0	0	0	0	0	0	0	0	0	0	0	0	0	0	0	0	0	0	0	0	0	0	0	0	0	0	0	0	0	D_0__k__Bacteria; D_1__p__Firmicutes; D_2__c__Clostridia; D_3__o__Eubacteriales; D_4__f__Lachnospiraceae; D_5__g__Shuttleworthia; D_6__g__Shuttleworthia_s__satelles
1301	0	0	0	0	0	0	0	0	0	0	0	0	0	0	0	0	0	0	57	0	0	0	0	0	0	0	0	0	0	0	0	0	0	0	0	0	0	0	0	0	0	0	0	0	0	0	0	0	0	0	D_0__k__Bacteria; D_1__p__Bacteroidetes; D_2__c__Bacteroidia; D_3__o__Bacteroidales; D_4__f__Porphyromonadaceae; D_5__g__Porphyromonas; D_6__g__Porphyromonas_s__uenonis
1302	0	0	0	0	0	0	0	0	0	0	0	0	0	0	0	0	0	0	0	0	57	0	0	0	0	0	0	0	0	0	0	0	0	0	0	0	0	0	0	0	0	0	0	0	0	0	0	0	0	0	D_0__k__Bacteria; D_1__p__Spirochaetes; D_2__c__Spirochaetia; D_3__o__Spirochaetales; D_4__f__Treponemataceae; D_5__g__Treponema; D_6__g__Treponema_s__sp._HMT_951
1303	0	0	0	0	0	0	0	0	0	0	0	0	0	0	0	0	0	0	0	0	57	0	0	0	0	0	0	0	0	0	0	0	0	0	0	0	0	0	0	0	0	0	0	0	0	0	0	0	0	0	D_0__k__Bacteria; D_1__p__Bacteroidetes; D_2__c__Bacteroidia; D_3__o__Bacteroidales; D_4__f__Prevotellaceae; D_5__g__Alloprevotella; D_6__g__Alloprevotella_s__tannerae
1304	0	0	0	0	0	0	0	0	0	0	0	0	0	0	0	0	0	0	0	0	0	0	0	0	0	57	0	0	0	0	0	0	0	0	0	0	0	0	0	0	0	0	0	0	0	0	0	0	0	0	D_0__k__Bacteria; D_1__p__Bacteroidetes; D_2__c__Bacteroidia; D_3__o__Bacteroidales; D_4__f__Prevotellaceae; D_5__g__Alloprevotella; D_6__g__Alloprevotella_s__sp._HMT_912
1305	0	0	0	0	0	0	0	0	0	0	0	0	0	0	0	0	0	0	0	0	0	0	0	0	0	0	0	0	0	0	0	0	0	0	0	0	57	0	0	0	0	0	0	0	0	0	0	0	0	0	D_0__k__Bacteria; D_1__p__Firmicutes; D_2__c__Clostridia; D_3__o__Eubacteriales; D_4__f__Lachnospiraceae; D_5__g__Lachnoanaerobaculum; D_6__g__Lachnoanaerobaculum_s__saburreum
1306	0	0	0	0	0	0	0	0	0	0	0	0	0	0	0	0	0	0	0	0	0	0	0	0	0	0	0	0	0	0	0	0	0	0	0	0	0	0	57	0	0	0	0	0	0	0	0	0	0	0	D_0__k__Bacteria; D_1__p__Proteobacteria; D_2__c__Betaproteobacteria; D_3__o__Neisseriales; D_4__f__Neisseriaceae; D_5__g__Neisseria; D_6__g__Neisseria_s__subflava
1307	0	0	0	0	0	0	0	0	0	0	0	56	0	0	0	0	0	0	0	0	0	0	0	0	0	0	0	0	0	0	0	0	0	0	0	0	0	0	0	0	0	0	0	0	0	0	0	0	0	0	D_0__k__Bacteria; D_1__p__Fusobacteria; D_2__c__Fusobacteriia; D_3__o__Fusobacteriales; D_4__f__Leptotrichiaceae; D_5__g__Leptotrichia; D_6__g__Leptotrichia_s__sp._HMT_392
1308	0	0	0	0	0	0	0	0	0	0	0	0	0	56	0	0	0	0	0	0	0	0	0	0	0	0	0	0	0	0	0	0	0	0	0	0	0	0	0	0	0	0	0	0	0	0	0	0	0	0	D_0__k__Bacteria; D_1__p__Proteobacteria; D_2__c__Betaproteobacteria; D_3__o__Neisseriales; D_4__f__Neisseriaceae; D_5__g__Neisseria; D_6__g__Neisseria_s__flava
1309	0	0	0	0	0	0	0	0	0	0	0	0	0	1	0	0	0	0	0	0	0	0	0	0	0	0	0	0	0	7	0	0	0	0	0	0	0	0	0	0	0	0	0	0	8	40	0	0	0	0	D_0__k__Bacteria; D_1__p__Proteobacteria; D_2__c__Betaproteobacteria; D_3__o__Burkholderiales; D_4__f__Burkholderiaceae; D_5__g__Lautropia; D_6__g__Lautropia_s__mirabilis
1310	0	0	0	0	0	0	0	0	0	0	0	0	0	0	0	0	0	0	0	56	0	0	0	0	0	0	0	0	0	0	0	0	0	0	0	0	0	0	0	0	0	0	0	0	0	0	0	0	0	0	D_0__k__Bacteria; D_1__p__Proteobacteria; D_2__c__Betaproteobacteria; D_3__o__Neisseriales; D_4__f__Neisseriaceae; D_5__g__Simonsiella; D_6__g__Simonsiella_s__muelleri
1311	0	0	0	0	0	0	0	0	0	0	0	0	0	0	0	0	0	0	0	0	0	0	0	0	0	0	0	0	0	0	0	0	0	0	56	0	0	0	0	0	0	0	0	0	0	0	0	0	0	0	D_0__k__Bacteria; D_1__p__Firmicutes; D_2__c__Clostridia; D_3__o__Eubacteriales; D_4__f__Clostridiales_[F-3]; D_5__g__Clostridiales_[F-3][G-1]; D_6__g__Clostridiales_[F-3][G-1]_s__bacterium_HMT_876
1312	0	0	0	0	0	0	0	0	0	0	0	0	0	0	0	0	0	0	0	0	0	0	0	0	0	0	0	0	0	0	0	0	0	0	0	0	56	0	0	0	0	0	0	0	0	0	0	0	0	0	D_0__k__Bacteria; D_1__p__Firmicutes; D_2__c__Negativicutes; D_3__o__Selenomonadales; D_4__f__Selenomonadaceae; D_5__g__Selenomonas; D_6__g__Selenomonas_s__sputigena
1313	0	0	0	0	0	0	0	0	0	0	0	0	0	0	0	0	0	0	0	0	0	0	0	0	0	0	0	0	0	0	0	0	0	0	0	0	0	56	0	0	0	0	0	0	0	0	0	0	0	0	D_0__k__Bacteria; D_1__p__Fusobacteria; D_2__c__Fusobacteriia; D_3__o__Fusobacteriales; D_4__f__Leptotrichiaceae; D_5__g__Leptotrichia; D_6__g__Leptotrichia_s__sp._HMT_417
1314	0	0	0	0	0	0	0	0	0	0	0	0	0	0	0	0	0	0	0	0	0	0	0	0	0	0	0	0	0	0	0	0	0	0	0	0	0	0	56	0	0	0	0	0	0	0	0	0	0	0	D_0__k__Bacteria; D_1__p__Fusobacteria; D_2__c__Fusobacteriia; D_3__o__Fusobacteriales; D_4__f__Leptotrichiaceae; D_5__g__Leptotrichia; D_6__g__Leptotrichia_s__sp._HMT_225
1315	0	0	0	0	0	0	0	0	0	0	0	0	0	0	0	0	0	0	0	0	0	0	0	0	0	0	0	0	0	0	0	0	0	0	0	0	0	0	56	0	0	0	0	0	0	0	0	0	0	0	D_0__k__Bacteria; D_1__p__Bacteroidetes; D_2__c__Bacteroidia; D_3__o__Bacteroidales; D_4__f__Porphyromonadaceae; D_5__g__Porphyromonas; D_6__g__Porphyromonas_s__catoniae
1316	0	0	0	0	0	0	0	0	0	0	0	0	0	0	0	0	0	0	0	0	0	0	0	0	0	0	0	0	0	0	0	0	0	0	0	0	0	0	0	56	0	0	0	0	0	0	0	0	0	0	D_0__k__Bacteria; D_1__p__Bacteroidetes; D_2__c__Bacteroidia; D_3__o__Bacteroidales; D_4__f__Prevotellaceae; D_5__g__Alloprevotella; D_6__g__Alloprevotella_s__tannerae
1317	0	0	0	0	0	0	0	0	0	0	0	0	0	0	0	0	0	0	0	0	0	0	0	0	0	0	0	0	0	0	0	0	0	0	0	0	0	0	0	0	0	0	0	0	56	0	0	0	0	0	D_0__k__Bacteria; D_1__p__Tenericutes; D_2__c__Mollicutes; D_3__o__Mycoplasmatales; D_4__f__Mycoplasmataceae; D_5__g__Mycoplasma; D_6__g__Mycoplasma_s__faucium
1318	0	0	0	0	0	0	0	0	0	0	0	0	0	0	0	0	0	0	0	0	0	0	0	0	0	0	0	0	0	0	0	0	0	0	0	0	0	0	0	0	0	0	0	0	0	0	0	0	56	0	D_0__k__Bacteria; D_1__p__Bacteroidetes; D_2__c__Flavobacteriia; D_3__o__Flavobacteriales; D_4__f__Flavobacteriaceae; D_5__g__Capnocytophaga; D_6__g__Capnocytophaga_s__sp._HMT_338
1319	0	31	0	0	0	0	0	5	0	0	0	19	0	0	0	0	0	0	0	0	0	0	0	0	0	0	0	0	0	0	0	0	0	0	0	0	0	0	0	0	0	0	0	0	0	0	0	0	0	0	D_0__k__Bacteria; D_1__p__Bacteroidetes; D_2__c__Bacteroidia; D_3__o__Bacteroidales; D_4__f__Prevotellaceae; D_5__g__Prevotella; D_6__g__Prevotella_s__pallens
1320	0	0	0	0	0	0	55	0	0	0	0	0	0	0	0	0	0	0	0	0	0	0	0	0	0	0	0	0	0	0	0	0	0	0	0	0	0	0	0	0	0	0	0	0	0	0	0	0	0	0	D_0__k__Bacteria; D_1__p__Bacteroidetes; D_2__c__Flavobacteriia; D_3__o__Flavobacteriales; D_4__f__Flavobacteriaceae; D_5__g__Capnocytophaga; D_6__g__Capnocytophaga_s__sp._HMT_323
1321	0	0	0	0	0	0	50	5	0	0	0	0	0	0	0	0	0	0	0	0	0	0	0	0	0	0	0	0	0	0	0	0	0	0	0	0	0	0	0	0	0	0	0	0	0	0	0	0	0	0	D_0__k__Bacteria; D_1__p__Spirochaetes; D_2__c__Spirochaetia; D_3__o__Spirochaetales; D_4__f__Treponemataceae; D_5__g__Treponema; D_6__g__Treponema_s__maltophilum
1322	0	0	0	0	0	0	0	0	0	0	0	55	0	0	0	0	0	0	0	0	0	0	0	0	0	0	0	0	0	0	0	0	0	0	0	0	0	0	0	0	0	0	0	0	0	0	0	0	0	0	D_0__k__Bacteria; D_1__p__Bacteroidetes; D_2__c__Bacteroidia; D_3__o__Bacteroidales; D_4__f__Prevotellaceae; D_5__g__Alloprevotella; D_6__g__Alloprevotella_s__sp._HMT_914
1323	0	0	0	0	0	0	0	0	0	0	0	0	0	0	0	0	0	0	55	0	0	0	0	0	0	0	0	0	0	0	0	0	0	0	0	0	0	0	0	0	0	0	0	0	0	0	0	0	0	0	D_0__k__Bacteria; D_1__p__Bacteroidetes; D_2__c__Bacteroidia; D_3__o__Bacteroidales; D_4__f__Prevotellaceae; D_5__g__Prevotella; D_6__g__Prevotella_s__oulorum
1324	0	0	0	0	0	0	0	0	0	0	0	0	0	0	0	0	0	0	55	0	0	0	0	0	0	0	0	0	0	0	0	0	0	0	0	0	0	0	0	0	0	0	0	0	0	0	0	0	0	0	D_0__k__Bacteria; D_1__p__Bacteroidetes; D_2__c__Bacteroidia; D_3__o__Bacteroidales; D_4__f__Tannerellaceae; D_5__g__Tannerella; D_6__g__Tannerella_s__sp._HMT_808
1325	0	0	0	0	0	0	0	0	0	0	0	0	0	0	0	0	0	0	0	0	0	0	0	0	0	0	0	0	0	0	0	0	0	55	0	0	0	0	0	0	0	0	0	0	0	0	0	0	0	0	D_0__k__Bacteria; D_1__p__Firmicutes; D_2__c__Clostridia; D_3__o__Eubacteriales; D_4__f__Lachnospiraceae; D_5__g__Lachnoanaerobaculum; D_6__g__Lachnoanaerobaculum_s__saburreum
1326	0	0	0	0	0	0	0	0	0	0	0	0	0	0	0	0	0	0	0	0	0	0	0	0	0	0	0	0	0	0	0	0	0	0	55	0	0	0	0	0	0	0	0	0	0	0	0	0	0	0	D_0__k__Bacteria; D_1__p__Firmicutes; D_2__c__Negativicutes; D_3__o__Selenomonadales; D_4__f__Selenomonadaceae; D_5__g__Selenomonas; D_6__g__Selenomonas_s__sputigena
1327	0	0	0	0	0	0	0	0	0	0	0	0	0	0	0	0	0	0	0	0	0	0	0	0	0	0	0	0	0	0	0	0	0	0	0	0	55	0	0	0	0	0	0	0	0	0	0	0	0	0	D_0__k__Bacteria; D_1__p__Fusobacteria; D_2__c__Fusobacteriia; D_3__o__Fusobacteriales; D_4__f__Fusobacteriaceae; D_5__g__Fusobacterium; D_6__g__Fusobacterium_s__nucleatum
1328	0	0	0	0	0	0	0	0	0	0	0	0	0	0	0	0	0	0	0	0	0	0	0	0	0	0	0	0	0	0	0	0	0	0	0	0	0	0	0	0	0	0	0	55	0	0	0	0	0	0	D_0__k__Bacteria; D_1__p__Firmicutes; D_2__c__Bacilli; D_3__o__Lactobacillales; D_4__f__Streptococcaceae; D_5__g__Streptococcus; D_6__g__Streptococcus_s__anginosus
1329	0	0	0	0	0	0	0	0	0	0	0	0	0	0	0	0	0	0	0	0	0	0	0	0	0	0	0	0	0	0	0	0	0	0	0	0	0	0	0	0	0	0	0	0	0	0	55	0	0	0	D_0__k__Bacteria; D_1__p__Bacteroidetes; D_2__c__Bacteroidia; D_3__o__Bacteroidales; D_4__f__Prevotellaceae; D_5__g__Prevotella; D_6__g__Prevotella_s__pallens
1330	0	0	0	0	0	0	0	0	0	0	0	54	0	0	0	0	0	0	0	0	0	0	0	0	0	0	0	0	0	0	0	0	0	0	0	0	0	0	0	0	0	0	0	0	0	0	0	0	0	0	D_0__k__Bacteria; D_1__p__Bacteroidetes; D_2__c__Bacteroidia; D_3__o__Bacteroidales; D_4__f__Prevotellaceae; D_5__g__Alloprevotella; D_6__g__Alloprevotella_s__sp._HMT_912
1331	0	0	0	0	0	0	0	0	0	0	0	0	0	0	0	0	0	0	0	54	0	0	0	0	0	0	0	0	0	0	0	0	0	0	0	0	0	0	0	0	0	0	0	0	0	0	0	0	0	0	D_0__k__Bacteria; D_1__p__Actinobacteria; D_2__c__Actinomycetia; D_3__o__Actinomycetales; D_4__f__Actinomycetaceae; D_5__g__Actinomyces; D_6__g__Actinomyces_s__sp._HMT_169
1332	0	0	0	0	0	0	0	0	0	0	0	0	0	0	0	0	0	0	0	0	0	0	0	0	54	0	0	0	0	0	0	0	0	0	0	0	0	0	0	0	0	0	0	0	0	0	0	0	0	0	D_0__k__Bacteria; D_1__p__Actinobacteria; D_2__c__Actinomycetia; D_3__o__Corynebacteriales; D_4__f__Mycobacteriaceae; D_5__g__Mycolicibacterium; D_6__g__Mycolicibacterium_s__neoaurum
1333	0	0	0	0	0	0	0	0	0	0	0	0	0	0	0	0	0	0	0	0	0	0	0	0	0	54	0	0	0	0	0	0	0	0	0	0	0	0	0	0	0	0	0	0	0	0	0	0	0	0	D_0__k__Bacteria; D_1__p__Firmicutes; D_2__c__Clostridia; D_3__o__Eubacteriales; D_4__f__Lachnospiraceae; D_5__g__Lachnospiraceae_[G-2]; D_6__g__Lachnospiraceae_[G-2]_s__bacterium_HMT_088
1334	0	0	0	0	0	0	0	0	0	0	0	0	0	0	0	0	0	0	0	0	0	0	0	0	0	0	54	0	0	0	0	0	0	0	0	0	0	0	0	0	0	0	0	0	0	0	0	0	0	0	D_0__k__Bacteria; D_1__p__Firmicutes; D_2__c__Tissierellia; D_3__o__Tissierellales; D_4__f__Peptoniphilaceae; D_5__g__Parvimonas; D_6__g__Parvimonas_s__sp._HMT_110
1335	0	0	0	0	0	0	0	0	0	0	0	0	0	0	0	0	0	0	0	0	0	0	0	0	0	0	0	0	0	0	0	54	0	0	0	0	0	0	0	0	0	0	0	0	0	0	0	0	0	0	D_0__k__Bacteria; D_1__p__Proteobacteria; D_2__c__Betaproteobacteria; D_3__o__Neisseriales; D_4__f__Neisseriaceae; D_5__g__Eikenella; D_6__g__Eikenella_s__corrodens
1336	0	0	0	0	0	0	0	0	0	0	0	0	0	0	0	0	0	0	0	0	0	0	0	0	0	0	0	0	0	0	0	0	0	0	0	0	54	0	0	0	0	0	0	0	0	0	0	0	0	0	D_0__k__Bacteria; D_1__p__Bacteroidetes; D_2__c__Bacteroidia; D_3__o__Bacteroidales; D_4__f__Prevotellaceae; D_5__g__Prevotella; D_6__g__Prevotella_s__oris
1337	0	0	0	0	0	0	0	0	0	0	0	0	0	0	0	0	0	0	0	0	0	0	0	0	0	0	0	0	0	0	0	0	0	0	0	0	0	32	0	22	0	0	0	0	0	0	0	0	0	0	D_0__k__Bacteria; D_1__p__Actinobacteria; D_2__c__Actinomycetia; D_3__o__Propionibacteriales; D_4__f__Propionibacteriaceae; D_5__g__Arachnia; D_6__g__Arachnia_s__rubra
1338	0	0	0	0	0	0	0	0	0	0	0	0	0	0	0	0	0	0	0	0	0	0	0	0	0	0	0	0	0	0	0	0	0	0	0	0	0	0	54	0	0	0	0	0	0	0	0	0	0	0	D_0__k__Bacteria; D_1__p__Bacteroidetes; D_2__c__Bacteroidia; D_3__o__Bacteroidales; D_4__f__Porphyromonadaceae; D_5__g__Porphyromonas; D_6__g__Porphyromonas_s__catoniae
1339	0	0	0	0	0	0	0	0	0	0	0	0	0	0	0	0	0	0	0	0	0	0	0	0	0	0	0	0	0	0	0	0	0	0	0	0	0	0	16	38	0	0	0	0	0	0	0	0	0	0	D_0__k__Bacteria; D_1__p__Firmicutes; D_2__c__Negativicutes; D_3__o__Veillonellales; D_4__f__Veillonellaceae; D_5__g__Veillonella; D_6__g__Veillonella_s__parvula
1340	0	0	0	0	0	0	0	0	0	0	0	0	0	0	0	0	0	0	0	0	0	0	0	0	0	0	0	0	0	0	0	0	0	0	0	0	0	0	0	54	0	0	0	0	0	0	0	0	0	0	D_0__k__Bacteria; D_1__p__Bacteroidetes; D_2__c__Bacteroidia; D_3__o__Bacteroidales; D_4__f__Prevotellaceae; D_5__g__Prevotella; D_6__g__Prevotella_s__sp._HMT_317
1341	0	0	0	0	0	0	0	0	0	0	0	0	0	0	0	0	0	0	0	0	0	0	0	0	0	0	0	0	0	0	0	0	0	0	0	0	0	0	0	0	0	0	0	54	0	0	0	0	0	0	D_0__k__Bacteria; D_1__p__Actinobacteria; D_2__c__Actinomycetia; D_3__o__Propionibacteriales; D_4__f__Propionibacteriaceae; D_5__g__Arachnia; D_6__g__Arachnia_s__propionica
1342	0	0	0	0	0	0	0	0	0	0	0	0	0	0	0	0	0	0	0	0	0	0	0	0	0	0	0	0	0	0	0	0	0	0	0	0	0	0	0	0	0	0	0	0	54	0	0	0	0	0	D_0__k__Bacteria; D_1__p__Spirochaetes; D_2__c__Spirochaetia; D_3__o__Spirochaetales; D_4__f__Treponemataceae; D_5__g__Treponema; D_6__g__Treponema_s__socranskii
1343	0	0	0	0	0	0	0	0	0	0	0	0	0	0	0	0	0	0	0	0	0	0	0	0	0	0	0	0	0	0	0	0	0	0	0	0	0	0	0	0	0	0	0	0	0	0	0	0	0	54	D_0__k__Bacteria; D_1__p__Proteobacteria; D_2__c__Betaproteobacteria; D_3__o__Neisseriales; D_4__f__Neisseriaceae; D_5__g__Neisseria; D_6__g__Neisseria_s__flava
1344	0	53	0	0	0	0	0	0	0	0	0	0	0	0	0	0	0	0	0	0	0	0	0	0	0	0	0	0	0	0	0	0	0	0	0	0	0	0	0	0	0	0	0	0	0	0	0	0	0	0	D_0__k__Bacteria; D_1__p__Bacteroidetes; D_2__c__Bacteroidia; D_3__o__Bacteroidales; D_4__f__Prevotellaceae; D_5__g__Alloprevotella; D_6__g__Alloprevotella_s__sp._HMT_912
1345	0	0	0	53	0	0	0	0	0	0	0	0	0	0	0	0	0	0	0	0	0	0	0	0	0	0	0	0	0	0	0	0	0	0	0	0	0	0	0	0	0	0	0	0	0	0	0	0	0	0	D_0__k__Bacteria; D_1__p__Actinobacteria; D_2__c__Actinomycetia; D_3__o__Actinomycetales; D_4__f__Actinomycetaceae; D_5__g__Schaalia; D_6__g__Schaalia_s__sp._HMT_180
1346	0	0	0	0	53	0	0	0	0	0	0	0	0	0	0	0	0	0	0	0	0	0	0	0	0	0	0	0	0	0	0	0	0	0	0	0	0	0	0	0	0	0	0	0	0	0	0	0	0	0	D_0__k__Bacteria; D_1__p__Synergistetes; D_2__c__Synergistia; D_3__o__Synergistales; D_4__f__Synergistaceae; D_5__g__Fretibacterium; D_6__g__Fretibacterium_s__sp._HMT_359
1347	0	0	0	0	53	0	0	0	0	0	0	0	0	0	0	0	0	0	0	0	0	0	0	0	0	0	0	0	0	0	0	0	0	0	0	0	0	0	0	0	0	0	0	0	0	0	0	0	0	0	D_0__k__Bacteria; D_1__p__Bacteroidetes; D_2__c__Bacteroidetes_[C-1]; D_3__o__Bacteroidetes_[O-1]; D_4__f__Bacteroidetes_[F-1]; D_5__g__Bacteroidetes_[G-3]; D_6__g__Bacteroidetes_[G-3]_s__bacterium_HMT_899
1348	0	0	0	0	0	0	0	53	0	0	0	0	0	0	0	0	0	0	0	0	0	0	0	0	0	0	0	0	0	0	0	0	0	0	0	0	0	0	0	0	0	0	0	0	0	0	0	0	0	0	D_0__k__Bacteria; D_1__p__Bacteroidetes; D_2__c__Bacteroidia; D_3__o__Bacteroidales; D_4__f__Prevotellaceae; D_5__g__Prevotella; D_6__g__Prevotella_s__oulorum
1349	0	0	0	0	0	0	0	0	0	0	0	53	0	0	0	0	0	0	0	0	0	0	0	0	0	0	0	0	0	0	0	0	0	0	0	0	0	0	0	0	0	0	0	0	0	0	0	0	0	0	D_0__k__Bacteria; D_1__p__Firmicutes; D_2__c__Bacilli; D_3__o__Bacillales; D_4__f__Gemellaceae; D_5__g__Gemella; D_6__g__Gemella_s__haemolysans
1350	0	0	0	0	0	0	0	0	0	0	0	0	0	0	0	53	0	0	0	0	0	0	0	0	0	0	0	0	0	0	0	0	0	0	0	0	0	0	0	0	0	0	0	0	0	0	0	0	0	0	D_0__k__Bacteria; D_1__p__Bacteroidetes; D_2__c__Bacteroidia; D_3__o__Bacteroidales; D_4__f__Prevotellaceae; D_5__g__Prevotella; D_6__g__Prevotella_s__oris
1351	0	0	0	0	0	0	0	0	0	0	0	0	0	0	0	0	0	0	0	0	0	0	0	0	0	0	0	0	0	53	0	0	0	0	0	0	0	0	0	0	0	0	0	0	0	0	0	0	0	0	D_0__k__Bacteria; D_1__p__Firmicutes; D_2__c__Negativicutes; D_3__o__Veillonellales; D_4__f__Veillonellaceae; D_5__g__Veillonella; D_6__g__Veillonella_s__sp._HMT_780
1352	0	0	0	0	0	0	0	0	0	0	0	0	0	0	0	0	0	0	0	0	0	0	0	0	0	0	0	0	0	0	0	0	53	0	0	0	0	0	0	0	0	0	0	0	0	0	0	0	0	0	D_0__k__Bacteria; D_1__p__Bacteroidetes; D_2__c__Flavobacteriia; D_3__o__Flavobacteriales; D_4__f__Weeksellaceae; D_5__g__Cloacibacterium; D_6__g__Cloacibacterium_s__normanense
1353	0	0	0	0	0	0	0	0	0	0	0	0	0	0	0	0	0	0	0	0	0	0	0	0	0	0	0	0	0	0	0	0	0	0	0	0	53	0	0	0	0	0	0	0	0	0	0	0	0	0	D_0__k__Bacteria; D_1__p__Spirochaetes; D_2__c__Spirochaetia; D_3__o__Spirochaetales; D_4__f__Treponemataceae; D_5__g__Treponema; D_6__g__Treponema_s__socranskii
1354	0	0	0	0	0	0	0	0	0	0	0	0	0	0	0	0	0	0	0	0	0	0	0	0	0	0	0	0	0	0	0	0	0	0	0	0	0	0	0	0	0	0	0	0	0	0	53	0	0	0	D_0__k__Bacteria; D_1__p__Bacteroidetes; D_2__c__Flavobacteriia; D_3__o__Flavobacteriales; D_4__f__Flavobacteriaceae; D_5__g__Capnocytophaga; D_6__g__Capnocytophaga_s__sp._HMT_336
1355	0	0	0	0	0	0	0	0	0	0	0	0	0	0	0	0	0	52	0	0	0	0	0	0	0	0	0	0	0	0	0	0	0	0	0	0	0	0	0	0	0	0	0	0	0	0	0	0	0	0	D_0__k__Bacteria; D_1__p__Bacteroidetes; D_2__c__Bacteroidia; D_3__o__Bacteroidales; D_4__f__Prevotellaceae; D_5__g__Prevotella; D_6__g__Prevotella_s__sp._HMT_317
1356	0	0	0	0	0	0	0	0	0	0	0	0	0	0	0	0	0	0	0	0	0	0	0	0	0	0	0	0	5	0	0	0	0	0	0	0	0	0	0	0	0	0	0	0	0	0	0	0	0	0	D_0__k__Bacteria; D_1__p__Bacteroidetes; D_2__c__Bacteroidia; D_3__o__Bacteroidales; D_4__f__Prevotellaceae; D_5__g__Alloprevotella; D_6__g__Alloprevotella_s__sp._HMT_913
1357	0	0	0	0	0	0	0	0	0	0	0	0	0	0	0	0	0	0	0	0	0	0	0	0	0	0	0	0	0	52	0	0	0	0	0	0	0	0	0	0	0	0	0	0	0	0	0	0	0	0	D_0__k__Bacteria; D_1__p__Bacteroidetes; D_2__c__Flavobacteriia; D_3__o__Flavobacteriales; D_4__f__Flavobacteriaceae; D_5__g__Capnocytophaga; D_6__g__Capnocytophaga_s__gingivalis
1358	0	0	0	0	0	0	0	0	0	0	0	0	0	0	0	0	0	0	0	0	0	0	0	0	0	0	0	0	0	3	0	0	49	0	0	0	0	0	0	0	0	0	0	0	0	0	0	0	0	0	D_0__k__Bacteria; D_1__p__Bacteroidetes; D_2__c__Bacteroidia; D_3__o__Bacteroidales; D_4__f__Porphyromonadaceae; D_5__g__Porphyromonas; D_6__g__Porphyromonas_s__pasteri
1359	0	0	0	0	0	0	0	0	0	0	0	0	0	0	0	0	0	0	0	0	0	0	0	0	0	0	0	0	0	0	0	52	0	0	0	0	0	0	0	0	0	0	0	0	0	0	0	0	0	0	D_0__k__Bacteria; D_1__p__Fusobacteria; D_2__c__Fusobacteriia; D_3__o__Fusobacteriales; D_4__f__Leptotrichiaceae; D_5__g__Leptotrichia; D_6__g__Leptotrichia_s__hofstadii
1360	0	0	0	0	0	0	0	0	0	0	0	0	0	0	0	0	0	0	0	0	0	0	0	0	0	0	0	0	0	0	0	0	0	0	0	0	0	0	0	0	52	0	0	0	0	0	0	0	0	0	D_0__k__Bacteria; D_1__p__Bacteroidetes; D_2__c__Bacteroidia; D_3__o__Bacteroidales; D_4__f__Prevotellaceae; D_5__g__Prevotella; D_6__g__Prevotella_s__oris
1361	0	0	51	0	0	0	0	0	0	0	0	0	0	0	0	0	0	0	0	0	0	0	0	0	0	0	0	0	0	0	0	0	0	0	0	0	0	0	0	0	0	0	0	0	0	0	0	0	0	0	D_0__k__Bacteria; D_1__p__Fusobacteria; D_2__c__Fusobacteriia; D_3__o__Fusobacteriales; D_4__f__Fusobacteriaceae; D_5__g__Fusobacterium; D_6__g__Fusobacterium_s__nucleatum
1362	0	0	0	0	0	0	0	0	0	0	51	0	0	0	0	0	0	0	0	0	0	0	0	0	0	0	0	0	0	0	0	0	0	0	0	0	0	0	0	0	0	0	0	0	0	0	0	0	0	0	D_0__k__Bacteria; D_1__p__Firmicutes; D_2__c__Clostridia; D_3__o__Eubacteriales; D_4__f__Peptostreptococcaceae; D_5__g__Peptostreptococcus; D_6__g__Peptostreptococcus_s__stomatis
1363	0	0	0	0	0	0	0	0	0	0	0	0	0	0	0	51	0	0	0	0	0	0	0	0	0	0	0	0	0	0	0	0	0	0	0	0	0	0	0	0	0	0	0	0	0	0	0	0	0	0	D_0__k__Bacteria; D_1__p__Bacteroidetes; D_2__c__Bacteroidia; D_3__o__Bacteroidales; D_4__f__Tannerellaceae; D_5__g__Tannerella; D_6__g__Tannerella_s__sp._HMT_286
1364	0	0	0	0	0	0	0	0	0	0	0	0	0	0	0	51	0	0	0	0	0	0	0	0	0	0	0	0	0	0	0	0	0	0	0	0	0	0	0	0	0	0	0	0	0	0	0	0	0	0	D_0__k__Bacteria; D_1__p__Bacteroidetes; D_2__c__Bacteroidia; D_3__o__Bacteroidales; D_4__f__Prevotellaceae; D_5__g__Prevotella; D_6__g__Prevotella_s__oulorum
1365	0	0	0	0	0	0	0	0	0	0	0	0	0	0	0	0	0	0	51	0	0	0	0	0	0	0	0	0	0	0	0	0	0	0	0	0	0	0	0	0	0	0	0	0	0	0	0	0	0	0	D_0__k__Bacteria; D_1__p__Firmicutes; D_2__c__Tissierellia; D_3__o__Tissierellales; D_4__f__Peptoniphilaceae; D_5__g__Peptoniphilus; D_6__g__Peptoniphilus_s__sp._HMT_187
1366	0	0	0	0	0	0	0	0	0	0	0	0	0	0	0	0	0	0	0	51	0	0	0	0	0	0	0	0	0	0	0	0	0	0	0	0	0	0	0	0	0	0	0	0	0	0	0	0	0	0	D_0__k__Bacteria; D_1__p__Proteobacteria; D_2__c__Gammaproteobacteria; D_3__o__Pasteurellales; D_4__f__Pasteurellaceae; D_5__g__Aggregatibacter; D_6__g__Aggregatibacter_s__sp._HMT_898
1367	0	0	0	0	0	0	0	0	0	0	0	0	0	0	0	0	0	0	0	0	0	0	0	0	0	0	0	0	0	51	0	0	0	0	0	0	0	0	0	0	0	0	0	0	0	0	0	0	0	0	D_0__k__Bacteria; D_1__p__Proteobacteria; D_2__c__Gammaproteobacteria; D_3__o__Pasteurellales; D_4__f__Pasteurellaceae; D_5__g__Haemophilus; D_6__g__Haemophilus_s__haemolyticus
1368	0	0	0	0	0	0	0	0	0	0	0	0	0	0	0	0	0	0	0	0	0	0	0	0	0	0	0	0	0	0	0	0	0	0	51	0	0	0	0	0	0	0	0	0	0	0	0	0	0	0	D_0__k__Bacteria; D_1__p__Bacteroidetes; D_2__c__Bacteroidia; D_3__o__Bacteroidales; D_4__f__Prevotellaceae; D_5__g__Prevotella; D_6__g__Prevotella_s__sp._HMT_292
1369	0	0	0	0	0	0	0	0	0	0	0	0	0	0	0	0	0	0	0	0	0	0	0	0	0	0	0	0	0	0	0	0	0	0	0	0	0	0	0	0	0	51	0	0	0	0	0	0	0	0	D_0__k__Bacteria; D_1__p__Firmicutes; D_2__c__Bacilli; D_3__o__Lactobacillales; D_4__f__Streptococcaceae; D_5__g__Streptococcus; D_6__g__Streptococcus_s__sanguinis
1370	0	50	0	0	0	0	0	0	0	0	0	0	0	0	0	0	0	0	0	0	0	0	0	0	0	0	0	0	0	0	0	0	0	0	0	0	0	0	0	0	0	0	0	0	0	0	0	0	0	0	D_0__k__Bacteria; D_1__p__Firmicutes; D_2__c__Clostridia; D_3__o__Eubacteriales; D_4__f__Lachnospiraceae; D_5__g__Lachnospiraceae_[G-3]; D_6__g__Lachnospiraceae_[G-3]_s__bacterium_HMT_100
1371	0	50	0	0	0	0	0	0	0	0	0	0	0	0	0	0	0	0	0	0	0	0	0	0	0	0	0	0	0	0	0	0	0	0	0	0	0	0	0	0	0	0	0	0	0	0	0	0	0	0	D_0__k__Bacteria; D_1__p__Firmicutes; D_2__c__Clostridia; D_3__o__Eubacteriales; D_4__f__Lachnospiraceae; D_5__g__Lachnoanaerobaculum; D_6__g__Lachnoanaerobaculum_s__umeaense
1372	0	0	50	0	0	0	0	0	0	0	0	0	0	0	0	0	0	0	0	0	0	0	0	0	0	0	0	0	0	0	0	0	0	0	0	0	0	0	0	0	0	0	0	0	0	0	0	0	0	0	D_0__k__Bacteria; D_1__p__Firmicutes; D_2__c__Clostridia; D_3__o__Eubacteriales; D_4__f__Lachnospiraceae; D_5__g__Stomatobaculum; D_6__g__Stomatobaculum_s__sp._HMT_373
1373	0	0	50	0	0	0	0	0	0	0	0	0	0	0	0	0	0	0	0	0	0	0	0	0	0	0	0	0	0	0	0	0	0	0	0	0	0	0	0	0	0	0	0	0	0	0	0	0	0	0	D_0__k__Bacteria; D_1__p__Bacteroidetes; D_2__c__Bacteroidia; D_3__o__Bacteroidales; D_4__f__Prevotellaceae; D_5__g__Prevotella; D_6__g__Prevotella_s__sp._HMT_376
1374	0	0	0	0	50	0	0	0	0	0	0	0	0	0	0	0	0	0	0	0	0	0	0	0	0	0	0	0	0	0	0	0	0	0	0	0	0	0	0	0	0	0	0	0	0	0	0	0	0	0	D_0__k__Bacteria; D_1__p__Actinobacteria; D_2__c__Actinomycetia; D_3__o__Actinomycetales; D_4__f__Actinomycetaceae; D_5__g__Actinomyces; D_6__g__Actinomyces_s__sp._HMT_171
1375	0	0	0	0	0	0	0	0	0	0	50	0	0	0	0	0	0	0	0	0	0	0	0	0	0	0	0	0	0	0	0	0	0	0	0	0	0	0	0	0	0	0	0	0	0	0	0	0	0	0	D_0__k__Bacteria; D_1__p__Actinobacteria; D_2__c__Actinomycetia; D_3__o__Actinomycetales; D_4__f__Actinomycetaceae; D_5__g__Schaalia; D_6__g__Schaalia_s__georgiae
1376	0	0	0	0	0	0	0	0	0	0	0	0	0	0	0	0	0	0	0	0	50	0	0	0	0	0	0	0	0	0	0	0	0	0	0	0	0	0	0	0	0	0	0	0	0	0	0	0	0	0	D_0__k__Bacteria; D_1__p__Firmicutes; D_2__c__Clostridia; D_3__o__Eubacteriales; D_4__f__Peptostreptococcaceae; D_5__g__Peptostreptococcaceae_[G-7]; D_6__g__Peptostreptococcaceae_[G-7]_s__[Eubacterium]_yurii_subsps._yurii_&_margaretiae
1377	0	0	0	0	0	0	0	0	0	0	0	0	0	0	0	0	0	0	0	0	0	0	0	0	0	50	0	0	0	0	0	0	0	0	0	0	0	0	0	0	0	0	0	0	0	0	0	0	0	0	D_0__k__Bacteria; D_1__p__Saccharibacteria_(TM7); D_2__c__Saccharibacteria_(TM7)_[C-1]; D_3__o__Saccharibacteria_(TM7)_[O-1]; D_4__f__Saccharibacteria_(TM7)_[F-1]; D_5__g__Saccharibacteria_(TM7)_[G-1]; D_6__g__Saccharibacteria_(TM7)_[G-1]_s__bacterium_HMT_346
1378	0	0	0	0	0	0	0	0	0	0	0	0	0	0	0	0	0	0	0	0	0	0	0	0	0	50	0	0	0	0	0	0	0	0	0	0	0	0	0	0	0	0	0	0	0	0	0	0	0	0	D_0__k__Bacteria; D_1__p__Bacteroidetes; D_2__c__Bacteroidia; D_3__o__Bacteroidales; D_4__f__Prevotellaceae; D_5__g__Prevotella; D_6__g__Prevotella_s__marshii
1379	0	0	0	0	0	0	0	0	0	0	0	0	0	0	0	0	0	0	0	0	0	0	0	0	0	0	0	0	0	0	0	0	0	0	0	0	0	0	50	0	0	0	0	0	0	0	0	0	0	0	D_0__k__Bacteria; D_1__p__Bacteroidetes; D_2__c__Bacteroidetes_[C-1]; D_3__o__Bacteroidetes_[O-1]; D_4__f__Bacteroidetes_[F-1]; D_5__g__Bacteroidetes_[G-5]; D_6__g__Bacteroidetes_[G-5]_s__bacterium_HMT_511
1380	0	0	0	0	0	0	0	0	0	0	0	0	0	0	0	0	0	0	0	0	0	0	0	0	0	0	0	0	0	0	0	0	0	0	0	0	0	0	0	50	0	0	0	0	0	0	0	0	0	0	D_0__k__Bacteria; D_1__p__Proteobacteria; D_2__c__Gammaproteobacteria; D_3__o__Pasteurellales; D_4__f__Pasteurellaceae; D_5__g__Haemophilus; D_6__g__Haemophilus_s__sp._HMT_036
1381	0	0	0	0	0	0	0	0	0	0	0	0	0	0	0	0	0	0	0	0	0	0	0	0	0	0	0	0	0	0	0	0	0	0	0	0	0	0	0	50	0	0	0	0	0	0	0	0	0	0	D_0__k__Bacteria; D_1__p__Bacteroidetes; D_2__c__Flavobacteriia; D_3__o__Flavobacteriales; D_4__f__Flavobacteriaceae; D_5__g__Capnocytophaga; D_6__g__Capnocytophaga_s__sp._HMT_332
1382	0	0	0	0	0	0	0	0	0	0	0	0	0	0	0	0	0	0	0	0	0	0	0	0	0	0	0	0	0	0	0	0	0	0	0	0	0	0	0	0	0	0	0	50	0	0	0	0	0	0	D_0__k__Bacteria; D_1__p__Firmicutes; D_2__c__Negativicutes; D_3__o__Veillonellales; D_4__f__Veillonellaceae; D_5__g__Colibacter; D_6__g__Colibacter_s__massiliensis
1383	0	49	0	0	0	0	0	0	0	0	0	0	0	0	0	0	0	0	0	0	0	0	0	0	0	0	0	0	0	0	0	0	0	0	0	0	0	0	0	0	0	0	0	0	0	0	0	0	0	0	D_0__k__Bacteria; D_1__p__Bacteroidetes; D_2__c__Bacteroidia; D_3__o__Bacteroidales; D_4__f__Prevotellaceae; D_5__g__Alloprevotella; D_6__g__Alloprevotella_s__sp._HMT_912
1384	0	49	0	0	0	0	0	0	0	0	0	0	0	0	0	0	0	0	0	0	0	0	0	0	0	0	0	0	0	0	0	0	0	0	0	0	0	0	0	0	0	0	0	0	0	0	0	0	0	0	D_0__k__Bacteria; D_1__p__Saccharibacteria_(TM7); D_2__c__Saccharibacteria_(TM7)_[C-1]; D_3__o__Saccharibacteria_(TM7)_[O-1]; D_4__f__Saccharibacteria_(TM7)_[F-1]; D_5__g__Saccharibacteria_(TM7)_[G-3]; D_6__g__Saccharibacteria_(TM7)_[G-3]_s__bacterium_HMT_351
1385	0	0	0	49	0	0	0	0	0	0	0	0	0	0	0	0	0	0	0	0	0	0	0	0	0	0	0	0	0	0	0	0	0	0	0	0	0	0	0	0	0	0	0	0	0	0	0	0	0	0	D_0__k__Bacteria; D_1__p__Proteobacteria; D_2__c__Betaproteobacteria; D_3__o__Neisseriales; D_4__f__Neisseriaceae; D_5__g__Neisseria; D_6__g__Neisseria_s__flava
1386	0	0	0	0	0	49	0	0	0	0	0	0	0	0	0	0	0	0	0	0	0	0	0	0	0	0	0	0	0	0	0	0	0	0	0	0	0	0	0	0	0	0	0	0	0	0	0	0	0	0	D_0__k__Bacteria; D_1__p__Firmicutes; D_2__c__Clostridia; D_3__o__Eubacteriales; D_4__f__Lachnospiraceae; D_5__g__Stomatobaculum; D_6__g__Stomatobaculum_s__longum
1387	0	0	0	0	0	0	0	0	0	0	0	49	0	0	0	0	0	0	0	0	0	0	0	0	0	0	0	0	0	0	0	0	0	0	0	0	0	0	0	0	0	0	0	0	0	0	0	0	0	0	D_0__k__Bacteria; D_1__p__Gracilibacteria_(GN02); D_2__c__Gracilibacteria_(GN02)_[C-1]; D_3__o__Gracilibacteria_(GN02)_[O-1]; D_4__f__Gracilibacteria_(GN02)_[F-1]; D_5__g__Gracilibacteria_(GN02)_[G-1]; D_6__g__Gracilibacteria_(GN02)_[G-1]_s__bacterium_HMT_872
1388	0	0	0	0	0	0	0	0	0	0	0	49	0	0	0	0	0	0	0	0	0	0	0	0	0	0	0	0	0	0	0	0	0	0	0	0	0	0	0	0	0	0	0	0	0	0	0	0	0	0	D_0__k__Bacteria; D_1__p__Actinobacteria; D_2__c__Actinomycetia; D_3__o__Actinomycetales; D_4__f__Actinomycetaceae; D_5__g__Actinomyces; D_6__g__Actinomyces_s__sp._HMT_175
1389	0	0	0	0	0	0	0	0	0	0	0	0	0	0	0	49	0	0	0	0	0	0	0	0	0	0	0	0	0	0	0	0	0	0	0	0	0	0	0	0	0	0	0	0	0	0	0	0	0	0	D_0__k__Bacteria; D_1__p__Bacteroidetes; D_2__c__Bacteroidia; D_3__o__Bacteroidales; D_4__f__Prevotellaceae; D_5__g__Prevotella; D_6__g__Prevotella_s__sp._HMT_314
1390	0	0	0	0	0	0	0	0	0	0	0	0	0	0	0	0	0	0	0	49	0	0	0	0	0	0	0	0	0	0	0	0	0	0	0	0	0	0	0	0	0	0	0	0	0	0	0	0	0	0	D_0__k__Bacteria; D_1__p__Firmicutes; D_2__c__Bacilli; D_3__o__Lactobacillales; D_4__f__Streptococcaceae; D_5__g__Streptococcus; D_6__g__Streptococcus_s__oralis_subsp._dentisani_clade_058
1391	0	0	0	0	0	0	0	0	0	0	0	0	0	0	0	0	0	0	0	0	49	0	0	0	0	0	0	0	0	0	0	0	0	0	0	0	0	0	0	0	0	0	0	0	0	0	0	0	0	0	D_0__k__Bacteria; D_1__p__Bacteroidetes; D_2__c__Bacteroidia; D_3__o__Bacteroidales; D_4__f__Prevotellaceae; D_5__g__Prevotella; D_6__g__Prevotella_s__sp._HMT_292
1392	0	0	0	0	0	0	0	0	0	0	0	0	0	0	0	0	0	0	0	0	49	0	0	0	0	0	0	0	0	0	0	0	0	0	0	0	0	0	0	0	0	0	0	0	0	0	0	0	0	0	D_0__k__Bacteria; D_1__p__Bacteroidetes; D_2__c__Bacteroidia; D_3__o__Bacteroidales; D_4__f__Prevotellaceae; D_5__g__Prevotella; D_6__g__Prevotella_s__oris
1393	0	0	0	0	0	0	0	0	0	0	0	0	0	0	0	0	0	0	0	0	0	0	0	0	0	0	0	0	0	0	49	0	0	0	0	0	0	0	0	0	0	0	0	0	0	0	0	0	0	0	D_0__k__Bacteria; D_1__p__Proteobacteria; D_2__c__Betaproteobacteria; D_3__o__Neisseriales; D_4__f__Neisseriaceae; D_5__g__Neisseria; D_6__g__Neisseria_s__perflava
1394	0	0	0	0	0	0	0	0	0	0	0	0	0	0	0	0	0	0	0	0	0	0	0	0	0	0	0	0	0	0	0	0	0	0	0	0	0	0	49	0	0	0	0	0	0	0	0	0	0	0	D_0__k__Bacteria; D_1__p__Saccharibacteria_(TM7); D_2__c__Saccharibacteria_(TM7)_[C-1]; D_3__o__Saccharibacteria_(TM7)_[O-1]; D_4__f__Saccharibacteria_(TM7)_[F-1]; D_5__g__Saccharibacteria_(TM7)_[G-1]; D_6__g__Saccharibacteria_(TM7)_[G-1]_s__bacterium_HMT_957
1395	0	0	0	0	0	0	0	0	0	0	0	0	0	0	0	0	0	0	0	0	0	0	0	0	0	0	0	0	0	0	0	0	0	0	0	0	0	0	0	0	0	0	0	0	0	0	49	0	0	0	D_0__k__Bacteria; D_1__p__Firmicutes; D_2__c__Bacilli; D_3__o__Lactobacillales; D_4__f__Lactobacillaceae; D_5__g__Ligilactobacillus; D_6__g__Ligilactobacillus_s__salivarius
1396	0	0	0	0	0	0	0	0	0	0	0	0	0	0	0	0	0	0	0	0	0	0	0	0	0	0	0	0	0	0	0	0	0	0	0	0	0	0	0	0	0	0	0	0	0	0	0	0	49	0	D_0__k__Bacteria; D_1__p__Firmicutes; D_2__c__Negativicutes; D_3__o__Selenomonadales; D_4__f__Selenomonadaceae; D_5__g__Selenomonas; D_6__g__Selenomonas_s__sp._HMT_919
1397	0	0	0	0	48	0	0	0	0	0	0	0	0	0	0	0	0	0	0	0	0	0	0	0	0	0	0	0	0	0	0	0	0	0	0	0	0	0	0	0	0	0	0	0	0	0	0	0	0	0	D_0__k__Bacteria; D_1__p__Bacteroidetes; D_2__c__Flavobacteriia; D_3__o__Flavobacteriales; D_4__f__Flavobacteriaceae; D_5__g__Capnocytophaga; D_6__g__Capnocytophaga_s__sp._HMT_336
1398	0	0	0	0	48	0	0	0	0	0	0	0	0	0	0	0	0	0	0	0	0	0	0	0	0	0	0	0	0	0	0	0	0	0	0	0	0	0	0	0	0	0	0	0	0	0	0	0	0	0	D_0__k__Bacteria; D_1__p__Actinobacteria; D_2__c__Coriobacteriia; D_3__o__Eggerthellales; D_4__f__Eggerthellaceae; D_5__g__Slackia; D_6__g__Slackia_s__exigua
1399	0	0	0	0	0	0	0	48	0	0	0	0	0	0	0	0	0	0	0	0	0	0	0	0	0	0	0	0	0	0	0	0	0	0	0	0	0	0	0	0	0	0	0	0	0	0	0	0	0	0	D_0__k__Bacteria; D_1__p__Firmicutes; D_2__c__Clostridia; D_3__o__Eubacteriales; D_4__f__Lachnospiraceae; D_5__g__Lachnoanaerobaculum; D_6__g__Lachnoanaerobaculum_s__umeaense
1400	0	0	0	0	0	0	0	0	0	0	0	48	0	0	0	0	0	0	0	0	0	0	0	0	0	0	0	0	0	0	0	0	0	0	0	0	0	0	0	0	0	0	0	0	0	0	0	0	0	0	D_0__k__Bacteria; D_1__p__Firmicutes; D_2__c__Negativicutes; D_3__o__Selenomonadales; D_4__f__Selenomonadaceae; D_5__g__Selenomonas; D_6__g__Selenomonas_s__dianae
1401	0	0	0	0	0	0	0	0	0	0	0	48	0	0	0	0	0	0	0	0	0	0	0	0	0	0	0	0	0	0	0	0	0	0	0	0	0	0	0	0	0	0	0	0	0	0	0	0	0	0	D_0__k__Bacteria; D_1__p__Firmicutes; D_2__c__Negativicutes; D_3__o__Veillonellales; D_4__f__Veillonellaceae; D_5__g__Veillonella; D_6__g__Veillonella_s__sp._HMT_780
1402	0	0	0	0	0	0	0	0	0	0	0	0	0	0	0	0	25	0	0	0	0	0	0	0	0	0	0	0	0	0	0	0	0	0	0	0	0	0	0	0	0	0	0	0	23	0	0	0	0	0	D_0__k__Bacteria; D_1__p__Bacteroidetes; D_2__c__Bacteroidia; D_3__o__Bacteroidales; D_4__f__Prevotellaceae; D_5__g__Prevotella; D_6__g__Prevotella_s__maculosa
1403	0	0	0	0	0	0	0	0	0	0	0	0	0	0	0	0	0	0	0	0	0	0	0	0	0	0	0	0	0	0	0	0	0	0	0	0	48	0	0	0	0	0	0	0	0	0	0	0	0	0	D_0__k__Bacteria; D_1__p__Spirochaetes; D_2__c__Spirochaetia; D_3__o__Spirochaetales; D_4__f__Treponemataceae; D_5__g__Treponema; D_6__g__Treponema_s__sp._HMT_231
1404	0	0	0	0	0	0	0	0	0	0	0	0	0	0	0	0	0	0	0	0	0	0	0	0	0	0	0	0	0	0	0	0	0	0	0	0	0	0	0	0	0	0	0	0	0	0	48	0	0	0	D_0__k__Bacteria; D_1__p__Proteobacteria; D_2__c__Gammaproteobacteria; D_3__o__Cardiobacteriales; D_4__f__Cardiobacteriaceae; D_5__g__Cardiobacterium; D_6__g__Cardiobacterium_s__hominis
1405	0	0	0	0	0	0	0	0	0	0	0	0	0	0	0	0	0	0	0	0	0	0	0	0	0	0	0	0	0	0	0	0	0	0	0	0	0	0	0	0	0	0	0	0	0	0	0	0	48	0	D_0__k__Bacteria; D_1__p__Firmicutes; D_2__c__Negativicutes; D_3__o__Selenomonadales; D_4__f__Selenomonadaceae; D_5__g__Selenomonas; D_6__g__Selenomonas_s__sp._HMT_138
1406	0	39	0	0	0	0	0	0	0	0	0	0	0	0	0	0	0	8	0	0	0	0	0	0	0	0	0	0	0	0	0	0	0	0	0	0	0	0	0	0	0	0	0	0	0	0	0	0	0	0	D_0__k__Bacteria; D_1__p__Fusobacteria; D_2__c__Fusobacteriia; D_3__o__Fusobacteriales; D_4__f__Fusobacteriaceae; D_5__g__Fusobacterium; D_6__g__Fusobacterium_s__periodonticum
1407	0	1	0	1	0	0	0	4	0	0	0	8	0	0	0	0	0	0	0	0	0	0	0	0	0	1	0	0	0	1	0	0	0	13	0	0	0	0	0	0	0	0	0	0	0	0	0	0	0	0	D_0__k__Bacteria; D_1__p__Fusobacteria; D_2__c__Fusobacteriia; D_3__o__Fusobacteriales; D_4__f__Leptotrichiaceae; D_5__g__Leptotrichia; D_6__g__Leptotrichia_s__hongkongensis
1408	0	0	47	0	0	0	0	0	0	0	0	0	0	0	0	0	0	0	0	0	0	0	0	0	0	0	0	0	0	0	0	0	0	0	0	0	0	0	0	0	0	0	0	0	0	0	0	0	0	0	D_0__k__Bacteria; D_1__p__Actinobacteria; D_2__c__Actinomycetia; D_3__o__Actinomycetales; D_4__f__Actinomycetaceae; D_5__g__Actinomyces; D_6__g__Actinomyces_s__sp._HMT_525
1409	0	0	0	0	0	0	37	0	0	0	0	0	0	0	0	0	0	0	0	0	0	0	0	0	0	0	0	0	0	0	0	0	0	0	0	0	0	0	0	0	0	0	0	0	0	0	0	10	0	0	D_0__k__Bacteria; D_1__p__Firmicutes; D_2__c__Bacilli; D_3__o__Lactobacillales; D_4__f__Streptococcaceae; D_5__g__Streptococcus; D_6__g__Streptococcus_s__parasanguinis_clade_411
1410	0	0	0	0	0	0	0	0	0	0	0	0	0	0	0	0	0	0	47	0	0	0	0	0	0	0	0	0	0	0	0	0	0	0	0	0	0	0	0	0	0	0	0	0	0	0	0	0	0	0	D_0__k__Bacteria; D_1__p__Firmicutes; D_2__c__Tissierellia; D_3__o__Tissierellales; D_4__f__Peptoniphilaceae; D_5__g__Anaerococcus; D_6__g__Anaerococcus_s__prevotii
1411	0	0	0	0	0	0	0	0	0	0	0	0	0	0	0	0	0	0	0	0	0	0	47	0	0	0	0	0	0	0	0	0	0	0	0	0	0	0	0	0	0	0	0	0	0	0	0	0	0	0	D_0__k__Bacteria; D_1__p__Fusobacteria; D_2__c__Fusobacteriia; D_3__o__Fusobacteriales; D_4__f__Leptotrichiaceae; D_5__g__Leptotrichia; D_6__g__Leptotrichia_s__sp._HMT_417
1412	0	0	0	0	0	0	0	0	0	0	0	0	0	0	0	0	0	0	0	0	0	0	0	0	0	0	0	0	0	0	0	0	47	0	0	0	0	0	0	0	0	0	0	0	0	0	0	0	0	0	D_0__k__Bacteria; D_1__p__Bacteroidetes; D_2__c__Bacteroidia; D_3__o__Bacteroidales; D_4__f__Prevotellaceae; D_5__g__Prevotella; D_6__g__Prevotella_s__maculosa
1413	0	0	0	0	0	0	0	0	0	0	0	0	0	0	0	0	0	0	0	0	0	0	0	0	0	0	0	0	0	0	0	0	0	0	0	0	0	0	0	47	0	0	0	0	0	0	0	0	0	0	D_0__k__Bacteria; D_1__p__Saccharibacteria_(TM7); D_2__c__Saccharibacteria_(TM7)_[C-1]; D_3__o__Saccharibacteria_(TM7)_[O-1]; D_4__f__Saccharibacteria_(TM7)_[F-1]; D_5__g__Saccharibacteria_(TM7)_[G-6]; D_6__g__Saccharibacteria_(TM7)_[G-6]_s__bacterium_HMT_870
1414	0	0	0	0	0	0	0	0	0	0	0	0	0	0	0	0	0	0	0	0	0	0	0	0	0	0	0	0	0	0	0	0	0	0	0	0	0	0	0	47	0	0	0	0	0	0	0	0	0	0	D_0__k__Bacteria; D_1__p__Firmicutes; D_2__c__Negativicutes; D_3__o__Selenomonadales; D_4__f__Selenomonadaceae; D_5__g__Selenomonas; D_6__g__Selenomonas_s__sp._HMT_137
1415	0	0	0	0	0	0	0	0	0	0	0	0	0	0	0	0	0	0	0	0	0	0	0	0	0	0	0	0	0	0	0	0	0	0	0	0	0	0	0	0	0	0	0	0	0	0	47	0	0	0	D_0__k__Bacteria; D_1__p__Firmicutes; D_2__c__Negativicutes; D_3__o__Selenomonadales; D_4__f__Selenomonadaceae; D_5__g__Mitsuokella; D_6__g__Mitsuokella_s__sp._HMT_131
1416	0	0	0	9	0	0	0	0	0	0	0	0	0	0	0	0	0	0	0	0	37	0	0	0	0	0	0	0	0	0	0	0	0	0	0	0	0	0	0	0	0	0	0	0	0	0	0	0	0	0	D_0__k__Bacteria; D_1__p__Firmicutes; D_2__c__Clostridia; D_3__o__Eubacteriales; D_4__f__Lachnospiraceae; D_5__g__Johnsonella; D_6__g__Johnsonella_s__ignava
1417	0	0	0	0	0	37	0	0	0	0	0	0	0	0	0	0	0	0	0	0	0	0	9	0	0	0	0	0	0	0	0	0	0	0	0	0	0	0	0	0	0	0	0	0	0	0	0	0	0	0	D_0__k__Bacteria; D_1__p__Firmicutes; D_2__c__Erysipelotrichia; D_3__o__Erysipelotrichales; D_4__f__Erysipelotrichaceae; D_5__g__Solobacterium; D_6__g__Solobacterium_s__moorei
1418	0	0	0	0	0	0	0	46	0	0	0	0	0	0	0	0	0	0	0	0	0	0	0	0	0	0	0	0	0	0	0	0	0	0	0	0	0	0	0	0	0	0	0	0	0	0	0	0	0	0	D_0__k__Bacteria; D_1__p__Bacteroidetes; D_2__c__Bacteroidia; D_3__o__Bacteroidales; D_4__f__Prevotellaceae; D_5__g__Alloprevotella; D_6__g__Alloprevotella_s__sp._HMT_914
1419	0	0	0	0	0	0	0	0	0	0	46	0	0	0	0	0	0	0	0	0	0	0	0	0	0	0	0	0	0	0	0	0	0	0	0	0	0	0	0	0	0	0	0	0	0	0	0	0	0	0	D_0__k__Bacteria; D_1__p__Firmicutes; D_2__c__Clostridia; D_3__o__Eubacteriales; D_4__f__Peptococcaceae; D_5__g__Peptococcus; D_6__g__Peptococcus_s__sp._HMT_167
1420	0	0	0	0	0	0	0	0	0	0	0	46	0	0	0	0	0	0	0	0	0	0	0	0	0	0	0	0	0	0	0	0	0	0	0	0	0	0	0	0	0	0	0	0	0	0	0	0	0	0	D_0__k__Bacteria; D_1__p__Bacteroidetes; D_2__c__Flavobacteriia; D_3__o__Flavobacteriales; D_4__f__Weeksellaceae; D_5__g__Weeksellaceae_[G-1]; D_6__g__Weeksellaceae_[G-1]_s__sp._HMT_900
1421	0	0	0	0	0	0	0	0	0	0	0	0	0	0	0	46	0	0	0	0	0	0	0	0	0	0	0	0	0	0	0	0	0	0	0	0	0	0	0	0	0	0	0	0	0	0	0	0	0	0	D_0__k__Bacteria; D_1__p__Firmicutes; D_2__c__Negativicutes; D_3__o__Selenomonadales; D_4__f__Selenomonadaceae; D_5__g__Selenomonas; D_6__g__Selenomonas_s__noxia
1422	0	0	0	0	0	0	0	0	0	0	0	0	0	0	0	0	0	0	0	0	0	0	0	0	0	46	0	0	0	0	0	0	0	0	0	0	0	0	0	0	0	0	0	0	0	0	0	0	0	0	D_0__k__Bacteria; D_1__p__Bacteroidetes; D_2__c__Bacteroidia; D_3__o__Bacteroidales; D_4__f__Prevotellaceae; D_5__g__Prevotella; D_6__g__Prevotella_s__salivae
1423	0	0	0	0	0	0	0	0	0	0	0	0	0	0	0	0	0	0	0	0	0	0	0	0	0	0	0	0	0	0	0	0	0	0	0	0	46	0	0	0	0	0	0	0	0	0	0	0	0	0	D_0__k__Bacteria; D_1__p__Firmicutes; D_2__c__Negativicutes; D_3__o__Selenomonadales; D_4__f__Selenomonadaceae; D_5__g__Selenomonas; D_6__g__Selenomonas_s__sp._HMT_134
1424	0	45	0	0	0	0	0	0	0	0	0	0	0	0	0	0	0	0	0	0	0	0	0	0	0	0	0	0	0	0	0	0	0	0	0	0	0	0	0	0	0	0	0	0	0	0	0	0	0	0	D_0__k__Bacteria; D_1__p__Fusobacteria; D_2__c__Fusobacteriia; D_3__o__Fusobacteriales; D_4__f__Leptotrichiaceae; D_5__g__Leptotrichia; D_6__g__Leptotrichia_s__sp._HMT_463
1425	0	0	45	0	0	0	0	0	0	0	0	0	0	0	0	0	0	0	0	0	0	0	0	0	0	0	0	0	0	0	0	0	0	0	0	0	0	0	0	0	0	0	0	0	0	0	0	0	0	0	D_0__k__Bacteria; D_1__p__Synergistetes; D_2__c__Synergistia; D_3__o__Synergistales; D_4__f__Synergistaceae; D_5__g__Fretibacterium; D_6__g__Fretibacterium_s__sp._HMT_358
1426	0	0	0	45	0	0	0	0	0	0	0	0	0	0	0	0	0	0	0	0	0	0	0	0	0	0	0	0	0	0	0	0	0	0	0	0	0	0	0	0	0	0	0	0	0	0	0	0	0	0	D_0__k__Bacteria; D_1__p__Firmicutes; D_2__c__Bacilli; D_3__o__Lactobacillales; D_4__f__Streptococcaceae; D_5__g__Streptococcus; D_6__g__Streptococcus_s__oralis_subsp._dentisani_clade_058
1427	0	0	0	0	0	0	0	0	0	0	0	0	0	0	0	0	0	45	0	0	0	0	0	0	0	0	0	0	0	0	0	0	0	0	0	0	0	0	0	0	0	0	0	0	0	0	0	0	0	0	D_0__k__Bacteria; D_1__p__Bacteroidetes; D_2__c__Bacteroidia; D_3__o__Bacteroidales; D_4__f__Prevotellaceae; D_5__g__Prevotella; D_6__g__Prevotella_s__sp._HMT_942
1428	0	0	0	0	0	0	0	0	0	0	0	0	0	0	0	0	0	0	0	45	0	0	0	0	0	0	0	0	0	0	0	0	0	0	0	0	0	0	0	0	0	0	0	0	0	0	0	0	0	0	D_0__k__Bacteria; D_1__p__Actinobacteria; D_2__c__Actinomycetia; D_3__o__Actinomycetales; D_4__f__Actinomycetaceae; D_5__g__Actinomyces; D_6__g__Actinomyces_s__sp._HMT_171
1429	0	0	0	0	0	0	0	0	0	0	0	0	0	0	0	0	0	0	0	0	45	0	0	0	0	0	0	0	0	0	0	0	0	0	0	0	0	0	0	0	0	0	0	0	0	0	0	0	0	0	D_0__k__Bacteria; D_1__p__Firmicutes; D_2__c__Negativicutes; D_3__o__Selenomonadales; D_4__f__Selenomonadaceae; D_5__g__Selenomonas; D_6__g__Selenomonas_s__sputigena
1430	0	0	0	0	0	0	0	0	0	0	0	0	0	0	0	0	0	0	0	0	0	0	0	0	0	0	0	0	0	0	0	0	45	0	0	0	0	0	0	0	0	0	0	0	0	0	0	0	0	0	D_0__k__Bacteria; D_1__p__Proteobacteria; D_2__c__Gammaproteobacteria; D_3__o__Pasteurellales; D_4__f__Pasteurellaceae; D_5__g__Aggregatibacter; D_6__g__Aggregatibacter_s__paraphrophilus
1431	0	0	0	0	0	0	0	0	0	0	0	0	0	0	0	0	0	0	0	0	0	0	0	0	0	0	0	0	0	0	0	0	0	45	0	0	0	0	0	0	0	0	0	0	0	0	0	0	0	0	D_0__k__Bacteria; D_1__p__Proteobacteria; D_2__c__Gammaproteobacteria; D_3__o__Pasteurellales; D_4__f__Pasteurellaceae; D_5__g__Haemophilus; D_6__g__Haemophilus_s__sp._HMT_036
1432	0	0	0	0	0	0	0	0	0	0	0	0	0	0	0	0	0	0	0	0	0	0	0	0	0	0	0	0	0	0	0	0	0	0	0	0	45	0	0	0	0	0	0	0	0	0	0	0	0	0	D_0__k__Bacteria; D_1__p__Bacteroidetes; D_2__c__Bacteroidia; D_3__o__Bacteroidales; D_4__f__Porphyromonadaceae; D_5__g__Porphyromonas; D_6__g__Porphyromonas_s__sp._HMT_275
1433	0	0	0	0	0	0	0	0	0	0	0	0	0	0	0	0	0	0	0	0	0	0	0	0	0	0	0	0	0	0	0	0	0	0	0	0	0	0	0	45	0	0	0	0	0	0	0	0	0	0	D_0__k__Bacteria; D_1__p__Fusobacteria; D_2__c__Fusobacteriia; D_3__o__Fusobacteriales; D_4__f__Leptotrichiaceae; D_5__g__Leptotrichia; D_6__g__Leptotrichia_s__sp._HMT_215
1434	0	0	0	0	0	0	0	0	0	0	0	0	0	0	0	0	0	0	0	0	0	0	0	0	0	0	0	0	0	0	0	0	0	0	0	0	0	0	0	0	0	0	0	45	0	0	0	0	0	0	D_0__k__Bacteria; D_1__p__Firmicutes; D_2__c__Negativicutes; D_3__o__Veillonellales; D_4__f__Veillonellaceae; D_5__g__Anaeroglobus; D_6__g__Anaeroglobus_s__geminatus
1435	0	0	0	0	0	0	0	0	0	0	0	0	0	0	0	0	0	0	0	0	0	0	0	0	0	0	0	0	0	0	0	0	0	0	0	0	0	0	0	0	0	0	0	0	45	0	0	0	0	0	D_0__k__Bacteria; D_1__p__Bacteroidetes; D_2__c__Bacteroidetes_[C-1]; D_3__o__Bacteroidetes_[O-1]; D_4__f__Bacteroidetes_[F-1]; D_5__g__Bacteroidetes_[G-3]; D_6__g__Bacteroidetes_[G-3]_s__bacterium_HMT_280
1436	0	0	0	8	0	7	0	0	0	0	0	0	0	0	0	0	0	0	0	0	0	0	0	0	0	0	0	0	0	0	0	0	0	0	0	0	0	0	0	0	0	0	0	0	0	0	0	0	0	29	D_0__k__Bacteria; D_1__p__Actinobacteria; D_2__c__Actinomycetia; D_3__o__Micrococcales; D_4__f__Micrococcaceae; D_5__g__Rothia; D_6__g__Rothia_s__mucilaginosa
1437	0	0	0	0	44	0	0	0	0	0	0	0	0	0	0	0	0	0	0	0	0	0	0	0	0	0	0	0	0	0	0	0	0	0	0	0	0	0	0	0	0	0	0	0	0	0	0	0	0	0	D_0__k__Bacteria; D_1__p__Firmicutes; D_2__c__Negativicutes; D_3__o__Selenomonadales; D_4__f__Selenomonadaceae; D_5__g__Selenomonas; D_6__g__Selenomonas_s__sputigena
1438	0	0	0	0	25	5	0	0	0	0	0	0	0	0	0	14	0	0	0	0	0	0	0	0	0	0	0	0	0	0	0	0	0	0	0	0	0	0	0	0	0	0	0	0	0	0	0	0	0	0	D_0__k__Bacteria; D_1__p__Saccharibacteria_(TM7); D_2__c__Saccharibacteria_(TM7)_[C-1]; D_3__o__Saccharibacteria_(TM7)_[O-1]; D_4__f__Saccharibacteria_(TM7)_[F-2]; D_5__g__Saccharibacteria_(TM7)_[G-5]; D_6__g__Saccharibacteria_(TM7)_[G-5]_s__bacterium_HMT_356
1439	0	0	0	0	0	0	0	0	0	0	0	44	0	0	0	0	0	0	0	0	0	0	0	0	0	0	0	0	0	0	0	0	0	0	0	0	0	0	0	0	0	0	0	0	0	0	0	0	0	0	D_0__k__Bacteria; D_1__p__Firmicutes; D_2__c__Negativicutes; D_3__o__Veillonellales; D_4__f__Veillonellaceae; D_5__g__Veillonella; D_6__g__Veillonella_s__sp._HMT_780
1440	0	0	0	0	0	0	0	0	0	0	0	44	0	0	0	0	0	0	0	0	0	0	0	0	0	0	0	0	0	0	0	0	0	0	0	0	0	0	0	0	0	0	0	0	0	0	0	0	0	0	D_0__k__Bacteria; D_1__p__Bacteroidetes; D_2__c__Bacteroidia; D_3__o__Bacteroidales; D_4__f__Prevotellaceae; D_5__g__Prevotella; D_6__g__Prevotella_s__pallens
1441	0	0	0	0	0	0	0	0	0	0	0	0	0	0	0	44	0	0	0	0	0	0	0	0	0	0	0	0	0	0	0	0	0	0	0	0	0	0	0	0	0	0	0	0	0	0	0	0	0	0	D_0__k__Bacteria; D_1__p__Bacteroidetes; D_2__c__Bacteroidia; D_3__o__Bacteroidales; D_4__f__Prevotellaceae; D_5__g__Prevotella; D_6__g__Prevotella_s__maculosa
1442	0	0	0	0	0	0	0	0	0	0	0	0	0	0	0	0	0	0	0	0	0	0	0	0	0	0	44	0	0	0	0	0	0	0	0	0	0	0	0	0	0	0	0	0	0	0	0	0	0	0	D_0__k__Bacteria; D_1__p__Actinobacteria; D_2__c__Actinomycetia; D_3__o__Actinomycetales; D_4__f__Actinomycetaceae; D_5__g__Actinomyces; D_6__g__Actinomyces_s__sp._HMT_525
1443	0	0	0	0	0	0	0	0	0	0	0	0	0	0	0	0	0	0	0	0	0	0	0	0	0	0	0	0	0	0	0	44	0	0	0	0	0	0	0	0	0	0	0	0	0	0	0	0	0	0	D_0__k__Bacteria; D_1__p__Actinobacteria; D_2__c__Actinomycetia; D_3__o__Actinomycetales; D_4__f__Actinomycetaceae; D_5__g__Schaalia; D_6__g__Schaalia_s__sp._HMT_877
1444	0	0	0	0	0	0	0	0	0	0	0	0	0	0	0	0	0	0	0	0	0	0	0	0	0	0	0	0	0	0	0	0	44	0	0	0	0	0	0	0	0	0	0	0	0	0	0	0	0	0	D_0__k__Bacteria; D_1__p__Firmicutes; D_2__c__Negativicutes; D_3__o__Selenomonadales; D_4__f__Selenomonadaceae; D_5__g__Selenomonas; D_6__g__Selenomonas_s__infelix
1445	0	0	0	0	0	0	0	0	0	0	0	0	0	0	0	0	0	0	0	0	0	0	0	0	0	0	0	0	0	0	0	0	0	44	0	0	0	0	0	0	0	0	0	0	0	0	0	0	0	0	D_0__k__Bacteria; D_1__p__Proteobacteria; D_2__c__Betaproteobacteria; D_3__o__Neisseriales; D_4__f__Neisseriaceae; D_5__g__Kingella; D_6__g__Kingella_s__denitrificans
1446	0	0	0	0	0	0	0	0	0	0	0	0	0	0	0	0	0	0	0	0	0	0	0	0	0	0	0	0	0	0	0	0	0	0	0	0	0	0	0	0	0	0	0	0	0	0	0	0	44	0	D_0__k__Bacteria; D_1__p__Spirochaetes; D_2__c__Spirochaetia; D_3__o__Spirochaetales; D_4__f__Treponemataceae; D_5__g__Treponema; D_6__g__Treponema_s__sp._HMT_237
1447	0	0	0	0	0	0	0	0	0	0	0	0	0	0	0	0	0	0	0	0	0	0	0	0	0	0	0	0	0	0	0	0	0	0	0	0	0	0	0	0	0	0	0	0	0	0	0	0	44	0	D_0__k__Bacteria; D_1__p__Firmicutes; D_2__c__Negativicutes; D_3__o__Selenomonadales; D_4__f__Selenomonadaceae; D_5__g__Selenomonas; D_6__g__Selenomonas_s__sp._HMT_138
1448	0	43	0	0	0	0	0	0	0	0	0	0	0	0	0	0	0	0	0	0	0	0	0	0	0	0	0	0	0	0	0	0	0	0	0	0	0	0	0	0	0	0	0	0	0	0	0	0	0	0	D_0__k__Bacteria; D_1__p__Bacteroidetes; D_2__c__Flavobacteriia; D_3__o__Flavobacteriales; D_4__f__Flavobacteriaceae; D_5__g__Capnocytophaga; D_6__g__Capnocytophaga_s__sp._HMT_878
1449	0	0	0	0	0	0	43	0	0	0	0	0	0	0	0	0	0	0	0	0	0	0	0	0	0	0	0	0	0	0	0	0	0	0	0	0	0	0	0	0	0	0	0	0	0	0	0	0	0	0	D_0__k__Bacteria; D_1__p__Fusobacteria; D_2__c__Fusobacteriia; D_3__o__Fusobacteriales; D_4__f__Fusobacteriaceae; D_5__g__Fusobacterium; D_6__g__Fusobacterium_s__nucleatum
1450	0	0	0	0	0	0	0	43	0	0	0	0	0	0	0	0	0	0	0	0	0	0	0	0	0	0	0	0	0	0	0	0	0	0	0	0	0	0	0	0	0	0	0	0	0	0	0	0	0	0	D_0__k__Bacteria; D_1__p__Gracilibacteria_(GN02); D_2__c__Gracilibacteria_(GN02)_[C-1]; D_3__o__Gracilibacteria_(GN02)_[O-1]; D_4__f__Gracilibacteria_(GN02)_[F-1]; D_5__g__Gracilibacteria_(GN02)_[G-1]; D_6__g__Gracilibacteria_(GN02)_[G-1]_s__bacterium_HMT_872
1451	0	0	0	0	0	0	0	19	0	0	0	0	0	0	0	0	0	0	24	0	0	0	0	0	0	0	0	0	0	0	0	0	0	0	0	0	0	0	0	0	0	0	0	0	0	0	0	0	0	0	D_0__k__Bacteria; D_1__p__Bacteroidetes; D_2__c__Bacteroidia; D_3__o__Bacteroidales; D_4__f__Prevotellaceae; D_5__g__Alloprevotella; D_6__g__Alloprevotella_s__sp._HMT_912
1452	0	0	0	0	0	0	0	0	0	0	0	0	0	0	0	0	0	43	0	0	0	0	0	0	0	0	0	0	0	0	0	0	0	0	0	0	0	0	0	0	0	0	0	0	0	0	0	0	0	0	D_0__k__Bacteria; D_1__p__Bacteroidetes; D_2__c__Bacteroidia; D_3__o__Bacteroidales; D_4__f__Prevotellaceae; D_5__g__Prevotella; D_6__g__Prevotella_s__maculosa
1453	0	0	0	0	0	0	0	0	0	0	0	0	0	0	0	0	0	18	0	0	0	0	0	0	0	0	0	0	0	0	0	0	0	0	0	0	0	0	0	0	0	0	0	0	0	0	0	0	0	25	D_0__k__Bacteria; D_1__p__Proteobacteria; D_2__c__Betaproteobacteria; D_3__o__Neisseriales; D_4__f__Neisseriaceae; D_5__g__Eikenella; D_6__g__Eikenella_s__corrodens
1454	0	0	0	0	0	0	0	0	0	0	0	0	0	0	0	0	0	0	0	43	0	0	0	0	0	0	0	0	0	0	0	0	0	0	0	0	0	0	0	0	0	0	0	0	0	0	0	0	0	0	D_0__k__Bacteria; D_1__p__Firmicutes; D_2__c__Negativicutes; D_3__o__Veillonellales; D_4__f__Veillonellaceae; D_5__g__Veillonella; D_6__g__Veillonella_s__parvula
1455	0	0	0	0	0	0	0	0	0	0	0	0	0	0	0	0	0	0	0	0	0	0	43	0	0	0	0	0	0	0	0	0	0	0	0	0	0	0	0	0	0	0	0	0	0	0	0	0	0	0	D_0__k__Bacteria; D_1__p__Firmicutes; D_2__c__Clostridia; D_3__o__Eubacteriales; D_4__f__Lachnospiraceae; D_5__g__Lachnoanaerobaculum; D_6__g__Lachnoanaerobaculum_s__saburreum
1456	0	0	0	0	0	0	0	0	0	0	0	0	0	0	0	0	0	0	0	0	0	0	0	0	0	0	0	0	0	0	0	0	0	0	43	0	0	0	0	0	0	0	0	0	0	0	0	0	0	0	D_0__k__Bacteria; D_1__p__Firmicutes; D_2__c__Bacilli; D_3__o__Lactobacillales; D_4__f__Lactobacillaceae; D_5__g__Limosilactobacillus; D_6__g__Limosilactobacillus_s__vaginalis
1457	0	0	0	0	0	0	0	0	0	0	0	0	0	0	0	0	0	0	0	0	0	0	0	0	0	0	0	0	0	0	0	0	0	0	0	0	43	0	0	0	0	0	0	0	0	0	0	0	0	0	D_0__k__Bacteria; D_1__p__Spirochaetes; D_2__c__Spirochaetia; D_3__o__Spirochaetales; D_4__f__Treponemataceae; D_5__g__Treponema; D_6__g__Treponema_s__sp._HMT_237
1458	0	0	0	0	0	0	0	0	0	0	0	0	0	0	0	0	0	0	0	0	0	0	0	0	0	0	0	0	0	0	0	0	0	0	0	0	0	0	0	0	0	0	0	0	43	0	0	0	0	0	D_0__k__Bacteria; D_1__p__Firmicutes; D_2__c__Negativicutes; D_3__o__Selenomonadales; D_4__f__Selenomonadaceae; D_5__g__Selenomonas; D_6__g__Selenomonas_s__sputigena
1459	0	0	0	0	0	0	0	0	0	0	0	0	0	0	0	0	0	0	0	0	0	0	0	0	0	0	0	0	0	0	0	0	0	0	0	0	0	0	0	0	0	0	0	0	43	0	0	0	0	0	D_0__k__Bacteria; D_1__p__Firmicutes; D_2__c__Negativicutes; D_3__o__Selenomonadales; D_4__f__Selenomonadaceae; D_5__g__Selenomonas; D_6__g__Selenomonas_s__sp._HMT_138
1460	0	0	0	19	0	0	0	0	0	0	0	9	0	0	0	0	0	0	0	0	0	0	0	0	0	0	0	0	0	0	0	0	0	0	0	0	0	0	14	0	0	0	0	0	0	0	0	0	0	0	D_0__k__Bacteria; D_1__p__Firmicutes; D_2__c__Clostridia; D_3__o__Eubacteriales; D_4__f__Peptococcaceae; D_5__g__Peptococcus; D_6__g__Peptococcus_s__sp._HMT_168
1461	0	0	0	2	19	0	0	0	0	0	0	0	0	0	0	0	0	0	0	0	0	13	0	0	0	0	0	0	7	0	0	0	0	0	0	0	0	0	0	0	0	0	0	0	0	0	1	0	0	0	D_0__k__Bacteria; D_1__p__Firmicutes; D_2__c__Bacilli; D_3__o__Lactobacillales; D_4__f__Streptococcaceae; D_5__g__Streptococcus; D_6__g__Streptococcus_s__parasanguinis_clade_411
1462	0	0	0	0	42	0	0	0	0	0	0	0	0	0	0	0	0	0	0	0	0	0	0	0	0	0	0	0	0	0	0	0	0	0	0	0	0	0	0	0	0	0	0	0	0	0	0	0	0	0	D_0__k__Bacteria; D_1__p__Spirochaetes; D_2__c__Spirochaetia; D_3__o__Spirochaetales; D_4__f__Treponemataceae; D_5__g__Treponema; D_6__g__Treponema_s__sp._HMT_951
1463	0	0	0	0	0	19	23	0	0	0	0	0	0	0	0	0	0	0	0	0	0	0	0	0	0	0	0	0	0	0	0	0	0	0	0	0	0	0	0	0	0	0	0	0	0	0	0	0	0	0	D_0__k__Bacteria; D_1__p__Firmicutes; D_2__c__Bacilli; D_3__o__Lactobacillales; D_4__f__Streptococcaceae; D_5__g__Streptococcus; D_6__g__Streptococcus_s__constellatus
1464	0	0	0	0	0	0	0	0	0	0	0	42	0	0	0	0	0	0	0	0	0	0	0	0	0	0	0	0	0	0	0	0	0	0	0	0	0	0	0	0	0	0	0	0	0	0	0	0	0	0	D_0__k__Bacteria; D_1__p__Firmicutes; D_2__c__Negativicutes; D_3__o__Selenomonadales; D_4__f__Selenomonadaceae; D_5__g__Selenomonas; D_6__g__Selenomonas_s__dianae
1465	0	0	0	0	0	0	0	0	0	0	0	42	0	0	0	0	0	0	0	0	0	0	0	0	0	0	0	0	0	0	0	0	0	0	0	0	0	0	0	0	0	0	0	0	0	0	0	0	0	0	D_0__k__Bacteria; D_1__p__Firmicutes; D_2__c__Bacilli; D_3__o__Lactobacillales; D_4__f__Lactobacillaceae; D_5__g__Limosilactobacillus; D_6__g__Limosilactobacillus_s__oris
1466	0	0	0	0	0	0	0	0	0	0	0	0	0	0	0	0	0	0	0	42	0	0	0	0	0	0	0	0	0	0	0	0	0	0	0	0	0	0	0	0	0	0	0	0	0	0	0	0	0	0	D_0__k__Bacteria; D_1__p__Proteobacteria; D_2__c__Betaproteobacteria; D_3__o__Neisseriales; D_4__f__Neisseriaceae; D_5__g__Neisseria; D_6__g__Neisseria_s__flava
1467	0	0	0	0	0	0	0	0	0	0	0	0	0	0	0	0	0	0	0	0	42	0	0	0	0	0	0	0	0	0	0	0	0	0	0	0	0	0	0	0	0	0	0	0	0	0	0	0	0	0	D_0__k__Bacteria; D_1__p__Spirochaetes; D_2__c__Spirochaetia; D_3__o__Spirochaetales; D_4__f__Treponemataceae; D_5__g__Treponema; D_6__g__Treponema_s__socranskii
1468	0	0	0	0	0	0	0	0	0	0	0	0	0	0	0	0	0	0	0	0	0	0	42	0	0	0	0	0	0	0	0	0	0	0	0	0	0	0	0	0	0	0	0	0	0	0	0	0	0	0	D_0__k__Bacteria; D_1__p__Fusobacteria; D_2__c__Fusobacteriia; D_3__o__Fusobacteriales; D_4__f__Leptotrichiaceae; D_5__g__Leptotrichia; D_6__g__Leptotrichia_s__sp._HMT_218
1469	0	0	0	0	0	0	0	0	0	0	0	0	0	0	0	0	0	0	0	0	0	0	0	0	0	42	0	0	0	0	0	0	0	0	0	0	0	0	0	0	0	0	0	0	0	0	0	0	0	0	D_0__k__Bacteria; D_1__p__Firmicutes; D_2__c__Negativicutes; D_3__o__Selenomonadales; D_4__f__Selenomonadaceae; D_5__g__Selenomonas; D_6__g__Selenomonas_s__sp._HMT_137
1470	0	0	0	0	0	0	0	0	0	0	0	0	0	0	0	0	0	0	0	0	0	0	0	0	0	42	0	0	0	0	0	0	0	0	0	0	0	0	0	0	0	0	0	0	0	0	0	0	0	0	D_0__k__Bacteria; D_1__p__Actinobacteria; D_2__c__Actinomycetia; D_3__o__Actinomycetales; D_4__f__Actinomycetaceae; D_5__g__Actinomyces; D_6__g__Actinomyces_s__sp._HMT_897
1471	0	0	0	0	0	0	0	0	0	0	0	0	0	0	0	0	0	0	0	0	0	0	0	0	0	0	0	0	0	0	0	0	0	0	0	42	0	0	0	0	0	0	0	0	0	0	0	0	0	0	D_0__k__Bacteria; D_1__p__Fusobacteria; D_2__c__Fusobacteriia; D_3__o__Fusobacteriales; D_4__f__Leptotrichiaceae; D_5__g__Leptotrichia; D_6__g__Leptotrichia_s__wadei
1472	0	0	0	0	0	0	0	0	0	0	0	0	0	0	0	0	0	0	0	0	0	0	0	0	0	0	0	0	0	0	0	0	0	0	0	0	0	42	0	0	0	0	0	0	0	0	0	0	0	0	D_0__k__Bacteria; D_1__p__Proteobacteria; D_2__c__Betaproteobacteria; D_3__o__Neisseriales; D_4__f__Neisseriaceae; D_5__g__Kingella; D_6__g__Kingella_s__denitrificans
1473	0	0	0	0	0	0	0	0	0	0	0	0	0	0	0	0	0	0	0	0	0	0	0	0	0	0	0	0	0	0	0	0	0	0	0	0	0	0	42	0	0	0	0	0	0	0	0	0	0	0	D_0__k__Bacteria; D_1__p__Bacteroidetes; D_2__c__Bacteroidia; D_3__o__Bacteroidales; D_4__f__Prevotellaceae; D_5__g__Prevotella; D_6__g__Prevotella_s__oris
1474	0	0	0	0	0	0	0	0	0	0	0	0	0	0	0	0	0	0	0	0	0	0	0	0	0	0	0	0	0	0	0	0	0	0	0	0	0	0	0	42	0	0	0	0	0	0	0	0	0	0	D_0__k__Bacteria; D_1__p__Bacteroidetes; D_2__c__Bacteroidia; D_3__o__Bacteroidales; D_4__f__Prevotellaceae; D_5__g__Prevotella; D_6__g__Prevotella_s__jejuni
1475	0	0	0	0	0	0	0	0	0	0	0	0	0	0	0	0	0	0	0	0	0	0	0	0	0	0	0	0	0	0	0	0	0	0	0	0	0	0	0	0	42	0	0	0	0	0	0	0	0	0	D_0__k__Bacteria; D_1__p__Firmicutes; D_2__c__Bacilli; D_3__o__Lactobacillales; D_4__f__Carnobacteriaceae; D_5__g__Granulicatella; D_6__g__Granulicatella_s__elegans
1476	0	0	0	0	0	0	0	0	0	0	0	0	0	0	0	0	0	0	0	0	0	0	0	0	0	0	0	0	0	0	0	0	0	0	0	0	0	0	0	0	42	0	0	0	0	0	0	0	0	0	D_0__k__Bacteria; D_1__p__Actinobacteria; D_2__c__Actinomycetia; D_3__o__Actinomycetales; D_4__f__Actinomycetaceae; D_5__g__Actinomyces; D_6__g__Actinomyces_s__sp._HMT_175
1477	0	0	0	0	0	0	0	0	0	0	0	0	0	0	0	0	0	0	0	0	0	0	0	0	0	0	0	0	0	0	0	0	0	0	0	0	0	0	0	0	0	0	0	42	0	0	0	0	0	0	D_0__k__Bacteria; D_1__p__Actinobacteria; D_2__c__Coriobacteriia; D_3__o__Coriobacteriales; D_4__f__Atopobiaceae; D_5__g__Lancefieldella; D_6__g__Lancefieldella_s__parvula
1478	0	0	0	0	0	0	0	0	0	0	0	0	0	0	0	0	0	0	0	0	0	0	0	0	0	0	0	0	0	0	0	0	0	0	0	0	0	0	0	0	0	0	0	0	0	0	0	0	0	42	D_0__k__Bacteria; D_1__p__Proteobacteria; D_2__c__Gammaproteobacteria; D_3__o__Pasteurellales; D_4__f__Pasteurellaceae; D_5__g__Aggregatibacter; D_6__g__Aggregatibacter_s__sp._HMT_512
1479	0	0	0	0	0	0	0	0	0	0	0	0	0	0	0	0	0	0	0	0	0	0	0	0	0	0	0	0	0	0	0	0	0	0	0	0	0	0	0	0	0	0	0	0	0	0	0	0	0	42	D_0__k__Bacteria; D_1__p__Proteobacteria; D_2__c__Gammaproteobacteria; D_3__o__Cardiobacteriales; D_4__f__Cardiobacteriaceae; D_5__g__Cardiobacterium; D_6__g__Cardiobacterium_s__valvarum
1480	0	0	41	0	0	0	0	0	0	0	0	0	0	0	0	0	0	0	0	0	0	0	0	0	0	0	0	0	0	0	0	0	0	0	0	0	0	0	0	0	0	0	0	0	0	0	0	0	0	0	D_0__k__Bacteria; D_1__p__Bacteroidetes; D_2__c__Bacteroidia; D_3__o__Bacteroidales; D_4__f__Prevotellaceae; D_5__g__Prevotella; D_6__g__Prevotella_s__buccae
1481	0	0	0	0	41	0	0	0	0	0	0	0	0	0	0	0	0	0	0	0	0	0	0	0	0	0	0	0	0	0	0	0	0	0	0	0	0	0	0	0	0	0	0	0	0	0	0	0	0	0	D_0__k__Bacteria; D_1__p__Bacteroidetes; D_2__c__Flavobacteriia; D_3__o__Flavobacteriales; D_4__f__Flavobacteriaceae; D_5__g__Capnocytophaga; D_6__g__Capnocytophaga_s__sputigena
1482	0	0	0	0	0	0	0	0	0	0	0	0	0	0	0	41	0	0	0	0	0	0	0	0	0	0	0	0	0	0	0	0	0	0	0	0	0	0	0	0	0	0	0	0	0	0	0	0	0	0	D_0__k__Bacteria; D_1__p__Actinobacteria; D_2__c__Actinomycetia; D_3__o__Corynebacteriales; D_4__f__Corynebacteriaceae; D_5__g__Corynebacterium; D_6__g__Corynebacterium_s__matruchotii
1483	0	0	0	0	0	0	0	0	0	0	0	0	0	0	0	0	41	0	0	0	0	0	0	0	0	0	0	0	0	0	0	0	0	0	0	0	0	0	0	0	0	0	0	0	0	0	0	0	0	0	D_0__k__Bacteria; D_1__p__Proteobacteria; D_2__c__Gammaproteobacteria; D_3__o__Pasteurellales; D_4__f__Pasteurellaceae; D_5__g__Aggregatibacter; D_6__g__Aggregatibacter_s__actinomycetemcomitans
1484	0	0	0	0	0	0	0	0	0	0	0	0	0	0	0	0	0	24	0	0	0	0	0	0	0	0	0	0	0	0	0	0	0	0	0	0	0	0	0	0	0	0	0	0	0	0	0	17	0	0	D_0__k__Bacteria; D_1__p__Firmicutes; D_2__c__Negativicutes; D_3__o__Selenomonadales; D_4__f__Selenomonadaceae; D_5__g__Selenomonas; D_6__g__Selenomonas_s__sp._HMT_137
1485	0	0	0	0	0	0	0	0	0	0	0	0	0	0	0	0	0	0	41	0	0	0	0	0	0	0	0	0	0	0	0	0	0	0	0	0	0	0	0	0	0	0	0	0	0	0	0	0	0	0	D_0__k__Bacteria; D_1__p__Firmicutes; D_2__c__Tissierellia; D_3__o__Tissierellales; D_4__f__Peptoniphilaceae; D_5__g__Peptoniphilus; D_6__g__Peptoniphilus_s__sp._HMT_386
1486	0	0	0	0	0	0	0	0	0	0	0	0	0	0	0	0	0	0	0	0	41	0	0	0	0	0	0	0	0	0	0	0	0	0	0	0	0	0	0	0	0	0	0	0	0	0	0	0	0	0	D_0__k__Bacteria; D_1__p__Firmicutes; D_2__c__Clostridia; D_3__o__Eubacteriales; D_4__f__Peptostreptococcaceae; D_5__g__Peptostreptococcaceae_[G-5]; D_6__g__Peptostreptococcaceae_[G-5]_s__bacterium_HMT_493
1487	0	0	0	0	0	0	0	0	0	0	0	0	0	0	0	0	0	0	0	0	0	0	0	0	0	0	0	0	0	0	0	0	0	0	0	0	41	0	0	0	0	0	0	0	0	0	0	0	0	0	D_0__k__Bacteria; D_1__p__Firmicutes; D_2__c__Negativicutes; D_3__o__Selenomonadales; D_4__f__Selenomonadaceae; D_5__g__Selenomonas; D_6__g__Selenomonas_s__sputigena
1488	0	0	0	0	0	0	0	0	0	0	0	0	0	0	0	0	0	0	0	0	0	0	0	0	0	0	0	0	0	0	0	0	0	0	0	0	0	0	41	0	0	0	0	0	0	0	0	0	0	0	D_0__k__Bacteria; D_1__p__Gracilibacteria_(GN02); D_2__c__Gracilibacteria_(GN02)_[C-1]; D_3__o__Gracilibacteria_(GN02)_[O-1]; D_4__f__Gracilibacteria_(GN02)_[F-1]; D_5__g__Gracilibacteria_(GN02)_[G-1]; D_6__g__Gracilibacteria_(GN02)_[G-1]_s__bacterium_HMT_872
1489	0	0	0	0	0	0	0	0	0	0	0	0	0	0	0	0	0	0	0	0	0	0	0	0	0	0	0	0	0	0	0	0	0	0	0	0	0	0	0	0	0	0	0	0	0	0	41	0	0	0	D_0__k__Bacteria; D_1__p__Fusobacteria; D_2__c__Fusobacteriia; D_3__o__Fusobacteriales; D_4__f__Fusobacteriaceae; D_5__g__Fusobacterium; D_6__g__Fusobacterium_s__nucleatum
1490	0	0	0	0	0	0	0	0	0	0	0	0	0	0	0	0	0	0	0	0	0	0	0	0	0	0	0	0	0	0	0	0	0	0	0	0	0	0	0	0	0	0	0	0	0	0	0	0	0	41	D_0__k__Bacteria; D_1__p__Firmicutes; D_2__c__Negativicutes; D_3__o__Veillonellales; D_4__f__Veillonellaceae; D_5__g__Veillonella; D_6__g__Veillonella_s__parvula
1491	0	0	0	0	0	0	0	0	0	0	0	0	0	0	0	0	0	0	0	0	0	0	0	0	0	0	0	0	0	0	0	0	0	0	0	0	0	0	0	0	0	0	0	0	0	0	0	0	0	41	D_0__k__Bacteria; D_1__p__Firmicutes; D_2__c__Bacilli; D_3__o__Bacillales; D_4__f__Gemellaceae; D_5__g__Gemella; D_6__g__Gemella_s__sanguinis
1492	0	0	40	0	0	0	0	0	0	0	0	0	0	0	0	0	0	0	0	0	0	0	0	0	0	0	0	0	0	0	0	0	0	0	0	0	0	0	0	0	0	0	0	0	0	0	0	0	0	0	D_0__k__Bacteria; D_1__p__Firmicutes; D_2__c__Clostridia; D_3__o__Eubacteriales; D_4__f__Lachnospiraceae; D_5__g__Lachnoanaerobaculum; D_6__g__Lachnoanaerobaculum_s__saburreum
1493	0	0	40	0	0	0	0	0	0	0	0	0	0	0	0	0	0	0	0	0	0	0	0	0	0	0	0	0	0	0	0	0	0	0	0	0	0	0	0	0	0	0	0	0	0	0	0	0	0	0	D_0__k__Bacteria; D_1__p__Actinobacteria; D_2__c__Actinomycetia; D_3__o__Actinomycetales; D_4__f__Actinomycetaceae; D_5__g__Schaalia; D_6__g__Schaalia_s__sp._HMT_877
1494	0	0	0	0	0	40	0	0	0	0	0	0	0	0	0	0	0	0	0	0	0	0	0	0	0	0	0	0	0	0	0	0	0	0	0	0	0	0	0	0	0	0	0	0	0	0	0	0	0	0	D_0__k__Bacteria; D_1__p__Saccharibacteria_(TM7); D_2__c__Saccharibacteria_(TM7)_[C-1]; D_3__o__Saccharibacteria_(TM7)_[O-1]; D_4__f__Saccharibacteria_(TM7)_[F-1]; D_5__g__Saccharibacteria_(TM7)_[G-3]; D_6__g__Saccharibacteria_(TM7)_[G-3]_s__bacterium_HMT_351
1495	0	0	0	0	0	0	40	0	0	0	0	0	0	0	0	0	0	0	0	0	0	0	0	0	0	0	0	0	0	0	0	0	0	0	0	0	0	0	0	0	0	0	0	0	0	0	0	0	0	0	D_0__k__Bacteria; D_1__p__Bacteroidetes; D_2__c__Bacteroidia; D_3__o__Bacteroidales; D_4__f__Prevotellaceae; D_5__g__Prevotella; D_6__g__Prevotella_s__intermedia
1496	0	0	0	0	0	0	0	0	0	0	0	0	0	0	0	40	0	0	0	0	0	0	0	0	0	0	0	0	0	0	0	0	0	0	0	0	0	0	0	0	0	0	0	0	0	0	0	0	0	0	D_0__k__Bacteria; D_1__p__Fusobacteria; D_2__c__Fusobacteriia; D_3__o__Fusobacteriales; D_4__f__Leptotrichiaceae; D_5__g__Leptotrichia; D_6__g__Leptotrichia_s__wadei
1497	0	0	0	0	0	0	0	0	0	0	0	0	0	0	0	0	0	0	0	0	40	0	0	0	0	0	0	0	0	0	0	0	0	0	0	0	0	0	0	0	0	0	0	0	0	0	0	0	0	0	D_0__k__Bacteria; D_1__p__Bacteroidetes; D_2__c__Bacteroidia; D_3__o__Bacteroidales; D_4__f__Prevotellaceae; D_5__g__Prevotella; D_6__g__Prevotella_s__buccae
1498	0	0	0	0	0	0	0	0	0	0	0	0	0	0	0	0	0	0	0	0	40	0	0	0	0	0	0	0	0	0	0	0	0	0	0	0	0	0	0	0	0	0	0	0	0	0	0	0	0	0	D_0__k__Bacteria; D_1__p__Firmicutes; D_2__c__Negativicutes; D_3__o__Selenomonadales; D_4__f__Selenomonadaceae; D_5__g__Veillonellaceae_[G-1]; D_6__g__Veillonellaceae_[G-1]_s__bacterium_HMT_135
1499	0	0	0	0	0	0	0	0	0	0	0	0	0	0	0	0	0	0	0	0	0	0	40	0	0	0	0	0	0	0	0	0	0	0	0	0	0	0	0	0	0	0	0	0	0	0	0	0	0	0	D_0__k__Bacteria; D_1__p__Fusobacteria; D_2__c__Fusobacteriia; D_3__o__Fusobacteriales; D_4__f__Fusobacteriaceae; D_5__g__Fusobacterium; D_6__g__Fusobacterium_s__nucleatum
1500	0	0	0	0	0	0	0	0	0	0	0	0	0	0	0	0	0	0	0	0	0	0	0	0	40	0	0	0	0	0	0	0	0	0	0	0	0	0	0	0	0	0	0	0	0	0	0	0	0	0	D_0__k__Bacteria; D_1__p__Bacteroidetes; D_2__c__Bacteroidia; D_3__o__Bacteroidales; D_4__f__Prevotellaceae; D_5__g__Alloprevotella; D_6__g__Alloprevotella_s__sp._HMT_473
1501	0	0	0	0	0	0	0	0	0	0	0	0	0	0	0	0	0	0	0	0	0	0	0	0	0	0	0	0	0	0	0	0	0	40	0	0	0	0	0	0	0	0	0	0	0	0	0	0	0	0	D_0__k__Bacteria; D_1__p__Firmicutes; D_2__c__Negativicutes; D_3__o__Selenomonadales; D_4__f__Selenomonadaceae; D_5__g__Selenomonas; D_6__g__Selenomonas_s__sp._HMT_137
1502	0	0	0	0	0	0	0	0	0	0	0	0	0	0	0	0	0	0	0	0	0	0	0	0	0	0	0	0	0	0	0	0	0	0	0	0	0	0	0	0	40	0	0	0	0	0	0	0	0	0	D_0__k__Bacteria; D_1__p__Actinobacteria; D_2__c__Actinomycetia; D_3__o__Micrococcales; D_4__f__Microbacteriaceae; D_5__g__Microbacterium; D_6__g__Microbacterium_s__flavescens
1503	0	39	0	0	0	0	0	0	0	0	0	0	0	0	0	0	0	0	0	0	0	0	0	0	0	0	0	0	0	0	0	0	0	0	0	0	0	0	0	0	0	0	0	0	0	0	0	0	0	0	D_0__k__Bacteria; D_1__p__Firmicutes; D_2__c__Clostridia; D_3__o__Eubacteriales; D_4__f__Lachnospiraceae; D_5__g__Lachnoanaerobaculum; D_6__g__Lachnoanaerobaculum_s__umeaense
1504	0	0	39	0	0	0	0	0	0	0	0	0	0	0	0	0	0	0	0	0	0	0	0	0	0	0	0	0	0	0	0	0	0	0	0	0	0	0	0	0	0	0	0	0	0	0	0	0	0	0	D_0__k__Bacteria; D_1__p__Chloroflexi; D_2__c__Anaerolineae; D_3__o__Anaerolineales; D_4__f__Anaerolineaceae; D_5__g__Anaerolineae_[G-1]; D_6__g__Anaerolineae_[G-1]_s__bacterium_HMT_439
1505	0	0	0	0	0	0	0	39	0	0	0	0	0	0	0	0	0	0	0	0	0	0	0	0	0	0	0	0	0	0	0	0	0	0	0	0	0	0	0	0	0	0	0	0	0	0	0	0	0	0	D_0__k__Bacteria; D_1__p__Fusobacteria; D_2__c__Fusobacteriia; D_3__o__Fusobacteriales; D_4__f__Leptotrichiaceae; D_5__g__Leptotrichia; D_6__g__Leptotrichia_s__sp._HMT_215
1506	0	0	0	0	0	0	0	0	0	0	0	0	0	0	0	39	0	0	0	0	0	0	0	0	0	0	0	0	0	0	0	0	0	0	0	0	0	0	0	0	0	0	0	0	0	0	0	0	0	0	D_0__k__Bacteria; D_1__p__Bacteroidetes; D_2__c__Bacteroidia; D_3__o__Bacteroidales; D_4__f__Prevotellaceae; D_5__g__Prevotella; D_6__g__Prevotella_s__sp._HMT_300
1507	0	0	0	0	0	0	0	0	0	0	0	0	0	0	0	0	0	0	0	0	39	0	0	0	0	0	0	0	0	0	0	0	0	0	0	0	0	0	0	0	0	0	0	0	0	0	0	0	0	0	D_0__k__Bacteria; D_1__p__Bacteroidetes; D_2__c__Bacteroidia; D_3__o__Bacteroidales; D_4__f__Prevotellaceae; D_5__g__Prevotella; D_6__g__Prevotella_s__oris
1508	0	0	0	0	0	0	0	0	0	0	0	0	0	0	0	0	0	0	0	0	39	0	0	0	0	0	0	0	0	0	0	0	0	0	0	0	0	0	0	0	0	0	0	0	0	0	0	0	0	0	D_0__k__Bacteria; D_1__p__Firmicutes; D_2__c__Clostridia; D_3__o__Eubacteriales; D_4__f__Lachnospiraceae; D_5__g__Lachnospiraceae_[G-8]; D_6__g__Lachnospiraceae_[G-8]_s__bacterium_HMT_500
1509	0	0	0	0	0	0	0	0	0	0	0	0	0	0	0	0	0	0	0	0	0	0	0	0	0	39	0	0	0	0	0	0	0	0	0	0	0	0	0	0	0	0	0	0	0	0	0	0	0	0	D_0__k__Bacteria; D_1__p__Firmicutes; D_2__c__Negativicutes; D_3__o__Selenomonadales; D_4__f__Selenomonadaceae; D_5__g__Selenomonas; D_6__g__Selenomonas_s__sp._HMT_936
1510	0	0	0	0	0	0	0	0	0	0	0	0	0	0	0	0	0	0	0	0	0	0	0	0	0	39	0	0	0	0	0	0	0	0	0	0	0	0	0	0	0	0	0	0	0	0	0	0	0	0	D_0__k__Bacteria; D_1__p__Fusobacteria; D_2__c__Fusobacteriia; D_3__o__Fusobacteriales; D_4__f__Leptotrichiaceae; D_5__g__Leptotrichia; D_6__g__Leptotrichia_s__shahii
1511	0	0	0	0	0	0	0	0	0	0	0	0	0	0	0	0	0	0	0	0	0	0	0	0	0	13	0	0	0	0	0	0	0	0	0	0	26	0	0	0	0	0	0	0	0	0	0	0	0	0	D_0__k__Bacteria; D_1__p__Firmicutes; D_2__c__Negativicutes; D_3__o__Veillonellales; D_4__f__Veillonellaceae; D_5__g__Anaeroglobus; D_6__g__Anaeroglobus_s__geminatus
1512	0	0	0	0	0	0	0	0	0	0	0	0	0	0	0	0	0	0	0	0	0	0	0	0	0	0	0	0	0	0	0	0	39	0	0	0	0	0	0	0	0	0	0	0	0	0	0	0	0	0	D_0__k__Bacteria; D_1__p__Firmicutes; D_2__c__Negativicutes; D_3__o__Veillonellales; D_4__f__Veillonellaceae; D_5__g__Veillonella; D_6__g__Veillonella_s__dispar
1513	0	0	38	0	0	0	0	0	0	0	0	0	0	0	0	0	0	0	0	0	0	0	0	0	0	0	0	0	0	0	0	0	0	0	0	0	0	0	0	0	0	0	0	0	0	0	0	0	0	0	D_0__k__Bacteria; D_1__p__Bacteroidetes; D_2__c__Bacteroidia; D_3__o__Bacteroidales; D_4__f__Tannerellaceae; D_5__g__Tannerella; D_6__g__Tannerella_s__forsythia
1514	0	0	38	0	0	0	0	0	0	0	0	0	0	0	0	0	0	0	0	0	0	0	0	0	0	0	0	0	0	0	0	0	0	0	0	0	0	0	0	0	0	0	0	0	0	0	0	0	0	0	D_0__k__Bacteria; D_1__p__Proteobacteria; D_2__c__Epsilonproteobacteria; D_3__o__Campylobacterales; D_4__f__Campylobacteraceae; D_5__g__Campylobacter; D_6__g__Campylobacter_s__gracilis
1515	0	0	0	0	29	0	9	0	0	0	0	0	0	0	0	0	0	0	0	0	0	0	0	0	0	0	0	0	0	0	0	0	0	0	0	0	0	0	0	0	0	0	0	0	0	0	0	0	0	0	D_0__k__Bacteria; D_1__p__Bacteroidetes; D_2__c__Bacteroidetes_[C-1]; D_3__o__Bacteroidetes_[O-1]; D_4__f__Bacteroidetes_[F-1]; D_5__g__Bacteroidetes_[G-3]; D_6__g__Bacteroidetes_[G-3]_s__bacterium_HMT_899
1516	0	0	0	0	0	0	0	38	0	0	0	0	0	0	0	0	0	0	0	0	0	0	0	0	0	0	0	0	0	0	0	0	0	0	0	0	0	0	0	0	0	0	0	0	0	0	0	0	0	0	D_0__k__Bacteria; D_1__p__Bacteroidetes; D_2__c__Bacteroidia; D_3__o__Bacteroidales; D_4__f__Prevotellaceae; D_5__g__Alloprevotella; D_6__g__Alloprevotella_s__sp._HMT_914
1517	0	0	0	0	0	0	0	0	0	0	0	0	0	0	0	0	0	0	38	0	0	0	0	0	0	0	0	0	0	0	0	0	0	0	0	0	0	0	0	0	0	0	0	0	0	0	0	0	0	0	D_0__k__Bacteria; D_1__p__Firmicutes; D_2__c__Negativicutes; D_3__o__Selenomonadales; D_4__f__Selenomonadaceae; D_5__g__Selenomonas; D_6__g__Selenomonas_s__sputigena
1518	0	0	0	0	0	0	0	0	0	0	0	0	0	0	0	0	0	0	0	0	38	0	0	0	0	0	0	0	0	0	0	0	0	0	0	0	0	0	0	0	0	0	0	0	0	0	0	0	0	0	D_0__k__Bacteria; D_1__p__Proteobacteria; D_2__c__Betaproteobacteria; D_3__o__Neisseriales; D_4__f__Neisseriaceae; D_5__g__Eikenella; D_6__g__Eikenella_s__corrodens
1519	0	0	0	0	0	0	0	0	0	0	0	0	0	0	0	0	0	0	0	0	38	0	0	0	0	0	0	0	0	0	0	0	0	0	0	0	0	0	0	0	0	0	0	0	0	0	0	0	0	0	D_0__k__Bacteria; D_1__p__Bacteroidetes; D_2__c__Bacteroidia; D_3__o__Bacteroidales; D_4__f__Prevotellaceae; D_5__g__Prevotella; D_6__g__Prevotella_s__oris
1520	0	0	0	0	0	0	0	0	0	0	0	0	0	0	0	0	0	0	0	0	0	0	0	38	0	0	0	0	0	0	0	0	0	0	0	0	0	0	0	0	0	0	0	0	0	0	0	0	0	0	D_0__k__Bacteria; D_1__p__Actinobacteria; D_2__c__Actinomycetia; D_3__o__Micrococcales; D_4__f__Micrococcaceae; D_5__g__Rothia; D_6__g__Rothia_s__mucilaginosa
1521	0	0	0	0	0	0	0	0	0	0	0	0	0	0	0	0	0	0	0	0	0	0	0	0	0	38	0	0	0	0	0	0	0	0	0	0	0	0	0	0	0	0	0	0	0	0	0	0	0	0	D_0__k__Bacteria; D_1__p__Bacteroidetes; D_2__c__Bacteroidia; D_3__o__Bacteroidales; D_4__f__Prevotellaceae; D_5__g__Prevotella; D_6__g__Prevotella_s__sp._HMT_301
1522	0	0	0	0	0	0	0	0	0	0	0	0	0	0	0	0	0	0	0	0	0	0	0	0	0	38	0	0	0	0	0	0	0	0	0	0	0	0	0	0	0	0	0	0	0	0	0	0	0	0	D_0__k__Bacteria; D_1__p__Firmicutes; D_2__c__Clostridia; D_3__o__Eubacteriales; D_4__f__Peptostreptococcaceae; D_5__g__Peptostreptococcus; D_6__g__Peptostreptococcus_s__stomatis
1523	0	0	0	0	0	0	0	0	0	0	0	0	0	0	0	0	0	0	0	0	0	0	0	0	0	0	0	0	0	38	0	0	0	0	0	0	0	0	0	0	0	0	0	0	0	0	0	0	0	0	D_0__k__Bacteria; D_1__p__Bacteroidetes; D_2__c__Flavobacteriia; D_3__o__Flavobacteriales; D_4__f__Flavobacteriaceae; D_5__g__Capnocytophaga; D_6__g__Capnocytophaga_s__sp._HMT_323
1524	0	0	0	0	0	0	0	0	0	0	0	0	0	0	0	0	0	0	0	0	0	0	0	0	0	0	0	0	0	0	0	0	0	0	0	0	0	0	0	0	0	0	0	0	0	0	0	0	38	0	D_0__k__Bacteria; D_1__p__Bacteroidetes; D_2__c__Bacteroidia; D_3__o__Bacteroidales; D_4__f__Prevotellaceae; D_5__g__Alloprevotella; D_6__g__Alloprevotella_s__sp._HMT_912
1525	0	0	25	0	0	0	0	0	0	0	0	0	0	0	0	0	0	0	0	0	0	0	0	0	0	0	0	0	0	0	0	0	0	0	0	0	0	0	0	0	0	0	0	0	12	0	0	0	0	0	D_0__k__Bacteria; D_1__p__Firmicutes; D_2__c__Clostridia; D_3__o__Eubacteriales; D_4__f__Peptostreptococcaceae; D_5__g__Peptostreptococcaceae_[G-2]; D_6__g__Peptostreptococcaceae_[G-2]_s__bacterium_HMT_091
1526	0	0	0	37	0	0	0	0	0	0	0	0	0	0	0	0	0	0	0	0	0	0	0	0	0	0	0	0	0	0	0	0	0	0	0	0	0	0	0	0	0	0	0	0	0	0	0	0	0	0	D_0__k__Bacteria; D_1__p__Bacteroidetes; D_2__c__Bacteroidia; D_3__o__Bacteroidales; D_4__f__Prevotellaceae; D_5__g__Prevotella; D_6__g__Prevotella_s__oulorum
1527	0	0	0	0	2	0	0	0	0	0	0	0	10	0	0	0	0	0	0	0	0	11	0	0	0	0	0	0	6	0	0	0	0	0	0	0	0	0	0	0	0	3	0	3	0	0	0	0	0	0	D_0__k__Bacteria; D_1__p__Firmicutes; D_2__c__Bacilli; D_3__o__Lactobacillales; D_4__f__Streptococcaceae; D_5__g__Streptococcus; D_6__g__Streptococcus_s__sanguinis
1528	0	0	0	0	0	0	0	0	0	0	0	0	0	0	0	0	0	37	0	0	0	0	0	0	0	0	0	0	0	0	0	0	0	0	0	0	0	0	0	0	0	0	0	0	0	0	0	0	0	0	D_0__k__Bacteria; D_1__p__Bacteroidetes; D_2__c__Bacteroidia; D_3__o__Bacteroidales; D_4__f__Prevotellaceae; D_5__g__Alloprevotella; D_6__g__Alloprevotella_s__sp._HMT_913
1529	0	0	0	0	0	0	0	0	0	0	0	0	0	0	0	0	0	0	0	0	0	0	0	0	0	0	0	0	0	0	0	0	0	0	0	37	0	0	0	0	0	0	0	0	0	0	0	0	0	0	D_0__k__Bacteria; D_1__p__Proteobacteria; D_2__c__Gammaproteobacteria; D_3__o__Pasteurellales; D_4__f__Pasteurellaceae; D_5__g__Aggregatibacter; D_6__g__Aggregatibacter_s__actinomycetemcomitans
1530	0	0	0	0	0	0	0	0	0	0	0	0	0	0	0	0	0	0	0	0	0	0	0	0	0	0	0	0	0	0	0	0	0	0	0	0	0	0	0	0	0	0	0	0	37	0	0	0	0	0	D_0__k__Bacteria; D_1__p__Firmicutes; D_2__c__Negativicutes; D_3__o__Selenomonadales; D_4__f__Selenomonadaceae; D_5__g__Veillonellaceae_[G-1]; D_6__g__Veillonellaceae_[G-1]_s__bacterium_HMT_135
1531	0	0	0	0	0	0	0	0	0	0	0	0	0	0	0	0	0	0	0	0	0	0	0	0	0	0	0	0	0	0	0	0	0	0	0	0	0	0	0	0	0	0	0	0	0	0	14	23	0	0	D_0__k__Bacteria; D_1__p__Firmicutes; D_2__c__Negativicutes; D_3__o__Selenomonadales; D_4__f__Selenomonadaceae; D_5__g__Selenomonas; D_6__g__Selenomonas_s__sp._HMT_126
1532	0	36	0	0	0	0	0	0	0	0	0	0	0	0	0	0	0	0	0	0	0	0	0	0	0	0	0	0	0	0	0	0	0	0	0	0	0	0	0	0	0	0	0	0	0	0	0	0	0	0	D_0__k__Bacteria; D_1__p__Bacteroidetes; D_2__c__Flavobacteriia; D_3__o__Flavobacteriales; D_4__f__Flavobacteriaceae; D_5__g__Capnocytophaga; D_6__g__Capnocytophaga_s__sp._HMT_901
1533	0	0	0	36	0	0	0	0	0	0	0	0	0	0	0	0	0	0	0	0	0	0	0	0	0	0	0	0	0	0	0	0	0	0	0	0	0	0	0	0	0	0	0	0	0	0	0	0	0	0	D_0__k__Bacteria; D_1__p__Fusobacteria; D_2__c__Fusobacteriia; D_3__o__Fusobacteriales; D_4__f__Leptotrichiaceae; D_5__g__Leptotrichia; D_6__g__Leptotrichia_s__shahii
1534	0	0	0	0	4	0	0	0	0	0	0	0	0	0	0	0	0	0	0	0	0	0	0	0	0	0	0	0	0	0	0	0	32	0	0	0	0	0	0	0	0	0	0	0	0	0	0	0	0	0	D_0__k__Bacteria; D_1__p__Fusobacteria; D_2__c__Fusobacteriia; D_3__o__Fusobacteriales; D_4__f__Fusobacteriaceae; D_5__g__Fusobacterium; D_6__g__Fusobacterium_s__nucleatum
1535	0	0	0	0	0	0	36	0	0	0	0	0	0	0	0	0	0	0	0	0	0	0	0	0	0	0	0	0	0	0	0	0	0	0	0	0	0	0	0	0	0	0	0	0	0	0	0	0	0	0	D_0__k__Bacteria; D_1__p__Fusobacteria; D_2__c__Fusobacteriia; D_3__o__Fusobacteriales; D_4__f__Leptotrichiaceae; D_5__g__Leptotrichia; D_6__g__Leptotrichia_s__hongkongensis
1536	0	0	0	0	0	0	0	36	0	0	0	0	0	0	0	0	0	0	0	0	0	0	0	0	0	0	0	0	0	0	0	0	0	0	0	0	0	0	0	0	0	0	0	0	0	0	0	0	0	0	D_0__k__Bacteria; D_1__p__Firmicutes; D_2__c__Clostridia; D_3__o__Eubacteriales; D_4__f__Lachnospiraceae; D_5__g__Lachnospiraceae_[G-3]; D_6__g__Lachnospiraceae_[G-3]_s__bacterium_HMT_100
1537	0	0	0	0	0	0	0	14	0	0	0	0	0	0	0	0	0	0	0	0	0	0	0	0	0	0	0	0	0	0	0	0	0	0	0	0	0	0	0	0	0	0	0	0	0	0	0	0	22	0	D_0__k__Bacteria; D_1__p__Actinobacteria; D_2__c__Actinomycetia; D_3__o__Actinomycetales; D_4__f__Actinomycetaceae; D_5__g__Actinomyces; D_6__g__Actinomyces_s__dentalis
1538	0	0	0	0	0	0	0	0	0	0	0	0	36	0	0	0	0	0	0	0	0	0	0	0	0	0	0	0	0	0	0	0	0	0	0	0	0	0	0	0	0	0	0	0	0	0	0	0	0	0	D_0__k__Bacteria; D_1__p__Bacteroidetes; D_2__c__Bacteroidia; D_3__o__Bacteroidales; D_4__f__Prevotellaceae; D_5__g__Prevotella; D_6__g__Prevotella_s__bivia
1539	0	0	0	0	0	0	0	0	0	0	0	0	0	0	0	36	0	0	0	0	0	0	0	0	0	0	0	0	0	0	0	0	0	0	0	0	0	0	0	0	0	0	0	0	0	0	0	0	0	0	D_0__k__Bacteria; D_1__p__Bacteroidetes; D_2__c__Bacteroidia; D_3__o__Bacteroidales; D_4__f__Porphyromonadaceae; D_5__g__Porphyromonas; D_6__g__Porphyromonas_s__catoniae
1540	0	0	0	0	0	0	0	0	0	0	0	0	0	0	0	0	0	0	0	36	0	0	0	0	0	0	0	0	0	0	0	0	0	0	0	0	0	0	0	0	0	0	0	0	0	0	0	0	0	0	D_0__k__Bacteria; D_1__p__Actinobacteria; D_2__c__Actinomycetia; D_3__o__Actinomycetales; D_4__f__Actinomycetaceae; D_5__g__Schaalia; D_6__g__Schaalia_s__sp._HMT_180
1541	0	0	0	0	0	0	0	0	0	0	0	0	0	0	0	0	0	0	0	0	36	0	0	0	0	0	0	0	0	0	0	0	0	0	0	0	0	0	0	0	0	0	0	0	0	0	0	0	0	0	D_0__k__Bacteria; D_1__p__Spirochaetes; D_2__c__Spirochaetia; D_3__o__Spirochaetales; D_4__f__Treponemataceae; D_5__g__Treponema; D_6__g__Treponema_s__maltophilum
1542	0	0	0	0	0	0	0	0	0	0	0	0	0	0	0	0	0	0	0	0	0	0	0	0	0	0	0	0	0	0	0	0	0	0	0	0	0	36	0	0	0	0	0	0	0	0	0	0	0	0	D_0__k__Bacteria; D_1__p__Bacteroidetes; D_2__c__Bacteroidia; D_3__o__Bacteroidales; D_4__f__Prevotellaceae; D_5__g__Prevotella; D_6__g__Prevotella_s__nanceiensis
1543	0	0	0	0	0	0	0	0	0	0	0	0	0	0	0	0	0	0	0	0	0	0	0	0	0	0	0	0	0	0	0	0	0	0	0	0	0	0	0	0	0	0	0	36	0	0	0	0	0	0	D_0__k__Bacteria; D_1__p__Actinobacteria; D_2__c__Actinomycetia; D_3__o__Actinomycetales; D_4__f__Actinomycetaceae; D_5__g__Actinomyces; D_6__g__Actinomyces_s__sp._HMT_897
1544	0	0	0	0	0	0	0	0	0	0	0	0	0	0	0	0	0	0	0	0	0	0	0	0	0	0	0	0	0	0	0	0	0	0	0	0	0	0	0	0	0	0	0	0	0	0	0	0	0	36	D_0__k__Bacteria; D_1__p__Proteobacteria; D_2__c__Betaproteobacteria; D_3__o__Neisseriales; D_4__f__Neisseriaceae; D_5__g__Simonsiella; D_6__g__Simonsiella_s__muelleri
1545	0	35	0	0	0	0	0	0	0	0	0	0	0	0	0	0	0	0	0	0	0	0	0	0	0	0	0	0	0	0	0	0	0	0	0	0	0	0	0	0	0	0	0	0	0	0	0	0	0	0	D_0__k__Bacteria; D_1__p__Saccharibacteria_(TM7); D_2__c__Saccharibacteria_(TM7)_[C-1]; D_3__o__Saccharibacteria_(TM7)_[O-1]; D_4__f__Saccharibacteria_(TM7)_[F-1]; D_5__g__Saccharibacteria_(TM7)_[G-6]; D_6__g__Saccharibacteria_(TM7)_[G-6]_s__bacterium_HMT_870
1546	0	0	35	0	0	0	0	0	0	0	0	0	0	0	0	0	0	0	0	0	0	0	0	0	0	0	0	0	0	0	0	0	0	0	0	0	0	0	0	0	0	0	0	0	0	0	0	0	0	0	D_0__k__Bacteria; D_1__p__Proteobacteria; D_2__c__Gammaproteobacteria; D_3__o__Enterobacterales; D_4__f__Enterobacteriaceae; D_5__g__Klebsiella; D_6__g__Klebsiella_s__pneumoniae
1547	0	0	0	0	0	35	0	0	0	0	0	0	0	0	0	0	0	0	0	0	0	0	0	0	0	0	0	0	0	0	0	0	0	0	0	0	0	0	0	0	0	0	0	0	0	0	0	0	0	0	D_0__k__Bacteria; D_1__p__Firmicutes; D_2__c__Bacilli; D_3__o__Lactobacillales; D_4__f__Streptococcaceae; D_5__g__Streptococcus; D_6__g__Streptococcus_s__parasanguinis_clade_411
1548	0	0	0	0	0	0	35	0	0	0	0	0	0	0	0	0	0	0	0	0	0	0	0	0	0	0	0	0	0	0	0	0	0	0	0	0	0	0	0	0	0	0	0	0	0	0	0	0	0	0	D_0__k__Bacteria; D_1__p__Bacteroidetes; D_2__c__Bacteroidia; D_3__o__Bacteroidales; D_4__f__Prevotellaceae; D_5__g__Prevotella; D_6__g__Prevotella_s__maculosa
1549	0	0	0	0	0	0	0	35	0	0	0	0	0	0	0	0	0	0	0	0	0	0	0	0	0	0	0	0	0	0	0	0	0	0	0	0	0	0	0	0	0	0	0	0	0	0	0	0	0	0	D_0__k__Bacteria; D_1__p__Fusobacteria; D_2__c__Fusobacteriia; D_3__o__Fusobacteriales; D_4__f__Fusobacteriaceae; D_5__g__Fusobacterium; D_6__g__Fusobacterium_s__nucleatum
1550	0	0	0	0	0	0	0	0	0	0	0	0	0	0	0	0	0	0	35	0	0	0	0	0	0	0	0	0	0	0	0	0	0	0	0	0	0	0	0	0	0	0	0	0	0	0	0	0	0	0	D_0__k__Bacteria; D_1__p__Actinobacteria; D_2__c__Actinomycetia; D_3__o__Actinomycetales; D_4__f__Actinomycetaceae; D_5__g__Actinomyces; D_6__g__Actinomyces_s__sp._HMT_525
1551	0	0	0	0	0	0	0	0	0	0	0	0	0	0	0	0	0	0	0	0	0	35	0	0	0	0	0	0	0	0	0	0	0	0	0	0	0	0	0	0	0	0	0	0	0	0	0	0	0	0	D_0__k__Bacteria; D_1__p__Bacteroidetes; D_2__c__Bacteroidia; D_3__o__Bacteroidales; D_4__f__Porphyromonadaceae; D_5__g__Porphyromonas; D_6__g__Porphyromonas_s__sp._HMT_284
1552	0	0	0	0	0	0	0	0	0	0	0	0	0	0	0	0	0	0	0	0	0	0	0	0	0	35	0	0	0	0	0	0	0	0	0	0	0	0	0	0	0	0	0	0	0	0	0	0	0	0	D_0__k__Bacteria; D_1__p__Proteobacteria; D_2__c__Epsilonproteobacteria; D_3__o__Campylobacterales; D_4__f__Campylobacteraceae; D_5__g__Campylobacter; D_6__g__Campylobacter_s__rectus
1553	0	0	0	0	0	0	0	0	0	0	0	0	0	0	0	0	0	0	0	0	0	0	0	0	0	0	0	0	0	0	0	0	35	0	0	0	0	0	0	0	0	0	0	0	0	0	0	0	0	0	D_0__k__Bacteria; D_1__p__Firmicutes; D_2__c__Bacilli; D_3__o__Lactobacillales; D_4__f__Lactobacillaceae; D_5__g__Lactobacillus; D_6__g__Lactobacillus_s__crispatus
1554	0	0	0	0	0	0	0	0	0	0	0	0	0	0	0	0	0	0	0	0	0	0	0	0	0	0	0	0	0	0	0	0	0	0	35	0	0	0	0	0	0	0	0	0	0	0	0	0	0	0	D_0__k__Bacteria; D_1__p__Firmicutes; D_2__c__Negativicutes; D_3__o__Veillonellales; D_4__f__Veillonellaceae; D_5__g__Veillonella; D_6__g__Veillonella_s__parvula
1555	0	0	0	0	0	0	0	0	0	0	0	0	0	0	0	0	0	0	0	0	0	0	0	0	0	0	0	0	0	0	0	0	0	0	0	0	35	0	0	0	0	0	0	0	0	0	0	0	0	0	D_0__k__Bacteria; D_1__p__Firmicutes; D_2__c__Negativicutes; D_3__o__Selenomonadales; D_4__f__Selenomonadaceae; D_5__g__Veillonellaceae_[G-1]; D_6__g__Veillonellaceae_[G-1]_s__bacterium_HMT_135
1556	0	0	0	0	0	0	0	0	0	0	0	0	0	0	0	0	0	0	0	0	0	0	0	0	0	0	0	0	0	0	0	0	0	0	0	0	0	0	0	0	0	0	0	0	35	0	0	0	0	0	D_0__k__Bacteria; D_1__p__Bacteroidetes; D_2__c__Bacteroidetes_[C-1]; D_3__o__Bacteroidetes_[O-1]; D_4__f__Bacteroidetes_[F-1]; D_5__g__Bacteroidetes_[G-5]; D_6__g__Bacteroidetes_[G-5]_s__bacterium_HMT_511
1557	0	0	0	0	0	0	0	0	0	0	0	0	0	0	0	0	0	0	0	0	0	0	0	0	0	0	0	0	0	0	0	0	0	0	0	0	0	0	0	0	0	0	0	0	0	0	0	0	35	0	D_0__k__Bacteria; D_1__p__Spirochaetes; D_2__c__Spirochaetia; D_3__o__Spirochaetales; D_4__f__Treponemataceae; D_5__g__Treponema; D_6__g__Treponema_s__sp._HMT_247
1558	0	34	0	0	0	0	0	0	0	0	0	0	0	0	0	0	0	0	0	0	0	0	0	0	0	0	0	0	0	0	0	0	0	0	0	0	0	0	0	0	0	0	0	0	0	0	0	0	0	0	D_0__k__Bacteria; D_1__p__Bacteroidetes; D_2__c__Flavobacteriia; D_3__o__Flavobacteriales; D_4__f__Flavobacteriaceae; D_5__g__Capnocytophaga; D_6__g__Capnocytophaga_s__sp._HMT_901
1559	0	0	0	0	0	0	34	0	0	0	0	0	0	0	0	0	0	0	0	0	0	0	0	0	0	0	0	0	0	0	0	0	0	0	0	0	0	0	0	0	0	0	0	0	0	0	0	0	0	0	D_0__k__Bacteria; D_1__p__Bacteroidetes; D_2__c__Bacteroidia; D_3__o__Bacteroidales; D_4__f__Prevotellaceae; D_5__g__Prevotella; D_6__g__Prevotella_s__sp._HMT_472
1560	0	0	0	0	0	0	8	0	0	0	0	0	0	0	0	0	0	0	26	0	0	0	0	0	0	0	0	0	0	0	0	0	0	0	0	0	0	0	0	0	0	0	0	0	0	0	0	0	0	0	D_0__k__Bacteria; D_1__p__Firmicutes; D_2__c__Clostridia; D_3__o__Eubacteriales; D_4__f__Peptostreptococcaceae; D_5__g__Mogibacterium; D_6__g__Mogibacterium_s__vescum
1561	0	0	0	0	0	0	0	0	0	0	0	34	0	0	0	0	0	0	0	0	0	0	0	0	0	0	0	0	0	0	0	0	0	0	0	0	0	0	0	0	0	0	0	0	0	0	0	0	0	0	D_0__k__Bacteria; D_1__p__Spirochaetes; D_2__c__Spirochaetia; D_3__o__Spirochaetales; D_4__f__Treponemataceae; D_5__g__Treponema; D_6__g__Treponema_s__medium
1562	0	0	0	0	0	0	0	0	0	0	0	34	0	0	0	0	0	0	0	0	0	0	0	0	0	0	0	0	0	0	0	0	0	0	0	0	0	0	0	0	0	0	0	0	0	0	0	0	0	0	D_0__k__Bacteria; D_1__p__Firmicutes; D_2__c__Negativicutes; D_3__o__Selenomonadales; D_4__f__Selenomonadaceae; D_5__g__Selenomonas; D_6__g__Selenomonas_s__sputigena
1563	0	0	0	0	0	0	0	0	0	0	0	34	0	0	0	0	0	0	0	0	0	0	0	0	0	0	0	0	0	0	0	0	0	0	0	0	0	0	0	0	0	0	0	0	0	0	0	0	0	0	D_0__k__Bacteria; D_1__p__Firmicutes; D_2__c__Negativicutes; D_3__o__Selenomonadales; D_4__f__Selenomonadaceae; D_5__g__Selenomonas; D_6__g__Selenomonas_s__infelix
1564	0	0	0	0	0	0	0	0	0	0	0	34	0	0	0	0	0	0	0	0	0	0	0	0	0	0	0	0	0	0	0	0	0	0	0	0	0	0	0	0	0	0	0	0	0	0	0	0	0	0	D_0__k__Bacteria; D_1__p__Bacteroidetes; D_2__c__Flavobacteriia; D_3__o__Flavobacteriales; D_4__f__Flavobacteriaceae; D_5__g__Capnocytophaga; D_6__g__Capnocytophaga_s__sp._HMT_323
1565	0	0	0	0	0	0	0	0	0	0	0	0	0	0	0	0	0	0	0	34	0	0	0	0	0	0	0	0	0	0	0	0	0	0	0	0	0	0	0	0	0	0	0	0	0	0	0	0	0	0	D_0__k__Bacteria; D_1__p__Actinobacteria; D_2__c__Actinomycetia; D_3__o__Actinomycetales; D_4__f__Actinomycetaceae; D_5__g__Actinomyces; D_6__g__Actinomyces_s__naeslundii
1566	0	0	0	0	0	0	0	0	0	0	0	0	0	0	0	0	0	0	0	0	0	0	0	9	0	0	0	0	0	25	0	0	0	0	0	0	0	0	0	0	0	0	0	0	0	0	0	0	0	0	D_0__k__Bacteria; D_1__p__Proteobacteria; D_2__c__Betaproteobacteria; D_3__o__Burkholderiales; D_4__f__Burkholderiaceae; D_5__g__Lautropia; D_6__g__Lautropia_s__mirabilis
1567	0	0	0	0	0	0	0	0	0	0	0	0	0	0	0	0	0	0	0	0	0	0	0	0	0	34	0	0	0	0	0	0	0	0	0	0	0	0	0	0	0	0	0	0	0	0	0	0	0	0	D_0__k__Bacteria; D_1__p__Proteobacteria; D_2__c__Betaproteobacteria; D_3__o__Neisseriales; D_4__f__Neisseriaceae; D_5__g__Kingella; D_6__g__Kingella_s__sp._HMT_012
1568	0	0	0	0	0	0	0	0	0	0	0	0	0	0	0	0	0	0	0	0	0	0	0	0	0	0	0	0	34	0	0	0	0	0	0	0	0	0	0	0	0	0	0	0	0	0	0	0	0	0	D_0__k__Bacteria; D_1__p__Actinobacteria; D_2__c__Actinomycetia; D_3__o__Actinomycetales; D_4__f__Actinomycetaceae; D_5__g__Actinomyces; D_6__g__Actinomyces_s__naeslundii
1569	0	0	0	0	0	0	0	0	0	0	0	0	0	0	0	0	0	0	0	0	0	0	0	0	0	0	0	0	0	0	0	0	34	0	0	0	0	0	0	0	0	0	0	0	0	0	0	0	0	0	D_0__k__Bacteria; D_1__p__Firmicutes; D_2__c__Negativicutes; D_3__o__Selenomonadales; D_4__f__Selenomonadaceae; D_5__g__Veillonellaceae_[G-1]; D_6__g__Veillonellaceae_[G-1]_s__bacterium_HMT_155
1570	0	0	0	0	0	0	0	0	0	0	0	0	0	0	0	0	0	0	0	0	0	0	0	0	0	0	0	0	0	0	0	0	0	0	0	0	0	0	0	34	0	0	0	0	0	0	0	0	0	0	D_0__k__Bacteria; D_1__p__Fusobacteria; D_2__c__Fusobacteriia; D_3__o__Fusobacteriales; D_4__f__Fusobacteriaceae; D_5__g__Fusobacterium; D_6__g__Fusobacterium_s__sp._HMT_203
1571	0	0	0	0	0	0	0	0	0	0	0	0	0	0	0	0	0	0	0	0	0	0	0	0	0	0	0	0	0	0	0	0	0	0	0	0	0	0	0	0	0	0	0	0	0	34	0	0	0	0	D_0__k__Bacteria; D_1__p__Firmicutes; D_2__c__Bacilli; D_3__o__Lactobacillales; D_4__f__Aerococcaceae; D_5__g__Abiotrophia; D_6__g__Abiotrophia_s__defectiva
1572	0	0	0	0	0	0	0	0	0	0	0	0	0	0	0	0	0	0	0	0	0	0	0	0	0	0	0	0	0	0	0	0	0	0	0	0	0	0	0	0	0	0	0	0	0	0	34	0	0	0	D_0__k__Bacteria; D_1__p__Proteobacteria; D_2__c__Betaproteobacteria; D_3__o__Burkholderiales; D_4__f__Burkholderiaceae; D_5__g__Ralstonia; D_6__g__Ralstonia_s__pickettii
1573	0	0	0	0	0	0	0	0	0	0	0	0	0	0	0	0	0	0	0	0	0	0	0	0	0	0	0	0	0	0	0	0	0	0	0	0	0	0	0	0	0	0	0	0	0	0	0	0	0	34	D_0__k__Bacteria; D_1__p__Proteobacteria; D_2__c__Alphaproteobacteria; D_3__o__Hyphomicrobiales; D_4__f__Bradyrhizobiaceae; D_5__g__Afipia; D_6__g__Afipia_s__broomeae
1574	0	33	0	0	0	0	0	0	0	0	0	0	0	0	0	0	0	0	0	0	0	0	0	0	0	0	0	0	0	0	0	0	0	0	0	0	0	0	0	0	0	0	0	0	0	0	0	0	0	0	D_0__k__Bacteria; D_1__p__Bacteroidetes; D_2__c__Bacteroidia; D_3__o__Bacteroidales; D_4__f__Prevotellaceae; D_5__g__Alloprevotella; D_6__g__Alloprevotella_s__sp._HMT_913
1575	0	15	0	0	0	0	0	0	0	0	0	8	0	0	0	0	0	10	0	0	0	0	0	0	0	0	0	0	0	0	0	0	0	0	0	0	0	0	0	0	0	0	0	0	0	0	0	0	0	0	D_0__k__Bacteria; D_1__p__Bacteroidetes; D_2__c__Flavobacteriia; D_3__o__Flavobacteriales; D_4__f__Weeksellaceae; D_5__g__Weeksellaceae_[G-1]; D_6__g__Weeksellaceae_[G-1]_s__sp._HMT_931
1576	0	0	0	0	0	33	0	0	0	0	0	0	0	0	0	0	0	0	0	0	0	0	0	0	0	0	0	0	0	0	0	0	0	0	0	0	0	0	0	0	0	0	0	0	0	0	0	0	0	0	D_0__k__Bacteria; D_1__p__Firmicutes; D_2__c__Clostridia; D_3__o__Eubacteriales; D_4__f__Lachnospiraceae; D_5__g__Oribacterium; D_6__g__Oribacterium_s__parvum
1577	0	0	0	0	0	0	33	0	0	0	0	0	0	0	0	0	0	0	0	0	0	0	0	0	0	0	0	0	0	0	0	0	0	0	0	0	0	0	0	0	0	0	0	0	0	0	0	0	0	0	D_0__k__Bacteria; D_1__p__Actinobacteria; D_2__c__Actinomycetia; D_3__o__Bifidobacteriales; D_4__f__Bifidobacteriaceae; D_5__g__Aeriscardovia; D_6__g__Aeriscardovia_s__bacterium_HMT_407
1578	0	0	0	0	0	0	33	0	0	0	0	0	0	0	0	0	0	0	0	0	0	0	0	0	0	0	0	0	0	0	0	0	0	0	0	0	0	0	0	0	0	0	0	0	0	0	0	0	0	0	D_0__k__Bacteria; D_1__p__Firmicutes; D_2__c__Negativicutes; D_3__o__Selenomonadales; D_4__f__Selenomonadaceae; D_5__g__Selenomonas; D_6__g__Selenomonas_s__sp._HMT_919
1579	0	0	0	0	0	0	0	0	0	0	0	33	0	0	0	0	0	0	0	0	0	0	0	0	0	0	0	0	0	0	0	0	0	0	0	0	0	0	0	0	0	0	0	0	0	0	0	0	0	0	D_0__k__Bacteria; D_1__p__Fusobacteria; D_2__c__Fusobacteriia; D_3__o__Fusobacteriales; D_4__f__Leptotrichiaceae; D_5__g__Leptotrichia; D_6__g__Leptotrichia_s__sp._HMT_215
1580	0	0	0	0	0	0	0	0	0	0	0	0	0	0	0	0	0	0	0	0	0	0	0	0	0	0	0	0	0	0	0	0	33	0	0	0	0	0	0	0	0	0	0	0	0	0	0	0	0	0	D_0__k__Bacteria; D_1__p__Actinobacteria; D_2__c__Actinomycetia; D_3__o__Micrococcales; D_4__f__Micrococcaceae; D_5__g__Kocuria; D_6__g__Kocuria_s__rhizophila
1581	0	0	0	0	0	0	0	0	0	0	0	0	0	0	0	0	0	0	0	0	0	0	0	0	0	0	0	0	0	0	0	0	33	0	0	0	0	0	0	0	0	0	0	0	0	0	0	0	0	0	D_0__k__Bacteria; D_1__p__Firmicutes; D_2__c__Negativicutes; D_3__o__Veillonellales; D_4__f__Veillonellaceae; D_5__g__Veillonella; D_6__g__Veillonella_s__sp._HMT_780
1582	0	0	0	0	0	0	0	0	0	0	0	0	0	0	0	0	0	0	0	0	0	0	0	0	0	0	0	0	0	0	0	0	0	0	33	0	0	0	0	0	0	0	0	0	0	0	0	0	0	0	D_0__k__Bacteria; D_1__p__Firmicutes; D_2__c__Negativicutes; D_3__o__Selenomonadales; D_4__f__Selenomonadaceae; D_5__g__Selenomonas; D_6__g__Selenomonas_s__sputigena
1583	0	0	0	0	0	0	0	0	0	0	0	0	0	0	0	0	0	0	0	0	0	0	0	0	0	0	0	0	0	0	0	0	0	0	0	0	33	0	0	0	0	0	0	0	0	0	0	0	0	0	D_0__k__Bacteria; D_1__p__Firmicutes; D_2__c__Clostridia; D_3__o__Eubacteriales; D_4__f__Peptostreptococcaceae; D_5__g__Peptostreptococcaceae_[G-1]; D_6__g__Peptostreptococcaceae_[G-1]_s__[Eubacterium]_sulci
1584	0	0	0	0	0	0	0	0	0	0	0	0	0	0	0	0	0	0	0	0	0	0	0	0	0	0	0	0	0	0	0	0	0	0	0	0	0	33	0	0	0	0	0	0	0	0	0	0	0	0	D_0__k__Bacteria; D_1__p__Bacteroidetes; D_2__c__Bacteroidia; D_3__o__Bacteroidales; D_4__f__Porphyromonadaceae; D_5__g__Porphyromonas; D_6__g__Porphyromonas_s__sp._HMT_275
1585	0	0	0	0	0	0	0	0	0	0	0	0	0	0	0	0	0	0	0	0	0	0	0	0	0	0	0	0	0	0	0	0	0	0	0	0	0	0	0	33	0	0	0	0	0	0	0	0	0	0	D_0__k__Bacteria; D_1__p__Bacteroidetes; D_2__c__Flavobacteriia; D_3__o__Flavobacteriales; D_4__f__Flavobacteriaceae; D_5__g__Capnocytophaga; D_6__g__Capnocytophaga_s__leadbetteri
1586	0	0	0	0	0	0	0	0	0	0	0	0	0	0	0	0	0	0	0	0	0	0	0	0	0	0	0	0	0	0	0	0	0	0	0	0	0	0	0	33	0	0	0	0	0	0	0	0	0	0	D_0__k__Bacteria; D_1__p__Firmicutes; D_2__c__Bacilli; D_3__o__Lactobacillales; D_4__f__Streptococcaceae; D_5__g__Streptococcus; D_6__g__Streptococcus_s__parasanguinis_clade_411
1587	0	0	0	0	0	0	0	0	0	0	0	0	0	0	0	0	0	0	0	0	0	0	0	0	0	0	0	0	0	0	0	0	0	0	0	0	0	0	0	33	0	0	0	0	0	0	0	0	0	0	D_0__k__Bacteria; D_1__p__Firmicutes; D_2__c__Negativicutes; D_3__o__Selenomonadales; D_4__f__Selenomonadaceae; D_5__g__Selenomonas; D_6__g__Selenomonas_s__sp._HMT_137
1588	0	0	0	0	0	0	0	0	0	0	0	0	0	0	0	0	0	0	0	0	0	0	0	0	0	0	0	0	0	0	0	0	0	0	0	0	0	0	0	0	0	0	0	0	0	0	0	0	33	0	D_0__k__Bacteria; D_1__p__Spirochaetes; D_2__c__Spirochaetia; D_3__o__Spirochaetales; D_4__f__Treponemataceae; D_5__g__Treponema; D_6__g__Treponema_s__sp._HMT_253
1589	0	0	0	0	0	0	0	0	0	0	0	0	0	0	0	0	0	0	0	0	0	0	0	0	0	0	0	0	0	0	0	0	0	0	0	0	0	0	0	0	0	0	0	0	0	0	0	0	0	33	D_0__k__Bacteria; D_1__p__Fusobacteria; D_2__c__Fusobacteriia; D_3__o__Fusobacteriales; D_4__f__Leptotrichiaceae; D_5__g__Leptotrichia; D_6__g__Leptotrichia_s__sp._HMT_217
1590	0	0	0	0	0	0	32	0	0	0	0	0	0	0	0	0	0	0	0	0	0	0	0	0	0	0	0	0	0	0	0	0	0	0	0	0	0	0	0	0	0	0	0	0	0	0	0	0	0	0	D_0__k__Bacteria; D_1__p__Firmicutes; D_2__c__Negativicutes; D_3__o__Selenomonadales; D_4__f__Selenomonadaceae; D_5__g__Selenomonas; D_6__g__Selenomonas_s__sp._HMT_138
1591	0	0	0	0	0	0	0	0	0	0	0	32	0	0	0	0	0	0	0	0	0	0	0	0	0	0	0	0	0	0	0	0	0	0	0	0	0	0	0	0	0	0	0	0	0	0	0	0	0	0	D_0__k__Bacteria; D_1__p__Spirochaetes; D_2__c__Spirochaetia; D_3__o__Spirochaetales; D_4__f__Treponemataceae; D_5__g__Treponema; D_6__g__Treponema_s__sp._HMT_231
1592	0	0	0	0	0	0	0	0	0	0	0	32	0	0	0	0	0	0	0	0	0	0	0	0	0	0	0	0	0	0	0	0	0	0	0	0	0	0	0	0	0	0	0	0	0	0	0	0	0	0	D_0__k__Bacteria; D_1__p__Firmicutes; D_2__c__Negativicutes; D_3__o__Selenomonadales; D_4__f__Selenomonadaceae; D_5__g__Selenomonas; D_6__g__Selenomonas_s__sp._HMT_138
1593	0	0	0	0	0	0	0	0	0	0	0	32	0	0	0	0	0	0	0	0	0	0	0	0	0	0	0	0	0	0	0	0	0	0	0	0	0	0	0	0	0	0	0	0	0	0	0	0	0	0	D_0__k__Bacteria; D_1__p__Firmicutes; D_2__c__Clostridia; D_3__o__Eubacteriales; D_4__f__Lachnospiraceae; D_5__g__Lachnospiraceae_[G-3]; D_6__g__Lachnospiraceae_[G-3]_s__bacterium_HMT_100
1594	0	0	0	0	0	0	0	0	0	0	0	0	0	0	0	32	0	0	0	0	0	0	0	0	0	0	0	0	0	0	0	0	0	0	0	0	0	0	0	0	0	0	0	0	0	0	0	0	0	0	D_0__k__Bacteria; D_1__p__Bacteroidetes; D_2__c__Flavobacteriia; D_3__o__Flavobacteriales; D_4__f__Weeksellaceae; D_5__g__Weeksellaceae_[G-1]; D_6__g__Weeksellaceae_[G-1]_s__sp._HMT_900
1595	0	0	0	0	0	0	0	0	0	0	0	0	0	0	0	0	0	0	0	26	0	0	4	0	0	0	0	0	0	0	0	0	0	0	0	0	0	0	0	0	0	0	0	0	0	0	0	0	0	0	D_0__k__Bacteria; D_1__p__Actinobacteria; D_2__c__Actinomycetia; D_3__o__Actinomycetales; D_4__f__Actinomycetaceae; D_5__g__Actinomyces; D_6__g__Actinomyces_s__sp._HMT_448
1596	0	0	0	0	0	0	0	0	0	0	0	0	0	0	0	0	0	0	0	0	0	0	0	0	0	32	0	0	0	0	0	0	0	0	0	0	0	0	0	0	0	0	0	0	0	0	0	0	0	0	D_0__k__Bacteria; D_1__p__Bacteroidetes; D_2__c__Bacteroidia; D_3__o__Bacteroidales; D_4__f__Prevotellaceae; D_5__g__Prevotella; D_6__g__Prevotella_s__maculosa
1597	0	0	0	0	0	0	0	0	0	0	0	0	0	0	0	0	0	0	0	0	0	0	0	0	0	0	0	0	0	0	0	0	0	0	0	32	0	0	0	0	0	0	0	0	0	0	0	0	0	0	D_0__k__Bacteria; D_1__p__Proteobacteria; D_2__c__Betaproteobacteria; D_3__o__Neisseriales; D_4__f__Neisseriaceae; D_5__g__Kingella; D_6__g__Kingella_s__denitrificans
1598	0	0	0	0	0	0	0	0	0	0	0	0	0	0	0	0	0	0	0	0	0	0	0	0	0	0	0	0	0	0	0	0	0	0	0	0	0	0	0	0	0	0	0	0	0	0	0	32	0	0	D_0__k__Bacteria; D_1__p__Fusobacteria; D_2__c__Fusobacteriia; D_3__o__Fusobacteriales; D_4__f__Leptotrichiaceae; D_5__g__Leptotrichia; D_6__g__Leptotrichia_s__shahii
1599	0	0	0	0	0	0	0	0	0	0	0	0	0	0	0	0	0	0	0	0	0	0	0	0	0	0	0	0	0	0	0	0	0	0	0	0	0	0	0	0	0	0	0	0	0	0	0	0	32	0	D_0__k__Bacteria; D_1__p__Firmicutes; D_2__c__Negativicutes; D_3__o__Selenomonadales; D_4__f__Selenomonadaceae; D_5__g__Selenomonas; D_6__g__Selenomonas_s__noxia
1600	0	0	0	0	31	0	0	0	0	0	0	0	0	0	0	0	0	0	0	0	0	0	0	0	0	0	0	0	0	0	0	0	0	0	0	0	0	0	0	0	0	0	0	0	0	0	0	0	0	0	D_0__k__Bacteria; D_1__p__Firmicutes; D_2__c__Bacilli; D_3__o__Lactobacillales; D_4__f__Carnobacteriaceae; D_5__g__Granulicatella; D_6__g__Granulicatella_s__adiacens
1601	0	0	0	0	31	0	0	0	0	0	0	0	0	0	0	0	0	0	0	0	0	0	0	0	0	0	0	0	0	0	0	0	0	0	0	0	0	0	0	0	0	0	0	0	0	0	0	0	0	0	D_0__k__Bacteria; D_1__p__Bacteroidetes; D_2__c__Bacteroidia; D_3__o__Bacteroidales; D_4__f__Porphyromonadaceae; D_5__g__Porphyromonas; D_6__g__Porphyromonas_s__catoniae
1602	0	0	0	0	0	0	12	0	0	0	0	0	0	0	0	19	0	0	0	0	0	0	0	0	0	0	0	0	0	0	0	0	0	0	0	0	0	0	0	0	0	0	0	0	0	0	0	0	0	0	D_0__k__Bacteria; D_1__p__Actinobacteria; D_2__c__Actinomycetia; D_3__o__Bifidobacteriales; D_4__f__Bifidobacteriaceae; D_5__g__Bifidobacterium; D_6__g__Bifidobacterium_s__dentium
1603	0	0	0	0	0	0	0	0	0	0	0	0	0	0	0	31	0	0	0	0	0	0	0	0	0	0	0	0	0	0	0	0	0	0	0	0	0	0	0	0	0	0	0	0	0	0	0	0	0	0	D_0__k__Bacteria; D_1__p__Bacteroidetes; D_2__c__Flavobacteriia; D_3__o__Flavobacteriales; D_4__f__Weeksellaceae; D_5__g__Weeksellaceae_[G-1]; D_6__g__Weeksellaceae_[G-1]_s__sp._HMT_907
1604	0	0	0	0	0	0	0	0	0	0	0	0	0	0	0	31	0	0	0	0	0	0	0	0	0	0	0	0	0	0	0	0	0	0	0	0	0	0	0	0	0	0	0	0	0	0	0	0	0	0	D_0__k__Bacteria; D_1__p__Fusobacteria; D_2__c__Fusobacteriia; D_3__o__Fusobacteriales; D_4__f__Leptotrichiaceae; D_5__g__Leptotrichia; D_6__g__Leptotrichia_s__sp._HMT_215
1605	0	0	0	0	0	0	0	0	0	0	0	0	0	0	0	0	31	0	0	0	0	0	0	0	0	0	0	0	0	0	0	0	0	0	0	0	0	0	0	0	0	0	0	0	0	0	0	0	0	0	D_0__k__Bacteria; D_1__p__Proteobacteria; D_2__c__Gammaproteobacteria; D_3__o__Pasteurellales; D_4__f__Pasteurellaceae; D_5__g__Haemophilus; D_6__g__Haemophilus_s__pittmaniae
1606	0	0	0	0	0	0	0	0	0	0	0	0	0	0	0	0	0	31	0	0	0	0	0	0	0	0	0	0	0	0	0	0	0	0	0	0	0	0	0	0	0	0	0	0	0	0	0	0	0	0	D_0__k__Bacteria; D_1__p__Bacteroidetes; D_2__c__Bacteroidia; D_3__o__Bacteroidales; D_4__f__Prevotellaceae; D_5__g__Alloprevotella; D_6__g__Alloprevotella_s__sp._HMT_912
1607	0	0	0	0	0	0	0	0	0	0	0	0	0	0	0	0	0	0	31	0	0	0	0	0	0	0	0	0	0	0	0	0	0	0	0	0	0	0	0	0	0	0	0	0	0	0	0	0	0	0	D_0__k__Bacteria; D_1__p__Firmicutes; D_2__c__Negativicutes; D_3__o__Veillonellales; D_4__f__Veillonellaceae; D_5__g__Dialister; D_6__g__Dialister_s__micraerophilus
1608	0	0	0	0	0	0	0	0	0	0	0	0	0	0	0	0	0	0	0	0	31	0	0	0	0	0	0	0	0	0	0	0	0	0	0	0	0	0	0	0	0	0	0	0	0	0	0	0	0	0	D_0__k__Bacteria; D_1__p__Bacteroidetes; D_2__c__Bacteroidia; D_3__o__Bacteroidales; D_4__f__Prevotellaceae; D_5__g__Alloprevotella; D_6__g__Alloprevotella_s__sp._HMT_912
1609	0	0	0	0	0	0	0	0	0	0	0	0	0	0	0	0	0	0	0	0	31	0	0	0	0	0	0	0	0	0	0	0	0	0	0	0	0	0	0	0	0	0	0	0	0	0	0	0	0	0	D_0__k__Bacteria; D_1__p__Bacteroidetes; D_2__c__Bacteroidia; D_3__o__Bacteroidales; D_4__f__Prevotellaceae; D_5__g__Prevotella; D_6__g__Prevotella_s__buccae
1610	0	0	0	0	0	0	0	0	0	0	0	0	0	0	0	0	0	0	0	0	0	0	0	0	0	0	0	0	0	0	0	14	0	0	0	0	0	0	0	0	0	0	0	0	0	0	0	0	0	17	D_0__k__Bacteria; D_1__p__Actinobacteria; D_2__c__Actinomycetia; D_3__o__Actinomycetales; D_4__f__Actinomycetaceae; D_5__g__Actinomyces; D_6__g__Actinomyces_s__sp._HMT_896
1611	0	0	0	0	0	0	0	0	0	0	0	0	0	0	0	0	0	0	0	0	0	0	0	0	0	0	0	0	0	0	0	0	31	0	0	0	0	0	0	0	0	0	0	0	0	0	0	0	0	0	D_0__k__Bacteria; D_1__p__Firmicutes; D_2__c__Negativicutes; D_3__o__Selenomonadales; D_4__f__Selenomonadaceae; D_5__g__Selenomonas; D_6__g__Selenomonas_s__sp._HMT_137
1612	0	0	0	0	0	0	0	0	0	0	0	0	0	0	0	0	0	0	0	0	0	0	0	0	0	0	0	0	0	0	0	0	0	0	0	0	31	0	0	0	0	0	0	0	0	0	0	0	0	0	D_0__k__Bacteria; D_1__p__Bacteroidetes; D_2__c__Flavobacteriia; D_3__o__Flavobacteriales; D_4__f__Flavobacteriaceae; D_5__g__Capnocytophaga; D_6__g__Capnocytophaga_s__sp._HMT_335
1613	0	0	0	0	0	0	0	0	0	0	0	0	0	0	0	0	0	0	0	0	0	0	0	0	0	0	0	0	0	0	0	0	0	0	0	0	0	0	0	0	0	0	0	0	31	0	0	0	0	0	D_0__k__Bacteria; D_1__p__Firmicutes; D_2__c__Clostridia; D_3__o__Eubacteriales; D_4__f__Clostridiales_[F-1]; D_5__g__Clostridiales_[F-1][G-1]; D_6__g__Clostridiales_[F-1][G-1]_s__bacterium_HMT_093
1614	0	30	0	0	0	0	0	0	0	0	0	0	0	0	0	0	0	0	0	0	0	0	0	0	0	0	0	0	0	0	0	0	0	0	0	0	0	0	0	0	0	0	0	0	0	0	0	0	0	0	D_0__k__Bacteria; D_1__p__Proteobacteria; D_2__c__Gammaproteobacteria; D_3__o__Pasteurellales; D_4__f__Pasteurellaceae; D_5__g__Haemophilus; D_6__g__Haemophilus_s__paraphrohaemolyticus
1615	0	0	0	0	0	0	0	0	0	0	0	2	0	0	0	0	0	0	0	0	0	0	0	0	0	0	0	0	0	0	0	0	0	0	0	0	0	0	0	0	0	0	0	0	0	0	0	0	28	0	D_0__k__Bacteria; D_1__p__Bacteroidetes; D_2__c__Bacteroidia; D_3__o__Bacteroidales; D_4__f__Prevotellaceae; D_5__g__Prevotella; D_6__g__Prevotella_s__nigrescens
1616	0	0	0	0	0	0	0	0	0	0	0	0	0	0	0	30	0	0	0	0	0	0	0	0	0	0	0	0	0	0	0	0	0	0	0	0	0	0	0	0	0	0	0	0	0	0	0	0	0	0	D_0__k__Bacteria; D_1__p__Firmicutes; D_2__c__Negativicutes; D_3__o__Selenomonadales; D_4__f__Selenomonadaceae; D_5__g__Selenomonas; D_6__g__Selenomonas_s__sputigena
1617	0	0	0	0	0	0	0	0	0	0	0	0	0	0	0	0	0	30	0	0	0	0	0	0	0	0	0	0	0	0	0	0	0	0	0	0	0	0	0	0	0	0	0	0	0	0	0	0	0	0	D_0__k__Bacteria; D_1__p__Bacteroidetes; D_2__c__Bacteroidia; D_3__o__Bacteroidales; D_4__f__Prevotellaceae; D_5__g__Prevotella; D_6__g__Prevotella_s__oulorum
1618	0	0	0	0	0	0	0	0	0	0	0	0	0	0	0	0	0	0	0	0	0	0	30	0	0	0	0	0	0	0	0	0	0	0	0	0	0	0	0	0	0	0	0	0	0	0	0	0	0	0	D_0__k__Bacteria; D_1__p__Firmicutes; D_2__c__Clostridia; D_3__o__Eubacteriales; D_4__f__Lachnospiraceae; D_5__g__Lachnoanaerobaculum; D_6__g__Lachnoanaerobaculum_s__saburreum
1619	0	0	0	0	0	0	0	0	0	0	0	0	0	0	0	0	0	0	0	0	0	0	0	0	0	30	0	0	0	0	0	0	0	0	0	0	0	0	0	0	0	0	0	0	0	0	0	0	0	0	D_0__k__Bacteria; D_1__p__Firmicutes; D_2__c__Negativicutes; D_3__o__Selenomonadales; D_4__f__Selenomonadaceae; D_5__g__Selenomonas; D_6__g__Selenomonas_s__sp._HMT_138
1620	0	0	0	0	0	0	0	0	0	0	0	0	0	0	0	0	0	0	0	0	0	0	0	0	0	0	0	0	0	0	0	0	0	0	0	30	0	0	0	0	0	0	0	0	0	0	0	0	0	0	D_0__k__Bacteria; D_1__p__Actinobacteria; D_2__c__Actinomycetia; D_3__o__Corynebacteriales; D_4__f__Corynebacteriaceae; D_5__g__Corynebacterium; D_6__g__Corynebacterium_s__matruchotii
1621	0	0	0	0	0	0	0	0	0	0	0	0	0	0	0	0	0	0	0	0	0	0	0	0	0	0	0	0	0	0	0	0	0	0	0	0	30	0	0	0	0	0	0	0	0	0	0	0	0	0	D_0__k__Bacteria; D_1__p__Spirochaetes; D_2__c__Spirochaetia; D_3__o__Spirochaetales; D_4__f__Treponemataceae; D_5__g__Treponema; D_6__g__Treponema_s__maltophilum
1622	0	0	0	0	0	0	0	0	0	0	0	0	0	0	0	0	0	0	0	0	0	0	0	0	0	0	0	0	0	0	0	0	0	0	0	0	0	0	0	30	0	0	0	0	0	0	0	0	0	0	D_0__k__Bacteria; D_1__p__Bacteroidetes; D_2__c__Bacteroidia; D_3__o__Bacteroidales; D_4__f__Porphyromonadaceae; D_5__g__Porphyromonas; D_6__g__Porphyromonas_s__sp._HMT_284
1623	0	0	0	0	0	0	0	0	0	0	0	0	0	0	0	0	0	0	0	0	0	0	0	0	0	0	0	0	0	0	0	0	0	0	0	0	0	0	0	0	0	0	0	0	0	0	0	0	0	30	D_0__k__Bacteria; D_1__p__Fusobacteria; D_2__c__Fusobacteriia; D_3__o__Fusobacteriales; D_4__f__Fusobacteriaceae; D_5__g__Fusobacterium; D_6__g__Fusobacterium_s__nucleatum
1624	2	0	0	0	8	0	0	0	0	0	0	3	0	0	0	0	0	0	9	0	0	0	0	0	0	0	0	0	0	0	0	0	7	0	0	0	0	0	0	0	0	0	0	0	0	0	0	0	0	0	D_0__k__Bacteria; D_1__p__Bacteroidetes; D_2__c__Bacteroidia; D_3__o__Bacteroidales; D_4__f__Prevotellaceae; D_5__g__Prevotella; D_6__g__Prevotella_s__maculosa
1625	0	0	29	0	0	0	0	0	0	0	0	0	0	0	0	0	0	0	0	0	0	0	0	0	0	0	0	0	0	0	0	0	0	0	0	0	0	0	0	0	0	0	0	0	0	0	0	0	0	0	D_0__k__Bacteria; D_1__p__Bacteroidetes; D_2__c__Bacteroidia; D_3__o__Bacteroidales; D_4__f__Prevotellaceae; D_5__g__Alloprevotella; D_6__g__Alloprevotella_s__rava
1626	0	0	0	0	0	0	0	1	0	0	0	3	0	0	0	0	0	0	0	0	0	0	0	0	0	0	0	0	0	0	0	0	0	0	0	0	0	11	0	13	0	0	0	0	0	0	0	0	0	0	D_0__k__Bacteria; D_1__p__Actinobacteria; D_2__c__Actinomycetia; D_3__o__Actinomycetales; D_4__f__Actinomycetaceae; D_5__g__Schaalia; D_6__g__Schaalia_s__sp._HMT_178
1627	0	0	0	0	0	0	0	0	0	0	0	0	0	0	0	29	0	0	0	0	0	0	0	0	0	0	0	0	0	0	0	0	0	0	0	0	0	0	0	0	0	0	0	0	0	0	0	0	0	0	D_0__k__Bacteria; D_1__p__Firmicutes; D_2__c__Negativicutes; D_3__o__Selenomonadales; D_4__f__Selenomonadaceae; D_5__g__Selenomonas; D_6__g__Selenomonas_s__sp._HMT_126
1628	0	0	0	0	0	0	0	0	0	0	0	0	0	0	0	0	29	0	0	0	0	0	0	0	0	0	0	0	0	0	0	0	0	0	0	0	0	0	0	0	0	0	0	0	0	0	0	0	0	0	D_0__k__Bacteria; D_1__p__Bacteroidetes; D_2__c__Flavobacteriia; D_3__o__Flavobacteriales; D_4__f__Flavobacteriaceae; D_5__g__Capnocytophaga; D_6__g__Capnocytophaga_s__sp._HMT_864
1629	0	0	0	0	0	0	0	0	0	0	0	0	0	0	0	0	8	0	0	0	0	0	0	0	0	21	0	0	0	0	0	0	0	0	0	0	0	0	0	0	0	0	0	0	0	0	0	0	0	0	D_0__k__Bacteria; D_1__p__Firmicutes; D_2__c__Negativicutes; D_3__o__Selenomonadales; D_4__f__Selenomonadaceae; D_5__g__Selenomonas; D_6__g__Selenomonas_s__sp._HMT_138
1630	0	0	0	0	0	0	0	0	0	0	0	0	0	0	0	0	0	0	0	29	0	0	0	0	0	0	0	0	0	0	0	0	0	0	0	0	0	0	0	0	0	0	0	0	0	0	0	0	0	0	D_0__k__Bacteria; D_1__p__Bacteroidetes; D_2__c__Flavobacteriia; D_3__o__Flavobacteriales; D_4__f__Flavobacteriaceae; D_5__g__Capnocytophaga; D_6__g__Capnocytophaga_s__sp._HMT_336
1631	0	0	0	0	0	0	0	0	0	0	0	0	0	0	0	0	0	0	0	0	0	0	0	0	29	0	0	0	0	0	0	0	0	0	0	0	0	0	0	0	0	0	0	0	0	0	0	0	0	0	D_0__k__Bacteria; D_1__p__Actinobacteria; D_2__c__Actinomycetia; D_3__o__Corynebacteriales; D_4__f__Corynebacteriaceae; D_5__g__Corynebacterium; D_6__g__Corynebacterium_s__simulans
1632	0	0	0	0	0	0	0	0	0	0	0	0	0	0	0	0	0	0	0	0	0	0	0	0	0	0	0	0	0	0	0	0	0	0	0	0	0	0	0	29	0	0	0	0	0	0	0	0	0	0	D_0__k__Bacteria; D_1__p__Proteobacteria; D_2__c__Gammaproteobacteria; D_3__o__Pasteurellales; D_4__f__Pasteurellaceae; D_5__g__Aggregatibacter; D_6__g__Aggregatibacter_s__sp._HMT_458
1633	0	0	0	0	0	0	0	0	0	0	0	0	0	0	0	0	0	0	0	0	0	0	0	0	0	0	0	0	0	0	0	0	0	0	0	0	0	0	0	0	0	0	0	0	29	0	0	0	0	0	D_0__k__Bacteria; D_1__p__Spirochaetes; D_2__c__Spirochaetia; D_3__o__Spirochaetales; D_4__f__Treponemataceae; D_5__g__Treponema; D_6__g__Treponema_s__sp._HMT_231
1634	0	28	0	0	0	0	0	0	0	0	0	0	0	0	0	0	0	0	0	0	0	0	0	0	0	0	0	0	0	0	0	0	0	0	0	0	0	0	0	0	0	0	0	0	0	0	0	0	0	0	D_0__k__Bacteria; D_1__p__Bacteroidetes; D_2__c__Flavobacteriia; D_3__o__Flavobacteriales; D_4__f__Flavobacteriaceae; D_5__g__Capnocytophaga; D_6__g__Capnocytophaga_s__sp._HMT_901
1635	0	10	0	0	0	0	0	0	0	0	0	0	0	0	0	0	0	0	0	0	0	0	18	0	0	0	0	0	0	0	0	0	0	0	0	0	0	0	0	0	0	0	0	0	0	0	0	0	0	0	D_0__k__Bacteria; D_1__p__Fusobacteria; D_2__c__Fusobacteriia; D_3__o__Fusobacteriales; D_4__f__Leptotrichiaceae; D_5__g__Pseudoleptotrichia; D_6__g__Pseudoleptotrichia_s__sp._HMT_219
1636	0	0	0	3	0	0	0	0	0	0	0	0	0	0	0	0	0	0	0	0	0	0	0	0	0	0	0	0	0	0	0	0	0	25	0	0	0	0	0	0	0	0	0	0	0	0	0	0	0	0	D_0__k__Bacteria; D_1__p__Fusobacteria; D_2__c__Fusobacteriia; D_3__o__Fusobacteriales; D_4__f__Leptotrichiaceae; D_5__g__Leptotrichia; D_6__g__Leptotrichia_s__shahii
1637	0	0	0	0	0	0	0	0	0	0	0	0	0	0	0	28	0	0	0	0	0	0	0	0	0	0	0	0	0	0	0	0	0	0	0	0	0	0	0	0	0	0	0	0	0	0	0	0	0	0	D_0__k__Bacteria; D_1__p__Proteobacteria; D_2__c__Gammaproteobacteria; D_3__o__Pasteurellales; D_4__f__Pasteurellaceae; D_5__g__Aggregatibacter; D_6__g__Aggregatibacter_s__sp._HMT_458
1638	0	0	0	0	0	0	0	0	0	0	0	0	0	0	0	0	0	0	0	0	28	0	0	0	0	0	0	0	0	0	0	0	0	0	0	0	0	0	0	0	0	0	0	0	0	0	0	0	0	0	D_0__k__Bacteria; D_1__p__Actinobacteria; D_2__c__Coriobacteriia; D_3__o__Coriobacteriales; D_4__f__Atopobiaceae; D_5__g__Lancefieldella; D_6__g__Lancefieldella_s__sp._HMT_199
1639	0	0	0	0	0	0	0	0	0	0	0	0	0	0	0	0	0	0	0	0	0	0	28	0	0	0	0	0	0	0	0	0	0	0	0	0	0	0	0	0	0	0	0	0	0	0	0	0	0	0	D_0__k__Bacteria; D_1__p__Actinobacteria; D_2__c__Actinomycetia; D_3__o__Actinomycetales; D_4__f__Actinomycetaceae; D_5__g__Actinomyces; D_6__g__Actinomyces_s__sp._HMT_448
1640	0	0	0	0	0	0	0	0	0	0	0	0	0	0	0	0	0	0	0	0	0	0	0	0	0	0	0	0	0	0	0	0	0	0	0	0	28	0	0	0	0	0	0	0	0	0	0	0	0	0	D_0__k__Bacteria; D_1__p__Actinobacteria; D_2__c__Coriobacteriia; D_3__o__Coriobacteriales; D_4__f__Coriobacteriaceae; D_5__g__Fannyhessea; D_6__g__Fannyhessea_s__sp._HMT_416
1641	0	0	0	0	0	0	0	0	0	0	0	0	0	0	0	0	0	0	0	0	0	0	0	0	0	0	0	0	0	0	0	0	0	0	0	0	0	0	0	28	0	0	0	0	0	0	0	0	0	0	D_0__k__Bacteria; D_1__p__Bacteroidetes; D_2__c__Bacteroidia; D_3__o__Bacteroidales; D_4__f__Tannerellaceae; D_5__g__Tannerella; D_6__g__Tannerella_s__sp._HMT_286
1642	0	0	0	0	0	0	0	0	0	0	0	0	0	0	0	0	0	0	0	0	0	0	0	0	0	0	0	0	0	0	0	0	0	0	0	0	0	0	0	0	0	0	0	0	28	0	0	0	0	0	D_0__k__Bacteria; D_1__p__Proteobacteria; D_2__c__Gammaproteobacteria; D_3__o__Cardiobacteriales; D_4__f__Cardiobacteriaceae; D_5__g__Cardiobacterium; D_6__g__Cardiobacterium_s__valvarum
1643	0	0	0	0	0	0	0	0	0	0	0	0	0	0	0	0	0	0	0	0	0	0	0	0	0	0	0	0	0	0	0	0	0	0	0	0	0	0	0	0	0	0	0	0	0	0	28	0	0	0	D_0__k__Bacteria; D_1__p__Firmicutes; D_2__c__Bacilli; D_3__o__Lactobacillales; D_4__f__Lactobacillaceae; D_5__g__Lactobacillus; D_6__g__Lactobacillus_s__crispatus
1644	0	0	0	0	0	0	0	0	0	0	0	0	0	0	0	0	0	0	0	0	0	0	0	0	0	0	0	0	0	0	0	0	0	0	0	0	0	0	0	0	0	0	0	0	0	0	0	0	0	28	D_0__k__Bacteria; D_1__p__Fusobacteria; D_2__c__Fusobacteriia; D_3__o__Fusobacteriales; D_4__f__Leptotrichiaceae; D_5__g__Leptotrichia; D_6__g__Leptotrichia_s__hofstadii
1645	0	0	0	27	0	0	0	0	0	0	0	0	0	0	0	0	0	0	0	0	0	0	0	0	0	0	0	0	0	0	0	0	0	0	0	0	0	0	0	0	0	0	0	0	0	0	0	0	0	0	D_0__k__Bacteria; D_1__p__Proteobacteria; D_2__c__Gammaproteobacteria; D_3__o__Pasteurellales; D_4__f__Pasteurellaceae; D_5__g__Aggregatibacter; D_6__g__Aggregatibacter_s__sp._HMT_949
1646	0	0	0	27	0	0	0	0	0	0	0	0	0	0	0	0	0	0	0	0	0	0	0	0	0	0	0	0	0	0	0	0	0	0	0	0	0	0	0	0	0	0	0	0	0	0	0	0	0	0	D_0__k__Bacteria; D_1__p__Bacteroidetes; D_2__c__Flavobacteriia; D_3__o__Flavobacteriales; D_4__f__Weeksellaceae; D_5__g__Weeksellaceae_[G-1]; D_6__g__Weeksellaceae_[G-1]_s__sp._HMT_931
1647	0	0	0	0	27	0	0	0	0	0	0	0	0	0	0	0	0	0	0	0	0	0	0	0	0	0	0	0	0	0	0	0	0	0	0	0	0	0	0	0	0	0	0	0	0	0	0	0	0	0	D_0__k__Bacteria; D_1__p__Actinobacteria; D_2__c__Actinomycetia; D_3__o__Actinomycetales; D_4__f__Actinomycetaceae; D_5__g__Actinomyces; D_6__g__Actinomyces_s__johnsonii
1648	0	0	0	0	0	0	27	0	0	0	0	0	0	0	0	0	0	0	0	0	0	0	0	0	0	0	0	0	0	0	0	0	0	0	0	0	0	0	0	0	0	0	0	0	0	0	0	0	0	0	D_0__k__Bacteria; D_1__p__Firmicutes; D_2__c__Bacilli; D_3__o__Bacillales; D_4__f__Paenibacillaceae; D_5__g__Paenibacillus; D_6__g__Paenibacillus_s__glucanolyticus
1649	0	0	0	0	0	0	0	0	0	0	27	0	0	0	0	0	0	0	0	0	0	0	0	0	0	0	0	0	0	0	0	0	0	0	0	0	0	0	0	0	0	0	0	0	0	0	0	0	0	0	D_0__k__Bacteria; D_1__p__Firmicutes; D_2__c__Tissierellia; D_3__o__Tissierellales; D_4__f__Peptoniphilaceae; D_5__g__Parvimonas; D_6__g__Parvimonas_s__sp._HMT_110
1650	0	0	0	0	0	0	0	0	0	0	0	27	0	0	0	0	0	0	0	0	0	0	0	0	0	0	0	0	0	0	0	0	0	0	0	0	0	0	0	0	0	0	0	0	0	0	0	0	0	0	D_0__k__Bacteria; D_1__p__Firmicutes; D_2__c__Negativicutes; D_3__o__Selenomonadales; D_4__f__Selenomonadaceae; D_5__g__Selenomonas; D_6__g__Selenomonas_s__sputigena
1651	0	0	0	0	0	0	0	0	0	0	0	0	27	0	0	0	0	0	0	0	0	0	0	0	0	0	0	0	0	0	0	0	0	0	0	0	0	0	0	0	0	0	0	0	0	0	0	0	0	0	D_0__k__Bacteria; D_1__p__Bacteroidetes; D_2__c__Flavobacteriia; D_3__o__Flavobacteriales; D_4__f__Flavobacteriaceae; D_5__g__Capnocytophaga; D_6__g__Capnocytophaga_s__sp._HMT_902
1652	0	0	0	0	0	0	0	0	0	0	0	0	0	8	0	0	0	0	0	0	0	0	0	0	0	0	0	0	0	0	0	0	0	0	0	0	0	0	0	0	0	0	0	0	0	0	19	0	0	0	D_0__k__Bacteria; D_1__p__Actinobacteria; D_2__c__Coriobacteriia; D_3__o__Coriobacteriales; D_4__f__Atopobiaceae; D_5__g__Lancefieldella; D_6__g__Lancefieldella_s__parvula
1653	0	0	0	0	0	0	0	0	0	0	0	0	0	0	0	27	0	0	0	0	0	0	0	0	0	0	0	0	0	0	0	0	0	0	0	0	0	0	0	0	0	0	0	0	0	0	0	0	0	0	D_0__k__Bacteria; D_1__p__Fusobacteria; D_2__c__Fusobacteriia; D_3__o__Fusobacteriales; D_4__f__Leptotrichiaceae; D_5__g__Pseudoleptotrichia; D_6__g__Pseudoleptotrichia_s__sp._HMT_221
1654	0	0	0	0	0	0	0	0	0	0	0	0	0	0	0	0	0	0	0	0	0	0	0	0	0	0	0	0	0	0	0	0	27	0	0	0	0	0	0	0	0	0	0	0	0	0	0	0	0	0	D_0__k__Bacteria; D_1__p__Proteobacteria; D_2__c__Alphaproteobacteria; D_3__o__Rhodobacterales; D_4__f__Rhodobacteraceae; D_5__g__Paracoccus; D_6__g__Paracoccus_s__yeei
1655	0	0	0	0	0	0	0	0	0	0	0	0	0	0	0	0	0	0	0	0	0	0	0	0	0	0	0	0	0	0	0	0	0	0	0	0	27	0	0	0	0	0	0	0	0	0	0	0	0	0	D_0__k__Bacteria; D_1__p__Firmicutes; D_2__c__Clostridia; D_3__o__Eubacteriales; D_4__f__Lachnospiraceae; D_5__g__Shuttleworthia; D_6__g__Shuttleworthia_s__satelles
1656	0	0	0	0	0	0	0	0	0	0	0	0	0	0	0	0	0	0	0	0	0	0	0	0	0	0	0	0	0	0	0	0	0	0	0	0	0	27	0	0	0	0	0	0	0	0	0	0	0	0	D_0__k__Bacteria; D_1__p__Proteobacteria; D_2__c__Betaproteobacteria; D_3__o__Neisseriales; D_4__f__Neisseriaceae; D_5__g__Neisseria; D_6__g__Neisseria_s__perflava
1657	0	0	0	0	0	0	0	0	0	0	0	0	0	0	0	0	0	0	0	0	0	0	0	0	0	0	0	0	0	0	0	0	0	0	0	0	0	27	0	0	0	0	0	0	0	0	0	0	0	0	D_0__k__Bacteria; D_1__p__Proteobacteria; D_2__c__Gammaproteobacteria; D_3__o__Pasteurellales; D_4__f__Pasteurellaceae; D_5__g__Haemophilus; D_6__g__Haemophilus_s__paraphrohaemolyticus
1658	0	0	0	0	0	0	0	0	0	0	0	0	0	0	0	0	0	0	0	0	0	0	0	0	0	0	0	0	0	0	0	0	0	0	0	0	0	0	0	27	0	0	0	0	0	0	0	0	0	0	D_0__k__Bacteria; D_1__p__Bacteroidetes; D_2__c__Bacteroidia; D_3__o__Bacteroidales; D_4__f__Prevotellaceae; D_5__g__Prevotella; D_6__g__Prevotella_s__sp._HMT_472
1659	0	0	0	0	0	0	0	0	0	0	0	0	0	0	0	0	0	0	0	0	0	0	0	0	0	0	0	0	0	0	0	0	0	0	0	0	0	0	0	0	0	0	0	0	27	0	0	0	0	0	D_0__k__Bacteria; D_1__p__Firmicutes; D_2__c__Negativicutes; D_3__o__Selenomonadales; D_4__f__Selenomonadaceae; D_5__g__Veillonellaceae_[G-1]; D_6__g__Veillonellaceae_[G-1]_s__bacterium_HMT_150
1660	0	0	0	0	0	0	0	0	0	0	0	0	0	0	0	0	0	0	0	0	0	0	0	0	0	0	0	0	0	0	0	0	0	0	0	0	0	0	0	0	0	0	0	0	0	0	27	0	0	0	D_0__k__Bacteria; D_1__p__Firmicutes; D_2__c__Clostridia; D_3__o__Eubacteriales; D_4__f__Peptostreptococcaceae; D_5__g__Mogibacterium; D_6__g__Mogibacterium_s__vescum
1661	0	0	0	0	0	0	0	0	0	0	0	0	0	0	0	0	0	0	0	0	0	0	0	0	0	0	0	0	0	0	0	0	0	0	0	0	0	0	0	0	0	0	0	0	0	0	0	27	0	0	D_0__k__Bacteria; D_1__p__Firmicutes; D_2__c__Negativicutes; D_3__o__Selenomonadales; D_4__f__Selenomonadaceae; D_5__g__Selenomonas; D_6__g__Selenomonas_s__sputigena
1662	0	0	0	0	0	0	0	0	0	0	0	0	0	0	0	0	0	0	0	0	0	0	0	0	0	0	0	0	0	0	0	0	0	0	0	0	0	0	0	0	0	0	0	0	0	0	0	27	0	0	D_0__k__Bacteria; D_1__p__Proteobacteria; D_2__c__Betaproteobacteria; D_3__o__Neisseriales; D_4__f__Neisseriaceae; D_5__g__Neisseria; D_6__g__Neisseria_s__flava
1663	0	0	0	0	0	0	0	0	0	0	0	0	0	0	0	0	0	0	0	0	0	0	0	0	0	0	0	0	0	0	0	0	0	0	0	0	0	0	0	0	0	0	0	0	0	0	0	0	27	0	D_0__k__Bacteria; D_1__p__Spirochaetes; D_2__c__Spirochaetia; D_3__o__Spirochaetales; D_4__f__Treponemataceae; D_5__g__Treponema; D_6__g__Treponema_s__medium
1664	0	0	0	0	0	0	0	0	0	0	0	0	0	0	0	0	0	0	0	0	0	0	0	0	0	0	0	0	0	0	0	0	0	0	0	0	0	0	0	0	0	0	0	0	0	0	0	0	0	27	D_0__k__Bacteria; D_1__p__Proteobacteria; D_2__c__Gammaproteobacteria; D_3__o__Pasteurellales; D_4__f__Pasteurellaceae; D_5__g__Haemophilus; D_6__g__Haemophilus_s__pittmaniae
1665	0	26	0	0	0	0	0	0	0	0	0	0	0	0	0	0	0	0	0	0	0	0	0	0	0	0	0	0	0	0	0	0	0	0	0	0	0	0	0	0	0	0	0	0	0	0	0	0	0	0	D_0__k__Bacteria; D_1__p__Bacteroidetes; D_2__c__Bacteroidia; D_3__o__Bacteroidales; D_4__f__Prevotellaceae; D_5__g__Prevotella; D_6__g__Prevotella_s__sp._HMT_475
1666	0	26	0	0	0	0	0	0	0	0	0	0	0	0	0	0	0	0	0	0	0	0	0	0	0	0	0	0	0	0	0	0	0	0	0	0	0	0	0	0	0	0	0	0	0	0	0	0	0	0	D_0__k__Bacteria; D_1__p__Bacteroidetes; D_2__c__Bacteroidia; D_3__o__Bacteroidales; D_4__f__Prevotellaceae; D_5__g__Prevotella; D_6__g__Prevotella_s__sp._HMT_472
1667	0	1	0	0	0	0	0	2	0	0	0	2	0	0	0	0	0	1	0	0	2	0	0	0	0	5	0	0	0	0	0	0	0	0	0	0	0	0	0	0	0	0	0	0	8	0	0	0	3	1	D_0__k__Bacteria; D_1__p__Proteobacteria; D_2__c__Epsilonproteobacteria; D_3__o__Campylobacterales; D_4__f__Campylobacteraceae; D_5__g__Campylobacter; D_6__g__Campylobacter_s__gracilis
1668	0	0	0	0	26	0	0	0	0	0	0	0	0	0	0	0	0	0	0	0	0	0	0	0	0	0	0	0	0	0	0	0	0	0	0	0	0	0	0	0	0	0	0	0	0	0	0	0	0	0	D_0__k__Bacteria; D_1__p__Saccharibacteria_(TM7); D_2__c__Saccharibacteria_(TM7)_[C-1]; D_3__o__Saccharibacteria_(TM7)_[O-1]; D_4__f__Saccharibacteria_(TM7)_[F-1]; D_5__g__Saccharibacteria_(TM7)_[G-1]; D_6__g__Saccharibacteria_(TM7)_[G-1]_s__bacterium_HMT_957
1669	0	0	0	0	26	0	0	0	0	0	0	0	0	0	0	0	0	0	0	0	0	0	0	0	0	0	0	0	0	0	0	0	0	0	0	0	0	0	0	0	0	0	0	0	0	0	0	0	0	0	D_0__k__Bacteria; D_1__p__Bacteroidetes; D_2__c__Bacteroidia; D_3__o__Bacteroidales; D_4__f__Prevotellaceae; D_5__g__Alloprevotella; D_6__g__Alloprevotella_s__sp._HMT_912
1670	0	0	0	0	0	0	0	0	0	0	0	26	0	0	0	0	0	0	0	0	0	0	0	0	0	0	0	0	0	0	0	0	0	0	0	0	0	0	0	0	0	0	0	0	0	0	0	0	0	0	D_0__k__Bacteria; D_1__p__Firmicutes; D_2__c__Bacilli; D_3__o__Lactobacillales; D_4__f__Lactobacillaceae; D_5__g__Limosilactobacillus; D_6__g__Limosilactobacillus_s__oris
1671	0	0	0	0	0	0	0	0	0	0	0	26	0	0	0	0	0	0	0	0	0	0	0	0	0	0	0	0	0	0	0	0	0	0	0	0	0	0	0	0	0	0	0	0	0	0	0	0	0	0	D_0__k__Bacteria; D_1__p__Firmicutes; D_2__c__Negativicutes; D_3__o__Selenomonadales; D_4__f__Selenomonadaceae; D_5__g__Selenomonas; D_6__g__Selenomonas_s__sp._HMT_138
1672	0	0	0	0	0	0	0	0	0	0	0	0	0	0	0	26	0	0	0	0	0	0	0	0	0	0	0	0	0	0	0	0	0	0	0	0	0	0	0	0	0	0	0	0	0	0	0	0	0	0	D_0__k__Bacteria; D_1__p__Bacteroidetes; D_2__c__Bacteroidia; D_3__o__Bacteroidales; D_4__f__Prevotellaceae; D_5__g__Prevotella; D_6__g__Prevotella_s__sp._HMT_314
1673	0	0	0	0	0	0	0	0	0	0	0	0	0	0	0	0	26	0	0	0	0	0	0	0	0	0	0	0	0	0	0	0	0	0	0	0	0	0	0	0	0	0	0	0	0	0	0	0	0	0	D_0__k__Bacteria; D_1__p__Bacteroidetes; D_2__c__Bacteroidia; D_3__o__Bacteroidales; D_4__f__Prevotellaceae; D_5__g__Prevotella; D_6__g__Prevotella_s__oulorum
1674	0	0	0	0	0	0	0	0	0	0	0	0	0	0	0	0	0	0	0	0	26	0	0	0	0	0	0	0	0	0	0	0	0	0	0	0	0	0	0	0	0	0	0	0	0	0	0	0	0	0	D_0__k__Bacteria; D_1__p__Bacteroidetes; D_2__c__Bacteroidia; D_3__o__Bacteroidales; D_4__f__Prevotellaceae; D_5__g__Prevotella; D_6__g__Prevotella_s__sp._HMT_292
1675	0	0	0	0	0	0	0	0	0	0	0	0	0	0	0	0	0	0	0	0	26	0	0	0	0	0	0	0	0	0	0	0	0	0	0	0	0	0	0	0	0	0	0	0	0	0	0	0	0	0	D_0__k__Bacteria; D_1__p__Spirochaetes; D_2__c__Spirochaetia; D_3__o__Spirochaetales; D_4__f__Treponemataceae; D_5__g__Treponema; D_6__g__Treponema_s__sp._HMT_235
1676	0	0	0	0	0	0	0	0	0	0	0	0	0	0	0	0	0	0	0	0	0	0	18	8	0	0	0	0	0	0	0	0	0	0	0	0	0	0	0	0	0	0	0	0	0	0	0	0	0	0	D_0__k__Bacteria; D_1__p__Saccharibacteria_(TM7); D_2__c__Saccharibacteria_(TM7)_[C-1]; D_3__o__Saccharibacteria_(TM7)_[O-1]; D_4__f__Saccharibacteria_(TM7)_[F-2]; D_5__g__Saccharibacteria_(TM7)_[G-5]; D_6__g__Saccharibacteria_(TM7)_[G-5]_s__bacterium_HMT_356
1677	0	0	0	0	0	0	0	0	0	0	0	0	0	0	0	0	0	0	0	0	0	0	0	26	0	0	0	0	0	0	0	0	0	0	0	0	0	0	0	0	0	0	0	0	0	0	0	0	0	0	D_0__k__Bacteria; D_1__p__Fusobacteria; D_2__c__Fusobacteriia; D_3__o__Fusobacteriales; D_4__f__Leptotrichiaceae; D_5__g__Leptotrichia; D_6__g__Leptotrichia_s__sp._HMT_498
1678	0	0	0	0	0	0	0	0	0	0	0	0	0	0	0	0	0	0	0	0	0	0	0	0	0	0	0	0	0	0	0	0	26	0	0	0	0	0	0	0	0	0	0	0	0	0	0	0	0	0	D_0__k__Bacteria; D_1__p__Bacteroidetes; D_2__c__Bacteroidia; D_3__o__Bacteroidales; D_4__f__Prevotellaceae; D_5__g__Alloprevotella; D_6__g__Alloprevotella_s__sp._HMT_913
1679	0	0	0	0	0	0	0	0	0	0	0	0	0	0	0	0	0	0	0	0	0	0	0	0	0	0	0	0	0	0	0	0	26	0	0	0	0	0	0	0	0	0	0	0	0	0	0	0	0	0	D_0__k__Bacteria; D_1__p__Firmicutes; D_2__c__Bacilli; D_3__o__Lactobacillales; D_4__f__Lactobacillaceae; D_5__g__Lacticaseibacillus; D_6__g__Lacticaseibacillus_s__paracasei
1680	0	0	0	0	0	0	0	0	0	0	0	0	0	0	0	0	0	0	0	0	0	0	0	0	0	0	0	0	0	0	0	0	0	0	26	0	0	0	0	0	0	0	0	0	0	0	0	0	0	0	D_0__k__Bacteria; D_1__p__Actinobacteria; D_2__c__Coriobacteriia; D_3__o__Coriobacteriales; D_4__f__Atopobiaceae; D_5__g__Lancefieldella; D_6__g__Lancefieldella_s__rimae
1681	0	0	0	0	0	0	0	0	0	0	0	0	0	0	0	0	0	0	0	0	0	0	0	0	0	0	0	0	0	0	0	0	0	0	0	0	0	26	0	0	0	0	0	0	0	0	0	0	0	0	D_0__k__Bacteria; D_1__p__Bacteroidetes; D_2__c__Bacteroidia; D_3__o__Bacteroidales; D_4__f__Prevotellaceae; D_5__g__Alloprevotella; D_6__g__Alloprevotella_s__sp._HMT_914
1682	0	0	0	0	0	0	0	0	0	0	0	0	0	0	0	0	0	0	0	0	0	0	0	0	0	0	0	0	0	0	0	0	0	0	0	0	0	0	0	0	0	0	0	26	0	0	0	0	0	0	D_0__k__Bacteria; D_1__p__Actinobacteria; D_2__c__Actinomycetia; D_3__o__Actinomycetales; D_4__f__Actinomycetaceae; D_5__g__Schaalia; D_6__g__Schaalia_s__sp._HMT_180
1683	0	0	0	0	0	0	0	0	0	0	0	0	0	0	0	0	0	0	0	0	0	0	0	0	0	0	0	0	0	0	0	0	0	0	0	0	0	0	0	0	0	0	0	0	26	0	0	0	0	0	D_0__k__Bacteria; D_1__p__Proteobacteria; D_2__c__Deltaproteobacteria; D_3__o__Desulfovibrionales; D_4__f__Desulfovibrionaceae; D_5__g__Desulfovibrio; D_6__g__Desulfovibrio_s__fairfieldensis
1684	0	0	0	0	0	0	0	0	0	0	0	0	0	0	0	0	0	0	0	0	0	0	0	0	0	0	0	0	0	0	0	0	0	0	0	0	0	0	0	0	0	0	0	0	0	0	0	0	26	0	D_0__k__Bacteria; D_1__p__Spirochaetes; D_2__c__Spirochaetia; D_3__o__Spirochaetales; D_4__f__Treponemataceae; D_5__g__Treponema; D_6__g__Treponema_s__sp._HMT_262
1685	0	25	0	0	0	0	0	0	0	0	0	0	0	0	0	0	0	0	0	0	0	0	0	0	0	0	0	0	0	0	0	0	0	0	0	0	0	0	0	0	0	0	0	0	0	0	0	0	0	0	D_0__k__Bacteria; D_1__p__Bacteroidetes; D_2__c__Bacteroidia; D_3__o__Bacteroidales; D_4__f__Prevotellaceae; D_5__g__Alloprevotella; D_6__g__Alloprevotella_s__sp._HMT_914
1686	0	0	25	0	0	0	0	0	0	0	0	0	0	0	0	0	0	0	0	0	0	0	0	0	0	0	0	0	0	0	0	0	0	0	0	0	0	0	0	0	0	0	0	0	0	0	0	0	0	0	D_0__k__Bacteria; D_1__p__Bacteroidetes; D_2__c__Bacteroidia; D_3__o__Bacteroidales; D_4__f__Prevotellaceae; D_5__g__Prevotella; D_6__g__Prevotella_s__maculosa
1687	0	0	25	0	0	0	0	0	0	0	0	0	0	0	0	0	0	0	0	0	0	0	0	0	0	0	0	0	0	0	0	0	0	0	0	0	0	0	0	0	0	0	0	0	0	0	0	0	0	0	D_0__k__Bacteria; D_1__p__Bacteroidetes; D_2__c__Bacteroidia; D_3__o__Bacteroidales; D_4__f__Prevotellaceae; D_5__g__Prevotella; D_6__g__Prevotella_s__buccae
1688	0	0	0	0	0	25	0	0	0	0	0	0	0	0	0	0	0	0	0	0	0	0	0	0	0	0	0	0	0	0	0	0	0	0	0	0	0	0	0	0	0	0	0	0	0	0	0	0	0	0	D_0__k__Bacteria; D_1__p__Firmicutes; D_2__c__Bacilli; D_3__o__Lactobacillales; D_4__f__Lactobacillaceae; D_5__g__Limosilactobacillus; D_6__g__Limosilactobacillus_s__oris
1689	0	0	0	0	0	0	25	0	0	0	0	0	0	0	0	0	0	0	0	0	0	0	0	0	0	0	0	0	0	0	0	0	0	0	0	0	0	0	0	0	0	0	0	0	0	0	0	0	0	0	D_0__k__Bacteria; D_1__p__Firmicutes; D_2__c__Negativicutes; D_3__o__Selenomonadales; D_4__f__Selenomonadaceae; D_5__g__Selenomonas; D_6__g__Selenomonas_s__noxia
1690	0	0	0	0	0	0	25	0	0	0	0	0	0	0	0	0	0	0	0	0	0	0	0	0	0	0	0	0	0	0	0	0	0	0	0	0	0	0	0	0	0	0	0	0	0	0	0	0	0	0	D_0__k__Bacteria; D_1__p__Bacteroidetes; D_2__c__Bacteroidia; D_3__o__Bacteroidales; D_4__f__Prevotellaceae; D_5__g__Prevotella; D_6__g__Prevotella_s__sp._HMT_292
1691	0	0	0	0	0	0	0	0	0	0	0	25	0	0	0	0	0	0	0	0	0	0	0	0	0	0	0	0	0	0	0	0	0	0	0	0	0	0	0	0	0	0	0	0	0	0	0	0	0	0	D_0__k__Bacteria; D_1__p__Bacteroidetes; D_2__c__Bacteroidia; D_3__o__Bacteroidales; D_4__f__Prevotellaceae; D_5__g__Prevotella; D_6__g__Prevotella_s__saccharolytica
1692	0	0	0	0	0	0	0	0	0	0	0	25	0	0	0	0	0	0	0	0	0	0	0	0	0	0	0	0	0	0	0	0	0	0	0	0	0	0	0	0	0	0	0	0	0	0	0	0	0	0	D_0__k__Bacteria; D_1__p__Spirochaetes; D_2__c__Spirochaetia; D_3__o__Spirochaetales; D_4__f__Treponemataceae; D_5__g__Treponema; D_6__g__Treponema_s__amylovorum
1693	0	0	0	0	0	0	0	0	0	0	0	0	0	0	0	25	0	0	0	0	0	0	0	0	0	0	0	0	0	0	0	0	0	0	0	0	0	0	0	0	0	0	0	0	0	0	0	0	0	0	D_0__k__Bacteria; D_1__p__Actinobacteria; D_2__c__Actinomycetia; D_3__o__Actinomycetales; D_4__f__Actinomycetaceae; D_5__g__Actinomyces; D_6__g__Actinomyces_s__sp._HMT_448
1694	0	0	0	0	0	0	0	0	0	0	0	0	0	0	0	25	0	0	0	0	0	0	0	0	0	0	0	0	0	0	0	0	0	0	0	0	0	0	0	0	0	0	0	0	0	0	0	0	0	0	D_0__k__Bacteria; D_1__p__Bacteroidetes; D_2__c__Bacteroidia; D_3__o__Bacteroidales; D_4__f__Prevotellaceae; D_5__g__Alloprevotella; D_6__g__Alloprevotella_s__sp._HMT_914
1695	0	0	0	0	0	0	0	0	0	0	0	0	0	0	0	0	0	0	0	0	0	25	0	0	0	0	0	0	0	0	0	0	0	0	0	0	0	0	0	0	0	0	0	0	0	0	0	0	0	0	D_0__k__Bacteria; D_1__p__Fusobacteria; D_2__c__Fusobacteriia; D_3__o__Fusobacteriales; D_4__f__Leptotrichiaceae; D_5__g__Leptotrichia; D_6__g__Leptotrichia_s__sp._HMT_392
1696	0	0	0	0	0	0	0	0	0	0	0	0	0	0	0	0	0	0	0	0	0	0	25	0	0	0	0	0	0	0	0	0	0	0	0	0	0	0	0	0	0	0	0	0	0	0	0	0	0	0	D_0__k__Bacteria; D_1__p__Bacteroidetes; D_2__c__Bacteroidia; D_3__o__Bacteroidales; D_4__f__Prevotellaceae; D_5__g__Alloprevotella; D_6__g__Alloprevotella_s__rava
1697	0	0	0	0	0	0	0	0	0	0	0	0	0	0	0	0	0	0	0	0	0	0	0	0	0	0	0	0	0	0	0	0	25	0	0	0	0	0	0	0	0	0	0	0	0	0	0	0	0	0	D_0__k__Bacteria; D_1__p__Proteobacteria; D_2__c__Alphaproteobacteria; D_3__o__Rhodospirillales; D_4__f__Acetobacteraceae; D_5__g__Roseomonas; D_6__g__Roseomonas_s__mucosa
1698	0	0	0	0	0	0	0	0	0	0	0	0	0	0	0	0	0	0	0	0	0	0	0	0	0	0	0	0	0	0	0	0	0	0	0	25	0	0	0	0	0	0	0	0	0	0	0	0	0	0	D_0__k__Bacteria; D_1__p__Firmicutes; D_2__c__Bacilli; D_3__o__Lactobacillales; D_4__f__Streptococcaceae; D_5__g__Streptococcus; D_6__g__Streptococcus_s__anginosus
1699	0	0	0	0	0	0	0	0	0	0	0	0	0	0	0	0	0	0	0	0	0	0	0	0	0	0	0	0	0	0	0	0	0	0	0	0	25	0	0	0	0	0	0	0	0	0	0	0	0	0	D_0__k__Bacteria; D_1__p__Bacteroidetes; D_2__c__Bacteroidia; D_3__o__Bacteroidales; D_4__f__Prevotellaceae; D_5__g__Prevotella; D_6__g__Prevotella_s__enoeca
1700	0	0	0	0	0	0	0	0	0	0	0	0	0	0	0	0	0	0	0	0	0	0	0	0	0	0	0	0	0	0	0	0	0	0	0	0	25	0	0	0	0	0	0	0	0	0	0	0	0	0	D_0__k__Bacteria; D_1__p__Bacteroidetes; D_2__c__Bacteroidia; D_3__o__Bacteroidales; D_4__f__Prevotellaceae; D_5__g__Alloprevotella; D_6__g__Alloprevotella_s__sp._HMT_308
1701	0	0	0	0	0	0	0	0	0	0	0	0	0	0	0	0	0	0	0	0	0	0	0	0	0	0	0	0	0	0	0	0	0	0	0	0	0	0	4	0	0	0	0	0	0	0	0	0	0	21	D_0__k__Bacteria; D_1__p__Bacteroidetes; D_2__c__Bacteroidia; D_3__o__Bacteroidales; D_4__f__Tannerellaceae; D_5__g__Tannerella; D_6__g__Tannerella_s__sp._HMT_808
1702	0	0	0	0	0	0	0	0	0	0	0	0	0	0	0	0	0	0	0	0	0	0	0	0	0	0	0	0	0	0	0	0	0	0	0	0	0	0	0	0	0	0	0	0	25	0	0	0	0	0	D_0__k__Bacteria; D_1__p__Spirochaetes; D_2__c__Spirochaetia; D_3__o__Spirochaetales; D_4__f__Treponemataceae; D_5__g__Treponema; D_6__g__Treponema_s__maltophilum
1703	0	0	0	0	0	0	0	0	0	0	0	0	0	0	0	0	0	0	0	0	0	0	0	0	0	0	0	0	0	0	0	0	0	0	0	0	0	0	0	0	0	0	0	0	0	0	25	0	0	0	D_0__k__Bacteria; D_1__p__Fusobacteria; D_2__c__Fusobacteriia; D_3__o__Fusobacteriales; D_4__f__Fusobacteriaceae; D_5__g__Fusobacterium; D_6__g__Fusobacterium_s__nucleatum
1704	0	0	0	0	0	0	0	0	0	0	0	0	0	0	0	0	0	0	0	0	0	0	0	0	0	0	0	0	0	0	0	0	0	0	0	0	0	0	0	0	0	0	0	0	0	0	0	0	0	25	D_0__k__Bacteria; D_1__p__Firmicutes; D_2__c__Clostridia; D_3__o__Eubacteriales; D_4__f__Lachnospiraceae; D_5__g__Lachnospiraceae_[G-3]; D_6__g__Lachnospiraceae_[G-3]_s__bacterium_HMT_100
1705	0	24	0	0	0	0	0	0	0	0	0	0	0	0	0	0	0	0	0	0	0	0	0	0	0	0	0	0	0	0	0	0	0	0	0	0	0	0	0	0	0	0	0	0	0	0	0	0	0	0	D_0__k__Bacteria; D_1__p__Actinobacteria; D_2__c__Actinomycetia; D_3__o__Micrococcales; D_4__f__Intrasporangiaceae; D_5__g__Janibacter; D_6__g__Janibacter_s__indicus
1706	0	0	0	0	24	0	0	0	0	0	0	0	0	0	0	0	0	0	0	0	0	0	0	0	0	0	0	0	0	0	0	0	0	0	0	0	0	0	0	0	0	0	0	0	0	0	0	0	0	0	D_0__k__Bacteria; D_1__p__Fusobacteria; D_2__c__Fusobacteriia; D_3__o__Fusobacteriales; D_4__f__Leptotrichiaceae; D_5__g__Leptotrichia; D_6__g__Leptotrichia_s__sp._HMT_212
1707	0	0	0	0	24	0	0	0	0	0	0	0	0	0	0	0	0	0	0	0	0	0	0	0	0	0	0	0	0	0	0	0	0	0	0	0	0	0	0	0	0	0	0	0	0	0	0	0	0	0	D_0__k__Bacteria; D_1__p__Fusobacteria; D_2__c__Fusobacteriia; D_3__o__Fusobacteriales; D_4__f__Fusobacteriaceae; D_5__g__Fusobacterium; D_6__g__Fusobacterium_s__sp._HMT_203
1708	0	0	0	0	0	0	0	0	0	0	0	0	0	0	0	24	0	0	0	0	0	0	0	0	0	0	0	0	0	0	0	0	0	0	0	0	0	0	0	0	0	0	0	0	0	0	0	0	0	0	D_0__k__Bacteria; D_1__p__Bacteroidetes; D_2__c__Bacteroidia; D_3__o__Bacteroidales; D_4__f__Prevotellaceae; D_5__g__Prevotella; D_6__g__Prevotella_s__oulorum
1709	0	0	0	0	0	0	0	0	0	0	0	0	0	0	0	0	24	0	0	0	0	0	0	0	0	0	0	0	0	0	0	0	0	0	0	0	0	0	0	0	0	0	0	0	0	0	0	0	0	0	D_0__k__Bacteria; D_1__p__Proteobacteria; D_2__c__Gammaproteobacteria; D_3__o__Pasteurellales; D_4__f__Pasteurellaceae; D_5__g__Haemophilus; D_6__g__Haemophilus_s__sp._HMT_036
1710	0	0	0	0	0	0	0	0	0	0	0	0	0	0	0	0	0	24	0	0	0	0	0	0	0	0	0	0	0	0	0	0	0	0	0	0	0	0	0	0	0	0	0	0	0	0	0	0	0	0	D_0__k__Bacteria; D_1__p__Firmicutes; D_2__c__Negativicutes; D_3__o__Selenomonadales; D_4__f__Selenomonadaceae; D_5__g__Selenomonas; D_6__g__Selenomonas_s__sp._HMT_126
1711	0	0	0	0	0	0	0	0	0	0	0	0	0	0	0	0	0	0	0	0	0	0	0	0	24	0	0	0	0	0	0	0	0	0	0	0	0	0	0	0	0	0	0	0	0	0	0	0	0	0	D_0__k__Bacteria; D_1__p__Actinobacteria; D_2__c__Actinomycetia; D_3__o__Propionibacteriales; D_4__f__Propionibacteriaceae; D_5__g__Propionibacteriaceae_[G-2]; D_6__g__Propionibacteriaceae_[G-2]_s__bacterium_HMT_192
1712	0	0	0	0	0	0	0	0	0	0	0	0	0	0	0	0	0	0	0	0	0	0	0	0	0	0	0	0	0	24	0	0	0	0	0	0	0	0	0	0	0	0	0	0	0	0	0	0	0	0	D_0__k__Bacteria; D_1__p__Firmicutes; D_2__c__Bacilli; D_3__o__Bacillales; D_4__f__Gemellaceae; D_5__g__Gemella; D_6__g__Gemella_s__morbillorum
1713	0	0	0	0	0	0	0	0	0	0	0	0	0	0	0	0	0	0	0	0	0	0	0	0	0	0	0	0	0	0	0	0	24	0	0	0	0	0	0	0	0	0	0	0	0	0	0	0	0	0	D_0__k__Bacteria; D_1__p__Firmicutes; D_2__c__Clostridia; D_3__o__Eubacteriales; D_4__f__Oscillospiraceae; D_5__g__Fastidiosipila; D_6__g__Fastidiosipila_s__sanguinis
1714	0	0	0	0	0	0	0	0	0	0	0	0	0	0	0	0	0	0	0	0	0	0	0	0	0	0	0	0	0	0	0	0	0	24	0	0	0	0	0	0	0	0	0	0	0	0	0	0	0	0	D_0__k__Bacteria; D_1__p__Proteobacteria; D_2__c__Betaproteobacteria; D_3__o__Neisseriales; D_4__f__Neisseriaceae; D_5__g__Neisseria; D_6__g__Neisseria_s__sp._HMT_499
1715	0	0	0	0	0	0	0	0	0	0	0	0	0	0	0	0	0	0	0	0	0	0	0	0	0	0	0	0	0	0	0	0	0	0	0	0	24	0	0	0	0	0	0	0	0	0	0	0	0	0	D_0__k__Bacteria; D_1__p__Spirochaetes; D_2__c__Spirochaetia; D_3__o__Spirochaetales; D_4__f__Treponemataceae; D_5__g__Treponema; D_6__g__Treponema_s__amylovorum
1716	0	0	0	0	0	0	0	0	0	0	0	0	0	0	0	0	0	0	0	0	0	0	0	0	0	0	0	0	0	0	0	0	0	0	0	0	0	0	0	0	0	0	0	0	0	0	0	0	24	0	D_0__k__Bacteria; D_1__p__Spirochaetes; D_2__c__Spirochaetia; D_3__o__Spirochaetales; D_4__f__Treponemataceae; D_5__g__Treponema; D_6__g__Treponema_s__sp._HMT_517
1717	0	0	0	0	0	0	0	0	0	0	0	0	0	0	0	0	0	0	0	0	0	0	0	0	0	0	0	0	0	0	0	0	0	0	0	0	0	0	0	0	0	0	0	0	0	0	0	0	0	24	D_0__k__Bacteria; D_1__p__Firmicutes; D_2__c__Clostridia; D_3__o__Eubacteriales; D_4__f__Lachnospiraceae; D_5__g__Lachnoanaerobaculum; D_6__g__Lachnoanaerobaculum_s__umeaense
1718	0	0	0	0	0	0	0	0	0	0	0	0	0	0	0	0	0	0	0	0	0	0	0	0	0	0	0	0	0	0	0	0	0	0	0	0	0	0	0	0	0	0	0	0	0	0	0	0	0	24	D_0__k__Bacteria; D_1__p__Proteobacteria; D_2__c__Gammaproteobacteria; D_3__o__Pasteurellales; D_4__f__Pasteurellaceae; D_5__g__Haemophilus; D_6__g__Haemophilus_s__parainfluenzae
1719	0	23	0	0	0	0	0	0	0	0	0	0	0	0	0	0	0	0	0	0	0	0	0	0	0	0	0	0	0	0	0	0	0	0	0	0	0	0	0	0	0	0	0	0	0	0	0	0	0	0	D_0__k__Bacteria; D_1__p__Proteobacteria; D_2__c__Gammaproteobacteria; D_3__o__Cardiobacteriales; D_4__f__Cardiobacteriaceae; D_5__g__Cardiobacterium; D_6__g__Cardiobacterium_s__hominis
1720	0	0	0	0	23	0	0	0	0	0	0	0	0	0	0	0	0	0	0	0	0	0	0	0	0	0	0	0	0	0	0	0	0	0	0	0	0	0	0	0	0	0	0	0	0	0	0	0	0	0	D_0__k__Bacteria; D_1__p__Firmicutes; D_2__c__Negativicutes; D_3__o__Selenomonadales; D_4__f__Selenomonadaceae; D_5__g__Selenomonas; D_6__g__Selenomonas_s__sp._HMT_136
1721	0	0	0	0	0	23	0	0	0	0	0	0	0	0	0	0	0	0	0	0	0	0	0	0	0	0	0	0	0	0	0	0	0	0	0	0	0	0	0	0	0	0	0	0	0	0	0	0	0	0	D_0__k__Bacteria; D_1__p__Firmicutes; D_2__c__Negativicutes; D_3__o__Veillonellales; D_4__f__Veillonellaceae; D_5__g__Veillonella; D_6__g__Veillonella_s__dispar
1722	0	0	0	0	0	23	0	0	0	0	0	0	0	0	0	0	0	0	0	0	0	0	0	0	0	0	0	0	0	0	0	0	0	0	0	0	0	0	0	0	0	0	0	0	0	0	0	0	0	0	D_0__k__Bacteria; D_1__p__Bacteroidetes; D_2__c__Bacteroidia; D_3__o__Bacteroidales; D_4__f__Prevotellaceae; D_5__g__Prevotella; D_6__g__Prevotella_s__pallens
1723	0	0	0	0	0	23	0	0	0	0	0	0	0	0	0	0	0	0	0	0	0	0	0	0	0	0	0	0	0	0	0	0	0	0	0	0	0	0	0	0	0	0	0	0	0	0	0	0	0	0	D_0__k__Bacteria; D_1__p__Fusobacteria; D_2__c__Fusobacteriia; D_3__o__Fusobacteriales; D_4__f__Leptotrichiaceae; D_5__g__Pseudoleptotrichia; D_6__g__Pseudoleptotrichia_s__goodfellowii
1724	0	0	0	0	0	0	0	2	0	0	0	0	0	0	0	0	0	1	0	0	0	0	11	0	0	0	0	0	0	0	0	0	0	0	0	0	0	9	0	0	0	0	0	0	0	0	0	0	0	0	D_0__k__Bacteria; D_1__p__Proteobacteria; D_2__c__Epsilonproteobacteria; D_3__o__Campylobacterales; D_4__f__Campylobacteraceae; D_5__g__Campylobacter; D_6__g__Campylobacter_s__rectus
1725	0	0	0	0	0	0	0	0	0	0	0	0	0	0	0	0	0	23	0	0	0	0	0	0	0	0	0	0	0	0	0	0	0	0	0	0	0	0	0	0	0	0	0	0	0	0	0	0	0	0	D_0__k__Bacteria; D_1__p__Proteobacteria; D_2__c__Epsilonproteobacteria; D_3__o__Campylobacterales; D_4__f__Campylobacteraceae; D_5__g__Campylobacter; D_6__g__Campylobacter_s__rectus
1726	0	0	0	0	0	0	0	0	0	0	0	0	0	0	0	0	0	23	0	0	0	0	0	0	0	0	0	0	0	0	0	0	0	0	0	0	0	0	0	0	0	0	0	0	0	0	0	0	0	0	D_0__k__Bacteria; D_1__p__Bacteroidetes; D_2__c__Bacteroidia; D_3__o__Bacteroidales; D_4__f__Prevotellaceae; D_5__g__Prevotella; D_6__g__Prevotella_s__histicola
1727	0	0	0	0	0	0	0	0	0	0	0	0	0	0	0	0	0	0	0	0	0	0	0	0	0	23	0	0	0	0	0	0	0	0	0	0	0	0	0	0	0	0	0	0	0	0	0	0	0	0	D_0__k__Bacteria; D_1__p__Bacteroidetes; D_2__c__Flavobacteriia; D_3__o__Flavobacteriales; D_4__f__Flavobacteriaceae; D_5__g__Capnocytophaga; D_6__g__Capnocytophaga_s__granulosa
1728	0	0	0	0	0	0	0	0	0	0	0	0	0	0	0	0	0	0	0	0	0	0	0	0	0	0	0	0	0	0	0	0	0	23	0	0	0	0	0	0	0	0	0	0	0	0	0	0	0	0	D_0__k__Bacteria; D_1__p__Firmicutes; D_2__c__Negativicutes; D_3__o__Selenomonadales; D_4__f__Selenomonadaceae; D_5__g__Selenomonas; D_6__g__Selenomonas_s__sp._HMT_137
1729	0	0	0	0	0	0	0	0	0	0	0	0	0	0	0	0	0	0	0	0	0	0	0	0	0	0	0	0	0	0	0	0	0	0	0	23	0	0	0	0	0	0	0	0	0	0	0	0	0	0	D_0__k__Bacteria; D_1__p__Proteobacteria; D_2__c__Epsilonproteobacteria; D_3__o__Campylobacterales; D_4__f__Campylobacteraceae; D_5__g__Campylobacter; D_6__g__Campylobacter_s__rectus
1730	0	0	0	0	0	0	0	0	0	0	0	0	0	0	0	0	0	0	0	0	0	0	0	0	0	0	0	0	0	0	0	0	0	0	0	0	0	0	23	0	0	0	0	0	0	0	0	0	0	0	D_0__k__Bacteria; D_1__p__Actinobacteria; D_2__c__Actinomycetia; D_3__o__Actinomycetales; D_4__f__Actinomycetaceae; D_5__g__Actinomyces; D_6__g__Actinomyces_s__naeslundii
1731	0	0	0	0	0	0	0	0	0	0	0	0	0	0	0	0	0	0	0	0	0	0	0	0	0	0	0	0	0	0	0	0	0	0	0	0	0	0	23	0	0	0	0	0	0	0	0	0	0	0	D_0__k__Bacteria; D_1__p__Firmicutes; D_2__c__Negativicutes; D_3__o__Selenomonadales; D_4__f__Selenomonadaceae; D_5__g__Veillonellaceae_[G-1]; D_6__g__Veillonellaceae_[G-1]_s__bacterium_HMT_145
1732	0	22	0	0	0	0	0	0	0	0	0	0	0	0	0	0	0	0	0	0	0	0	0	0	0	0	0	0	0	0	0	0	0	0	0	0	0	0	0	0	0	0	0	0	0	0	0	0	0	0	D_0__k__Bacteria; D_1__p__Actinobacteria; D_2__c__Actinomycetia; D_3__o__Corynebacteriales; D_4__f__Corynebacteriaceae; D_5__g__Corynebacterium; D_6__g__Corynebacterium_s__durum
1733	0	0	0	22	0	0	0	0	0	0	0	0	0	0	0	0	0	0	0	0	0	0	0	0	0	0	0	0	0	0	0	0	0	0	0	0	0	0	0	0	0	0	0	0	0	0	0	0	0	0	D_0__k__Bacteria; D_1__p__Bacteroidetes; D_2__c__Bacteroidia; D_3__o__Bacteroidales; D_4__f__Porphyromonadaceae; D_5__g__Porphyromonas; D_6__g__Porphyromonas_s__catoniae
1734	0	0	0	0	22	0	0	0	0	0	0	0	0	0	0	0	0	0	0	0	0	0	0	0	0	0	0	0	0	0	0	0	0	0	0	0	0	0	0	0	0	0	0	0	0	0	0	0	0	0	D_0__k__Bacteria; D_1__p__Actinobacteria; D_2__c__Actinomycetia; D_3__o__Bifidobacteriales; D_4__f__Bifidobacteriaceae; D_5__g__Bifidobacterium; D_6__g__Bifidobacterium_s__dentium
1735	0	0	0	0	0	0	22	0	0	0	0	0	0	0	0	0	0	0	0	0	0	0	0	0	0	0	0	0	0	0	0	0	0	0	0	0	0	0	0	0	0	0	0	0	0	0	0	0	0	0	D_0__k__Bacteria; D_1__p__Bacteroidetes; D_2__c__Bacteroidia; D_3__o__Bacteroidales; D_4__f__Porphyromonadaceae; D_5__g__Porphyromonas; D_6__g__Porphyromonas_s__endodontalis
1736	0	0	0	0	0	0	22	0	0	0	0	0	0	0	0	0	0	0	0	0	0	0	0	0	0	0	0	0	0	0	0	0	0	0	0	0	0	0	0	0	0	0	0	0	0	0	0	0	0	0	D_0__k__Bacteria; D_1__p__Firmicutes; D_2__c__Negativicutes; D_3__o__Selenomonadales; D_4__f__Selenomonadaceae; D_5__g__Selenomonas; D_6__g__Selenomonas_s__noxia
1737	0	0	0	0	0	0	0	22	0	0	0	0	0	0	0	0	0	0	0	0	0	0	0	0	0	0	0	0	0	0	0	0	0	0	0	0	0	0	0	0	0	0	0	0	0	0	0	0	0	0	D_0__k__Bacteria; D_1__p__Bacteroidetes; D_2__c__Bacteroidia; D_3__o__Bacteroidales; D_4__f__Prevotellaceae; D_5__g__Prevotella; D_6__g__Prevotella_s__marshii
1738	0	0	0	0	0	0	0	0	0	0	0	0	22	0	0	0	0	0	0	0	0	0	0	0	0	0	0	0	0	0	0	0	0	0	0	0	0	0	0	0	0	0	0	0	0	0	0	0	0	0	D_0__k__Bacteria; D_1__p__Firmicutes; D_2__c__Bacilli; D_3__o__Lactobacillales; D_4__f__Streptococcaceae; D_5__g__Streptococcus; D_6__g__Streptococcus_s__mutans
1739	0	0	0	0	0	0	0	0	0	0	0	0	0	0	0	22	0	0	0	0	0	0	0	0	0	0	0	0	0	0	0	0	0	0	0	0	0	0	0	0	0	0	0	0	0	0	0	0	0	0	D_0__k__Bacteria; D_1__p__Firmicutes; D_2__c__Clostridia; D_3__o__Eubacteriales; D_4__f__Lachnospiraceae; D_5__g__Stomatobaculum; D_6__g__Stomatobaculum_s__longum
1740	0	0	0	0	0	0	0	0	0	0	0	0	0	0	0	0	0	22	0	0	0	0	0	0	0	0	0	0	0	0	0	0	0	0	0	0	0	0	0	0	0	0	0	0	0	0	0	0	0	0	D_0__k__Bacteria; D_1__p__Proteobacteria; D_2__c__Epsilonproteobacteria; D_3__o__Campylobacterales; D_4__f__Campylobacteraceae; D_5__g__Campylobacter; D_6__g__Campylobacter_s__rectus
1741	0	0	0	0	0	0	0	0	0	0	0	0	0	0	0	0	0	0	22	0	0	0	0	0	0	0	0	0	0	0	0	0	0	0	0	0	0	0	0	0	0	0	0	0	0	0	0	0	0	0	D_0__k__Bacteria; D_1__p__Bacteroidetes; D_2__c__Bacteroidia; D_3__o__Bacteroidales; D_4__f__Prevotellaceae; D_5__g__Prevotella; D_6__g__Prevotella_s__buccae
1742	0	0	0	0	0	0	0	0	0	0	0	0	0	0	0	0	0	0	0	0	0	0	0	0	0	0	0	0	0	0	0	0	0	0	0	0	6	16	0	0	0	0	0	0	0	0	0	0	0	0	D_0__k__Bacteria; D_1__p__Gracilibacteria_(GN02); D_2__c__Gracilibacteria_(GN02)_[C-1]; D_3__o__Gracilibacteria_(GN02)_[O-1]; D_4__f__Gracilibacteria_(GN02)_[F-1]; D_5__g__Gracilibacteria_(GN02)_[G-1]; D_6__g__Gracilibacteria_(GN02)_[G-1]_s__bacterium_HMT_872
1743	0	0	0	0	0	0	0	0	0	0	0	0	0	0	0	0	0	0	0	0	0	0	0	0	0	0	0	0	0	0	0	0	0	0	0	0	0	22	0	0	0	0	0	0	0	0	0	0	0	0	D_0__k__Bacteria; D_1__p__Proteobacteria; D_2__c__Betaproteobacteria; D_3__o__Neisseriales; D_4__f__Neisseriaceae; D_5__g__Kingella; D_6__g__Kingella_s__oralis
1744	0	0	0	0	0	0	0	0	0	0	0	0	0	0	0	0	0	0	0	0	0	0	0	0	0	0	0	0	0	0	0	0	0	0	0	0	0	0	22	0	0	0	0	0	0	0	0	0	0	0	D_0__k__Bacteria; D_1__p__Firmicutes; D_2__c__Negativicutes; D_3__o__Selenomonadales; D_4__f__Selenomonadaceae; D_5__g__Selenomonas; D_6__g__Selenomonas_s__sp._HMT_137
1745	0	0	0	0	0	0	0	0	0	0	0	0	0	0	0	0	0	0	0	0	0	0	0	0	0	0	0	0	0	0	0	0	0	0	0	0	0	0	0	22	0	0	0	0	0	0	0	0	0	0	D_0__k__Bacteria; D_1__p__Bacteroidetes; D_2__c__Bacteroidia; D_3__o__Bacteroidales; D_4__f__Prevotellaceae; D_5__g__Prevotella; D_6__g__Prevotella_s__oulorum
1746	0	0	0	0	0	0	0	0	0	0	0	0	0	0	0	0	0	0	0	0	0	0	0	0	0	0	0	0	0	0	0	0	0	0	0	0	0	0	0	22	0	0	0	0	0	0	0	0	0	0	D_0__k__Bacteria; D_1__p__Saccharibacteria_(TM7); D_2__c__Saccharibacteria_(TM7)_[C-1]; D_3__o__Saccharibacteria_(TM7)_[O-1]; D_4__f__Saccharibacteria_(TM7)_[F-1]; D_5__g__Saccharibacteria_(TM7)_[G-1]; D_6__g__Saccharibacteria_(TM7)_[G-1]_s__bacterium_HMT_952
1747	0	0	0	0	0	0	0	0	0	0	0	0	0	0	0	0	0	0	0	0	0	0	0	0	0	0	0	0	0	0	0	0	0	0	0	0	0	0	0	0	0	0	0	0	22	0	0	0	0	0	D_0__k__Bacteria; D_1__p__Bacteroidetes; D_2__c__Bacteroidia; D_3__o__Bacteroidales; D_4__f__Prevotellaceae; D_5__g__Prevotella; D_6__g__Prevotella_s__sp._HMT_292
1748	21	0	0	0	0	0	0	0	0	0	0	0	0	0	0	0	0	0	0	0	0	0	0	0	0	0	0	0	0	0	0	0	0	0	0	0	0	0	0	0	0	0	0	0	0	0	0	0	0	0	D_0__k__Bacteria; D_1__p__Firmicutes; D_2__c__Clostridia; D_3__o__Eubacteriales; D_4__f__Lachnospiraceae; D_5__g__Oribacterium; D_6__g__Oribacterium_s__sp._HMT_078
1749	0	0	0	0	21	0	0	0	0	0	0	0	0	0	0	0	0	0	0	0	0	0	0	0	0	0	0	0	0	0	0	0	0	0	0	0	0	0	0	0	0	0	0	0	0	0	0	0	0	0	D_0__k__Bacteria; D_1__p__Fusobacteria; D_2__c__Fusobacteriia; D_3__o__Fusobacteriales; D_4__f__Fusobacteriaceae; D_5__g__Fusobacterium; D_6__g__Fusobacterium_s__periodonticum
1750	0	0	0	0	0	0	0	21	0	0	0	0	0	0	0	0	0	0	0	0	0	0	0	0	0	0	0	0	0	0	0	0	0	0	0	0	0	0	0	0	0	0	0	0	0	0	0	0	0	0	D_0__k__Bacteria; D_1__p__Firmicutes; D_2__c__Negativicutes; D_3__o__Selenomonadales; D_4__f__Selenomonadaceae; D_5__g__Selenomonas; D_6__g__Selenomonas_s__sp._HMT_138
1751	0	0	0	0	0	0	0	0	0	0	0	21	0	0	0	0	0	0	0	0	0	0	0	0	0	0	0	0	0	0	0	0	0	0	0	0	0	0	0	0	0	0	0	0	0	0	0	0	0	0	D_0__k__Bacteria; D_1__p__Fusobacteria; D_2__c__Fusobacteriia; D_3__o__Fusobacteriales; D_4__f__Fusobacteriaceae; D_5__g__Fusobacterium; D_6__g__Fusobacterium_s__hwasookii
1752	0	0	0	0	0	0	0	0	0	0	0	0	21	0	0	0	0	0	0	0	0	0	0	0	0	0	0	0	0	0	0	0	0	0	0	0	0	0	0	0	0	0	0	0	0	0	0	0	0	0	D_0__k__Bacteria; D_1__p__Firmicutes; D_2__c__Tissierellia; D_3__o__Tissierellales; D_4__f__Peptoniphilaceae; D_5__g__Peptoniphilus; D_6__g__Peptoniphilus_s__sp._HMT_375
1753	0	0	0	0	0	0	0	0	0	0	0	0	0	21	0	0	0	0	0	0	0	0	0	0	0	0	0	0	0	0	0	0	0	0	0	0	0	0	0	0	0	0	0	0	0	0	0	0	0	0	D_0__k__Bacteria; D_1__p__Saccharibacteria_(TM7); D_2__c__Saccharibacteria_(TM7)_[C-1]; D_3__o__Saccharibacteria_(TM7)_[O-1]; D_4__f__Saccharibacteria_(TM7)_[F-1]; D_5__g__Saccharibacteria_(TM7)_[G-1]; D_6__g__Saccharibacteria_(TM7)_[G-1]_s__bacterium_HMT_952
1754	0	0	0	0	0	0	0	0	0	0	0	0	0	0	0	21	0	0	0	0	0	0	0	0	0	0	0	0	0	0	0	0	0	0	0	0	0	0	0	0	0	0	0	0	0	0	0	0	0	0	D_0__k__Bacteria; D_1__p__Bacteroidetes; D_2__c__Bacteroidia; D_3__o__Bacteroidales; D_4__f__Prevotellaceae; D_5__g__Prevotella; D_6__g__Prevotella_s__oris
1755	0	0	0	0	0	0	0	0	0	0	0	0	0	0	0	21	0	0	0	0	0	0	0	0	0	0	0	0	0	0	0	0	0	0	0	0	0	0	0	0	0	0	0	0	0	0	0	0	0	0	D_0__k__Bacteria; D_1__p__Proteobacteria; D_2__c__Gammaproteobacteria; D_3__o__Pasteurellales; D_4__f__Pasteurellaceae; D_5__g__Aggregatibacter; D_6__g__Aggregatibacter_s__actinomycetemcomitans
1756	0	0	0	0	0	0	0	0	0	0	0	0	0	0	0	0	3	0	0	0	0	0	0	0	0	0	0	0	0	0	0	0	18	0	0	0	0	0	0	0	0	0	0	0	0	0	0	0	0	0	D_0__k__Bacteria; D_1__p__Proteobacteria; D_2__c__Alphaproteobacteria; D_3__o__Hyphomicrobiales; D_4__f__Boseaceae; D_5__g__Bosea; D_6__g__Bosea_s__vestrisii
1757	0	0	0	0	0	0	0	0	0	0	0	0	0	0	0	0	0	21	0	0	0	0	0	0	0	0	0	0	0	0	0	0	0	0	0	0	0	0	0	0	0	0	0	0	0	0	0	0	0	0	D_0__k__Bacteria; D_1__p__Actinobacteria; D_2__c__Actinomycetia; D_3__o__Actinomycetales; D_4__f__Actinomycetaceae; D_5__g__Actinomyces; D_6__g__Actinomyces_s__israelii
1758	0	0	0	0	0	0	0	0	0	0	0	0	0	0	0	0	0	21	0	0	0	0	0	0	0	0	0	0	0	0	0	0	0	0	0	0	0	0	0	0	0	0	0	0	0	0	0	0	0	0	D_0__k__Bacteria; D_1__p__Proteobacteria; D_2__c__Gammaproteobacteria; D_3__o__Pasteurellales; D_4__f__Pasteurellaceae; D_5__g__Haemophilus; D_6__g__Haemophilus_s__haemolyticus
1759	0	0	0	0	0	0	0	0	0	0	0	0	0	0	0	0	0	0	0	21	0	0	0	0	0	0	0	0	0	0	0	0	0	0	0	0	0	0	0	0	0	0	0	0	0	0	0	0	0	0	D_0__k__Bacteria; D_1__p__Firmicutes; D_2__c__Clostridia; D_3__o__Eubacteriales; D_4__f__Lachnospiraceae; D_5__g__Lachnoanaerobaculum; D_6__g__Lachnoanaerobaculum_s__orale
1760	0	0	0	0	0	0	0	0	0	0	0	0	0	0	0	0	0	0	0	0	21	0	0	0	0	0	0	0	0	0	0	0	0	0	0	0	0	0	0	0	0	0	0	0	0	0	0	0	0	0	D_0__k__Bacteria; D_1__p__Bacteroidetes; D_2__c__Bacteroidia; D_3__o__Bacteroidales; D_4__f__Prevotellaceae; D_5__g__Prevotella; D_6__g__Prevotella_s__oris
1761	0	0	0	0	0	0	0	0	0	0	0	0	0	0	0	0	0	0	0	0	0	0	0	0	0	0	0	0	0	0	0	0	21	0	0	0	0	0	0	0	0	0	0	0	0	0	0	0	0	0	D_0__k__Bacteria; D_1__p__Firmicutes; D_2__c__Bacilli; D_3__o__Lactobacillales; D_4__f__Aerococcaceae; D_5__g__Abiotrophia; D_6__g__Abiotrophia_s__defectiva
1762	0	0	0	0	0	0	0	0	0	0	0	0	0	0	0	0	0	0	0	0	0	0	0	0	0	0	0	0	0	0	0	0	5	2	0	0	0	6	0	0	0	0	0	0	0	0	0	0	0	8	D_0__k__Bacteria; D_1__p__Proteobacteria; D_2__c__Gammaproteobacteria; D_3__o__Pasteurellales; D_4__f__Pasteurellaceae; D_5__g__Haemophilus; D_6__g__Haemophilus_s__paraphrohaemolyticus
1763	0	0	0	0	0	0	0	0	0	0	0	0	0	0	0	0	0	0	0	0	0	0	0	0	0	0	0	0	0	0	0	0	0	0	0	0	21	0	0	0	0	0	0	0	0	0	0	0	0	0	D_0__k__Bacteria; D_1__p__Bacteroidetes; D_2__c__Bacteroidetes_[C-1]; D_3__o__Bacteroidetes_[O-1]; D_4__f__Bacteroidetes_[F-1]; D_5__g__Bacteroidetes_[G-3]; D_6__g__Bacteroidetes_[G-3]_s__bacterium_HMT_899
1764	0	0	0	0	0	0	0	0	0	0	0	0	0	0	0	0	0	0	0	0	0	0	0	0	0	0	0	0	0	0	0	0	0	0	0	0	0	0	0	0	0	0	0	21	0	0	0	0	0	0	D_0__k__Bacteria; D_1__p__Actinobacteria; D_2__c__Actinomycetia; D_3__o__Actinomycetales; D_4__f__Actinomycetaceae; D_5__g__Actinomyces; D_6__g__Actinomyces_s__dentalis
1765	0	0	0	0	0	0	0	0	0	0	0	0	0	0	0	0	0	0	0	0	0	0	0	0	0	0	0	0	0	0	0	0	0	0	0	0	0	0	0	0	0	0	0	0	0	0	0	0	21	0	D_0__k__Bacteria; D_1__p__Synergistetes; D_2__c__Synergistia; D_3__o__Synergistales; D_4__f__Synergistaceae; D_5__g__Fretibacterium; D_6__g__Fretibacterium_s__sp._HMT_358
1766	0	0	0	20	0	0	0	0	0	0	0	0	0	0	0	0	0	0	0	0	0	0	0	0	0	0	0	0	0	0	0	0	0	0	0	0	0	0	0	0	0	0	0	0	0	0	0	0	0	0	D_0__k__Bacteria; D_1__p__Bacteroidetes; D_2__c__Bacteroidia; D_3__o__Bacteroidales; D_4__f__Prevotellaceae; D_5__g__Prevotella; D_6__g__Prevotella_s__maculosa
1767	0	0	0	0	20	0	0	0	0	0	0	0	0	0	0	0	0	0	0	0	0	0	0	0	0	0	0	0	0	0	0	0	0	0	0	0	0	0	0	0	0	0	0	0	0	0	0	0	0	0	D_0__k__Bacteria; D_1__p__Saccharibacteria_(TM7); D_2__c__Saccharibacteria_(TM7)_[C-1]; D_3__o__Saccharibacteria_(TM7)_[O-1]; D_4__f__Saccharibacteria_(TM7)_[F-1]; D_5__g__Saccharibacteria_(TM7)_[G-6]; D_6__g__Saccharibacteria_(TM7)_[G-6]_s__bacterium_HMT_870
1768	0	0	0	0	0	0	20	0	0	0	0	0	0	0	0	0	0	0	0	0	0	0	0	0	0	0	0	0	0	0	0	0	0	0	0	0	0	0	0	0	0	0	0	0	0	0	0	0	0	0	D_0__k__Bacteria; D_1__p__Firmicutes; D_2__c__Negativicutes; D_3__o__Selenomonadales; D_4__f__Selenomonadaceae; D_5__g__Selenomonas; D_6__g__Selenomonas_s__artemidis
1769	0	0	0	0	0	0	0	0	0	0	0	20	0	0	0	0	0	0	0	0	0	0	0	0	0	0	0	0	0	0	0	0	0	0	0	0	0	0	0	0	0	0	0	0	0	0	0	0	0	0	D_0__k__Bacteria; D_1__p__Proteobacteria; D_2__c__Gammaproteobacteria; D_3__o__Cardiobacteriales; D_4__f__Cardiobacteriaceae; D_5__g__Cardiobacterium; D_6__g__Cardiobacterium_s__valvarum
1770	0	0	0	0	0	0	0	0	0	0	0	0	0	0	20	0	0	0	0	0	0	0	0	0	0	0	0	0	0	0	0	0	0	0	0	0	0	0	0	0	0	0	0	0	0	0	0	0	0	0	D_0__k__Bacteria; D_1__p__Bacteroidetes; D_2__c__Bacteroidia; D_3__o__Bacteroidales; D_4__f__Prevotellaceae; D_5__g__Prevotella; D_6__g__Prevotella_s__buccae
1771	0	0	0	0	0	0	0	0	0	0	0	0	0	0	0	20	0	0	0	0	0	0	0	0	0	0	0	0	0	0	0	0	0	0	0	0	0	0	0	0	0	0	0	0	0	0	0	0	0	0	D_0__k__Bacteria; D_1__p__Bacteroidetes; D_2__c__Flavobacteriia; D_3__o__Flavobacteriales; D_4__f__Flavobacteriaceae; D_5__g__Capnocytophaga; D_6__g__Capnocytophaga_s__leadbetteri
1772	0	0	0	0	0	0	0	0	0	0	0	0	0	0	0	20	0	0	0	0	0	0	0	0	0	0	0	0	0	0	0	0	0	0	0	0	0	0	0	0	0	0	0	0	0	0	0	0	0	0	D_0__k__Bacteria; D_1__p__Bacteroidetes; D_2__c__Bacteroidia; D_3__o__Bacteroidales; D_4__f__Prevotellaceae; D_5__g__Prevotella; D_6__g__Prevotella_s__sp._HMT_314
1773	0	0	0	0	0	0	0	0	0	0	0	0	0	0	0	0	0	20	0	0	0	0	0	0	0	0	0	0	0	0	0	0	0	0	0	0	0	0	0	0	0	0	0	0	0	0	0	0	0	0	D_0__k__Bacteria; D_1__p__Proteobacteria; D_2__c__Epsilonproteobacteria; D_3__o__Campylobacterales; D_4__f__Campylobacteraceae; D_5__g__Campylobacter; D_6__g__Campylobacter_s__concisus
1774	0	0	0	0	0	0	0	0	0	0	0	0	0	0	0	0	0	0	0	0	0	0	0	0	0	20	0	0	0	0	0	0	0	0	0	0	0	0	0	0	0	0	0	0	0	0	0	0	0	0	D_0__k__Bacteria; D_1__p__Firmicutes; D_2__c__Negativicutes; D_3__o__Selenomonadales; D_4__f__Selenomonadaceae; D_5__g__Selenomonas; D_6__g__Selenomonas_s__flueggei
1775	0	0	0	0	0	0	0	0	0	0	0	0	0	0	0	0	0	0	0	0	0	0	0	0	0	0	0	0	20	0	0	0	0	0	0	0	0	0	0	0	0	0	0	0	0	0	0	0	0	0	D_0__k__Bacteria; D_1__p__Proteobacteria; D_2__c__Epsilonproteobacteria; D_3__o__Campylobacterales; D_4__f__Campylobacteraceae; D_5__g__Campylobacter; D_6__g__Campylobacter_s__rectus
1776	0	0	0	0	0	0	0	0	0	0	0	0	0	0	0	0	0	0	0	0	0	0	0	0	0	0	0	0	0	0	0	0	0	0	0	0	20	0	0	0	0	0	0	0	0	0	0	0	0	0	D_0__k__Bacteria; D_1__p__Proteobacteria; D_2__c__Epsilonproteobacteria; D_3__o__Campylobacterales; D_4__f__Campylobacteraceae; D_5__g__Campylobacter; D_6__g__Campylobacter_s__curvus
1777	0	0	0	0	0	0	0	0	0	0	0	0	0	0	0	0	0	0	0	0	0	0	0	0	0	0	0	0	0	0	0	0	0	0	0	0	0	20	0	0	0	0	0	0	0	0	0	0	0	0	D_0__k__Bacteria; D_1__p__Bacteroidetes; D_2__c__Bacteroidia; D_3__o__Bacteroidales; D_4__f__Prevotellaceae; D_5__g__Prevotella; D_6__g__Prevotella_s__sp._HMT_292
1778	0	0	0	0	0	0	0	0	0	0	0	0	0	0	0	0	0	0	0	0	0	0	0	0	0	0	0	0	0	0	0	0	0	0	0	0	0	0	20	0	0	0	0	0	0	0	0	0	0	0	D_0__k__Bacteria; D_1__p__Proteobacteria; D_2__c__Epsilonproteobacteria; D_3__o__Campylobacterales; D_4__f__Campylobacteraceae; D_5__g__Campylobacter; D_6__g__Campylobacter_s__concisus
1779	0	0	19	0	0	0	0	0	0	0	0	0	0	0	0	0	0	0	0	0	0	0	0	0	0	0	0	0	0	0	0	0	0	0	0	0	0	0	0	0	0	0	0	0	0	0	0	0	0	0	D_0__k__Bacteria; D_1__p__Firmicutes; D_2__c__Negativicutes; D_3__o__Selenomonadales; D_4__f__Selenomonadaceae; D_5__g__Selenomonas; D_6__g__Selenomonas_s__sp._HMT_138
1780	0	0	0	0	19	0	0	0	0	0	0	0	0	0	0	0	0	0	0	0	0	0	0	0	0	0	0	0	0	0	0	0	0	0	0	0	0	0	0	0	0	0	0	0	0	0	0	0	0	0	D_0__k__Bacteria; D_1__p__Bacteroidetes; D_2__c__Bacteroidia; D_3__o__Bacteroidales; D_4__f__Prevotellaceae; D_5__g__Prevotella; D_6__g__Prevotella_s__saccharolytica
1781	0	0	0	0	0	0	0	19	0	0	0	0	0	0	0	0	0	0	0	0	0	0	0	0	0	0	0	0	0	0	0	0	0	0	0	0	0	0	0	0	0	0	0	0	0	0	0	0	0	0	D_0__k__Bacteria; D_1__p__Bacteroidetes; D_2__c__Bacteroidia; D_3__o__Bacteroidales; D_4__f__Prevotellaceae; D_5__g__Prevotella; D_6__g__Prevotella_s__pallens
1782	0	0	0	0	0	0	0	0	0	0	0	0	0	0	0	0	0	19	0	0	0	0	0	0	0	0	0	0	0	0	0	0	0	0	0	0	0	0	0	0	0	0	0	0	0	0	0	0	0	0	D_0__k__Bacteria; D_1__p__Bacteroidetes; D_2__c__Bacteroidia; D_3__o__Bacteroidales; D_4__f__Porphyromonadaceae; D_5__g__Porphyromonas; D_6__g__Porphyromonas_s__pasteri
1783	0	0	0	0	0	0	0	0	0	0	0	0	0	0	0	0	0	19	0	0	0	0	0	0	0	0	0	0	0	0	0	0	0	0	0	0	0	0	0	0	0	0	0	0	0	0	0	0	0	0	D_0__k__Bacteria; D_1__p__Bacteroidetes; D_2__c__Bacteroidia; D_3__o__Bacteroidales; D_4__f__Prevotellaceae; D_5__g__Prevotella; D_6__g__Prevotella_s__sp._HMT_942
1784	0	0	0	0	0	0	0	0	0	0	0	0	0	0	0	0	0	0	19	0	0	0	0	0	0	0	0	0	0	0	0	0	0	0	0	0	0	0	0	0	0	0	0	0	0	0	0	0	0	0	D_0__k__Bacteria; D_1__p__Proteobacteria; D_2__c__Betaproteobacteria; D_3__o__Neisseriales; D_4__f__Neisseriaceae; D_5__g__Eikenella; D_6__g__Eikenella_s__corrodens
1785	0	0	0	0	0	0	0	0	0	0	0	0	0	0	0	0	0	0	19	0	0	0	0	0	0	0	0	0	0	0	0	0	0	0	0	0	0	0	0	0	0	0	0	0	0	0	0	0	0	0	D_0__k__Bacteria; D_1__p__Firmicutes; D_2__c__Clostridia; D_3__o__Eubacteriales; D_4__f__Lachnospiraceae; D_5__g__Catonella; D_6__g__Catonella_s__morbi
1786	0	0	0	0	0	0	0	0	0	0	0	0	0	0	0	0	0	0	0	0	19	0	0	0	0	0	0	0	0	0	0	0	0	0	0	0	0	0	0	0	0	0	0	0	0	0	0	0	0	0	D_0__k__Bacteria; D_1__p__Firmicutes; D_2__c__Negativicutes; D_3__o__Selenomonadales; D_4__f__Selenomonadaceae; D_5__g__Selenomonas; D_6__g__Selenomonas_s__sp._HMT_919
1787	0	0	0	0	0	0	0	0	0	0	0	0	0	0	0	0	0	0	0	0	0	19	0	0	0	0	0	0	0	0	0	0	0	0	0	0	0	0	0	0	0	0	0	0	0	0	0	0	0	0	D_0__k__Bacteria; D_1__p__Proteobacteria; D_2__c__Betaproteobacteria; D_3__o__Neisseriales; D_4__f__Neisseriaceae; D_5__g__Neisseria; D_6__g__Neisseria_s__elongata
1788	0	0	0	0	0	0	0	0	0	0	0	0	0	0	0	0	0	0	0	0	0	0	19	0	0	0	0	0	0	0	0	0	0	0	0	0	0	0	0	0	0	0	0	0	0	0	0	0	0	0	D_0__k__Bacteria; D_1__p__Proteobacteria; D_2__c__Gammaproteobacteria; D_3__o__Pasteurellales; D_4__f__Pasteurellaceae; D_5__g__Aggregatibacter; D_6__g__Aggregatibacter_s__sp._HMT_949
1789	0	0	0	0	0	0	0	0	0	0	0	0	0	0	0	0	0	0	0	0	0	0	0	0	0	0	0	0	0	0	0	0	0	0	0	0	19	0	0	0	0	0	0	0	0	0	0	0	0	0	D_0__k__Bacteria; D_1__p__Bacteroidetes; D_2__c__Bacteroidia; D_3__o__Bacteroidales; D_4__f__Prevotellaceae; D_5__g__Alloprevotella; D_6__g__Alloprevotella_s__sp._HMT_308
1790	0	0	0	0	0	0	0	0	0	0	0	0	0	0	0	0	0	0	0	0	0	0	0	0	0	0	0	0	0	0	0	0	0	0	0	0	0	19	0	0	0	0	0	0	0	0	0	0	0	0	D_0__k__Bacteria; D_1__p__Firmicutes; D_2__c__Bacilli; D_3__o__Lactobacillales; D_4__f__Aerococcaceae; D_5__g__Abiotrophia; D_6__g__Abiotrophia_s__defectiva
1791	0	0	0	0	0	0	0	0	0	0	0	0	0	0	0	0	0	0	0	0	0	0	0	0	0	0	0	0	0	0	0	0	0	0	0	0	0	0	0	0	0	0	0	0	19	0	0	0	0	0	D_0__k__Bacteria; D_1__p__Spirochaetes; D_2__c__Spirochaetia; D_3__o__Spirochaetales; D_4__f__Treponemataceae; D_5__g__Treponema; D_6__g__Treponema_s__denticola
1792	0	0	0	0	0	0	0	0	0	0	0	0	0	0	0	0	0	0	0	0	0	0	0	0	0	0	0	0	0	0	0	0	0	0	0	0	0	0	0	0	0	0	0	0	19	0	0	0	0	0	D_0__k__Bacteria; D_1__p__Bacteroidetes; D_2__c__Bacteroidia; D_3__o__Bacteroidales; D_4__f__Prevotellaceae; D_5__g__Prevotella; D_6__g__Prevotella_s__fusca
1793	0	0	0	0	0	0	0	0	0	0	0	0	0	0	0	0	0	0	0	0	0	0	0	0	0	0	0	0	0	0	0	0	0	0	0	0	0	0	0	0	0	0	0	0	19	0	0	0	0	0	D_0__k__Bacteria; D_1__p__Firmicutes; D_2__c__Negativicutes; D_3__o__Selenomonadales; D_4__f__Selenomonadaceae; D_5__g__Selenomonas; D_6__g__Selenomonas_s__noxia
1794	0	0	0	0	0	0	0	0	0	0	0	0	0	0	0	0	0	0	0	0	0	0	0	0	0	0	0	0	0	0	0	0	0	0	0	0	0	0	0	0	0	0	0	0	19	0	0	0	0	0	D_0__k__Bacteria; D_1__p__Firmicutes; D_2__c__Negativicutes; D_3__o__Selenomonadales; D_4__f__Selenomonadaceae; D_5__g__Selenomonas; D_6__g__Selenomonas_s__sp._HMT_442
1795	0	18	0	0	0	0	0	0	0	0	0	0	0	0	0	0	0	0	0	0	0	0	0	0	0	0	0	0	0	0	0	0	0	0	0	0	0	0	0	0	0	0	0	0	0	0	0	0	0	0	D_0__k__Bacteria; D_1__p__Bacteroidetes; D_2__c__Bacteroidia; D_3__o__Bacteroidales; D_4__f__Prevotellaceae; D_5__g__Prevotella; D_6__g__Prevotella_s__oris
1796	0	0	18	0	0	0	0	0	0	0	0	0	0	0	0	0	0	0	0	0	0	0	0	0	0	0	0	0	0	0	0	0	0	0	0	0	0	0	0	0	0	0	0	0	0	0	0	0	0	0	D_0__k__Bacteria; D_1__p__Fusobacteria; D_2__c__Fusobacteriia; D_3__o__Fusobacteriales; D_4__f__Fusobacteriaceae; D_5__g__Fusobacterium; D_6__g__Fusobacterium_s__nucleatum
1797	0	0	0	0	18	0	0	0	0	0	0	0	0	0	0	0	0	0	0	0	0	0	0	0	0	0	0	0	0	0	0	0	0	0	0	0	0	0	0	0	0	0	0	0	0	0	0	0	0	0	D_0__k__Bacteria; D_1__p__Bacteroidetes; D_2__c__Bacteroidia; D_3__o__Bacteroidales; D_4__f__Prevotellaceae; D_5__g__Prevotella; D_6__g__Prevotella_s__sp._HMT_292
1798	0	0	0	0	0	0	0	10	0	0	0	0	0	0	0	0	0	0	0	0	0	0	8	0	0	0	0	0	0	0	0	0	0	0	0	0	0	0	0	0	0	0	0	0	0	0	0	0	0	0	D_0__k__Bacteria; D_1__p__Actinobacteria; D_2__c__Actinomycetia; D_3__o__Actinomycetales; D_4__f__Actinomycetaceae; D_5__g__Schaalia; D_6__g__Schaalia_s__sp._HMT_180
1799	0	0	0	0	0	0	0	9	0	0	0	9	0	0	0	0	0	0	0	0	0	0	0	0	0	0	0	0	0	0	0	0	0	0	0	0	0	0	0	0	0	0	0	0	0	0	0	0	0	0	D_0__k__Bacteria; D_1__p__Firmicutes; D_2__c__Negativicutes; D_3__o__Selenomonadales; D_4__f__Selenomonadaceae; D_5__g__Selenomonas; D_6__g__Selenomonas_s__sp._HMT_136
1800	0	0	0	0	0	0	0	0	0	0	0	18	0	0	0	0	0	0	0	0	0	0	0	0	0	0	0	0	0	0	0	0	0	0	0	0	0	0	0	0	0	0	0	0	0	0	0	0	0	0	D_0__k__Bacteria; D_1__p__Firmicutes; D_2__c__Clostridia; D_3__o__Eubacteriales; D_4__f__Peptostreptococcaceae; D_5__g__Peptostreptococcaceae_[G-7]; D_6__g__Peptostreptococcaceae_[G-7]_s__[Eubacterium]_yurii_subsps._yurii_&_margaretiae
1801	0	0	0	0	0	0	0	0	0	0	0	0	0	0	0	18	0	0	0	0	0	0	0	0	0	0	0	0	0	0	0	0	0	0	0	0	0	0	0	0	0	0	0	0	0	0	0	0	0	0	D_0__k__Bacteria; D_1__p__Bacteroidetes; D_2__c__Bacteroidia; D_3__o__Bacteroidales; D_4__f__Prevotellaceae; D_5__g__Prevotella; D_6__g__Prevotella_s__oris
1802	0	0	0	0	0	0	0	0	0	0	0	0	0	0	0	0	0	18	0	0	0	0	0	0	0	0	0	0	0	0	0	0	0	0	0	0	0	0	0	0	0	0	0	0	0	0	0	0	0	0	D_0__k__Bacteria; D_1__p__Proteobacteria; D_2__c__Gammaproteobacteria; D_3__o__Cardiobacteriales; D_4__f__Cardiobacteriaceae; D_5__g__Cardiobacterium; D_6__g__Cardiobacterium_s__hominis
1803	0	0	0	0	0	0	0	0	0	0	0	0	0	0	0	0	0	0	0	0	0	18	0	0	0	0	0	0	0	0	0	0	0	0	0	0	0	0	0	0	0	0	0	0	0	0	0	0	0	0	D_0__k__Bacteria; D_1__p__Fusobacteria; D_2__c__Fusobacteriia; D_3__o__Fusobacteriales; D_4__f__Leptotrichiaceae; D_5__g__Leptotrichia; D_6__g__Leptotrichia_s__sp._HMT_215
1804	0	0	0	0	0	0	0	0	0	0	0	0	0	0	0	0	0	0	0	0	0	0	18	0	0	0	0	0	0	0	0	0	0	0	0	0	0	0	0	0	0	0	0	0	0	0	0	0	0	0	D_0__k__Bacteria; D_1__p__Bacteroidetes; D_2__c__Bacteroidia; D_3__o__Bacteroidales; D_4__f__Prevotellaceae; D_5__g__Prevotella; D_6__g__Prevotella_s__veroralis
1805	0	0	0	0	0	0	0	0	0	0	0	0	0	0	0	0	0	0	0	0	0	0	0	0	0	0	0	0	0	0	0	0	0	18	0	0	0	0	0	0	0	0	0	0	0	0	0	0	0	0	D_0__k__Bacteria; D_1__p__Firmicutes; D_2__c__Clostridia; D_3__o__Eubacteriales; D_4__f__Lachnospiraceae; D_5__g__Lachnoanaerobaculum; D_6__g__Lachnoanaerobaculum_s__umeaense
1806	0	0	0	0	0	0	0	0	0	0	0	0	0	0	0	0	0	0	0	0	0	0	0	0	0	0	0	0	0	0	0	0	0	0	0	0	18	0	0	0	0	0	0	0	0	0	0	0	0	0	D_0__k__Bacteria; D_1__p__Proteobacteria; D_2__c__Gammaproteobacteria; D_3__o__Cardiobacteriales; D_4__f__Cardiobacteriaceae; D_5__g__Cardiobacterium; D_6__g__Cardiobacterium_s__valvarum
1807	0	0	0	0	0	0	0	0	0	0	0	0	0	0	0	0	0	0	0	0	0	0	0	0	0	0	0	0	0	0	0	0	0	0	0	0	0	0	18	0	0	0	0	0	0	0	0	0	0	0	D_0__k__Bacteria; D_1__p__Actinobacteria; D_2__c__Actinomycetia; D_3__o__Propionibacteriales; D_4__f__Propionibacteriaceae; D_5__g__Arachnia; D_6__g__Arachnia_s__rubra
1808	0	0	0	0	0	0	0	0	0	0	0	0	0	0	0	0	0	0	0	0	0	0	0	0	0	0	0	0	0	0	0	0	0	0	0	0	0	0	0	0	0	0	0	0	18	0	0	0	0	0	D_0__k__Bacteria; D_1__p__Proteobacteria; D_2__c__Deltaproteobacteria; D_3__o__Desulfovibrionales; D_4__f__Desulfovibrionaceae; D_5__g__Desulfovibrio; D_6__g__Desulfovibrio_s__sp._HMT_040
1809	0	0	0	0	0	0	0	0	0	0	0	0	0	0	0	0	0	0	0	0	0	0	0	0	0	0	0	0	0	0	0	0	0	0	0	0	0	0	0	0	0	0	0	0	18	0	0	0	0	0	D_0__k__Bacteria; D_1__p__Spirochaetes; D_2__c__Spirochaetia; D_3__o__Spirochaetales; D_4__f__Treponemataceae; D_5__g__Treponema; D_6__g__Treponema_s__sp._HMT_237
1810	0	0	0	0	0	0	0	0	0	0	0	0	0	0	0	0	0	0	0	0	0	0	0	0	0	0	0	0	0	0	0	0	0	0	0	0	0	0	0	0	0	0	0	0	18	0	0	0	0	0	D_0__k__Bacteria; D_1__p__Bacteroidetes; D_2__c__Bacteroidia; D_3__o__Bacteroidales; D_4__f__Prevotellaceae; D_5__g__Prevotella; D_6__g__Prevotella_s__dentalis
1811	0	0	0	0	0	0	0	0	0	0	0	0	0	0	0	0	0	0	0	0	0	0	0	0	0	0	0	0	0	0	0	0	0	0	0	0	0	0	0	0	0	0	0	0	18	0	0	0	0	0	D_0__k__Bacteria; D_1__p__Firmicutes; D_2__c__Negativicutes; D_3__o__Selenomonadales; D_4__f__Selenomonadaceae; D_5__g__Selenomonas; D_6__g__Selenomonas_s__sputigena
1812	0	0	0	0	0	0	0	0	0	0	0	0	0	0	0	0	0	0	0	0	0	0	0	0	0	0	0	0	0	0	0	0	0	0	0	0	0	0	0	0	0	0	0	0	0	0	0	18	0	0	D_0__k__Bacteria; D_1__p__Bacteroidetes; D_2__c__Bacteroidia; D_3__o__Bacteroidales; D_4__f__Prevotellaceae; D_5__g__Prevotella; D_6__g__Prevotella_s__pallens
1813	0	0	0	0	0	0	0	0	0	0	0	0	0	0	0	0	0	0	0	0	0	0	0	0	0	0	0	0	0	0	0	0	0	0	0	0	0	0	0	0	0	0	0	0	0	0	0	0	18	0	D_0__k__Bacteria; D_1__p__Spirochaetes; D_2__c__Spirochaetia; D_3__o__Spirochaetales; D_4__f__Treponemataceae; D_5__g__Treponema; D_6__g__Treponema_s__pectinovorum
1814	0	4	0	0	0	0	0	9	0	0	0	4	0	0	0	0	0	0	0	0	0	0	0	0	0	0	0	0	0	0	0	0	0	0	0	0	0	0	0	0	0	0	0	0	0	0	0	0	0	0	D_0__k__Bacteria; D_1__p__Firmicutes; D_2__c__Negativicutes; D_3__o__Selenomonadales; D_4__f__Selenomonadaceae; D_5__g__Selenomonas; D_6__g__Selenomonas_s__sp._HMT_136
1815	0	0	0	0	17	0	0	0	0	0	0	0	0	0	0	0	0	0	0	0	0	0	0	0	0	0	0	0	0	0	0	0	0	0	0	0	0	0	0	0	0	0	0	0	0	0	0	0	0	0	D_0__k__Bacteria; D_1__p__Actinobacteria; D_2__c__Actinomycetia; D_3__o__Actinomycetales; D_4__f__Actinomycetaceae; D_5__g__Actinomyces; D_6__g__Actinomyces_s__israelii
1816	0	0	0	0	17	0	0	0	0	0	0	0	0	0	0	0	0	0	0	0	0	0	0	0	0	0	0	0	0	0	0	0	0	0	0	0	0	0	0	0	0	0	0	0	0	0	0	0	0	0	D_0__k__Bacteria; D_1__p__Bacteroidetes; D_2__c__Flavobacteriia; D_3__o__Flavobacteriales; D_4__f__Flavobacteriaceae; D_5__g__Capnocytophaga; D_6__g__Capnocytophaga_s__sputigena
1817	0	0	0	0	0	0	17	0	0	0	0	0	0	0	0	0	0	0	0	0	0	0	0	0	0	0	0	0	0	0	0	0	0	0	0	0	0	0	0	0	0	0	0	0	0	0	0	0	0	0	D_0__k__Bacteria; D_1__p__Bacteroidetes; D_2__c__Flavobacteriia; D_3__o__Flavobacteriales; D_4__f__Flavobacteriaceae; D_5__g__Capnocytophaga; D_6__g__Capnocytophaga_s__sp._HMT_412
1818	0	0	0	0	0	0	0	0	0	0	0	0	17	0	0	0	0	0	0	0	0	0	0	0	0	0	0	0	0	0	0	0	0	0	0	0	0	0	0	0	0	0	0	0	0	0	0	0	0	0	D_0__k__Bacteria; D_1__p__Bacteroidetes; D_2__c__Sphingobacteriia; D_3__o__Sphingobacteriales; D_4__f__Sphingobacteriaceae; D_5__g__Pedobacter; D_6__g__Pedobacter_s__sp._HMT_318
1819	0	0	0	0	0	0	0	0	0	0	0	0	0	0	0	17	0	0	0	0	0	0	0	0	0	0	0	0	0	0	0	0	0	0	0	0	0	0	0	0	0	0	0	0	0	0	0	0	0	0	D_0__k__Bacteria; D_1__p__Bacteroidetes; D_2__c__Bacteroidia; D_3__o__Bacteroidales; D_4__f__Prevotellaceae; D_5__g__Prevotella; D_6__g__Prevotella_s__oris
1820	0	0	0	0	0	0	0	0	0	0	0	0	0	0	0	0	0	0	17	0	0	0	0	0	0	0	0	0	0	0	0	0	0	0	0	0	0	0	0	0	0	0	0	0	0	0	0	0	0	0	D_0__k__Bacteria; D_1__p__Bacteroidetes; D_2__c__Bacteroidia; D_3__o__Bacteroidales; D_4__f__Tannerellaceae; D_5__g__Tannerella; D_6__g__Tannerella_s__sp._HMT_808
1821	0	0	0	0	0	0	0	0	0	0	0	0	0	0	0	0	0	0	0	0	0	0	17	0	0	0	0	0	0	0	0	0	0	0	0	0	0	0	0	0	0	0	0	0	0	0	0	0	0	0	D_0__k__Bacteria; D_1__p__Bacteroidetes; D_2__c__Bacteroidia; D_3__o__Bacteroidales; D_4__f__Prevotellaceae; D_5__g__Prevotella; D_6__g__Prevotella_s__sp._HMT_292
1822	0	0	0	0	0	0	0	0	0	0	0	0	0	0	0	0	0	0	0	0	0	0	0	17	0	0	0	0	0	0	0	0	0	0	0	0	0	0	0	0	0	0	0	0	0	0	0	0	0	0	D_0__k__Bacteria; D_1__p__Saccharibacteria_(TM7); D_2__c__Saccharibacteria_(TM7)_[C-1]; D_3__o__Saccharibacteria_(TM7)_[O-1]; D_4__f__Saccharibacteria_(TM7)_[F-1]; D_5__g__Saccharibacteria_(TM7)_[G-1]; D_6__g__Saccharibacteria_(TM7)_[G-1]_s__bacterium_HMT_346
1823	0	0	0	0	0	0	0	0	0	0	0	0	0	0	0	0	0	0	0	0	0	0	0	17	0	0	0	0	0	0	0	0	0	0	0	0	0	0	0	0	0	0	0	0	0	0	0	0	0	0	D_0__k__Bacteria; D_1__p__Fusobacteria; D_2__c__Fusobacteriia; D_3__o__Fusobacteriales; D_4__f__Leptotrichiaceae; D_5__g__Leptotrichia; D_6__g__Leptotrichia_s__sp._HMT_218
1824	0	0	0	0	0	0	0	0	0	0	0	0	0	0	0	0	0	0	0	0	0	0	0	0	0	0	0	0	0	0	0	0	0	0	0	0	17	0	0	0	0	0	0	0	0	0	0	0	0	0	D_0__k__Bacteria; D_1__p__Firmicutes; D_2__c__Bacilli; D_3__o__Lactobacillales; D_4__f__Streptococcaceae; D_5__g__Streptococcus; D_6__g__Streptococcus_s__downei
1825	0	0	0	0	0	0	0	0	0	0	0	0	0	0	0	0	0	0	0	0	0	0	0	0	0	0	0	0	0	0	0	0	0	0	0	0	0	11	0	0	0	0	0	0	6	0	0	0	0	0	D_0__k__Bacteria; D_1__p__Gracilibacteria_(GN02); D_2__c__Gracilibacteria_(GN02)_[C-2]; D_3__o__Gracilibacteria_(GN02)_[O-2]; D_4__f__Gracilibacteria_(GN02)_[F-2]; D_5__g__Gracilibacteria_(GN02)_[G-2]; D_6__g__Gracilibacteria_(GN02)_[G-2]_s__bacterium_HMT_873
1826	0	0	0	0	0	0	0	0	0	0	0	0	0	0	0	0	0	0	0	0	0	0	0	0	0	0	0	0	0	0	0	0	0	0	0	0	0	0	0	0	0	0	0	0	0	0	17	0	0	0	D_0__k__Bacteria; D_1__p__Bacteroidetes; D_2__c__Bacteroidia; D_3__o__Bacteroidales; D_4__f__Prevotellaceae; D_5__g__Prevotella; D_6__g__Prevotella_s__aurantiaca
1827	0	0	0	0	0	0	0	0	0	0	0	0	0	0	0	0	0	0	0	0	0	0	0	0	0	0	0	0	0	0	0	0	0	0	0	0	0	0	0	0	0	0	0	0	0	0	17	0	0	0	D_0__k__Bacteria; D_1__p__Bacteroidetes; D_2__c__Bacteroidia; D_3__o__Bacteroidales; D_4__f__Prevotellaceae; D_5__g__Prevotella; D_6__g__Prevotella_s__maculosa
1828	0	16	0	0	0	0	0	0	0	0	0	0	0	0	0	0	0	0	0	0	0	0	0	0	0	0	0	0	0	0	0	0	0	0	0	0	0	0	0	0	0	0	0	0	0	0	0	0	0	0	D_0__k__Bacteria; D_1__p__Absconditabacteria_(SR1); D_2__c__Absconditabacteria_(SR1)_[C-1]; D_3__o__Absconditabacteria_(SR1)_[O-1]; D_4__f__Absconditabacteria_(SR1)_[F-1]; D_5__g__Absconditabacteria_(SR1)_[G-1]; D_6__g__Absconditabacteria_(SR1)_[G-1]_s__bacterium_HMT_874
1829	0	16	0	0	0	0	0	0	0	0	0	0	0	0	0	0	0	0	0	0	0	0	0	0	0	0	0	0	0	0	0	0	0	0	0	0	0	0	0	0	0	0	0	0	0	0	0	0	0	0	D_0__k__Bacteria; D_1__p__Bacteroidetes; D_2__c__Bacteroidia; D_3__o__Bacteroidales; D_4__f__Porphyromonadaceae; D_5__g__Porphyromonas; D_6__g__Porphyromonas_s__sp._HMT_275
1830	0	0	0	0	16	0	0	0	0	0	0	0	0	0	0	0	0	0	0	0	0	0	0	0	0	0	0	0	0	0	0	0	0	0	0	0	0	0	0	0	0	0	0	0	0	0	0	0	0	0	D_0__k__Bacteria; D_1__p__Firmicutes; D_2__c__Clostridia; D_3__o__Eubacteriales; D_4__f__Peptostreptococcaceae; D_5__g__Peptostreptococcaceae_[G-2]; D_6__g__Peptostreptococcaceae_[G-2]_s__bacterium_HMT_091
1831	0	0	0	0	0	11	0	0	0	0	0	3	0	0	0	0	0	0	0	0	2	0	0	0	0	0	0	0	0	0	0	0	0	0	0	0	0	0	0	0	0	0	0	0	0	0	0	0	0	0	D_0__k__Bacteria; D_1__p__Firmicutes; D_2__c__Tissierellia; D_3__o__Tissierellales; D_4__f__Peptoniphilaceae; D_5__g__Parvimonas; D_6__g__Parvimonas_s__micra
1832	0	0	0	0	0	0	16	0	0	0	0	0	0	0	0	0	0	0	0	0	0	0	0	0	0	0	0	0	0	0	0	0	0	0	0	0	0	0	0	0	0	0	0	0	0	0	0	0	0	0	D_0__k__Bacteria; D_1__p__Proteobacteria; D_2__c__Gammaproteobacteria; D_3__o__Enterobacterales; D_4__f__Enterobacteriaceae; D_5__g__Klebsiella; D_6__g__Klebsiella_s__pneumoniae
1833	0	0	0	0	0	0	16	0	0	0	0	0	0	0	0	0	0	0	0	0	0	0	0	0	0	0	0	0	0	0	0	0	0	0	0	0	0	0	0	0	0	0	0	0	0	0	0	0	0	0	D_0__k__Bacteria; D_1__p__Spirochaetes; D_2__c__Spirochaetia; D_3__o__Spirochaetales; D_4__f__Treponemataceae; D_5__g__Treponema; D_6__g__Treponema_s__sp._HMT_238
1834	0	0	0	0	0	0	0	0	0	16	0	0	0	0	0	0	0	0	0	0	0	0	0	0	0	0	0	0	0	0	0	0	0	0	0	0	0	0	0	0	0	0	0	0	0	0	0	0	0	0	D_0__k__Bacteria; D_1__p__Synergistetes; D_2__c__Synergistia; D_3__o__Synergistales; D_4__f__Synergistaceae; D_5__g__Fretibacterium; D_6__g__Fretibacterium_s__fastidiosum
1835	0	0	0	0	0	0	0	0	0	0	0	0	0	16	0	0	0	0	0	0	0	0	0	0	0	0	0	0	0	0	0	0	0	0	0	0	0	0	0	0	0	0	0	0	0	0	0	0	0	0	D_0__k__Bacteria; D_1__p__Proteobacteria; D_2__c__Epsilonproteobacteria; D_3__o__Campylobacterales; D_4__f__Campylobacteraceae; D_5__g__Campylobacter; D_6__g__Campylobacter_s__gracilis
1836	0	0	0	0	0	0	0	0	0	0	0	0	0	0	0	0	0	0	0	16	0	0	0	0	0	0	0	0	0	0	0	0	0	0	0	0	0	0	0	0	0	0	0	0	0	0	0	0	0	0	D_0__k__Bacteria; D_1__p__Proteobacteria; D_2__c__Gammaproteobacteria; D_3__o__Pasteurellales; D_4__f__Pasteurellaceae; D_5__g__Haemophilus; D_6__g__Haemophilus_s__parainfluenzae
1837	0	0	0	0	0	0	0	0	0	0	0	0	0	0	0	0	0	0	0	0	0	0	16	0	0	0	0	0	0	0	0	0	0	0	0	0	0	0	0	0	0	0	0	0	0	0	0	0	0	0	D_0__k__Bacteria; D_1__p__Fusobacteria; D_2__c__Fusobacteriia; D_3__o__Fusobacteriales; D_4__f__Leptotrichiaceae; D_5__g__Leptotrichia; D_6__g__Leptotrichia_s__buccalis
1838	0	0	0	0	0	0	0	0	0	0	0	0	0	0	0	0	0	0	0	0	0	0	0	0	0	16	0	0	0	0	0	0	0	0	0	0	0	0	0	0	0	0	0	0	0	0	0	0	0	0	D_0__k__Bacteria; D_1__p__Proteobacteria; D_2__c__Epsilonproteobacteria; D_3__o__Campylobacterales; D_4__f__Campylobacteraceae; D_5__g__Campylobacter; D_6__g__Campylobacter_s__curvus
1839	0	15	0	0	0	0	0	0	0	0	0	0	0	0	0	0	0	0	0	0	0	0	0	0	0	0	0	0	0	0	0	0	0	0	0	0	0	0	0	0	0	0	0	0	0	0	0	0	0	0	D_0__k__Bacteria; D_1__p__Firmicutes; D_2__c__Negativicutes; D_3__o__Veillonellales; D_4__f__Veillonellaceae; D_5__g__Veillonella; D_6__g__Veillonella_s__sp._HMT_780
1840	0	0	0	15	0	0	0	0	0	0	0	0	0	0	0	0	0	0	0	0	0	0	0	0	0	0	0	0	0	0	0	0	0	0	0	0	0	0	0	0	0	0	0	0	0	0	0	0	0	0	D_0__k__Bacteria; D_1__p__Gracilibacteria_(GN02); D_2__c__Gracilibacteria_(GN02)_[C-1]; D_3__o__Gracilibacteria_(GN02)_[O-1]; D_4__f__Gracilibacteria_(GN02)_[F-1]; D_5__g__Gracilibacteria_(GN02)_[G-1]; D_6__g__Gracilibacteria_(GN02)_[G-1]_s__bacterium_HMT_872
1841	0	0	0	0	15	0	0	0	0	0	0	0	0	0	0	0	0	0	0	0	0	0	0	0	0	0	0	0	0	0	0	0	0	0	0	0	0	0	0	0	0	0	0	0	0	0	0	0	0	0	D_0__k__Bacteria; D_1__p__Firmicutes; D_2__c__Bacilli; D_3__o__Lactobacillales; D_4__f__Lactobacillaceae; D_5__g__Limosilactobacillus; D_6__g__Limosilactobacillus_s__fermentum
1842	0	0	0	0	15	0	0	0	0	0	0	0	0	0	0	0	0	0	0	0	0	0	0	0	0	0	0	0	0	0	0	0	0	0	0	0	0	0	0	0	0	0	0	0	0	0	0	0	0	0	D_0__k__Bacteria; D_1__p__Actinobacteria; D_2__c__Coriobacteriia; D_3__o__Coriobacteriales; D_4__f__Atopobiaceae; D_5__g__Olsenella; D_6__g__Olsenella_s__profusa
1843	0	0	0	0	0	15	0	0	0	0	0	0	0	0	0	0	0	0	0	0	0	0	0	0	0	0	0	0	0	0	0	0	0	0	0	0	0	0	0	0	0	0	0	0	0	0	0	0	0	0	D_0__k__Bacteria; D_1__p__Bacteroidetes; D_2__c__Flavobacteriia; D_3__o__Flavobacteriales; D_4__f__Weeksellaceae; D_5__g__Weeksellaceae_[G-1]; D_6__g__Weeksellaceae_[G-1]_s__sp._HMT_900
1844	0	0	0	0	0	0	15	0	0	0	0	0	0	0	0	0	0	0	0	0	0	0	0	0	0	0	0	0	0	0	0	0	0	0	0	0	0	0	0	0	0	0	0	0	0	0	0	0	0	0	D_0__k__Bacteria; D_1__p__Firmicutes; D_2__c__Negativicutes; D_3__o__Selenomonadales; D_4__f__Selenomonadaceae; D_5__g__Selenomonas; D_6__g__Selenomonas_s__sputigena
1845	0	0	0	0	0	0	0	0	0	0	0	0	0	0	15	0	0	0	0	0	0	0	0	0	0	0	0	0	0	0	0	0	0	0	0	0	0	0	0	0	0	0	0	0	0	0	0	0	0	0	D_0__k__Bacteria; D_1__p__Spirochaetes; D_2__c__Spirochaetia; D_3__o__Spirochaetales; D_4__f__Treponemataceae; D_5__g__Treponema; D_6__g__Treponema_s__socranskii
1846	0	0	0	0	0	0	0	0	0	0	0	0	0	0	0	0	0	0	0	0	15	0	0	0	0	0	0	0	0	0	0	0	0	0	0	0	0	0	0	0	0	0	0	0	0	0	0	0	0	0	D_0__k__Bacteria; D_1__p__Firmicutes; D_2__c__Negativicutes; D_3__o__Selenomonadales; D_4__f__Selenomonadaceae; D_5__g__Selenomonas; D_6__g__Selenomonas_s__sp._HMT_138
1847	0	0	0	0	0	0	0	0	0	0	0	0	0	0	0	0	0	0	0	0	0	0	0	0	0	0	0	0	0	0	0	0	0	0	0	15	0	0	0	0	0	0	0	0	0	0	0	0	0	0	D_0__k__Bacteria; D_1__p__Proteobacteria; D_2__c__Betaproteobacteria; D_3__o__Neisseriales; D_4__f__Neisseriaceae; D_5__g__Neisseria; D_6__g__Neisseria_s__cinerea
1848	0	0	0	0	0	0	0	0	0	0	0	0	0	0	0	0	0	0	0	0	0	0	0	0	0	0	0	0	0	0	0	0	0	0	0	15	0	0	0	0	0	0	0	0	0	0	0	0	0	0	D_0__k__Bacteria; D_1__p__Firmicutes; D_2__c__Clostridia; D_3__o__Eubacteriales; D_4__f__Lachnospiraceae; D_5__g__Johnsonella; D_6__g__Johnsonella_s__ignava
1849	0	0	0	0	0	0	0	0	0	0	0	0	0	0	0	0	0	0	0	0	0	0	0	0	0	0	0	0	0	0	0	0	0	0	0	0	15	0	0	0	0	0	0	0	0	0	0	0	0	0	D_0__k__Bacteria; D_1__p__Actinobacteria; D_2__c__Coriobacteriia; D_3__o__Coriobacteriales; D_4__f__Coriobacteriaceae; D_5__g__Fannyhessea; D_6__g__Fannyhessea_s__sp._HMT_416
1850	0	0	0	0	0	0	0	0	0	0	0	0	0	0	0	0	0	0	0	0	0	0	0	0	0	0	0	0	0	0	0	0	0	0	0	0	15	0	0	0	0	0	0	0	0	0	0	0	0	0	D_0__k__Bacteria; D_1__p__Actinobacteria; D_2__c__Coriobacteriia; D_3__o__Coriobacteriales; D_4__f__Coriobacteriaceae; D_5__g__Fannyhessea; D_6__g__Fannyhessea_s__sp._HMT_416
1851	0	0	0	0	0	0	0	0	0	0	0	0	0	0	0	0	0	0	0	0	0	0	0	0	0	0	0	0	0	0	0	0	0	0	0	0	0	15	0	0	0	0	0	0	0	0	0	0	0	0	D_0__k__Bacteria; D_1__p__Bacteroidetes; D_2__c__Flavobacteriia; D_3__o__Flavobacteriales; D_4__f__Flavobacteriaceae; D_5__g__Capnocytophaga; D_6__g__Capnocytophaga_s__sp._HMT_335
1852	0	0	0	0	0	0	0	0	0	0	0	0	0	0	0	0	0	0	0	0	0	0	0	0	0	0	0	0	0	0	0	0	0	0	0	0	0	0	0	0	0	0	0	0	0	0	0	15	0	0	D_0__k__Bacteria; D_1__p__Proteobacteria; D_2__c__Betaproteobacteria; D_3__o__Neisseriales; D_4__f__Neisseriaceae; D_5__g__Neisseria; D_6__g__Neisseria_s__flava
1853	0	0	0	0	0	0	0	0	0	0	0	0	0	0	0	0	0	0	0	0	0	0	0	0	0	0	0	0	0	0	0	0	0	0	0	0	0	0	0	0	0	0	0	0	0	0	0	15	0	0	D_0__k__Bacteria; D_1__p__Firmicutes; D_2__c__Negativicutes; D_3__o__Veillonellales; D_4__f__Veillonellaceae; D_5__g__Veillonella; D_6__g__Veillonella_s__sp._HMT_780
1854	0	0	0	0	0	0	0	0	0	0	0	0	0	0	0	0	0	0	0	0	0	0	0	0	0	0	0	0	0	0	0	0	0	0	0	0	0	0	0	0	0	0	0	0	0	0	0	0	0	15	D_0__k__Bacteria; D_1__p__Fusobacteria; D_2__c__Fusobacteriia; D_3__o__Fusobacteriales; D_4__f__Leptotrichiaceae; D_5__g__Leptotrichia; D_6__g__Leptotrichia_s__buccalis
1855	0	14	0	0	0	0	0	0	0	0	0	0	0	0	0	0	0	0	0	0	0	0	0	0	0	0	0	0	0	0	0	0	0	0	0	0	0	0	0	0	0	0	0	0	0	0	0	0	0	0	D_0__k__Bacteria; D_1__p__Proteobacteria; D_2__c__Betaproteobacteria; D_3__o__Neisseriales; D_4__f__Neisseriaceae; D_5__g__Neisseria; D_6__g__Neisseria_s__perflava
1856	0	0	14	0	0	0	0	0	0	0	0	0	0	0	0	0	0	0	0	0	0	0	0	0	0	0	0	0	0	0	0	0	0	0	0	0	0	0	0	0	0	0	0	0	0	0	0	0	0	0	D_0__k__Bacteria; D_1__p__Bacteroidetes; D_2__c__Bacteroidia; D_3__o__Bacteroidales; D_4__f__Tannerellaceae; D_5__g__Tannerella; D_6__g__Tannerella_s__forsythia
1857	0	0	0	0	0	0	14	0	0	0	0	0	0	0	0	0	0	0	0	0	0	0	0	0	0	0	0	0	0	0	0	0	0	0	0	0	0	0	0	0	0	0	0	0	0	0	0	0	0	0	D_0__k__Bacteria; D_1__p__Proteobacteria; D_2__c__Alphaproteobacteria; D_3__o__Hyphomicrobiales; D_4__f__Phyllobacteriaceae; D_5__g__Mesorhizobium; D_6__g__Mesorhizobium_s__japonicum
1858	0	0	0	0	0	0	0	0	0	0	0	0	0	0	0	0	0	14	0	0	0	0	0	0	0	0	0	0	0	0	0	0	0	0	0	0	0	0	0	0	0	0	0	0	0	0	0	0	0	0	D_0__k__Bacteria; D_1__p__Spirochaetes; D_2__c__Spirochaetia; D_3__o__Spirochaetales; D_4__f__Treponemataceae; D_5__g__Treponema; D_6__g__Treponema_s__sp._HMT_268
1859	0	0	0	0	0	0	0	0	0	0	0	0	0	0	0	0	0	0	0	0	0	0	0	0	0	0	0	0	0	0	0	0	0	0	0	0	0	14	0	0	0	0	0	0	0	0	0	0	0	0	D_0__k__Bacteria; D_1__p__Spirochaetes; D_2__c__Spirochaetia; D_3__o__Spirochaetales; D_4__f__Treponemataceae; D_5__g__Treponema; D_6__g__Treponema_s__sp._HMT_262
1860	0	0	0	0	0	0	0	0	0	0	0	0	0	0	0	0	0	0	0	0	0	0	0	0	0	0	0	0	0	0	0	0	0	0	0	0	0	0	14	0	0	0	0	0	0	0	0	0	0	0	D_0__k__Bacteria; D_1__p__Bacteroidetes; D_2__c__Flavobacteriia; D_3__o__Flavobacteriales; D_4__f__Weeksellaceae; D_5__g__Riemerella; D_6__g__Riemerella_s__sp._HMT_322
1861	0	0	0	0	0	0	0	0	0	0	0	0	0	0	0	0	0	0	0	0	0	0	0	0	0	0	0	0	0	0	0	0	0	0	0	0	0	0	0	0	0	0	0	0	14	0	0	0	0	0	D_0__k__Bacteria; D_1__p__Spirochaetes; D_2__c__Spirochaetia; D_3__o__Spirochaetales; D_4__f__Treponemataceae; D_5__g__Treponema; D_6__g__Treponema_s__sp._HMT_270
1862	0	0	0	0	0	0	0	0	0	0	0	0	0	0	0	0	0	0	0	0	0	0	0	0	0	0	0	0	0	0	0	0	0	0	0	0	0	0	0	0	0	0	0	0	14	0	0	0	0	0	D_0__k__Bacteria; D_1__p__Proteobacteria; D_2__c__Gammaproteobacteria; D_3__o__Pasteurellales; D_4__f__Pasteurellaceae; D_5__g__Aggregatibacter; D_6__g__Aggregatibacter_s__sp._HMT_513
1863	0	0	0	0	0	0	0	0	0	0	0	0	0	0	0	0	0	0	0	0	0	0	0	0	0	0	0	0	0	0	0	0	0	0	0	0	0	0	0	0	0	0	0	0	0	0	0	0	0	14	D_0__k__Bacteria; D_1__p__Firmicutes; D_2__c__Bacilli; D_3__o__Lactobacillales; D_4__f__Streptococcaceae; D_5__g__Streptococcus; D_6__g__Streptococcus_s__cristatus_clade_578
1864	0	0	0	0	0	0	0	0	0	0	0	0	0	0	0	0	0	0	0	0	0	0	0	0	0	0	0	0	0	0	0	0	0	0	0	0	0	0	0	0	0	0	0	0	0	0	0	0	0	14	D_0__k__Bacteria; D_1__p__Firmicutes; D_2__c__Clostridia; D_3__o__Eubacteriales; D_4__f__Lachnospiraceae; D_5__g__Oribacterium; D_6__g__Oribacterium_s__sinus
1865	0	0	0	0	0	0	0	0	0	0	0	0	0	0	0	0	0	0	0	0	0	0	0	0	0	0	0	0	0	0	0	0	0	0	0	0	0	0	0	0	0	0	0	0	0	0	0	0	0	14	D_0__k__Bacteria; D_1__p__Proteobacteria; D_2__c__Betaproteobacteria; D_3__o__Neisseriales; D_4__f__Neisseriaceae; D_5__g__Neisseria; D_6__g__Neisseria_s__flava
1866	0	13	0	0	0	0	0	0	0	0	0	0	0	0	0	0	0	0	0	0	0	0	0	0	0	0	0	0	0	0	0	0	0	0	0	0	0	0	0	0	0	0	0	0	0	0	0	0	0	0	D_0__k__Bacteria; D_1__p__Bacteroidetes; D_2__c__Flavobacteriia; D_3__o__Flavobacteriales; D_4__f__Flavobacteriaceae; D_5__g__Capnocytophaga; D_6__g__Capnocytophaga_s__sputigena
1867	0	6	0	0	0	0	0	0	0	0	0	0	0	0	0	0	0	0	0	0	0	0	0	0	0	0	0	0	0	0	0	0	0	0	0	0	0	0	0	0	0	0	0	0	3	4	0	0	0	0	D_0__k__Bacteria; D_1__p__Firmicutes; D_2__c__Bacilli; D_3__o__Lactobacillales; D_4__f__Aerococcaceae; D_5__g__Abiotrophia; D_6__g__Abiotrophia_s__defectiva
1868	0	0	0	0	0	0	13	0	0	0	0	0	0	0	0	0	0	0	0	0	0	0	0	0	0	0	0	0	0	0	0	0	0	0	0	0	0	0	0	0	0	0	0	0	0	0	0	0	0	0	D_0__k__Bacteria; D_1__p__Bacteroidetes; D_2__c__Flavobacteriia; D_3__o__Flavobacteriales; D_4__f__Flavobacteriaceae; D_5__g__Capnocytophaga; D_6__g__Capnocytophaga_s__endodontalis
1869	0	0	0	0	0	0	0	0	0	0	0	0	13	0	0	0	0	0	0	0	0	0	0	0	0	0	0	0	0	0	0	0	0	0	0	0	0	0	0	0	0	0	0	0	0	0	0	0	0	0	D_0__k__Bacteria; D_1__p__Actinobacteria; D_2__c__Coriobacteriia; D_3__o__Coriobacteriales; D_4__f__Atopobiaceae; D_5__g__Olsenella; D_6__g__Olsenella_s__profusa
1870	0	0	0	0	0	0	0	0	0	0	0	0	13	0	0	0	0	0	0	0	0	0	0	0	0	0	0	0	0	0	0	0	0	0	0	0	0	0	0	0	0	0	0	0	0	0	0	0	0	0	D_0__k__Bacteria; D_1__p__Actinobacteria; D_2__c__Actinomycetia; D_3__o__Micrococcales; D_4__f__Microbacteriaceae; D_5__g__Microbacterium; D_6__g__Microbacterium_s__flavescens
1871	0	0	0	0	0	0	0	0	0	0	0	0	13	0	0	0	0	0	0	0	0	0	0	0	0	0	0	0	0	0	0	0	0	0	0	0	0	0	0	0	0	0	0	0	0	0	0	0	0	0	D_0__k__Bacteria; D_1__p__Actinobacteria; D_2__c__Actinomycetia; D_3__o__Propionibacteriales; D_4__f__Propionibacteriaceae; D_5__g__Cutibacterium; D_6__g__Cutibacterium_s__avidum
1872	0	0	0	0	0	0	0	0	0	0	0	0	0	0	0	13	0	0	0	0	0	0	0	0	0	0	0	0	0	0	0	0	0	0	0	0	0	0	0	0	0	0	0	0	0	0	0	0	0	0	D_0__k__Bacteria; D_1__p__Bacteroidetes; D_2__c__Bacteroidia; D_3__o__Bacteroidales; D_4__f__Prevotellaceae; D_5__g__Prevotella; D_6__g__Prevotella_s__oulorum
1873	0	0	0	0	0	0	0	0	0	0	0	0	0	0	0	13	0	0	0	0	0	0	0	0	0	0	0	0	0	0	0	0	0	0	0	0	0	0	0	0	0	0	0	0	0	0	0	0	0	0	D_0__k__Bacteria; D_1__p__Firmicutes; D_2__c__Clostridia; D_3__o__Eubacteriales; D_4__f__Lachnospiraceae; D_5__g__Lachnoanaerobaculum; D_6__g__Lachnoanaerobaculum_s__orale
1874	0	0	0	0	0	0	0	0	0	0	0	0	0	0	0	13	0	0	0	0	0	0	0	0	0	0	0	0	0	0	0	0	0	0	0	0	0	0	0	0	0	0	0	0	0	0	0	0	0	0	D_0__k__Bacteria; D_1__p__Firmicutes; D_2__c__Negativicutes; D_3__o__Selenomonadales; D_4__f__Selenomonadaceae; D_5__g__Selenomonas; D_6__g__Selenomonas_s__sp._HMT_146
1875	0	0	0	0	0	0	0	0	0	0	0	0	0	0	0	0	0	0	0	0	13	0	0	0	0	0	0	0	0	0	0	0	0	0	0	0	0	0	0	0	0	0	0	0	0	0	0	0	0	0	D_0__k__Bacteria; D_1__p__Spirochaetes; D_2__c__Spirochaetia; D_3__o__Spirochaetales; D_4__f__Treponemataceae; D_5__g__Treponema; D_6__g__Treponema_s__pectinovorum
1876	0	0	0	0	0	0	0	0	0	0	0	0	0	0	0	0	0	0	0	0	0	0	0	0	0	0	0	0	13	0	0	0	0	0	0	0	0	0	0	0	0	0	0	0	0	0	0	0	0	0	D_0__k__Bacteria; D_1__p__Firmicutes; D_2__c__Clostridia; D_3__o__Eubacteriales; D_4__f__Lachnospiraceae; D_5__g__Oribacterium; D_6__g__Oribacterium_s__sp._HMT_078
1877	0	0	0	0	0	0	0	0	0	0	0	0	0	0	0	0	0	0	0	0	0	0	0	0	0	0	0	0	0	0	0	0	0	0	0	13	0	0	0	0	0	0	0	0	0	0	0	0	0	0	D_0__k__Bacteria; D_1__p__Firmicutes; D_2__c__Bacilli; D_3__o__Lactobacillales; D_4__f__Streptococcaceae; D_5__g__Streptococcus; D_6__g__Streptococcus_s__cristatus_clade_578
1878	0	0	0	0	0	0	0	0	0	0	0	0	0	0	0	0	0	0	0	0	0	0	0	0	0	0	0	0	0	0	0	0	0	0	0	0	13	0	0	0	0	0	0	0	0	0	0	0	0	0	D_0__k__Bacteria; D_1__p__Bacteroidetes; D_2__c__Bacteroidia; D_3__o__Bacteroidales; D_4__f__Prevotellaceae; D_5__g__Prevotella; D_6__g__Prevotella_s__marshii
1879	0	0	0	0	0	0	0	0	0	0	0	0	0	0	0	0	0	0	0	0	0	0	0	0	0	0	0	0	0	0	0	0	0	0	0	0	0	0	0	0	0	0	0	0	0	0	0	0	0	13	D_0__k__Bacteria; D_1__p__Proteobacteria; D_2__c__Gammaproteobacteria; D_3__o__Pasteurellales; D_4__f__Pasteurellaceae; D_5__g__Aggregatibacter; D_6__g__Aggregatibacter_s__sp._HMT_458
1880	0	0	0	12	0	0	0	0	0	0	0	0	0	0	0	0	0	0	0	0	0	0	0	0	0	0	0	0	0	0	0	0	0	0	0	0	0	0	0	0	0	0	0	0	0	0	0	0	0	0	D_0__k__Bacteria; D_1__p__Fusobacteria; D_2__c__Fusobacteriia; D_3__o__Fusobacteriales; D_4__f__Leptotrichiaceae; D_5__g__Pseudoleptotrichia; D_6__g__Pseudoleptotrichia_s__sp._HMT_221
1881	0	0	0	12	0	0	0	0	0	0	0	0	0	0	0	0	0	0	0	0	0	0	0	0	0	0	0	0	0	0	0	0	0	0	0	0	0	0	0	0	0	0	0	0	0	0	0	0	0	0	D_0__k__Bacteria; D_1__p__Bacteroidetes; D_2__c__Bacteroidia; D_3__o__Bacteroidales; D_4__f__Prevotellaceae; D_5__g__Alloprevotella; D_6__g__Alloprevotella_s__sp._HMT_913
1882	0	0	0	12	0	0	0	0	0	0	0	0	0	0	0	0	0	0	0	0	0	0	0	0	0	0	0	0	0	0	0	0	0	0	0	0	0	0	0	0	0	0	0	0	0	0	0	0	0	0	D_0__k__Bacteria; D_1__p__Absconditabacteria_(SR1); D_2__c__Absconditabacteria_(SR1)_[C-1]; D_3__o__Absconditabacteria_(SR1)_[O-1]; D_4__f__Absconditabacteria_(SR1)_[F-1]; D_5__g__Absconditabacteria_(SR1)_[G-1]; D_6__g__Absconditabacteria_(SR1)_[G-1]_s__bacterium_HMT_874
1883	0	0	0	0	12	0	0	0	0	0	0	0	0	0	0	0	0	0	0	0	0	0	0	0	0	0	0	0	0	0	0	0	0	0	0	0	0	0	0	0	0	0	0	0	0	0	0	0	0	0	D_0__k__Bacteria; D_1__p__Firmicutes; D_2__c__Negativicutes; D_3__o__Selenomonadales; D_4__f__Selenomonadaceae; D_5__g__Selenomonas; D_6__g__Selenomonas_s__sp._HMT_146
1884	0	0	0	0	0	0	0	8	0	0	0	4	0	0	0	0	0	0	0	0	0	0	0	0	0	0	0	0	0	0	0	0	0	0	0	0	0	0	0	0	0	0	0	0	0	0	0	0	0	0	D_0__k__Bacteria; D_1__p__Firmicutes; D_2__c__Erysipelotrichia; D_3__o__Erysipelotrichales; D_4__f__Erysipelotrichaceae; D_5__g__Erysipelothrix; D_6__g__Erysipelothrix_s__tonsillarum
1885	0	0	0	0	0	0	0	0	0	0	0	0	12	0	0	0	0	0	0	0	0	0	0	0	0	0	0	0	0	0	0	0	0	0	0	0	0	0	0	0	0	0	0	0	0	0	0	0	0	0	D_0__k__Bacteria; D_1__p__Actinobacteria; D_2__c__Actinomycetia; D_3__o__Propionibacteriales; D_4__f__Propionibacteriaceae; D_5__g__Cutibacterium; D_6__g__Cutibacterium_s__sp._HMT_193
1886	0	0	0	0	0	0	0	0	0	0	0	0	12	0	0	0	0	0	0	0	0	0	0	0	0	0	0	0	0	0	0	0	0	0	0	0	0	0	0	0	0	0	0	0	0	0	0	0	0	0	D_0__k__Bacteria; D_1__p__Firmicutes; D_2__c__Negativicutes; D_3__o__Veillonellales; D_4__f__Veillonellaceae; D_5__g__Megasphaera; D_6__g__Megasphaera_s__micronuciformis
1887	0	0	0	0	0	0	0	0	0	0	0	0	0	0	0	12	0	0	0	0	0	0	0	0	0	0	0	0	0	0	0	0	0	0	0	0	0	0	0	0	0	0	0	0	0	0	0	0	0	0	D_0__k__Bacteria; D_1__p__Bacteroidetes; D_2__c__Bacteroidia; D_3__o__Bacteroidales; D_4__f__Prevotellaceae; D_5__g__Prevotella; D_6__g__Prevotella_s__pallens
1888	0	0	0	0	0	0	0	0	0	0	0	0	0	0	0	0	0	0	12	0	0	0	0	0	0	0	0	0	0	0	0	0	0	0	0	0	0	0	0	0	0	0	0	0	0	0	0	0	0	0	D_0__k__Bacteria; D_1__p__Firmicutes; D_2__c__Clostridia; D_3__o__Eubacteriales; D_4__f__Clostridiales_[F-1]; D_5__g__Clostridiales_[F-1][G-2]; D_6__g__Clostridiales_[F-1][G-2]_s__bacterium_HMT_402
1889	0	0	0	0	0	0	0	0	0	0	0	0	0	0	0	0	0	0	0	12	0	0	0	0	0	0	0	0	0	0	0	0	0	0	0	0	0	0	0	0	0	0	0	0	0	0	0	0	0	0	D_0__k__Bacteria; D_1__p__Firmicutes; D_2__c__Bacilli; D_3__o__Lactobacillales; D_4__f__Streptococcaceae; D_5__g__Streptococcus; D_6__g__Streptococcus_s__parasanguinis_clade_411
1890	0	0	0	0	0	0	0	0	0	0	0	0	0	0	0	0	0	0	0	0	12	0	0	0	0	0	0	0	0	0	0	0	0	0	0	0	0	0	0	0	0	0	0	0	0	0	0	0	0	0	D_0__k__Bacteria; D_1__p__Spirochaetes; D_2__c__Spirochaetia; D_3__o__Spirochaetales; D_4__f__Treponemataceae; D_5__g__Treponema; D_6__g__Treponema_s__sp._HMT_237
1891	0	0	0	0	0	0	0	0	0	0	0	0	0	0	0	0	0	0	0	0	12	0	0	0	0	0	0	0	0	0	0	0	0	0	0	0	0	0	0	0	0	0	0	0	0	0	0	0	0	0	D_0__k__Bacteria; D_1__p__Synergistetes; D_2__c__Synergistia; D_3__o__Synergistales; D_4__f__Synergistaceae; D_5__g__Fretibacterium; D_6__g__Fretibacterium_s__sp._HMT_362
1892	0	0	0	0	0	0	0	0	0	0	0	0	0	0	0	0	0	0	0	0	0	0	0	0	0	0	0	0	0	12	0	0	0	0	0	0	0	0	0	0	0	0	0	0	0	0	0	0	0	0	D_0__k__Bacteria; D_1__p__Proteobacteria; D_2__c__Gammaproteobacteria; D_3__o__Pasteurellales; D_4__f__Pasteurellaceae; D_5__g__Haemophilus; D_6__g__Haemophilus_s__sputorum
1893	0	0	0	0	0	0	0	0	0	0	0	0	0	0	0	0	0	0	0	0	0	0	0	0	0	0	0	0	0	12	0	0	0	0	0	0	0	0	0	0	0	0	0	0	0	0	0	0	0	0	D_0__k__Bacteria; D_1__p__Actinobacteria; D_2__c__Actinomycetia; D_3__o__Corynebacteriales; D_4__f__Corynebacteriaceae; D_5__g__Corynebacterium; D_6__g__Corynebacterium_s__striatum
1894	0	0	0	0	0	0	0	0	0	0	0	0	0	0	0	0	0	0	0	0	0	0	0	0	0	0	0	0	0	0	0	0	0	12	0	0	0	0	0	0	0	0	0	0	0	0	0	0	0	0	D_0__k__Bacteria; D_1__p__Firmicutes; D_2__c__Bacilli; D_3__o__Lactobacillales; D_4__f__Carnobacteriaceae; D_5__g__Granulicatella; D_6__g__Granulicatella_s__elegans
1895	0	0	0	0	0	0	0	0	0	0	0	0	0	0	0	0	0	0	0	0	0	0	0	0	0	0	0	0	0	0	0	0	0	0	0	0	12	0	0	0	0	0	0	0	0	0	0	0	0	0	D_0__k__Bacteria; D_1__p__Firmicutes; D_2__c__Negativicutes; D_3__o__Selenomonadales; D_4__f__Selenomonadaceae; D_5__g__Veillonellaceae_[G-1]; D_6__g__Veillonellaceae_[G-1]_s__bacterium_HMT_155
1896	0	0	0	0	0	0	0	0	0	0	0	0	0	0	0	0	0	0	0	0	0	0	0	0	0	0	0	0	0	0	0	0	0	0	0	0	0	0	0	0	0	0	0	0	12	0	0	0	0	0	D_0__k__Bacteria; D_1__p__Firmicutes; D_2__c__Clostridia; D_3__o__Eubacteriales; D_4__f__Peptostreptococcaceae; D_5__g__Peptostreptococcaceae_[G-5]; D_6__g__Peptostreptococcaceae_[G-5]_s__[Eubacterium]_saphenum
1897	0	0	0	0	0	0	0	0	0	0	0	0	0	0	0	0	0	0	0	0	0	0	0	0	0	0	0	0	0	0	0	0	0	0	0	0	0	0	0	0	0	0	0	0	0	0	0	0	12	0	D_0__k__Bacteria; D_1__p__Firmicutes; D_2__c__Negativicutes; D_3__o__Selenomonadales; D_4__f__Selenomonadaceae; D_5__g__Selenomonas; D_6__g__Selenomonas_s__infelix
1898	8	0	0	0	0	0	0	0	0	0	0	0	0	0	0	0	0	0	0	0	0	0	3	0	0	0	0	0	0	0	0	0	0	0	0	0	0	0	0	0	0	0	0	0	0	0	0	0	0	0	D_0__k__Bacteria; D_1__p__Fusobacteria; D_2__c__Fusobacteriia; D_3__o__Fusobacteriales; D_4__f__Fusobacteriaceae; D_5__g__Fusobacterium; D_6__g__Fusobacterium_s__nucleatum
1899	0	11	0	0	0	0	0	0	0	0	0	0	0	0	0	0	0	0	0	0	0	0	0	0	0	0	0	0	0	0	0	0	0	0	0	0	0	0	0	0	0	0	0	0	0	0	0	0	0	0	D_0__k__Bacteria; D_1__p__Proteobacteria; D_2__c__Gammaproteobacteria; D_3__o__Pasteurellales; D_4__f__Pasteurellaceae; D_5__g__Aggregatibacter; D_6__g__Aggregatibacter_s__sp._HMT_949
1900	0	0	0	0	11	0	0	0	0	0	0	0	0	0	0	0	0	0	0	0	0	0	0	0	0	0	0	0	0	0	0	0	0	0	0	0	0	0	0	0	0	0	0	0	0	0	0	0	0	0	D_0__k__Bacteria; D_1__p__Bacteroidetes; D_2__c__Bacteroidia; D_3__o__Bacteroidales; D_4__f__Porphyromonadaceae; D_5__g__Porphyromonas; D_6__g__Porphyromonas_s__catoniae
1901	0	0	0	0	0	0	0	0	0	0	0	0	0	11	0	0	0	0	0	0	0	0	0	0	0	0	0	0	0	0	0	0	0	0	0	0	0	0	0	0	0	0	0	0	0	0	0	0	0	0	D_0__k__Bacteria; D_1__p__Proteobacteria; D_2__c__Betaproteobacteria; D_3__o__Neisseriales; D_4__f__Neisseriaceae; D_5__g__Neisseria; D_6__g__Neisseria_s__flava
1902	0	0	0	0	0	0	0	0	0	0	0	0	0	0	0	11	0	0	0	0	0	0	0	0	0	0	0	0	0	0	0	0	0	0	0	0	0	0	0	0	0	0	0	0	0	0	0	0	0	0	D_0__k__Bacteria; D_1__p__Spirochaetes; D_2__c__Spirochaetia; D_3__o__Spirochaetales; D_4__f__Treponemataceae; D_5__g__Treponema; D_6__g__Treponema_s__socranskii
1903	0	0	0	0	0	0	0	0	0	0	0	0	0	0	0	0	11	0	0	0	0	0	0	0	0	0	0	0	0	0	0	0	0	0	0	0	0	0	0	0	0	0	0	0	0	0	0	0	0	0	D_0__k__Bacteria; D_1__p__Spirochaetes; D_2__c__Spirochaetia; D_3__o__Spirochaetales; D_4__f__Treponemataceae; D_5__g__Treponema; D_6__g__Treponema_s__sp._HMT_517
1904	0	0	0	0	0	0	0	0	0	0	0	0	0	0	0	0	0	11	0	0	0	0	0	0	0	0	0	0	0	0	0	0	0	0	0	0	0	0	0	0	0	0	0	0	0	0	0	0	0	0	D_0__k__Bacteria; D_1__p__Spirochaetes; D_2__c__Spirochaetia; D_3__o__Spirochaetales; D_4__f__Treponemataceae; D_5__g__Treponema; D_6__g__Treponema_s__sp._HMT_237
1905	0	0	0	0	0	0	0	0	0	0	0	0	0	0	0	0	0	0	11	0	0	0	0	0	0	0	0	0	0	0	0	0	0	0	0	0	0	0	0	0	0	0	0	0	0	0	0	0	0	0	D_0__k__Bacteria; D_1__p__Firmicutes; D_2__c__Clostridia; D_3__o__Eubacteriales; D_4__f__Lachnospiraceae; D_5__g__Lachnospiraceae_[G-2]; D_6__g__Lachnospiraceae_[G-2]_s__bacterium_HMT_088
1906	0	0	0	0	0	0	0	0	0	0	0	0	0	0	0	0	0	0	11	0	0	0	0	0	0	0	0	0	0	0	0	0	0	0	0	0	0	0	0	0	0	0	0	0	0	0	0	0	0	0	D_0__k__Bacteria; D_1__p__Firmicutes; D_2__c__Clostridia; D_3__o__Eubacteriales; D_4__f__Lachnospiraceae; D_5__g__Lachnospiraceae_[G-3]; D_6__g__Lachnospiraceae_[G-3]_s__bacterium_HMT_100
1907	0	0	0	0	0	0	0	0	0	0	0	0	0	0	0	0	0	0	11	0	0	0	0	0	0	0	0	0	0	0	0	0	0	0	0	0	0	0	0	0	0	0	0	0	0	0	0	0	0	0	D_0__k__Bacteria; D_1__p__Fusobacteria; D_2__c__Fusobacteriia; D_3__o__Fusobacteriales; D_4__f__Fusobacteriaceae; D_5__g__Fusobacterium; D_6__g__Fusobacterium_s__nucleatum
1908	0	0	0	0	0	0	0	0	0	0	0	0	0	0	0	0	0	0	0	11	0	0	0	0	0	0	0	0	0	0	0	0	0	0	0	0	0	0	0	0	0	0	0	0	0	0	0	0	0	0	D_0__k__Bacteria; D_1__p__Actinobacteria; D_2__c__Actinomycetia; D_3__o__Micrococcales; D_4__f__Micrococcaceae; D_5__g__Rothia; D_6__g__Rothia_s__mucilaginosa
1909	0	0	0	0	0	0	0	0	0	0	0	0	0	0	0	0	0	0	0	0	0	0	0	0	0	11	0	0	0	0	0	0	0	0	0	0	0	0	0	0	0	0	0	0	0	0	0	0	0	0	D_0__k__Bacteria; D_1__p__Bacteroidetes; D_2__c__Flavobacteriia; D_3__o__Flavobacteriales; D_4__f__Flavobacteriaceae; D_5__g__Capnocytophaga; D_6__g__Capnocytophaga_s__endodontalis
1910	0	0	0	0	0	0	0	0	0	0	0	0	0	0	0	0	0	0	0	0	0	0	0	0	0	0	0	0	0	6	0	0	0	0	0	0	0	0	0	0	0	0	0	0	0	0	5	0	0	0	D_0__k__Bacteria; D_1__p__Firmicutes; D_2__c__Bacilli; D_3__o__Lactobacillales; D_4__f__Streptococcaceae; D_5__g__Streptococcus; D_6__g__Streptococcus_s__sanguinis
1911	0	0	0	0	0	0	0	0	0	0	0	0	0	0	0	0	0	0	0	0	0	0	0	0	0	0	0	0	0	0	0	0	0	0	0	0	3	0	0	0	0	0	0	0	0	0	0	0	0	0	D_0__k__Bacteria; D_1__p__Firmicutes; D_2__c__Negativicutes; D_3__o__Selenomonadales; D_4__f__Selenomonadaceae; D_5__g__Selenomonas; D_6__g__Selenomonas_s__artemidis
1912	0	0	0	0	0	0	0	0	0	0	0	0	0	0	0	0	0	0	0	0	0	0	0	0	0	0	0	0	0	0	0	0	11	0	0	0	0	0	0	0	0	0	0	0	0	0	0	0	0	0	D_0__k__Bacteria; D_1__p__Firmicutes; D_2__c__Bacilli; D_3__o__Lactobacillales; D_4__f__Streptococcaceae; D_5__g__Streptococcus; D_6__g__Streptococcus_s__oralis_subsp._dentisani_clade_058
1913	0	0	0	0	0	0	0	0	0	0	0	0	0	0	0	0	0	0	0	0	0	0	0	0	0	0	0	0	0	0	0	0	0	11	0	0	0	0	0	0	0	0	0	0	0	0	0	0	0	0	D_0__k__Bacteria; D_1__p__Firmicutes; D_2__c__Clostridia; D_3__o__Eubacteriales; D_4__f__Lachnospiraceae; D_5__g__Lachnoanaerobaculum; D_6__g__Lachnoanaerobaculum_s__umeaense
1914	0	0	0	0	0	0	0	0	0	0	0	0	0	0	0	0	0	0	0	0	0	0	0	0	0	0	0	0	0	0	0	0	0	11	0	0	0	0	0	0	0	0	0	0	0	0	0	0	0	0	D_0__k__Bacteria; D_1__p__Proteobacteria; D_2__c__Gammaproteobacteria; D_3__o__Pasteurellales; D_4__f__Pasteurellaceae; D_5__g__Haemophilus; D_6__g__Haemophilus_s__parainfluenzae
1915	0	0	0	0	0	0	0	0	0	0	0	0	0	0	0	0	0	0	0	0	0	0	0	0	0	0	0	0	0	0	0	0	0	0	0	0	0	11	0	0	0	0	0	0	0	0	0	0	0	0	D_0__k__Bacteria; D_1__p__Proteobacteria; D_2__c__Betaproteobacteria; D_3__o__Neisseriales; D_4__f__Neisseriaceae; D_5__g__Neisseria; D_6__g__Neisseria_s__flava
1916	0	0	0	0	0	0	0	0	0	0	0	0	0	0	0	0	0	0	0	0	0	0	0	0	0	0	0	0	0	0	0	0	0	0	0	0	0	0	11	0	0	0	0	0	0	0	0	0	0	0	D_0__k__Bacteria; D_1__p__Bacteroidetes; D_2__c__Flavobacteriia; D_3__o__Flavobacteriales; D_4__f__Flavobacteriaceae; D_5__g__Capnocytophaga; D_6__g__Capnocytophaga_s__leadbetteri
1917	0	0	0	0	0	0	0	0	0	0	0	0	0	0	0	0	0	0	0	0	0	0	0	0	0	0	0	0	0	0	0	0	0	0	0	0	0	0	0	0	11	0	0	0	0	0	0	0	0	0	D_0__k__Bacteria; D_1__p__Firmicutes; D_2__c__Negativicutes; D_3__o__Veillonellales; D_4__f__Veillonellaceae; D_5__g__Veillonella; D_6__g__Veillonella_s__dispar
1918	0	0	0	0	0	0	0	0	0	0	0	0	0	0	0	0	0	0	0	0	0	0	0	0	0	0	0	0	0	0	0	0	0	0	0	0	0	0	0	0	0	0	0	0	0	0	0	0	11	0	D_0__k__Bacteria; D_1__p__Actinobacteria; D_2__c__Actinomycetia; D_3__o__Actinomycetales; D_4__f__Actinomycetaceae; D_5__g__Actinomyces; D_6__g__Actinomyces_s__oris
1919	10	0	0	0	0	0	0	0	0	0	0	0	0	0	0	0	0	0	0	0	0	0	0	0	0	0	0	0	0	0	0	0	0	0	0	0	0	0	0	0	0	0	0	0	0	0	0	0	0	0	D_0__k__Bacteria; D_1__p__Firmicutes; D_2__c__Bacilli; D_3__o__Lactobacillales; D_4__f__Lactobacillaceae; D_5__g__Lactobacillus; D_6__g__Lactobacillus_s__gasseri
1920	10	0	0	0	0	0	0	0	0	0	0	0	0	0	0	0	0	0	0	0	0	0	0	0	0	0	0	0	0	0	0	0	0	0	0	0	0	0	0	0	0	0	0	0	0	0	0	0	0	0	D_0__k__Bacteria; D_1__p__Firmicutes; D_2__c__Bacilli; D_3__o__Lactobacillales; D_4__f__Lactobacillaceae; D_5__g__Lactobacillus; D_6__g__Lactobacillus_s__gasseri
1921	0	10	0	0	0	0	0	0	0	0	0	0	0	0	0	0	0	0	0	0	0	0	0	0	0	0	0	0	0	0	0	0	0	0	0	0	0	0	0	0	0	0	0	0	0	0	0	0	0	0	D_0__k__Bacteria; D_1__p__Actinobacteria; D_2__c__Actinomycetia; D_3__o__Propionibacteriales; D_4__f__Propionibacteriaceae; D_5__g__Arachnia; D_6__g__Arachnia_s__propionica
1922	0	0	0	10	0	0	0	0	0	0	0	0	0	0	0	0	0	0	0	0	0	0	0	0	0	0	0	0	0	0	0	0	0	0	0	0	0	0	0	0	0	0	0	0	0	0	0	0	0	0	D_0__k__Bacteria; D_1__p__Firmicutes; D_2__c__Bacilli; D_3__o__Lactobacillales; D_4__f__Carnobacteriaceae; D_5__g__Granulicatella; D_6__g__Granulicatella_s__elegans
1923	0	0	0	10	0	0	0	0	0	0	0	0	0	0	0	0	0	0	0	0	0	0	0	0	0	0	0	0	0	0	0	0	0	0	0	0	0	0	0	0	0	0	0	0	0	0	0	0	0	0	D_0__k__Bacteria; D_1__p__Firmicutes; D_2__c__Bacilli; D_3__o__Lactobacillales; D_4__f__Carnobacteriaceae; D_5__g__Granulicatella; D_6__g__Granulicatella_s__elegans
1924	0	0	0	0	10	0	0	0	0	0	0	0	0	0	0	0	0	0	0	0	0	0	0	0	0	0	0	0	0	0	0	0	0	0	0	0	0	0	0	0	0	0	0	0	0	0	0	0	0	0	D_0__k__Bacteria; D_1__p__Bacteroidetes; D_2__c__Bacteroidia; D_3__o__Bacteroidales; D_4__f__Porphyromonadaceae; D_5__g__Porphyromonas; D_6__g__Porphyromonas_s__sp._HMT_930
1925	0	0	0	0	10	0	0	0	0	0	0	0	0	0	0	0	0	0	0	0	0	0	0	0	0	0	0	0	0	0	0	0	0	0	0	0	0	0	0	0	0	0	0	0	0	0	0	0	0	0	D_0__k__Bacteria; D_1__p__Bacteroidetes; D_2__c__Bacteroidetes_[C-1]; D_3__o__Bacteroidetes_[O-1]; D_4__f__Bacteroidetes_[F-1]; D_5__g__Bacteroidetes_[G-5]; D_6__g__Bacteroidetes_[G-5]_s__bacterium_HMT_511
1926	0	0	0	0	0	10	0	0	0	0	0	0	0	0	0	0	0	0	0	0	0	0	0	0	0	0	0	0	0	0	0	0	0	0	0	0	0	0	0	0	0	0	0	0	0	0	0	0	0	0	D_0__k__Bacteria; D_1__p__Actinobacteria; D_2__c__Actinomycetia; D_3__o__Propionibacteriales; D_4__f__Propionibacteriaceae; D_5__g__Propionibacteriaceae_[G-1]; D_6__g__Propionibacteriaceae_[G-1]_s__bacterium_HMT_915
1927	0	0	0	0	0	0	10	0	0	0	0	0	0	0	0	0	0	0	0	0	0	0	0	0	0	0	0	0	0	0	0	0	0	0	0	0	0	0	0	0	0	0	0	0	0	0	0	0	0	0	D_0__k__Bacteria; D_1__p__Proteobacteria; D_2__c__Betaproteobacteria; D_3__o__Neisseriales; D_4__f__Neisseriaceae; D_5__g__Neisseria; D_6__g__Neisseria_s__flava
1928	0	0	0	0	0	0	10	0	0	0	0	0	0	0	0	0	0	0	0	0	0	0	0	0	0	0	0	0	0	0	0	0	0	0	0	0	0	0	0	0	0	0	0	0	0	0	0	0	0	0	D_0__k__Bacteria; D_1__p__Actinobacteria; D_2__c__Coriobacteriia; D_3__o__Coriobacteriales; D_4__f__Atopobiaceae; D_5__g__Olsenella; D_6__g__Olsenella_s__profusa
1929	0	0	0	0	0	0	0	0	10	0	0	0	0	0	0	0	0	0	0	0	0	0	0	0	0	0	0	0	0	0	0	0	0	0	0	0	0	0	0	0	0	0	0	0	0	0	0	0	0	0	D_0__k__Bacteria; D_1__p__Firmicutes; D_2__c__Negativicutes; D_3__o__Veillonellales; D_4__f__Veillonellaceae; D_5__g__Veillonella; D_6__g__Veillonella_s__dispar
1930	0	0	0	0	0	0	0	0	0	10	0	0	0	0	0	0	0	0	0	0	0	0	0	0	0	0	0	0	0	0	0	0	0	0	0	0	0	0	0	0	0	0	0	0	0	0	0	0	0	0	D_0__k__Bacteria; D_1__p__Firmicutes; D_2__c__Negativicutes; D_3__o__Veillonellales; D_4__f__Veillonellaceae; D_5__g__Veillonella; D_6__g__Veillonella_s__parvula
1931	0	0	0	0	0	0	0	0	0	0	0	10	0	0	0	0	0	0	0	0	0	0	0	0	0	0	0	0	0	0	0	0	0	0	0	0	0	0	0	0	0	0	0	0	0	0	0	0	0	0	D_0__k__Bacteria; D_1__p__Firmicutes; D_2__c__Negativicutes; D_3__o__Veillonellales; D_4__f__Veillonellaceae; D_5__g__Dialister; D_6__g__Dialister_s__pneumosintes
1932	0	0	0	0	0	0	0	0	0	0	0	0	0	0	0	10	0	0	0	0	0	0	0	0	0	0	0	0	0	0	0	0	0	0	0	0	0	0	0	0	0	0	0	0	0	0	0	0	0	0	D_0__k__Bacteria; D_1__p__Proteobacteria; D_2__c__Betaproteobacteria; D_3__o__Neisseriales; D_4__f__Neisseriaceae; D_5__g__Eikenella; D_6__g__Eikenella_s__sp._HMT_011
1933	0	0	0	0	0	0	0	0	0	0	0	0	0	0	0	10	0	0	0	0	0	0	0	0	0	0	0	0	0	0	0	0	0	0	0	0	0	0	0	0	0	0	0	0	0	0	0	0	0	0	D_0__k__Bacteria; D_1__p__Fusobacteria; D_2__c__Fusobacteriia; D_3__o__Fusobacteriales; D_4__f__Fusobacteriaceae; D_5__g__Fusobacterium; D_6__g__Fusobacterium_s__nucleatum
1934	0	0	0	0	0	0	0	0	0	0	0	0	0	0	0	10	0	0	0	0	0	0	0	0	0	0	0	0	0	0	0	0	0	0	0	0	0	0	0	0	0	0	0	0	0	0	0	0	0	0	D_0__k__Bacteria; D_1__p__Spirochaetes; D_2__c__Spirochaetia; D_3__o__Spirochaetales; D_4__f__Treponemataceae; D_5__g__Treponema; D_6__g__Treponema_s__pectinovorum
1935	0	0	0	0	0	0	0	0	0	0	0	0	0	0	0	0	0	10	0	0	0	0	0	0	0	0	0	0	0	0	0	0	0	0	0	0	0	0	0	0	0	0	0	0	0	0	0	0	0	0	D_0__k__Bacteria; D_1__p__Firmicutes; D_2__c__Negativicutes; D_3__o__Veillonellales; D_4__f__Veillonellaceae; D_5__g__Megasphaera; D_6__g__Megasphaera_s__micronuciformis
1936	0	0	0	0	0	0	0	0	0	0	0	0	0	0	0	0	0	10	0	0	0	0	0	0	0	0	0	0	0	0	0	0	0	0	0	0	0	0	0	0	0	0	0	0	0	0	0	0	0	0	D_0__k__Bacteria; D_1__p__Firmicutes; D_2__c__Clostridia; D_3__o__Eubacteriales; D_4__f__Peptococcaceae; D_5__g__Peptococcus; D_6__g__Peptococcus_s__sp._HMT_168
1937	0	0	0	0	0	0	0	0	0	0	0	0	0	0	0	0	0	10	0	0	0	0	0	0	0	0	0	0	0	0	0	0	0	0	0	0	0	0	0	0	0	0	0	0	0	0	0	0	0	0	D_0__k__Bacteria; D_1__p__Fusobacteria; D_2__c__Fusobacteriia; D_3__o__Fusobacteriales; D_4__f__Leptotrichiaceae; D_5__g__Leptotrichia; D_6__g__Leptotrichia_s__sp._HMT_417
1938	0	0	0	0	0	0	0	0	0	0	0	0	0	0	0	0	0	10	0	0	0	0	0	0	0	0	0	0	0	0	0	0	0	0	0	0	0	0	0	0	0	0	0	0	0	0	0	0	0	0	D_0__k__Bacteria; D_1__p__Actinobacteria; D_2__c__Actinomycetia; D_3__o__Actinomycetales; D_4__f__Actinomycetaceae; D_5__g__Actinomyces; D_6__g__Actinomyces_s__sp._HMT_170
1939	0	0	0	0	0	0	0	0	0	0	0	0	0	0	0	0	0	0	10	0	0	0	0	0	0	0	0	0	0	0	0	0	0	0	0	0	0	0	0	0	0	0	0	0	0	0	0	0	0	0	D_0__k__Bacteria; D_1__p__Firmicutes; D_2__c__Clostridia; D_3__o__Eubacteriales; D_4__f__Clostridiales_[F-1]; D_5__g__Clostridiales_[F-1][G-2]; D_6__g__Clostridiales_[F-1][G-2]_s__bacterium_HMT_402
1940	0	0	0	0	0	0	0	0	0	0	0	0	0	0	0	0	0	0	0	0	0	0	10	0	0	0	0	0	0	0	0	0	0	0	0	0	0	0	0	0	0	0	0	0	0	0	0	0	0	0	D_0__k__Bacteria; D_1__p__Fusobacteria; D_2__c__Fusobacteriia; D_3__o__Fusobacteriales; D_4__f__Leptotrichiaceae; D_5__g__Leptotrichia; D_6__g__Leptotrichia_s__sp._HMT_212
1941	0	0	0	0	0	0	0	0	0	0	0	0	0	0	0	0	0	0	0	0	0	0	0	0	0	0	0	0	0	10	0	0	0	0	0	0	0	0	0	0	0	0	0	0	0	0	0	0	0	0	D_0__k__Bacteria; D_1__p__Firmicutes; D_2__c__Negativicutes; D_3__o__Veillonellales; D_4__f__Veillonellaceae; D_5__g__Veillonella; D_6__g__Veillonella_s__dispar
1942	0	0	0	0	0	0	0	0	0	0	0	0	0	0	0	0	0	0	0	0	0	0	0	0	0	0	0	0	0	0	0	0	0	0	0	10	0	0	0	0	0	0	0	0	0	0	0	0	0	0	D_0__k__Bacteria; D_1__p__Firmicutes; D_2__c__Bacilli; D_3__o__Lactobacillales; D_4__f__Lactobacillaceae; D_5__g__Limosilactobacillus; D_6__g__Limosilactobacillus_s__vaginalis
1943	0	0	0	0	0	0	0	0	0	0	0	0	0	0	0	0	0	0	0	0	0	0	0	0	0	0	0	0	0	0	0	0	0	0	0	0	0	0	10	0	0	0	0	0	0	0	0	0	0	0	D_0__k__Bacteria; D_1__p__Firmicutes; D_2__c__Negativicutes; D_3__o__Veillonellales; D_4__f__Veillonellaceae; D_5__g__Veillonella; D_6__g__Veillonella_s__parvula
1944	0	0	0	0	0	0	0	0	0	0	0	0	0	0	0	0	0	0	0	0	0	0	0	0	0	0	0	0	0	0	0	0	0	0	0	0	0	0	10	0	0	0	0	0	0	0	0	0	0	0	D_0__k__Bacteria; D_1__p__Bacteroidetes; D_2__c__Bacteroidia; D_3__o__Bacteroidales; D_4__f__Prevotellaceae; D_5__g__Alloprevotella; D_6__g__Alloprevotella_s__sp._HMT_308
1945	0	0	0	0	0	0	0	0	0	0	0	0	0	0	0	0	0	0	0	0	0	0	0	0	0	0	0	0	0	0	0	0	0	0	0	0	0	0	10	0	0	0	0	0	0	0	0	0	0	0	D_0__k__Bacteria; D_1__p__Bacteroidetes; D_2__c__Bacteroidia; D_3__o__Bacteroidales; D_4__f__Prevotellaceae; D_5__g__Prevotella; D_6__g__Prevotella_s__sp._HMT_315
1946	0	0	0	0	0	0	0	0	0	0	0	0	0	0	0	0	0	0	0	0	0	0	0	0	0	0	0	0	0	0	0	0	0	0	0	0	0	0	0	10	0	0	0	0	0	0	0	0	0	0	D_0__k__Bacteria; D_1__p__Bacteroidetes; D_2__c__Bacteroidia; D_3__o__Bacteroidales; D_4__f__Prevotellaceae; D_5__g__Alloprevotella; D_6__g__Alloprevotella_s__sp._HMT_473
1947	0	0	0	0	0	0	0	0	0	0	0	0	0	0	0	0	0	0	0	0	0	0	0	0	0	0	0	0	0	0	0	0	0	0	0	0	0	0	0	0	0	0	0	0	10	0	0	0	0	0	D_0__k__Bacteria; D_1__p__Bacteroidetes; D_2__c__Bacteroidia; D_3__o__Bacteroidales; D_4__f__Prevotellaceae; D_5__g__Prevotella; D_6__g__Prevotella_s__enoeca
1948	0	0	0	0	0	0	0	0	0	0	0	0	0	0	0	0	0	0	0	0	0	0	0	0	0	0	0	0	0	0	0	0	0	0	0	0	0	0	0	0	0	0	0	0	10	0	0	0	0	0	D_0__k__Bacteria; D_1__p__Bacteroidetes; D_2__c__Bacteroidia; D_3__o__Bacteroidales; D_4__f__Prevotellaceae; D_5__g__Prevotella; D_6__g__Prevotella_s__enoeca
1949	0	0	0	0	0	0	0	0	0	0	0	0	0	0	0	0	0	0	0	0	0	0	0	0	0	0	0	0	0	0	0	0	0	0	0	0	0	0	0	0	0	0	0	0	0	10	0	0	0	0	D_0__k__Bacteria; D_1__p__Firmicutes; D_2__c__Negativicutes; D_3__o__Veillonellales; D_4__f__Veillonellaceae; D_5__g__Veillonella; D_6__g__Veillonella_s__dispar
1950	0	0	0	0	0	0	0	0	0	0	0	0	0	0	0	0	0	0	0	0	0	0	0	0	0	0	0	0	0	0	0	0	0	0	0	0	0	0	0	0	0	0	0	0	0	0	0	0	0	10	D_0__k__Bacteria; D_1__p__Actinobacteria; D_2__c__Actinomycetia; D_3__o__Actinomycetales; D_4__f__Actinomycetaceae; D_5__g__Actinomyces; D_6__g__Actinomyces_s__sp._HMT_175
1951	9	0	0	0	0	0	0	0	0	0	0	0	0	0	0	0	0	0	0	0	0	0	0	0	0	0	0	0	0	0	0	0	0	0	0	0	0	0	0	0	0	0	0	0	0	0	0	0	0	0	D_0__k__Bacteria; D_1__p__Bacteroidetes; D_2__c__Bacteroidia; D_3__o__Bacteroidales; D_4__f__Prevotellaceae; D_5__g__Prevotella; D_6__g__Prevotella_s__nigrescens
1952	0	9	0	0	0	0	0	0	0	0	0	0	0	0	0	0	0	0	0	0	0	0	0	0	0	0	0	0	0	0	0	0	0	0	0	0	0	0	0	0	0	0	0	0	0	0	0	0	0	0	D_0__k__Bacteria; D_1__p__Bacteroidetes; D_2__c__Bacteroidia; D_3__o__Bacteroidales; D_4__f__Porphyromonadaceae; D_5__g__Porphyromonas; D_6__g__Porphyromonas_s__pasteri
1953	0	0	0	0	9	0	0	0	0	0	0	0	0	0	0	0	0	0	0	0	0	0	0	0	0	0	0	0	0	0	0	0	0	0	0	0	0	0	0	0	0	0	0	0	0	0	0	0	0	0	D_0__k__Bacteria; D_1__p__Firmicutes; D_2__c__Negativicutes; D_3__o__Veillonellales; D_4__f__Veillonellaceae; D_5__g__Dialister; D_6__g__Dialister_s__sp._HMT_119
1954	0	0	0	0	0	9	0	0	0	0	0	0	0	0	0	0	0	0	0	0	0	0	0	0	0	0	0	0	0	0	0	0	0	0	0	0	0	0	0	0	0	0	0	0	0	0	0	0	0	0	D_0__k__Bacteria; D_1__p__Firmicutes; D_2__c__Clostridia; D_3__o__Eubacteriales; D_4__f__Peptostreptococcaceae; D_5__g__Peptostreptococcus; D_6__g__Peptostreptococcus_s__stomatis
1955	0	0	0	0	0	9	0	0	0	0	0	0	0	0	0	0	0	0	0	0	0	0	0	0	0	0	0	0	0	0	0	0	0	0	0	0	0	0	0	0	0	0	0	0	0	0	0	0	0	0	D_0__k__Bacteria; D_1__p__Bacteroidetes; D_2__c__Bacteroidia; D_3__o__Bacteroidales; D_4__f__Prevotellaceae; D_5__g__Prevotella; D_6__g__Prevotella_s__intermedia
1956	0	0	0	0	0	0	0	9	0	0	0	0	0	0	0	0	0	0	0	0	0	0	0	0	0	0	0	0	0	0	0	0	0	0	0	0	0	0	0	0	0	0	0	0	0	0	0	0	0	0	D_0__k__Bacteria; D_1__p__Bacteroidetes; D_2__c__Bacteroidia; D_3__o__Bacteroidales; D_4__f__Prevotellaceae; D_5__g__Prevotella; D_6__g__Prevotella_s__oris
1957	0	0	0	0	0	0	0	0	0	0	0	9	0	0	0	0	0	0	0	0	0	0	0	0	0	0	0	0	0	0	0	0	0	0	0	0	0	0	0	0	0	0	0	0	0	0	0	0	0	0	D_0__k__Bacteria; D_1__p__Firmicutes; D_2__c__Bacilli; D_3__o__Lactobacillales; D_4__f__Streptococcaceae; D_5__g__Streptococcus; D_6__g__Streptococcus_s__oralis_subsp._dentisani_clade_058
1958	0	0	0	0	0	0	0	0	0	0	0	0	9	0	0	0	0	0	0	0	0	0	0	0	0	0	0	0	0	0	0	0	0	0	0	0	0	0	0	0	0	0	0	0	0	0	0	0	0	0	D_0__k__Bacteria; D_1__p__Firmicutes; D_2__c__Bacilli; D_3__o__Lactobacillales; D_4__f__Streptococcaceae; D_5__g__Streptococcus; D_6__g__Streptococcus_s__constellatus
1959	0	0	0	0	0	0	0	0	0	0	0	0	9	0	0	0	0	0	0	0	0	0	0	0	0	0	0	0	0	0	0	0	0	0	0	0	0	0	0	0	0	0	0	0	0	0	0	0	0	0	D_0__k__Bacteria; D_1__p__Firmicutes; D_2__c__Tissierellia; D_3__o__Tissierellales; D_4__f__Peptoniphilaceae; D_5__g__Parvimonas; D_6__g__Parvimonas_s__sp._HMT_110
1960	0	0	0	0	0	0	0	0	0	0	0	0	0	0	9	0	0	0	0	0	0	0	0	0	0	0	0	0	0	0	0	0	0	0	0	0	0	0	0	0	0	0	0	0	0	0	0	0	0	0	D_0__k__Bacteria; D_1__p__Bacteroidetes; D_2__c__Flavobacteriia; D_3__o__Flavobacteriales; D_4__f__Flavobacteriaceae; D_5__g__Capnocytophaga; D_6__g__Capnocytophaga_s__sp._HMT_323
1961	0	0	0	0	0	0	0	0	0	0	0	0	0	0	0	9	0	0	0	0	0	0	0	0	0	0	0	0	0	0	0	0	0	0	0	0	0	0	0	0	0	0	0	0	0	0	0	0	0	0	D_0__k__Bacteria; D_1__p__Bacteroidetes; D_2__c__Flavobacteriia; D_3__o__Flavobacteriales; D_4__f__Flavobacteriaceae; D_5__g__Capnocytophaga; D_6__g__Capnocytophaga_s__haemolytica
1962	0	0	0	0	0	0	0	0	0	0	0	0	0	0	0	0	9	0	0	0	0	0	0	0	0	0	0	0	0	0	0	0	0	0	0	0	0	0	0	0	0	0	0	0	0	0	0	0	0	0	D_0__k__Bacteria; D_1__p__Spirochaetes; D_2__c__Spirochaetia; D_3__o__Spirochaetales; D_4__f__Treponemataceae; D_5__g__Treponema; D_6__g__Treponema_s__socranskii
1963	0	0	0	0	0	0	0	0	0	0	0	0	0	0	0	0	0	9	0	0	0	0	0	0	0	0	0	0	0	0	0	0	0	0	0	0	0	0	0	0	0	0	0	0	0	0	0	0	0	0	D_0__k__Bacteria; D_1__p__Firmicutes; D_2__c__Negativicutes; D_3__o__Selenomonadales; D_4__f__Selenomonadaceae; D_5__g__Selenomonas; D_6__g__Selenomonas_s__flueggei
1964	0	0	0	0	0	0	0	0	0	0	0	0	0	0	0	0	0	9	0	0	0	0	0	0	0	0	0	0	0	0	0	0	0	0	0	0	0	0	0	0	0	0	0	0	0	0	0	0	0	0	D_0__k__Bacteria; D_1__p__Bacteroidetes; D_2__c__Flavobacteriia; D_3__o__Flavobacteriales; D_4__f__Flavobacteriaceae; D_5__g__Capnocytophaga; D_6__g__Capnocytophaga_s__sp._HMT_863
1965	0	0	0	0	0	0	0	0	0	0	0	0	0	0	0	0	0	0	9	0	0	0	0	0	0	0	0	0	0	0	0	0	0	0	0	0	0	0	0	0	0	0	0	0	0	0	0	0	0	0	D_0__k__Bacteria; D_1__p__Firmicutes; D_2__c__Tissierellia; D_3__o__Tissierellales; D_4__f__Peptoniphilaceae; D_5__g__Anaerococcus; D_6__g__Anaerococcus_s__prevotii
1966	0	0	0	0	0	0	0	0	0	0	0	0	0	0	0	0	0	0	9	0	0	0	0	0	0	0	0	0	0	0	0	0	0	0	0	0	0	0	0	0	0	0	0	0	0	0	0	0	0	0	D_0__k__Bacteria; D_1__p__Bacteroidetes; D_2__c__Bacteroidia; D_3__o__Bacteroidales; D_4__f__Prevotellaceae; D_5__g__Alloprevotella; D_6__g__Alloprevotella_s__sp._HMT_308
1967	0	0	0	0	0	0	0	0	0	0	0	0	0	0	0	0	0	0	9	0	0	0	0	0	0	0	0	0	0	0	0	0	0	0	0	0	0	0	0	0	0	0	0	0	0	0	0	0	0	0	D_0__k__Bacteria; D_1__p__Firmicutes; D_2__c__Negativicutes; D_3__o__Selenomonadales; D_4__f__Selenomonadaceae; D_5__g__Selenomonas; D_6__g__Selenomonas_s__sp._HMT_126
1968	0	0	0	0	0	0	0	0	0	0	0	0	0	0	0	0	0	0	0	0	0	9	0	0	0	0	0	0	0	0	0	0	0	0	0	0	0	0	0	0	0	0	0	0	0	0	0	0	0	0	D_0__k__Bacteria; D_1__p__Fusobacteria; D_2__c__Fusobacteriia; D_3__o__Fusobacteriales; D_4__f__Leptotrichiaceae; D_5__g__Pseudoleptotrichia; D_6__g__Pseudoleptotrichia_s__goodfellowii
1969	0	0	0	0	0	0	0	0	0	0	0	0	0	0	0	0	0	0	0	0	0	0	9	0	0	0	0	0	0	0	0	0	0	0	0	0	0	0	0	0	0	0	0	0	0	0	0	0	0	0	D_0__k__Bacteria; D_1__p__Proteobacteria; D_2__c__Epsilonproteobacteria; D_3__o__Campylobacterales; D_4__f__Campylobacteraceae; D_5__g__Campylobacter; D_6__g__Campylobacter_s__gracilis
1970	0	0	0	0	0	0	0	0	0	0	0	0	0	0	0	0	0	0	0	0	0	0	0	0	9	0	0	0	0	0	0	0	0	0	0	0	0	0	0	0	0	0	0	0	0	0	0	0	0	0	D_0__k__Bacteria; D_1__p__Synergistetes; D_2__c__Synergistia; D_3__o__Synergistales; D_4__f__Synergistaceae; D_5__g__Fretibacterium; D_6__g__Fretibacterium_s__sp._HMT_358
1971	0	0	0	0	0	0	0	0	0	0	0	0	0	0	0	0	0	0	0	0	0	0	0	0	0	9	0	0	0	0	0	0	0	0	0	0	0	0	0	0	0	0	0	0	0	0	0	0	0	0	D_0__k__Bacteria; D_1__p__Fusobacteria; D_2__c__Fusobacteriia; D_3__o__Fusobacteriales; D_4__f__Fusobacteriaceae; D_5__g__Fusobacterium; D_6__g__Fusobacterium_s__nucleatum
1972	0	0	0	0	0	0	0	0	0	0	0	0	0	0	0	0	0	0	0	0	0	0	0	0	0	0	0	0	0	9	0	0	0	0	0	0	0	0	0	0	0	0	0	0	0	0	0	0	0	0	D_0__k__Bacteria; D_1__p__Firmicutes; D_2__c__Clostridia; D_3__o__Eubacteriales; D_4__f__Peptostreptococcaceae; D_5__g__Peptostreptococcaceae_[G-7]; D_6__g__Peptostreptococcaceae_[G-7]_s__[Eubacterium]_yurii_subsps._yurii_&_margaretiae
1973	0	0	0	0	0	0	0	0	0	0	0	0	0	0	0	0	0	0	0	0	0	0	0	0	0	0	0	0	0	0	0	0	0	0	0	0	0	9	0	0	0	0	0	0	0	0	0	0	0	0	D_0__k__Bacteria; D_1__p__Firmicutes; D_2__c__Negativicutes; D_3__o__Selenomonadales; D_4__f__Selenomonadaceae; D_5__g__Selenomonas; D_6__g__Selenomonas_s__sputigena
1974	0	0	0	0	0	0	0	0	0	0	0	0	0	0	0	0	0	0	0	0	0	0	0	0	0	0	0	0	0	0	0	0	0	0	0	0	0	0	0	0	0	0	0	9	0	0	0	0	0	0	D_0__k__Bacteria; D_1__p__Firmicutes; D_2__c__Erysipelotrichia; D_3__o__Erysipelotrichales; D_4__f__Erysipelotrichaceae; D_5__g__Solobacterium; D_6__g__Solobacterium_s__moorei
1975	0	0	0	0	0	0	0	0	0	0	0	0	0	0	0	0	0	0	0	0	0	0	0	0	0	0	0	0	0	0	0	0	0	0	0	0	0	0	0	0	0	0	0	0	0	9	0	0	0	0	D_0__k__Bacteria; D_1__p__Proteobacteria; D_2__c__Betaproteobacteria; D_3__o__Burkholderiales; D_4__f__Burkholderiaceae; D_5__g__Lautropia; D_6__g__Lautropia_s__mirabilis
1976	0	0	0	0	0	0	0	0	0	0	0	0	0	0	0	0	0	0	0	0	0	0	0	0	0	0	0	0	0	0	0	0	0	0	0	0	0	0	0	0	0	0	0	0	0	0	9	0	0	0	D_0__k__Bacteria; D_1__p__Firmicutes; D_2__c__Negativicutes; D_3__o__Veillonellales; D_4__f__Veillonellaceae; D_5__g__Veillonella; D_6__g__Veillonella_s__parvula
1977	0	0	0	0	0	0	0	0	0	0	0	0	0	0	0	0	0	0	0	0	0	0	0	0	0	0	0	0	0	0	0	0	0	0	0	0	0	0	0	0	0	0	0	0	0	0	0	9	0	0	D_0__k__Bacteria; D_1__p__Bacteroidetes; D_2__c__Bacteroidia; D_3__o__Bacteroidales; D_4__f__Prevotellaceae; D_5__g__Prevotella; D_6__g__Prevotella_s__maculosa
1978	0	0	0	0	0	0	0	0	0	0	0	0	0	0	0	0	0	0	0	0	0	0	0	0	0	0	0	0	0	0	0	0	0	0	0	0	0	0	0	0	0	0	0	0	0	0	0	0	0	9	D_0__k__Bacteria; D_1__p__Bacteroidetes; D_2__c__Flavobacteriia; D_3__o__Flavobacteriales; D_4__f__Flavobacteriaceae; D_5__g__Capnocytophaga; D_6__g__Capnocytophaga_s__sp._HMT_864
1979	8	0	0	0	0	0	0	0	0	0	0	0	0	0	0	0	0	0	0	0	0	0	0	0	0	0	0	0	0	0	0	0	0	0	0	0	0	0	0	0	0	0	0	0	0	0	0	0	0	0	D_0__k__Bacteria; D_1__p__Firmicutes; D_2__c__Negativicutes; D_3__o__Veillonellales; D_4__f__Veillonellaceae; D_5__g__Megasphaera; D_6__g__Megasphaera_s__micronuciformis
1980	0	8	0	0	0	0	0	0	0	0	0	0	0	0	0	0	0	0	0	0	0	0	0	0	0	0	0	0	0	0	0	0	0	0	0	0	0	0	0	0	0	0	0	0	0	0	0	0	0	0	D_0__k__Bacteria; D_1__p__Absconditabacteria_(SR1); D_2__c__Absconditabacteria_(SR1)_[C-1]; D_3__o__Absconditabacteria_(SR1)_[O-1]; D_4__f__Absconditabacteria_(SR1)_[F-1]; D_5__g__Absconditabacteria_(SR1)_[G-1]; D_6__g__Absconditabacteria_(SR1)_[G-1]_s__bacterium_HMT_345
1981	0	8	0	0	0	0	0	0	0	0	0	0	0	0	0	0	0	0	0	0	0	0	0	0	0	0	0	0	0	0	0	0	0	0	0	0	0	0	0	0	0	0	0	0	0	0	0	0	0	0	D_0__k__Bacteria; D_1__p__Bacteroidetes; D_2__c__Flavobacteriia; D_3__o__Flavobacteriales; D_4__f__Flavobacteriaceae; D_5__g__Capnocytophaga; D_6__g__Capnocytophaga_s__leadbetteri
1982	0	8	0	0	0	0	0	0	0	0	0	0	0	0	0	0	0	0	0	0	0	0	0	0	0	0	0	0	0	0	0	0	0	0	0	0	0	0	0	0	0	0	0	0	0	0	0	0	0	0	D_0__k__Bacteria; D_1__p__Gracilibacteria_(GN02); D_2__c__Gracilibacteria_(GN02)_[C-2]; D_3__o__Gracilibacteria_(GN02)_[O-2]; D_4__f__Gracilibacteria_(GN02)_[F-2]; D_5__g__Gracilibacteria_(GN02)_[G-2]; D_6__g__Gracilibacteria_(GN02)_[G-2]_s__bacterium_HMT_873
1983	0	8	0	0	0	0	0	0	0	0	0	0	0	0	0	0	0	0	0	0	0	0	0	0	0	0	0	0	0	0	0	0	0	0	0	0	0	0	0	0	0	0	0	0	0	0	0	0	0	0	D_0__k__Bacteria; D_1__p__Proteobacteria; D_2__c__Betaproteobacteria; D_3__o__Neisseriales; D_4__f__Neisseriaceae; D_5__g__Neisseria; D_6__g__Neisseria_s__flava
1984	0	8	0	0	0	0	0	0	0	0	0	0	0	0	0	0	0	0	0	0	0	0	0	0	0	0	0	0	0	0	0	0	0	0	0	0	0	0	0	0	0	0	0	0	0	0	0	0	0	0	D_0__k__Bacteria; D_1__p__Firmicutes; D_2__c__Clostridia; D_3__o__Eubacteriales; D_4__f__Ruminococcaceae; D_5__g__Ruminococcaceae_[G-2]; D_6__g__Ruminococcaceae_[G-2]_s__bacterium_HMT_085
1985	0	0	0	0	8	0	0	0	0	0	0	0	0	0	0	0	0	0	0	0	0	0	0	0	0	0	0	0	0	0	0	0	0	0	0	0	0	0	0	0	0	0	0	0	0	0	0	0	0	0	D_0__k__Bacteria; D_1__p__Actinobacteria; D_2__c__Actinomycetia; D_3__o__Actinomycetales; D_4__f__Actinomycetaceae; D_5__g__Schaalia; D_6__g__Schaalia_s__sp._HMT_178
1986	0	0	0	0	0	8	0	0	0	0	0	0	0	0	0	0	0	0	0	0	0	0	0	0	0	0	0	0	0	0	0	0	0	0	0	0	0	0	0	0	0	0	0	0	0	0	0	0	0	0	D_0__k__Bacteria; D_1__p__Bacteroidetes; D_2__c__Bacteroidia; D_3__o__Bacteroidales; D_4__f__Prevotellaceae; D_5__g__Prevotella; D_6__g__Prevotella_s__buccae
1987	0	0	0	0	0	8	0	0	0	0	0	0	0	0	0	0	0	0	0	0	0	0	0	0	0	0	0	0	0	0	0	0	0	0	0	0	0	0	0	0	0	0	0	0	0	0	0	0	0	0	D_0__k__Bacteria; D_1__p__Firmicutes; D_2__c__Clostridia; D_3__o__Eubacteriales; D_4__f__Lachnospiraceae; D_5__g__Catonella; D_6__g__Catonella_s__morbi
1988	0	0	0	0	0	8	0	0	0	0	0	0	0	0	0	0	0	0	0	0	0	0	0	0	0	0	0	0	0	0	0	0	0	0	0	0	0	0	0	0	0	0	0	0	0	0	0	0	0	0	D_0__k__Bacteria; D_1__p__Firmicutes; D_2__c__Bacilli; D_3__o__Lactobacillales; D_4__f__Streptococcaceae; D_5__g__Streptococcus; D_6__g__Streptococcus_s__mutans
1989	0	0	0	0	0	0	0	8	0	0	0	0	0	0	0	0	0	0	0	0	0	0	0	0	0	0	0	0	0	0	0	0	0	0	0	0	0	0	0	0	0	0	0	0	0	0	0	0	0	0	D_0__k__Bacteria; D_1__p__Fusobacteria; D_2__c__Fusobacteriia; D_3__o__Fusobacteriales; D_4__f__Leptotrichiaceae; D_5__g__Leptotrichia; D_6__g__Leptotrichia_s__shahii
1990	0	0	0	0	0	0	0	8	0	0	0	0	0	0	0	0	0	0	0	0	0	0	0	0	0	0	0	0	0	0	0	0	0	0	0	0	0	0	0	0	0	0	0	0	0	0	0	0	0	0	D_0__k__Bacteria; D_1__p__Fusobacteria; D_2__c__Fusobacteriia; D_3__o__Fusobacteriales; D_4__f__Leptotrichiaceae; D_5__g__Leptotrichia; D_6__g__Leptotrichia_s__buccalis
1991	0	0	0	0	0	0	0	5	0	0	0	0	0	0	0	0	0	0	0	0	0	0	0	0	0	0	0	0	0	0	0	0	0	0	0	0	0	3	0	0	0	0	0	0	0	0	0	0	0	0	D_0__k__Bacteria; D_1__p__Proteobacteria; D_2__c__Betaproteobacteria; D_3__o__Neisseriales; D_4__f__Neisseriaceae; D_5__g__Neisseria; D_6__g__Neisseria_s__weaveri
1992	0	0	0	0	0	0	0	0	0	0	0	8	0	0	0	0	0	0	0	0	0	0	0	0	0	0	0	0	0	0	0	0	0	0	0	0	0	0	0	0	0	0	0	0	0	0	0	0	0	0	D_0__k__Bacteria; D_1__p__Proteobacteria; D_2__c__Betaproteobacteria; D_3__o__Neisseriales; D_4__f__Neisseriaceae; D_5__g__Simonsiella; D_6__g__Simonsiella_s__muelleri
1993	0	0	0	0	0	0	0	0	0	0	0	8	0	0	0	0	0	0	0	0	0	0	0	0	0	0	0	0	0	0	0	0	0	0	0	0	0	0	0	0	0	0	0	0	0	0	0	0	0	0	D_0__k__Bacteria; D_1__p__Firmicutes; D_2__c__Negativicutes; D_3__o__Veillonellales; D_4__f__Veillonellaceae; D_5__g__Veillonella; D_6__g__Veillonella_s__dispar
1994	0	0	0	0	0	0	0	0	0	0	0	0	0	8	0	0	0	0	0	0	0	0	0	0	0	0	0	0	0	0	0	0	0	0	0	0	0	0	0	0	0	0	0	0	0	0	0	0	0	0	D_0__k__Bacteria; D_1__p__Bacteroidetes; D_2__c__Bacteroidia; D_3__o__Bacteroidales; D_4__f__Prevotellaceae; D_5__g__Prevotella; D_6__g__Prevotella_s__sp._HMT_396
1995	0	0	0	0	0	0	0	0	0	0	0	0	0	8	0	0	0	0	0	0	0	0	0	0	0	0	0	0	0	0	0	0	0	0	0	0	0	0	0	0	0	0	0	0	0	0	0	0	0	0	D_0__k__Bacteria; D_1__p__Bacteroidetes; D_2__c__Flavobacteriia; D_3__o__Flavobacteriales; D_4__f__Flavobacteriaceae; D_5__g__Capnocytophaga; D_6__g__Capnocytophaga_s__sp._HMT_323
1996	0	0	0	0	0	0	0	0	0	0	0	0	0	0	0	0	0	0	2	0	0	0	0	0	0	0	0	0	0	0	0	0	0	0	0	0	6	0	0	0	0	0	0	0	0	0	0	0	0	0	D_0__k__Bacteria; D_1__p__Fusobacteria; D_2__c__Fusobacteriia; D_3__o__Fusobacteriales; D_4__f__Fusobacteriaceae; D_5__g__Fusobacterium; D_6__g__Fusobacterium_s__nucleatum
1997	0	0	0	0	0	0	0	0	0	0	0	0	0	0	0	0	0	0	0	0	0	8	0	0	0	0	0	0	0	0	0	0	0	0	0	0	0	0	0	0	0	0	0	0	0	0	0	0	0	0	D_0__k__Bacteria; D_1__p__Actinobacteria; D_2__c__Actinomycetia; D_3__o__Actinomycetales; D_4__f__Actinomycetaceae; D_5__g__Schaalia; D_6__g__Schaalia_s__sp._HMT_180
1998	0	0	0	0	0	0	0	0	0	0	0	0	0	0	0	0	0	0	0	0	0	0	8	0	0	0	0	0	0	0	0	0	0	0	0	0	0	0	0	0	0	0	0	0	0	0	0	0	0	0	D_0__k__Bacteria; D_1__p__Proteobacteria; D_2__c__Gammaproteobacteria; D_3__o__Pasteurellales; D_4__f__Pasteurellaceae; D_5__g__Aggregatibacter; D_6__g__Aggregatibacter_s__sp._HMT_512
1999	0	0	0	0	0	0	0	0	0	0	0	0	0	0	0	0	0	0	0	0	0	0	0	8	0	0	0	0	0	0	0	0	0	0	0	0	0	0	0	0	0	0	0	0	0	0	0	0	0	0	D_0__k__Bacteria; D_1__p__Proteobacteria; D_2__c__Gammaproteobacteria; D_3__o__Enterobacterales; D_4__f__Enterobacteriaceae; D_5__g__Enterobacter; D_6__g__Enterobacter_s__cancerogenus
2000	0	0	0	0	0	0	0	0	0	0	0	0	0	0	0	0	0	0	0	0	0	0	0	0	8	0	0	0	0	0	0	0	0	0	0	0	0	0	0	0	0	0	0	0	0	0	0	0	0	0	D_0__k__Bacteria; D_1__p__Bacteroidetes; D_2__c__Bacteroidia; D_3__o__Bacteroidales; D_4__f__Prevotellaceae; D_5__g__Alloprevotella; D_6__g__Alloprevotella_s__sp._HMT_308
2001	0	0	0	0	0	0	0	0	0	0	0	0	0	0	0	0	0	0	0	0	0	0	0	0	0	0	0	8	0	0	0	0	0	0	0	0	0	0	0	0	0	0	0	0	0	0	0	0	0	0	D_0__k__Bacteria; D_1__p__Firmicutes; D_2__c__Bacilli; D_3__o__Lactobacillales; D_4__f__Streptococcaceae; D_5__g__Streptococcus; D_6__g__Streptococcus_s__anginosus
2002	0	0	0	0	0	0	0	0	0	0	0	0	0	0	0	0	0	0	0	0	0	0	0	0	0	0	0	0	0	0	0	0	8	0	0	0	0	0	0	0	0	0	0	0	0	0	0	0	0	0	D_0__k__Bacteria; D_1__p__Bacteroidetes; D_2__c__Flavobacteriia; D_3__o__Flavobacteriales; D_4__f__Flavobacteriaceae; D_5__g__Capnocytophaga; D_6__g__Capnocytophaga_s__sp._HMT_323
2003	0	0	0	0	0	0	0	0	0	0	0	0	0	0	0	0	0	0	0	0	0	0	0	0	0	0	0	0	0	0	0	0	0	0	0	0	8	0	0	0	0	0	0	0	0	0	0	0	0	0	D_0__k__Bacteria; D_1__p__Actinobacteria; D_2__c__Actinomycetia; D_3__o__Propionibacteriales; D_4__f__Propionibacteriaceae; D_5__g__Acidipropionibacterium; D_6__g__Acidipropionibacterium_s__acidifaciens
2004	0	0	0	0	0	0	0	0	0	0	0	0	0	0	0	0	0	0	0	0	0	0	0	0	0	0	0	0	0	0	0	0	0	0	0	0	8	0	0	0	0	0	0	0	0	0	0	0	0	0	D_0__k__Bacteria; D_1__p__Bacteroidetes; D_2__c__Bacteroidia; D_3__o__Bacteroidales; D_4__f__Tannerellaceae; D_5__g__Tannerella; D_6__g__Tannerella_s__sp._HMT_286
2005	0	0	0	0	0	0	0	0	0	0	0	0	0	0	0	0	0	0	0	0	0	0	0	0	0	0	0	0	0	0	0	0	0	0	0	0	0	8	0	0	0	0	0	0	0	0	0	0	0	0	D_0__k__Bacteria; D_1__p__Fusobacteria; D_2__c__Fusobacteriia; D_3__o__Fusobacteriales; D_4__f__Leptotrichiaceae; D_5__g__Leptotrichia; D_6__g__Leptotrichia_s__hongkongensis
2006	0	0	0	0	0	0	0	0	0	0	0	0	0	0	0	0	0	0	0	0	0	0	0	0	0	0	0	0	0	0	0	0	0	0	0	0	0	8	0	0	0	0	0	0	0	0	0	0	0	0	D_0__k__Bacteria; D_1__p__Spirochaetes; D_2__c__Spirochaetia; D_3__o__Spirochaetales; D_4__f__Treponemataceae; D_5__g__Treponema; D_6__g__Treponema_s__socranskii
2007	0	0	0	0	0	0	0	0	0	0	0	0	0	0	0	0	0	0	0	0	0	0	0	0	0	0	0	0	0	0	0	0	0	0	0	0	0	0	0	0	0	0	0	0	0	8	0	0	0	0	D_0__k__Bacteria; D_1__p__Firmicutes; D_2__c__Negativicutes; D_3__o__Veillonellales; D_4__f__Veillonellaceae; D_5__g__Veillonella; D_6__g__Veillonella_s__dispar
2008	0	0	0	0	0	0	0	0	0	0	0	0	0	0	0	0	0	0	0	0	0	0	0	0	0	0	0	0	0	0	0	0	0	0	0	0	0	0	0	0	0	0	0	0	0	8	0	0	0	0	D_0__k__Bacteria; D_1__p__Firmicutes; D_2__c__Negativicutes; D_3__o__Veillonellales; D_4__f__Veillonellaceae; D_5__g__Veillonella; D_6__g__Veillonella_s__parvula
2009	0	0	0	0	0	0	0	0	0	0	0	0	0	0	0	0	0	0	0	0	0	0	0	0	0	0	0	0	0	0	0	0	0	0	0	0	0	0	0	0	0	0	0	0	0	0	0	8	0	0	D_0__k__Bacteria; D_1__p__Bacteroidetes; D_2__c__Bacteroidia; D_3__o__Bacteroidales; D_4__f__Prevotellaceae; D_5__g__Prevotella; D_6__g__Prevotella_s__sp._HMT_314
2010	0	0	0	0	0	0	0	0	0	0	0	0	0	0	0	0	0	0	0	0	0	0	0	0	0	0	0	0	0	0	0	0	0	0	0	0	0	0	0	0	0	0	0	0	0	0	0	8	0	0	D_0__k__Bacteria; D_1__p__Bacteroidetes; D_2__c__Bacteroidia; D_3__o__Bacteroidales; D_4__f__Prevotellaceae; D_5__g__Prevotella; D_6__g__Prevotella_s__nigrescens
2011	0	0	0	0	0	0	0	0	0	0	0	0	0	0	0	0	0	0	0	0	0	0	0	0	0	0	0	0	0	0	0	0	0	0	0	0	0	0	0	0	0	0	0	0	0	0	0	0	0	8	D_0__k__Bacteria; D_1__p__Actinobacteria; D_2__c__Actinomycetia; D_3__o__Micrococcales; D_4__f__Microbacteriaceae; D_5__g__Microbacterium; D_6__g__Microbacterium_s__flavescens
2012	7	0	0	0	0	0	0	0	0	0	0	0	0	0	0	0	0	0	0	0	0	0	0	0	0	0	0	0	0	0	0	0	0	0	0	0	0	0	0	0	0	0	0	0	0	0	0	0	0	0	D_0__k__Bacteria; D_1__p__Firmicutes; D_2__c__Negativicutes; D_3__o__Veillonellales; D_4__f__Veillonellaceae; D_5__g__Veillonella; D_6__g__Veillonella_s__dispar
2013	7	0	0	0	0	0	0	0	0	0	0	0	0	0	0	0	0	0	0	0	0	0	0	0	0	0	0	0	0	0	0	0	0	0	0	0	0	0	0	0	0	0	0	0	0	0	0	0	0	0	D_0__k__Bacteria; D_1__p__Firmicutes; D_2__c__Negativicutes; D_3__o__Selenomonadales; D_4__f__Selenomonadaceae; D_5__g__Selenomonas; D_6__g__Selenomonas_s__sputigena
2014	0	7	0	0	0	0	0	0	0	0	0	0	0	0	0	0	0	0	0	0	0	0	0	0	0	0	0	0	0	0	0	0	0	0	0	0	0	0	0	0	0	0	0	0	0	0	0	0	0	0	D_0__k__Bacteria; D_1__p__Gracilibacteria_(GN02); D_2__c__Gracilibacteria_(GN02)_[C-1]; D_3__o__Gracilibacteria_(GN02)_[O-1]; D_4__f__Gracilibacteria_(GN02)_[F-1]; D_5__g__Gracilibacteria_(GN02)_[G-1]; D_6__g__Gracilibacteria_(GN02)_[G-1]_s__bacterium_HMT_872
2015	0	7	0	0	0	0	0	0	0	0	0	0	0	0	0	0	0	0	0	0	0	0	0	0	0	0	0	0	0	0	0	0	0	0	0	0	0	0	0	0	0	0	0	0	0	0	0	0	0	0	D_0__k__Bacteria; D_1__p__Proteobacteria; D_2__c__Gammaproteobacteria; D_3__o__Cardiobacteriales; D_4__f__Cardiobacteriaceae; D_5__g__Cardiobacterium; D_6__g__Cardiobacterium_s__valvarum
2016	0	0	0	4	0	0	0	0	0	0	0	0	0	0	0	0	0	0	0	0	0	0	0	0	0	0	0	0	0	0	0	0	0	0	0	0	0	0	3	0	0	0	0	0	0	0	0	0	0	0	D_0__k__Bacteria; D_1__p__Fusobacteria; D_2__c__Fusobacteriia; D_3__o__Fusobacteriales; D_4__f__Fusobacteriaceae; D_5__g__Fusobacterium; D_6__g__Fusobacterium_s__nucleatum
2017	0	0	0	0	7	0	0	0	0	0	0	0	0	0	0	0	0	0	0	0	0	0	0	0	0	0	0	0	0	0	0	0	0	0	0	0	0	0	0	0	0	0	0	0	0	0	0	0	0	0	D_0__k__Bacteria; D_1__p__Proteobacteria; D_2__c__Epsilonproteobacteria; D_3__o__Campylobacterales; D_4__f__Campylobacteraceae; D_5__g__Campylobacter; D_6__g__Campylobacter_s__gracilis
2018	0	0	0	0	7	0	0	0	0	0	0	0	0	0	0	0	0	0	0	0	0	0	0	0	0	0	0	0	0	0	0	0	0	0	0	0	0	0	0	0	0	0	0	0	0	0	0	0	0	0	D_0__k__Bacteria; D_1__p__Bacteroidetes; D_2__c__Bacteroidia; D_3__o__Bacteroidales; D_4__f__Prevotellaceae; D_5__g__Prevotella; D_6__g__Prevotella_s__sp._HMT_396
2019	0	0	0	0	0	0	0	7	0	0	0	0	0	0	0	0	0	0	0	0	0	0	0	0	0	0	0	0	0	0	0	0	0	0	0	0	0	0	0	0	0	0	0	0	0	0	0	0	0	0	D_0__k__Bacteria; D_1__p__Firmicutes; D_2__c__Bacilli; D_3__o__Lactobacillales; D_4__f__Streptococcaceae; D_5__g__Streptococcus; D_6__g__Streptococcus_s__lactarius
2020	0	0	0	0	0	0	0	7	0	0	0	0	0	0	0	0	0	0	0	0	0	0	0	0	0	0	0	0	0	0	0	0	0	0	0	0	0	0	0	0	0	0	0	0	0	0	0	0	0	0	D_0__k__Bacteria; D_1__p__Bacteroidetes; D_2__c__Bacteroidia; D_3__o__Bacteroidales; D_4__f__Prevotellaceae; D_5__g__Prevotella; D_6__g__Prevotella_s__sp._HMT_317
2021	0	0	0	0	0	0	0	7	0	0	0	0	0	0	0	0	0	0	0	0	0	0	0	0	0	0	0	0	0	0	0	0	0	0	0	0	0	0	0	0	0	0	0	0	0	0	0	0	0	0	D_0__k__Bacteria; D_1__p__Firmicutes; D_2__c__Bacilli; D_3__o__Lactobacillales; D_4__f__Streptococcaceae; D_5__g__Streptococcus; D_6__g__Streptococcus_s__oralis_subsp._dentisani_clade_058
2022	0	0	0	0	0	0	0	0	0	0	0	7	0	0	0	0	0	0	0	0	0	0	0	0	0	0	0	0	0	0	0	0	0	0	0	0	0	0	0	0	0	0	0	0	0	0	0	0	0	0	D_0__k__Bacteria; D_1__p__Firmicutes; D_2__c__Clostridia; D_3__o__Eubacteriales; D_4__f__Lachnospiraceae; D_5__g__Catonella; D_6__g__Catonella_s__morbi
2023	0	0	0	0	0	0	0	0	0	0	0	7	0	0	0	0	0	0	0	0	0	0	0	0	0	0	0	0	0	0	0	0	0	0	0	0	0	0	0	0	0	0	0	0	0	0	0	0	0	0	D_0__k__Bacteria; D_1__p__Saccharibacteria_(TM7); D_2__c__Saccharibacteria_(TM7)_[C-1]; D_3__o__Saccharibacteria_(TM7)_[O-1]; D_4__f__Saccharibacteria_(TM7)_[F-1]; D_5__g__Saccharibacteria_(TM7)_[G-1]; D_6__g__Saccharibacteria_(TM7)_[G-1]_s__bacterium_HMT_346
2024	0	0	0	0	0	0	0	0	0	0	0	0	0	0	0	7	0	0	0	0	0	0	0	0	0	0	0	0	0	0	0	0	0	0	0	0	0	0	0	0	0	0	0	0	0	0	0	0	0	0	D_0__k__Bacteria; D_1__p__Firmicutes; D_2__c__Bacilli; D_3__o__Lactobacillales; D_4__f__Carnobacteriaceae; D_5__g__Granulicatella; D_6__g__Granulicatella_s__adiacens
2025	0	0	0	0	0	0	0	0	0	0	0	0	0	0	0	0	7	0	0	0	0	0	0	0	0	0	0	0	0	0	0	0	0	0	0	0	0	0	0	0	0	0	0	0	0	0	0	0	0	0	D_0__k__Bacteria; D_1__p__Spirochaetes; D_2__c__Spirochaetia; D_3__o__Spirochaetales; D_4__f__Treponemataceae; D_5__g__Treponema; D_6__g__Treponema_s__sp._HMT_262
2026	0	0	0	0	0	0	0	0	0	0	0	0	0	0	0	0	0	7	0	0	0	0	0	0	0	0	0	0	0	0	0	0	0	0	0	0	0	0	0	0	0	0	0	0	0	0	0	0	0	0	D_0__k__Bacteria; D_1__p__Firmicutes; D_2__c__Negativicutes; D_3__o__Veillonellales; D_4__f__Veillonellaceae; D_5__g__Veillonella; D_6__g__Veillonella_s__dispar
2027	0	0	0	0	0	0	0	0	0	0	0	0	0	0	0	0	0	0	7	0	0	0	0	0	0	0	0	0	0	0	0	0	0	0	0	0	0	0	0	0	0	0	0	0	0	0	0	0	0	0	D_0__k__Bacteria; D_1__p__Firmicutes; D_2__c__Tissierellia; D_3__o__Tissierellales; D_4__f__Peptoniphilaceae; D_5__g__Parvimonas; D_6__g__Parvimonas_s__micra
2028	0	0	0	0	0	0	0	0	0	0	0	0	0	0	0	0	0	0	0	0	7	0	0	0	0	0	0	0	0	0	0	0	0	0	0	0	0	0	0	0	0	0	0	0	0	0	0	0	0	0	D_0__k__Bacteria; D_1__p__Firmicutes; D_2__c__Clostridia; D_3__o__Eubacteriales; D_4__f__Lachnospiraceae; D_5__g__Butyrivibrio; D_6__g__Butyrivibrio_s__sp._HMT_080
2029	0	0	0	0	0	0	0	0	0	0	0	0	0	0	0	0	0	0	0	0	7	0	0	0	0	0	0	0	0	0	0	0	0	0	0	0	0	0	0	0	0	0	0	0	0	0	0	0	0	0	D_0__k__Bacteria; D_1__p__Fusobacteria; D_2__c__Fusobacteriia; D_3__o__Fusobacteriales; D_4__f__Fusobacteriaceae; D_5__g__Fusobacterium; D_6__g__Fusobacterium_s__nucleatum
2030	0	0	0	0	0	0	0	0	0	0	0	0	0	0	0	0	0	0	0	0	7	0	0	0	0	0	0	0	0	0	0	0	0	0	0	0	0	0	0	0	0	0	0	0	0	0	0	0	0	0	D_0__k__Bacteria; D_1__p__Firmicutes; D_2__c__Clostridia; D_3__o__Eubacteriales; D_4__f__Lachnospiraceae; D_5__g__Butyrivibrio; D_6__g__Butyrivibrio_s__sp._HMT_080
2031	0	0	0	0	0	0	0	0	0	0	0	0	0	0	0	0	0	0	0	0	7	0	0	0	0	0	0	0	0	0	0	0	0	0	0	0	0	0	0	0	0	0	0	0	0	0	0	0	0	0	D_0__k__Bacteria; D_1__p__Spirochaetes; D_2__c__Spirochaetia; D_3__o__Spirochaetales; D_4__f__Treponemataceae; D_5__g__Treponema; D_6__g__Treponema_s__sp._HMT_257
2032	0	0	0	0	0	0	0	0	0	0	0	0	0	0	0	0	0	0	0	0	0	0	7	0	0	0	0	0	0	0	0	0	0	0	0	0	0	0	0	0	0	0	0	0	0	0	0	0	0	0	D_0__k__Bacteria; D_1__p__Firmicutes; D_2__c__Negativicutes; D_3__o__Veillonellales; D_4__f__Veillonellaceae; D_5__g__Colibacter; D_6__g__Colibacter_s__massiliensis
2033	0	0	0	0	0	0	0	0	0	0	0	0	0	0	0	0	0	0	0	0	0	0	7	0	0	0	0	0	0	0	0	0	0	0	0	0	0	0	0	0	0	0	0	0	0	0	0	0	0	0	D_0__k__Bacteria; D_1__p__Proteobacteria; D_2__c__Betaproteobacteria; D_3__o__Neisseriales; D_4__f__Neisseriaceae; D_5__g__Neisseria; D_6__g__Neisseria_s__sp._HMT_523
2034	0	0	0	0	0	0	0	0	0	0	0	0	0	0	0	0	0	0	0	0	0	0	4	3	0	0	0	0	0	0	0	0	0	0	0	0	0	0	0	0	0	0	0	0	0	0	0	0	0	0	D_0__k__Bacteria; D_1__p__Firmicutes; D_2__c__Clostridia; D_3__o__Eubacteriales; D_4__f__Lachnospiraceae; D_5__g__Catonella; D_6__g__Catonella_s__morbi
2035	0	0	0	0	0	0	0	0	0	0	0	0	0	0	0	0	0	0	0	0	0	0	0	0	0	7	0	0	0	0	0	0	0	0	0	0	0	0	0	0	0	0	0	0	0	0	0	0	0	0	D_0__k__Bacteria; D_1__p__Firmicutes; D_2__c__Clostridia; D_3__o__Eubacteriales; D_4__f__Lachnospiraceae; D_5__g__Lachnoanaerobaculum; D_6__g__Lachnoanaerobaculum_s__saburreum
2036	0	0	0	0	0	0	0	0	0	0	0	0	0	0	0	0	0	0	0	0	0	0	0	0	0	0	0	0	7	0	0	0	0	0	0	0	0	0	0	0	0	0	0	0	0	0	0	0	0	0	D_0__k__Bacteria; D_1__p__Firmicutes; D_2__c__Clostridia; D_3__o__Eubacteriales; D_4__f__Lachnospiraceae; D_5__g__Oribacterium; D_6__g__Oribacterium_s__sp._HMT_078
2037	0	0	0	0	0	0	0	0	0	0	0	0	0	0	0	0	0	0	0	0	0	0	0	0	0	0	0	0	0	7	0	0	0	0	0	0	0	0	0	0	0	0	0	0	0	0	0	0	0	0	D_0__k__Bacteria; D_1__p__Proteobacteria; D_2__c__Betaproteobacteria; D_3__o__Burkholderiales; D_4__f__Burkholderiaceae; D_5__g__Lautropia; D_6__g__Lautropia_s__mirabilis
2038	0	0	0	0	0	0	0	0	0	0	0	0	0	0	0	0	0	0	0	0	0	0	0	0	0	0	0	0	0	0	0	0	7	0	0	0	0	0	0	0	0	0	0	0	0	0	0	0	0	0	D_0__k__Bacteria; D_1__p__Firmicutes; D_2__c__Bacilli; D_3__o__Lactobacillales; D_4__f__Streptococcaceae; D_5__g__Streptococcus; D_6__g__Streptococcus_s__oralis_subsp._dentisani_clade_058
2039	0	0	0	0	0	0	0	0	0	0	0	0	0	0	0	0	0	0	0	0	0	0	0	0	0	0	0	0	0	0	0	0	0	7	0	0	0	0	0	0	0	0	0	0	0	0	0	0	0	0	D_0__k__Bacteria; D_1__p__Firmicutes; D_2__c__Bacilli; D_3__o__Lactobacillales; D_4__f__Aerococcaceae; D_5__g__Abiotrophia; D_6__g__Abiotrophia_s__defectiva
2040	0	0	0	0	0	0	0	0	0	0	0	0	0	0	0	0	0	0	0	0	0	0	0	0	0	0	0	0	0	0	0	0	0	0	7	0	0	0	0	0	0	0	0	0	0	0	0	0	0	0	D_0__k__Bacteria; D_1__p__Proteobacteria; D_2__c__Alphaproteobacteria; D_3__o__Rhodospirillales; D_4__f__Acetobacteraceae; D_5__g__Roseomonas; D_6__g__Roseomonas_s__mucosa
2041	0	0	0	0	0	0	0	0	0	0	0	0	0	0	0	0	0	0	0	0	0	0	0	0	0	0	0	0	0	0	0	0	0	0	0	0	7	0	0	0	0	0	0	0	0	0	0	0	0	0	D_0__k__Bacteria; D_1__p__Tenericutes; D_2__c__Mollicutes; D_3__o__Mycoplasmatales; D_4__f__Mycoplasmataceae; D_5__g__Mycoplasma; D_6__g__Mycoplasma_s__salivarium
2042	0	0	0	0	0	0	0	0	0	0	0	0	0	0	0	0	0	0	0	0	0	0	0	0	0	0	0	0	0	0	0	0	0	0	0	0	7	0	0	0	0	0	0	0	0	0	0	0	0	0	D_0__k__Bacteria; D_1__p__Firmicutes; D_2__c__Bacilli; D_3__o__Lactobacillales; D_4__f__Lactobacillaceae; D_5__g__Limosilactobacillus; D_6__g__Limosilactobacillus_s__oris
2043	0	0	0	0	0	0	0	0	0	0	0	0	0	0	0	0	0	0	0	0	0	0	0	0	0	0	0	0	0	0	0	0	0	0	0	0	0	0	0	0	0	7	0	0	0	0	0	0	0	0	D_0__k__Bacteria; D_1__p__Proteobacteria; D_2__c__Betaproteobacteria; D_3__o__Neisseriales; D_4__f__Neisseriaceae; D_5__g__Neisseria; D_6__g__Neisseria_s__flava
2044	0	0	0	0	0	0	0	0	0	0	0	0	0	0	0	0	0	0	0	0	0	0	0	0	0	0	0	0	0	0	0	0	0	0	0	0	0	0	0	0	0	0	0	0	7	0	0	0	0	0	D_0__k__Bacteria; D_1__p__Proteobacteria; D_2__c__Gammaproteobacteria; D_3__o__Pasteurellales; D_4__f__Pasteurellaceae; D_5__g__Haemophilus; D_6__g__Haemophilus_s__parainfluenzae
2045	0	0	0	0	0	0	0	0	0	0	0	0	0	0	0	0	0	0	0	0	0	0	0	0	0	0	0	0	0	0	0	0	0	0	0	0	0	0	0	0	0	0	0	0	7	0	0	0	0	0	D_0__k__Bacteria; D_1__p__Firmicutes; D_2__c__Negativicutes; D_3__o__Selenomonadales; D_4__f__Selenomonadaceae; D_5__g__Selenomonas; D_6__g__Selenomonas_s__infelix
2046	0	0	0	0	0	0	0	0	0	0	0	0	0	0	0	0	0	0	0	0	0	0	0	0	0	0	0	0	0	0	0	0	0	0	0	0	0	0	0	0	0	0	0	0	0	0	7	0	0	0	D_0__k__Bacteria; D_1__p__Firmicutes; D_2__c__Negativicutes; D_3__o__Selenomonadales; D_4__f__Selenomonadaceae; D_5__g__Selenomonas; D_6__g__Selenomonas_s__sp._HMT_136
2047	0	0	0	0	0	0	0	0	0	0	0	0	0	0	0	0	0	0	0	0	0	0	0	0	0	0	0	0	0	0	0	0	0	0	0	0	0	0	0	0	0	0	0	0	0	0	7	0	0	0	D_0__k__Bacteria; D_1__p__Bacteroidetes; D_2__c__Bacteroidia; D_3__o__Bacteroidales; D_4__f__Prevotellaceae; D_5__g__Prevotella; D_6__g__Prevotella_s__oris
2048	0	0	0	0	0	0	0	0	0	0	0	0	0	0	0	0	0	0	0	0	0	0	0	0	0	0	0	0	0	0	0	0	0	0	0	0	0	0	0	0	0	0	0	0	0	0	0	0	0	7	D_0__k__Bacteria; D_1__p__Fusobacteria; D_2__c__Fusobacteriia; D_3__o__Fusobacteriales; D_4__f__Fusobacteriaceae; D_5__g__Fusobacterium; D_6__g__Fusobacterium_s__sp._HMT_203
2049	6	0	0	0	0	0	0	0	0	0	0	0	0	0	0	0	0	0	0	0	0	0	0	0	0	0	0	0	0	0	0	0	0	0	0	0	0	0	0	0	0	0	0	0	0	0	0	0	0	0	D_0__k__Bacteria; D_1__p__Firmicutes; D_2__c__Negativicutes; D_3__o__Veillonellales; D_4__f__Veillonellaceae; D_5__g__Dialister; D_6__g__Dialister_s__invisus
2050	6	0	0	0	0	0	0	0	0	0	0	0	0	0	0	0	0	0	0	0	0	0	0	0	0	0	0	0	0	0	0	0	0	0	0	0	0	0	0	0	0	0	0	0	0	0	0	0	0	0	D_0__k__Bacteria; D_1__p__Spirochaetes; D_2__c__Spirochaetia; D_3__o__Spirochaetales; D_4__f__Treponemataceae; D_5__g__Treponema; D_6__g__Treponema_s__sp._HMT_231
2051	0	6	0	0	0	0	0	0	0	0	0	0	0	0	0	0	0	0	0	0	0	0	0	0	0	0	0	0	0	0	0	0	0	0	0	0	0	0	0	0	0	0	0	0	0	0	0	0	0	0	D_0__k__Bacteria; D_1__p__Proteobacteria; D_2__c__Betaproteobacteria; D_3__o__Neisseriales; D_4__f__Neisseriaceae; D_5__g__Neisseria; D_6__g__Neisseria_s__flava
2052	0	6	0	0	0	0	0	0	0	0	0	0	0	0	0	0	0	0	0	0	0	0	0	0	0	0	0	0	0	0	0	0	0	0	0	0	0	0	0	0	0	0	0	0	0	0	0	0	0	0	D_0__k__Bacteria; D_1__p__Firmicutes; D_2__c__Bacilli; D_3__o__Lactobacillales; D_4__f__Streptococcaceae; D_5__g__Streptococcus; D_6__g__Streptococcus_s__peroris
2053	0	0	6	0	0	0	0	0	0	0	0	0	0	0	0	0	0	0	0	0	0	0	0	0	0	0	0	0	0	0	0	0	0	0	0	0	0	0	0	0	0	0	0	0	0	0	0	0	0	0	D_0__k__Bacteria; D_1__p__Fusobacteria; D_2__c__Fusobacteriia; D_3__o__Fusobacteriales; D_4__f__Fusobacteriaceae; D_5__g__Fusobacterium; D_6__g__Fusobacterium_s__nucleatum
2054	0	0	0	6	0	0	0	0	0	0	0	0	0	0	0	0	0	0	0	0	0	0	0	0	0	0	0	0	0	0	0	0	0	0	0	0	0	0	0	0	0	0	0	0	0	0	0	0	0	0	D_0__k__Bacteria; D_1__p__Firmicutes; D_2__c__Negativicutes; D_3__o__Veillonellales; D_4__f__Veillonellaceae; D_5__g__Veillonella; D_6__g__Veillonella_s__denticariosi
2055	0	0	0	6	0	0	0	0	0	0	0	0	0	0	0	0	0	0	0	0	0	0	0	0	0	0	0	0	0	0	0	0	0	0	0	0	0	0	0	0	0	0	0	0	0	0	0	0	0	0	D_0__k__Bacteria; D_1__p__Firmicutes; D_2__c__Clostridia; D_3__o__Eubacteriales; D_4__f__Ruminococcaceae; D_5__g__Ruminococcaceae_[G-2]; D_6__g__Ruminococcaceae_[G-2]_s__bacterium_HMT_085
2056	0	0	0	6	0	0	0	0	0	0	0	0	0	0	0	0	0	0	0	0	0	0	0	0	0	0	0	0	0	0	0	0	0	0	0	0	0	0	0	0	0	0	0	0	0	0	0	0	0	0	D_0__k__Bacteria; D_1__p__Proteobacteria; D_2__c__Betaproteobacteria; D_3__o__Neisseriales; D_4__f__Neisseriaceae; D_5__g__Neisseria; D_6__g__Neisseria_s__flava
2057	0	0	0	6	0	0	0	0	0	0	0	0	0	0	0	0	0	0	0	0	0	0	0	0	0	0	0	0	0	0	0	0	0	0	0	0	0	0	0	0	0	0	0	0	0	0	0	0	0	0	D_0__k__Bacteria; D_1__p__Firmicutes; D_2__c__Bacilli; D_3__o__Lactobacillales; D_4__f__Streptococcaceae; D_5__g__Streptococcus; D_6__g__Streptococcus_s__oralis_subsp._dentisani_clade_058
2058	0	0	0	0	6	0	0	0	0	0	0	0	0	0	0	0	0	0	0	0	0	0	0	0	0	0	0	0	0	0	0	0	0	0	0	0	0	0	0	0	0	0	0	0	0	0	0	0	0	0	D_0__k__Bacteria; D_1__p__Bacteroidetes; D_2__c__Bacteroidia; D_3__o__Bacteroidales; D_4__f__Bacteroidales_[F-2]; D_5__g__Bacteroidales_[G-2]; D_6__g__Bacteroidales_[G-2]_s__bacterium_HMT_274
2059	0	0	0	0	0	6	0	0	0	0	0	0	0	0	0	0	0	0	0	0	0	0	0	0	0	0	0	0	0	0	0	0	0	0	0	0	0	0	0	0	0	0	0	0	0	0	0	0	0	0	D_0__k__Bacteria; D_1__p__Firmicutes; D_2__c__Bacilli; D_3__o__Lactobacillales; D_4__f__Streptococcaceae; D_5__g__Streptococcus; D_6__g__Streptococcus_s__cristatus_clade_578
2060	0	0	0	0	0	6	0	0	0	0	0	0	0	0	0	0	0	0	0	0	0	0	0	0	0	0	0	0	0	0	0	0	0	0	0	0	0	0	0	0	0	0	0	0	0	0	0	0	0	0	D_0__k__Bacteria; D_1__p__Firmicutes; D_2__c__Negativicutes; D_3__o__Veillonellales; D_4__f__Veillonellaceae; D_5__g__Veillonella; D_6__g__Veillonella_s__dispar
2061	0	0	0	0	0	6	0	0	0	0	0	0	0	0	0	0	0	0	0	0	0	0	0	0	0	0	0	0	0	0	0	0	0	0	0	0	0	0	0	0	0	0	0	0	0	0	0	0	0	0	D_0__k__Bacteria; D_1__p__Actinobacteria; D_2__c__Actinomycetia; D_3__o__Actinomycetales; D_4__f__Actinomycetaceae; D_5__g__Schaalia; D_6__g__Schaalia_s__sp._HMT_178
2062	0	0	0	0	0	0	0	6	0	0	0	0	0	0	0	0	0	0	0	0	0	0	0	0	0	0	0	0	0	0	0	0	0	0	0	0	0	0	0	0	0	0	0	0	0	0	0	0	0	0	D_0__k__Bacteria; D_1__p__Spirochaetes; D_2__c__Spirochaetia; D_3__o__Spirochaetales; D_4__f__Treponemataceae; D_5__g__Treponema; D_6__g__Treponema_s__socranskii
2063	0	0	0	0	0	0	0	6	0	0	0	0	0	0	0	0	0	0	0	0	0	0	0	0	0	0	0	0	0	0	0	0	0	0	0	0	0	0	0	0	0	0	0	0	0	0	0	0	0	0	D_0__k__Bacteria; D_1__p__Actinobacteria; D_2__c__Actinomycetia; D_3__o__Actinomycetales; D_4__f__Actinomycetaceae; D_5__g__Schaalia; D_6__g__Schaalia_s__sp._HMT_172
2064	0	0	0	0	0	0	0	0	0	6	0	0	0	0	0	0	0	0	0	0	0	0	0	0	0	0	0	0	0	0	0	0	0	0	0	0	0	0	0	0	0	0	0	0	0	0	0	0	0	0	D_0__k__Bacteria; D_1__p__Proteobacteria; D_2__c__Epsilonproteobacteria; D_3__o__Campylobacterales; D_4__f__Campylobacteraceae; D_5__g__Campylobacter; D_6__g__Campylobacter_s__rectus
2065	0	0	0	0	0	0	0	0	0	0	0	6	0	0	0	0	0	0	0	0	0	0	0	0	0	0	0	0	0	0	0	0	0	0	0	0	0	0	0	0	0	0	0	0	0	0	0	0	0	0	D_0__k__Bacteria; D_1__p__Firmicutes; D_2__c__Clostridia; D_3__o__Eubacteriales; D_4__f__Lachnospiraceae; D_5__g__Stomatobaculum; D_6__g__Stomatobaculum_s__longum
2066	0	0	0	0	0	0	0	0	0	0	0	6	0	0	0	0	0	0	0	0	0	0	0	0	0	0	0	0	0	0	0	0	0	0	0	0	0	0	0	0	0	0	0	0	0	0	0	0	0	0	D_0__k__Bacteria; D_1__p__Bacteroidetes; D_2__c__Bacteroidia; D_3__o__Bacteroidales; D_4__f__Prevotellaceae; D_5__g__Prevotella; D_6__g__Prevotella_s__sp._HMT_300
2067	0	0	0	0	0	0	0	0	0	0	0	0	0	6	0	0	0	0	0	0	0	0	0	0	0	0	0	0	0	0	0	0	0	0	0	0	0	0	0	0	0	0	0	0	0	0	0	0	0	0	D_0__k__Bacteria; D_1__p__Firmicutes; D_2__c__Negativicutes; D_3__o__Selenomonadales; D_4__f__Selenomonadaceae; D_5__g__Selenomonas; D_6__g__Selenomonas_s__flueggei
2068	0	0	0	0	0	0	0	0	0	0	0	0	0	6	0	0	0	0	0	0	0	0	0	0	0	0	0	0	0	0	0	0	0	0	0	0	0	0	0	0	0	0	0	0	0	0	0	0	0	0	D_0__k__Bacteria; D_1__p__Firmicutes; D_2__c__Clostridia; D_3__o__Eubacteriales; D_4__f__Ruminococcaceae; D_5__g__Ruminococcaceae_[G-1]; D_6__g__Ruminococcaceae_[G-1]_s__bacterium_HMT_075
2069	0	0	0	0	0	0	0	0	0	0	0	0	0	6	0	0	0	0	0	0	0	0	0	0	0	0	0	0	0	0	0	0	0	0	0	0	0	0	0	0	0	0	0	0	0	0	0	0	0	0	D_0__k__Bacteria; D_1__p__Bacteroidetes; D_2__c__Bacteroidia; D_3__o__Bacteroidales; D_4__f__Prevotellaceae; D_5__g__Prevotella; D_6__g__Prevotella_s__sp._HMT_314
2070	0	0	0	0	0	0	0	0	0	0	0	0	0	0	0	6	0	0	0	0	0	0	0	0	0	0	0	0	0	0	0	0	0	0	0	0	0	0	0	0	0	0	0	0	0	0	0	0	0	0	D_0__k__Bacteria; D_1__p__Bacteroidetes; D_2__c__Flavobacteriia; D_3__o__Flavobacteriales; D_4__f__Flavobacteriaceae; D_5__g__Capnocytophaga; D_6__g__Capnocytophaga_s__leadbetteri
2071	0	0	0	0	0	0	0	0	0	0	0	0	0	0	0	0	6	0	0	0	0	0	0	0	0	0	0	0	0	0	0	0	0	0	0	0	0	0	0	0	0	0	0	0	0	0	0	0	0	0	D_0__k__Bacteria; D_1__p__Actinobacteria; D_2__c__Actinomycetia; D_3__o__Actinomycetales; D_4__f__Actinomycetaceae; D_5__g__Schaalia; D_6__g__Schaalia_s__sp._HMT_180
2072	0	0	0	0	0	0	0	0	0	0	0	0	0	0	0	0	0	6	0	0	0	0	0	0	0	0	0	0	0	0	0	0	0	0	0	0	0	0	0	0	0	0	0	0	0	0	0	0	0	0	D_0__k__Bacteria; D_1__p__Fusobacteria; D_2__c__Fusobacteriia; D_3__o__Fusobacteriales; D_4__f__Fusobacteriaceae; D_5__g__Fusobacterium; D_6__g__Fusobacterium_s__nucleatum
2073	0	0	0	0	0	0	0	0	0	0	0	0	0	0	0	0	0	6	0	0	0	0	0	0	0	0	0	0	0	0	0	0	0	0	0	0	0	0	0	0	0	0	0	0	0	0	0	0	0	0	D_0__k__Bacteria; D_1__p__Bacteroidetes; D_2__c__Flavobacteriia; D_3__o__Flavobacteriales; D_4__f__Flavobacteriaceae; D_5__g__Capnocytophaga; D_6__g__Capnocytophaga_s__sp._HMT_412
2074	0	0	0	0	0	0	0	0	0	0	0	0	0	0	0	0	0	0	6	0	0	0	0	0	0	0	0	0	0	0	0	0	0	0	0	0	0	0	0	0	0	0	0	0	0	0	0	0	0	0	D_0__k__Bacteria; D_1__p__Firmicutes; D_2__c__Clostridia; D_3__o__Eubacteriales; D_4__f__Lachnospiraceae; D_5__g__Oribacterium; D_6__g__Oribacterium_s__sp._HMT_078
2075	0	0	0	0	0	0	0	0	0	0	0	0	0	0	0	0	0	0	0	0	6	0	0	0	0	0	0	0	0	0	0	0	0	0	0	0	0	0	0	0	0	0	0	0	0	0	0	0	0	0	D_0__k__Bacteria; D_1__p__Actinobacteria; D_2__c__Actinomycetia; D_3__o__Propionibacteriales; D_4__f__Propionibacteriaceae; D_5__g__Acidipropionibacterium; D_6__g__Acidipropionibacterium_s__acidifaciens
2076	0	0	0	0	0	0	0	0	0	0	0	0	0	0	0	0	0	0	0	0	6	0	0	0	0	0	0	0	0	0	0	0	0	0	0	0	0	0	0	0	0	0	0	0	0	0	0	0	0	0	D_0__k__Bacteria; D_1__p__Bacteroidetes; D_2__c__Bacteroidia; D_3__o__Bacteroidales; D_4__f__Prevotellaceae; D_5__g__Prevotella; D_6__g__Prevotella_s__salivae
2077	0	0	0	0	0	0	0	0	0	0	0	0	0	0	0	0	0	0	0	0	6	0	0	0	0	0	0	0	0	0	0	0	0	0	0	0	0	0	0	0	0	0	0	0	0	0	0	0	0	0	D_0__k__Bacteria; D_1__p__Proteobacteria; D_2__c__Epsilonproteobacteria; D_3__o__Campylobacterales; D_4__f__Campylobacteraceae; D_5__g__Campylobacter; D_6__g__Campylobacter_s__rectus
2078	0	0	0	0	0	0	0	0	0	0	0	0	0	0	0	0	0	0	0	0	6	0	0	0	0	0	0	0	0	0	0	0	0	0	0	0	0	0	0	0	0	0	0	0	0	0	0	0	0	0	D_0__k__Bacteria; D_1__p__Firmicutes; D_2__c__Clostridia; D_3__o__Eubacteriales; D_4__f__Lachnospiraceae; D_5__g__Butyrivibrio; D_6__g__Butyrivibrio_s__sp._HMT_080
2079	0	0	0	0	0	0	0	0	0	0	0	0	0	0	0	0	0	0	0	0	0	0	0	0	6	0	0	0	0	0	0	0	0	0	0	0	0	0	0	0	0	0	0	0	0	0	0	0	0	0	D_0__k__Bacteria; D_1__p__Firmicutes; D_2__c__Negativicutes; D_3__o__Veillonellales; D_4__f__Veillonellaceae; D_5__g__Anaeroglobus; D_6__g__Anaeroglobus_s__geminatus
2080	0	0	0	0	0	0	0	0	0	0	0	0	0	0	0	0	0	0	0	0	0	0	0	0	0	6	0	0	0	0	0	0	0	0	0	0	0	0	0	0	0	0	0	0	0	0	0	0	0	0	D_0__k__Bacteria; D_1__p__Actinobacteria; D_2__c__Actinomycetia; D_3__o__Corynebacteriales; D_4__f__Corynebacteriaceae; D_5__g__Corynebacterium; D_6__g__Corynebacterium_s__aurimucosum
2081	0	0	0	0	0	0	0	0	0	0	0	0	0	0	0	0	0	0	0	0	0	0	0	0	0	6	0	0	0	0	0	0	0	0	0	0	0	0	0	0	0	0	0	0	0	0	0	0	0	0	D_0__k__Bacteria; D_1__p__Proteobacteria; D_2__c__Epsilonproteobacteria; D_3__o__Campylobacterales; D_4__f__Campylobacteraceae; D_5__g__Campylobacter; D_6__g__Campylobacter_s__gracilis
2082	0	0	0	0	0	0	0	0	0	0	0	0	0	0	0	0	0	0	0	0	0	0	0	0	0	6	0	0	0	0	0	0	0	0	0	0	0	0	0	0	0	0	0	0	0	0	0	0	0	0	D_0__k__Bacteria; D_1__p__Actinobacteria; D_2__c__Actinomycetia; D_3__o__Corynebacteriales; D_4__f__Corynebacteriaceae; D_5__g__Corynebacterium; D_6__g__Corynebacterium_s__matruchotii
2083	0	0	0	0	0	0	0	0	0	0	0	0	0	0	0	0	0	0	0	0	0	0	0	0	0	6	0	0	0	0	0	0	0	0	0	0	0	0	0	0	0	0	0	0	0	0	0	0	0	0	D_0__k__Bacteria; D_1__p__Saccharibacteria_(TM7); D_2__c__Saccharibacteria_(TM7)_[C-1]; D_3__o__Saccharibacteria_(TM7)_[O-1]; D_4__f__Saccharibacteria_(TM7)_[F-1]; D_5__g__Saccharibacteria_(TM7)_[G-3]; D_6__g__Saccharibacteria_(TM7)_[G-3]_s__bacterium_HMT_351
2084	0	0	0	0	0	0	0	0	0	0	0	0	0	0	0	0	0	0	0	0	0	0	0	0	0	6	0	0	0	0	0	0	0	0	0	0	0	0	0	0	0	0	0	0	0	0	0	0	0	0	D_0__k__Bacteria; D_1__p__Firmicutes; D_2__c__Negativicutes; D_3__o__Veillonellales; D_4__f__Veillonellaceae; D_5__g__Veillonella; D_6__g__Veillonella_s__sp._HMT_780
2085	0	0	0	0	0	0	0	0	0	0	0	0	0	0	0	0	0	0	0	0	0	0	0	0	0	0	0	0	6	0	0	0	0	0	0	0	0	0	0	0	0	0	0	0	0	0	0	0	0	0	D_0__k__Bacteria; D_1__p__Firmicutes; D_2__c__Clostridia; D_3__o__Eubacteriales; D_4__f__Peptostreptococcaceae; D_5__g__Peptostreptococcus; D_6__g__Peptostreptococcus_s__stomatis
2086	0	0	0	0	0	0	0	0	0	0	0	0	0	0	0	0	0	0	0	0	0	0	0	0	0	0	0	0	6	0	0	0	0	0	0	0	0	0	0	0	0	0	0	0	0	0	0	0	0	0	D_0__k__Bacteria; D_1__p__Firmicutes; D_2__c__Bacilli; D_3__o__Bacillales; D_4__f__Gemellaceae; D_5__g__Gemella; D_6__g__Gemella_s__morbillorum
2087	0	0	0	0	0	0	0	0	0	0	0	0	0	0	0	0	0	0	0	0	0	0	0	0	0	0	0	0	0	6	0	0	0	0	0	0	0	0	0	0	0	0	0	0	0	0	0	0	0	0	D_0__k__Bacteria; D_1__p__Firmicutes; D_2__c__Negativicutes; D_3__o__Veillonellales; D_4__f__Veillonellaceae; D_5__g__Veillonella; D_6__g__Veillonella_s__dispar
2088	0	0	0	0	0	0	0	0	0	0	0	0	0	0	0	0	0	0	0	0	0	0	0	0	0	0	0	0	0	0	0	6	0	0	0	0	0	0	0	0	0	0	0	0	0	0	0	0	0	0	D_0__k__Bacteria; D_1__p__Proteobacteria; D_2__c__Gammaproteobacteria; D_3__o__Pasteurellales; D_4__f__Pasteurellaceae; D_5__g__Haemophilus; D_6__g__Haemophilus_s__parainfluenzae
2089	0	0	0	0	0	0	0	0	0	0	0	0	0	0	0	0	0	0	0	0	0	0	0	0	0	0	0	0	0	0	0	6	0	0	0	0	0	0	0	0	0	0	0	0	0	0	0	0	0	0	D_0__k__Bacteria; D_1__p__Firmicutes; D_2__c__Bacilli; D_3__o__Lactobacillales; D_4__f__Streptococcaceae; D_5__g__Streptococcus; D_6__g__Streptococcus_s__oralis_subsp._dentisani_clade_058
2090	0	0	0	0	0	0	0	0	0	0	0	0	0	0	0	0	0	0	0	0	0	0	0	0	0	0	0	0	0	0	0	0	6	0	0	0	0	0	0	0	0	0	0	0	0	0	0	0	0	0	D_0__k__Bacteria; D_1__p__Proteobacteria; D_2__c__Betaproteobacteria; D_3__o__Neisseriales; D_4__f__Neisseriaceae; D_5__g__Neisseria; D_6__g__Neisseria_s__subflava
2091	0	0	0	0	0	0	0	0	0	0	0	0	0	0	0	0	0	0	0	0	0	0	0	0	0	0	0	0	0	0	0	0	6	0	0	0	0	0	0	0	0	0	0	0	0	0	0	0	0	0	D_0__k__Bacteria; D_1__p__Firmicutes; D_2__c__Bacilli; D_3__o__Bacillales; D_4__f__Gemellaceae; D_5__g__Gemella; D_6__g__Gemella_s__haemolysans
2092	0	0	0	0	0	0	0	0	0	0	0	0	0	0	0	0	0	0	0	0	0	0	0	0	0	0	0	0	0	0	0	0	6	0	0	0	0	0	0	0	0	0	0	0	0	0	0	0	0	0	D_0__k__Bacteria; D_1__p__Fusobacteria; D_2__c__Fusobacteriia; D_3__o__Fusobacteriales; D_4__f__Leptotrichiaceae; D_5__g__Leptotrichia; D_6__g__Leptotrichia_s__hongkongensis
2093	0	0	0	0	0	0	0	0	0	0	0	0	0	0	0	0	0	0	0	0	0	0	0	0	0	0	0	0	0	0	0	0	6	0	0	0	0	0	0	0	0	0	0	0	0	0	0	0	0	0	D_0__k__Bacteria; D_1__p__Fusobacteria; D_2__c__Fusobacteriia; D_3__o__Fusobacteriales; D_4__f__Fusobacteriaceae; D_5__g__Fusobacterium; D_6__g__Fusobacterium_s__nucleatum
2094	0	0	0	0	0	0	0	0	0	0	0	0	0	0	0	0	0	0	0	0	0	0	0	0	0	0	0	0	0	0	0	0	0	0	0	0	6	0	0	0	0	0	0	0	0	0	0	0	0	0	D_0__k__Bacteria; D_1__p__Firmicutes; D_2__c__Negativicutes; D_3__o__Selenomonadales; D_4__f__Selenomonadaceae; D_5__g__Selenomonas; D_6__g__Selenomonas_s__sp._HMT_136
2095	0	0	0	0	0	0	0	0	0	0	0	0	0	0	0	0	0	0	0	0	0	0	0	0	0	0	0	0	0	0	0	0	0	0	0	0	6	0	0	0	0	0	0	0	0	0	0	0	0	0	D_0__k__Bacteria; D_1__p__Actinobacteria; D_2__c__Actinomycetia; D_3__o__Actinomycetales; D_4__f__Actinomycetaceae; D_5__g__Actinomyces; D_6__g__Actinomyces_s__dentalis
2096	0	0	0	0	0	0	0	0	0	0	0	0	0	0	0	0	0	0	0	0	0	0	0	0	0	0	0	0	0	0	0	0	0	0	0	0	0	6	0	0	0	0	0	0	0	0	0	0	0	0	D_0__k__Bacteria; D_1__p__Bacteroidetes; D_2__c__Bacteroidia; D_3__o__Bacteroidales; D_4__f__Prevotellaceae; D_5__g__Alloprevotella; D_6__g__Alloprevotella_s__sp._HMT_473
2097	0	0	0	0	0	0	0	0	0	0	0	0	0	0	0	0	0	0	0	0	0	0	0	0	0	0	0	0	0	0	0	0	0	0	0	0	0	6	0	0	0	0	0	0	0	0	0	0	0	0	D_0__k__Bacteria; D_1__p__Firmicutes; D_2__c__Bacilli; D_3__o__Lactobacillales; D_4__f__Streptococcaceae; D_5__g__Streptococcus; D_6__g__Streptococcus_s__oralis_subsp._dentisani_clade_058
2098	0	0	0	0	0	0	0	0	0	0	0	0	0	0	0	0	0	0	0	0	0	0	0	0	0	0	0	0	0	0	0	0	0	0	0	0	0	0	6	0	0	0	0	0	0	0	0	0	0	0	D_0__k__Bacteria; D_1__p__Bacteroidetes; D_2__c__Bacteroidia; D_3__o__Bacteroidales; D_4__f__Tannerellaceae; D_5__g__Tannerella; D_6__g__Tannerella_s__sp._HMT_286
2099	0	0	0	0	0	0	0	0	0	0	0	0	0	0	0	0	0	0	0	0	0	0	0	0	0	0	0	0	0	0	0	0	0	0	0	0	0	0	6	0	0	0	0	0	0	0	0	0	0	0	D_0__k__Bacteria; D_1__p__Fusobacteria; D_2__c__Fusobacteriia; D_3__o__Fusobacteriales; D_4__f__Leptotrichiaceae; D_5__g__Leptotrichia; D_6__g__Leptotrichia_s__hofstadii
2100	0	0	0	0	0	0	0	0	0	0	0	0	0	0	0	0	0	0	0	0	0	0	0	0	0	0	0	0	0	0	0	0	0	0	0	0	0	0	6	0	0	0	0	0	0	0	0	0	0	0	D_0__k__Bacteria; D_1__p__Actinobacteria; D_2__c__Actinomycetia; D_3__o__Actinomycetales; D_4__f__Actinomycetaceae; D_5__g__Actinomyces; D_6__g__Actinomyces_s__dentalis
2101	0	0	0	0	0	0	0	0	0	0	0	0	0	0	0	0	0	0	0	0	0	0	0	0	0	0	0	0	0	0	0	0	0	0	0	0	0	0	0	6	0	0	0	0	0	0	0	0	0	0	D_0__k__Bacteria; D_1__p__Bacteroidetes; D_2__c__Bacteroidia; D_3__o__Bacteroidales; D_4__f__Prevotellaceae; D_5__g__Prevotella; D_6__g__Prevotella_s__sp._HMT_317
2102	0	0	0	0	0	0	0	0	0	0	0	0	0	0	0	0	0	0	0	0	0	0	0	0	0	0	0	0	0	0	0	0	0	0	0	0	0	0	0	0	0	6	0	0	0	0	0	0	0	0	D_0__k__Bacteria; D_1__p__Fusobacteria; D_2__c__Fusobacteriia; D_3__o__Fusobacteriales; D_4__f__Leptotrichiaceae; D_5__g__Leptotrichia; D_6__g__Leptotrichia_s__shahii
2103	0	0	0	0	0	0	0	0	0	0	0	0	0	0	0	0	0	0	0	0	0	0	0	0	0	0	0	0	0	0	0	0	0	0	0	0	0	0	0	0	0	6	0	0	0	0	0	0	0	0	D_0__k__Bacteria; D_1__p__Firmicutes; D_2__c__Negativicutes; D_3__o__Veillonellales; D_4__f__Veillonellaceae; D_5__g__Veillonella; D_6__g__Veillonella_s__dispar
2104	0	0	0	0	0	0	0	0	0	0	0	0	0	0	0	0	0	0	0	0	0	0	0	0	0	0	0	0	0	0	0	0	0	0	0	0	0	0	0	0	0	6	0	0	0	0	0	0	0	0	D_0__k__Bacteria; D_1__p__Firmicutes; D_2__c__Negativicutes; D_3__o__Veillonellales; D_4__f__Veillonellaceae; D_5__g__Veillonella; D_6__g__Veillonella_s__dispar
2105	0	0	0	0	0	0	0	0	0	0	0	0	0	0	0	0	0	0	0	0	0	0	0	0	0	0	0	0	0	0	0	0	0	0	0	0	0	0	0	0	0	0	0	0	6	0	0	0	0	0	D_0__k__Bacteria; D_1__p__Bacteroidetes; D_2__c__Bacteroidetes_[C-1]; D_3__o__Bacteroidetes_[O-1]; D_4__f__Bacteroidetes_[F-1]; D_5__g__Bacteroidetes_[G-3]; D_6__g__Bacteroidetes_[G-3]_s__bacterium_HMT_281
2106	0	0	0	0	0	0	0	0	0	0	0	0	0	0	0	0	0	0	0	0	0	0	0	0	0	0	0	0	0	0	0	0	0	0	0	0	0	0	0	0	0	0	0	0	6	0	0	0	0	0	D_0__k__Bacteria; D_1__p__Bacteroidetes; D_2__c__Flavobacteriia; D_3__o__Flavobacteriales; D_4__f__Flavobacteriaceae; D_5__g__Capnocytophaga; D_6__g__Capnocytophaga_s__sputigena
2107	0	0	0	0	0	0	0	0	0	0	0	0	0	0	0	0	0	0	0	0	0	0	0	0	0	0	0	0	0	0	0	0	0	0	0	0	0	0	0	0	0	0	0	0	6	0	0	0	0	0	D_0__k__Bacteria; D_1__p__Firmicutes; D_2__c__Bacilli; D_3__o__Lactobacillales; D_4__f__Lactobacillaceae; D_5__g__Lacticaseibacillus; D_6__g__Lacticaseibacillus_s__paracasei
2108	0	0	0	0	0	0	0	0	0	0	0	0	0	0	0	0	0	0	0	0	0	0	0	0	0	0	0	0	0	0	0	0	0	0	0	0	0	0	0	0	0	0	0	0	6	0	0	0	0	0	D_0__k__Bacteria; D_1__p__Bacteroidetes; D_2__c__Bacteroidia; D_3__o__Bacteroidales; D_4__f__Prevotellaceae; D_5__g__Prevotella; D_6__g__Prevotella_s__sp._HMT_293
2109	0	0	0	0	0	0	0	0	0	0	0	0	0	0	0	0	0	0	0	0	0	0	0	0	0	0	0	0	0	0	0	0	0	0	0	0	0	0	0	0	0	0	0	0	6	0	0	0	0	0	D_0__k__Bacteria; D_1__p__Firmicutes; D_2__c__Bacilli; D_3__o__Lactobacillales; D_4__f__Streptococcaceae; D_5__g__Streptococcus; D_6__g__Streptococcus_s__sanguinis
2110	0	0	0	0	0	0	0	0	0	0	0	0	0	0	0	0	0	0	0	0	0	0	0	0	0	0	0	0	0	0	0	0	0	0	0	0	0	0	0	0	0	0	0	0	0	0	0	6	0	0	D_0__k__Bacteria; D_1__p__Proteobacteria; D_2__c__Betaproteobacteria; D_3__o__Neisseriales; D_4__f__Neisseriaceae; D_5__g__Neisseria; D_6__g__Neisseria_s__perflava
2111	0	0	0	0	0	0	0	0	0	0	0	0	0	0	0	0	0	0	0	0	0	0	0	0	0	0	0	0	0	0	0	0	0	0	0	0	0	0	0	0	0	0	0	0	0	0	0	0	0	6	D_0__k__Bacteria; D_1__p__Firmicutes; D_2__c__Negativicutes; D_3__o__Selenomonadales; D_4__f__Selenomonadaceae; D_5__g__Centipeda; D_6__g__Centipeda_s__periodontii
2112	0	0	0	0	0	0	0	0	0	0	0	0	0	0	0	0	0	0	0	0	0	0	0	0	0	0	0	0	0	0	0	0	0	0	0	0	0	0	0	0	0	0	0	0	0	0	0	0	0	6	D_0__k__Bacteria; D_1__p__Fusobacteria; D_2__c__Fusobacteriia; D_3__o__Fusobacteriales; D_4__f__Fusobacteriaceae; D_5__g__Fusobacterium; D_6__g__Fusobacterium_s__sp._HMT_203
2113	0	5	0	0	0	0	0	0	0	0	0	0	0	0	0	0	0	0	0	0	0	0	0	0	0	0	0	0	0	0	0	0	0	0	0	0	0	0	0	0	0	0	0	0	0	0	0	0	0	0	D_0__k__Bacteria; D_1__p__Fusobacteria; D_2__c__Fusobacteriia; D_3__o__Fusobacteriales; D_4__f__Fusobacteriaceae; D_5__g__Fusobacterium; D_6__g__Fusobacterium_s__nucleatum
2114	0	5	0	0	0	0	0	0	0	0	0	0	0	0	0	0	0	0	0	0	0	0	0	0	0	0	0	0	0	0	0	0	0	0	0	0	0	0	0	0	0	0	0	0	0	0	0	0	0	0	D_0__k__Bacteria; D_1__p__Fusobacteria; D_2__c__Fusobacteriia; D_3__o__Fusobacteriales; D_4__f__Fusobacteriaceae; D_5__g__Fusobacterium; D_6__g__Fusobacterium_s__periodonticum
2115	0	0	5	0	0	0	0	0	0	0	0	0	0	0	0	0	0	0	0	0	0	0	0	0	0	0	0	0	0	0	0	0	0	0	0	0	0	0	0	0	0	0	0	0	0	0	0	0	0	0	D_0__k__Bacteria; D_1__p__Bacteroidetes; D_2__c__Bacteroidia; D_3__o__Bacteroidales; D_4__f__Tannerellaceae; D_5__g__Tannerella; D_6__g__Tannerella_s__forsythia
2116	0	0	5	0	0	0	0	0	0	0	0	0	0	0	0	0	0	0	0	0	0	0	0	0	0	0	0	0	0	0	0	0	0	0	0	0	0	0	0	0	0	0	0	0	0	0	0	0	0	0	D_0__k__Bacteria; D_1__p__Proteobacteria; D_2__c__Epsilonproteobacteria; D_3__o__Campylobacterales; D_4__f__Campylobacteraceae; D_5__g__Campylobacter; D_6__g__Campylobacter_s__gracilis
2117	0	0	0	5	0	0	0	0	0	0	0	0	0	0	0	0	0	0	0	0	0	0	0	0	0	0	0	0	0	0	0	0	0	0	0	0	0	0	0	0	0	0	0	0	0	0	0	0	0	0	D_0__k__Bacteria; D_1__p__Bacteroidetes; D_2__c__Bacteroidia; D_3__o__Bacteroidales; D_4__f__Prevotellaceae; D_5__g__Prevotella; D_6__g__Prevotella_s__denticola
2118	0	0	0	0	5	0	0	0	0	0	0	0	0	0	0	0	0	0	0	0	0	0	0	0	0	0	0	0	0	0	0	0	0	0	0	0	0	0	0	0	0	0	0	0	0	0	0	0	0	0	D_0__k__Bacteria; D_1__p__Synergistetes; D_2__c__Synergistia; D_3__o__Synergistales; D_4__f__Synergistaceae; D_5__g__Fretibacterium; D_6__g__Fretibacterium_s__fastidiosum
2119	0	0	0	0	5	0	0	0	0	0	0	0	0	0	0	0	0	0	0	0	0	0	0	0	0	0	0	0	0	0	0	0	0	0	0	0	0	0	0	0	0	0	0	0	0	0	0	0	0	0	D_0__k__Bacteria; D_1__p__Firmicutes; D_2__c__Clostridia; D_3__o__Eubacteriales; D_4__f__Peptococcaceae; D_5__g__Peptococcus; D_6__g__Peptococcus_s__sp._HMT_167
2120	0	0	0	0	0	5	0	0	0	0	0	0	0	0	0	0	0	0	0	0	0	0	0	0	0	0	0	0	0	0	0	0	0	0	0	0	0	0	0	0	0	0	0	0	0	0	0	0	0	0	D_0__k__Bacteria; D_1__p__Fusobacteria; D_2__c__Fusobacteriia; D_3__o__Fusobacteriales; D_4__f__Fusobacteriaceae; D_5__g__Fusobacterium; D_6__g__Fusobacterium_s__nucleatum
2121	0	0	0	0	0	5	0	0	0	0	0	0	0	0	0	0	0	0	0	0	0	0	0	0	0	0	0	0	0	0	0	0	0	0	0	0	0	0	0	0	0	0	0	0	0	0	0	0	0	0	D_0__k__Bacteria; D_1__p__Firmicutes; D_2__c__Clostridia; D_3__o__Eubacteriales; D_4__f__Lachnospiraceae; D_5__g__Oribacterium; D_6__g__Oribacterium_s__asaccharolyticum
2122	0	0	0	0	0	5	0	0	0	0	0	0	0	0	0	0	0	0	0	0	0	0	0	0	0	0	0	0	0	0	0	0	0	0	0	0	0	0	0	0	0	0	0	0	0	0	0	0	0	0	D_0__k__Bacteria; D_1__p__Firmicutes; D_2__c__Bacilli; D_3__o__Lactobacillales; D_4__f__Carnobacteriaceae; D_5__g__Granulicatella; D_6__g__Granulicatella_s__adiacens
2123	0	0	0	0	0	0	0	5	0	0	0	0	0	0	0	0	0	0	0	0	0	0	0	0	0	0	0	0	0	0	0	0	0	0	0	0	0	0	0	0	0	0	0	0	0	0	0	0	0	0	D_0__k__Bacteria; D_1__p__Bacteroidetes; D_2__c__Flavobacteriia; D_3__o__Flavobacteriales; D_4__f__Flavobacteriaceae; D_5__g__Capnocytophaga; D_6__g__Capnocytophaga_s__leadbetteri
2124	0	0	0	0	0	0	0	5	0	0	0	0	0	0	0	0	0	0	0	0	0	0	0	0	0	0	0	0	0	0	0	0	0	0	0	0	0	0	0	0	0	0	0	0	0	0	0	0	0	0	D_0__k__Bacteria; D_1__p__Proteobacteria; D_2__c__Betaproteobacteria; D_3__o__Neisseriales; D_4__f__Neisseriaceae; D_5__g__Neisseria; D_6__g__Neisseria_s__flava
2125	0	0	0	0	0	0	0	0	0	0	0	5	0	0	0	0	0	0	0	0	0	0	0	0	0	0	0	0	0	0	0	0	0	0	0	0	0	0	0	0	0	0	0	0	0	0	0	0	0	0	D_0__k__Bacteria; D_1__p__Firmicutes; D_2__c__Clostridia; D_3__o__Eubacteriales; D_4__f__Lachnospiraceae; D_5__g__Catonella; D_6__g__Catonella_s__morbi
2126	0	0	0	0	0	0	0	0	0	0	0	5	0	0	0	0	0	0	0	0	0	0	0	0	0	0	0	0	0	0	0	0	0	0	0	0	0	0	0	0	0	0	0	0	0	0	0	0	0	0	D_0__k__Bacteria; D_1__p__Bacteroidetes; D_2__c__Flavobacteriia; D_3__o__Flavobacteriales; D_4__f__Flavobacteriaceae; D_5__g__Capnocytophaga; D_6__g__Capnocytophaga_s__sp._HMT_863
2127	0	0	0	0	0	0	0	0	0	0	0	5	0	0	0	0	0	0	0	0	0	0	0	0	0	0	0	0	0	0	0	0	0	0	0	0	0	0	0	0	0	0	0	0	0	0	0	0	0	0	D_0__k__Bacteria; D_1__p__Saccharibacteria_(TM7); D_2__c__Saccharibacteria_(TM7)_[C-1]; D_3__o__Saccharibacteria_(TM7)_[O-1]; D_4__f__Saccharibacteria_(TM7)_[F-1]; D_5__g__Saccharibacteria_(TM7)_[G-6]; D_6__g__Saccharibacteria_(TM7)_[G-6]_s__bacterium_HMT_870
2128	0	0	0	0	0	0	0	0	0	0	0	5	0	0	0	0	0	0	0	0	0	0	0	0	0	0	0	0	0	0	0	0	0	0	0	0	0	0	0	0	0	0	0	0	0	0	0	0	0	0	D_0__k__Bacteria; D_1__p__Fusobacteria; D_2__c__Fusobacteriia; D_3__o__Fusobacteriales; D_4__f__Fusobacteriaceae; D_5__g__Fusobacterium; D_6__g__Fusobacterium_s__sp._HMT_248
2129	0	0	0	0	0	0	0	0	0	0	0	0	5	0	0	0	0	0	0	0	0	0	0	0	0	0	0	0	0	0	0	0	0	0	0	0	0	0	0	0	0	0	0	0	0	0	0	0	0	0	D_0__k__Bacteria; D_1__p__Bacteroidetes; D_2__c__Bacteroidia; D_3__o__Bacteroidales; D_4__f__Porphyromonadaceae; D_5__g__Porphyromonas; D_6__g__Porphyromonas_s__catoniae
2130	0	0	0	0	0	0	0	0	0	0	0	0	0	5	0	0	0	0	0	0	0	0	0	0	0	0	0	0	0	0	0	0	0	0	0	0	0	0	0	0	0	0	0	0	0	0	0	0	0	0	D_0__k__Bacteria; D_1__p__Firmicutes; D_2__c__Clostridia; D_3__o__Eubacteriales; D_4__f__Peptostreptococcaceae; D_5__g__Peptostreptococcus; D_6__g__Peptostreptococcus_s__stomatis
2131	0	0	0	0	0	0	0	0	0	0	0	0	0	5	0	0	0	0	0	0	0	0	0	0	0	0	0	0	0	0	0	0	0	0	0	0	0	0	0	0	0	0	0	0	0	0	0	0	0	0	D_0__k__Bacteria; D_1__p__Firmicutes; D_2__c__Bacilli; D_3__o__Lactobacillales; D_4__f__Lactobacillaceae; D_5__g__Lacticaseibacillus; D_6__g__Lacticaseibacillus_s__casei
2132	0	0	0	0	0	0	0	0	0	0	0	0	0	0	0	5	0	0	0	0	0	0	0	0	0	0	0	0	0	0	0	0	0	0	0	0	0	0	0	0	0	0	0	0	0	0	0	0	0	0	D_0__k__Bacteria; D_1__p__Proteobacteria; D_2__c__Betaproteobacteria; D_3__o__Neisseriales; D_4__f__Neisseriaceae; D_5__g__Kingella; D_6__g__Kingella_s__oralis
2133	0	0	0	0	0	0	0	0	0	0	0	0	0	0	0	5	0	0	0	0	0	0	0	0	0	0	0	0	0	0	0	0	0	0	0	0	0	0	0	0	0	0	0	0	0	0	0	0	0	0	D_0__k__Bacteria; D_1__p__Firmicutes; D_2__c__Negativicutes; D_3__o__Selenomonadales; D_4__f__Selenomonadaceae; D_5__g__Selenomonas; D_6__g__Selenomonas_s__flueggei
2134	0	0	0	0	0	0	0	0	0	0	0	0	0	0	0	0	0	5	0	0	0	0	0	0	0	0	0	0	0	0	0	0	0	0	0	0	0	0	0	0	0	0	0	0	0	0	0	0	0	0	D_0__k__Bacteria; D_1__p__Firmicutes; D_2__c__Clostridia; D_3__o__Eubacteriales; D_4__f__Peptostreptococcaceae; D_5__g__Peptostreptococcaceae_[G-7]; D_6__g__Peptostreptococcaceae_[G-7]_s__[Eubacterium]_yurii_subsps._yurii_&_margaretiae
2135	0	0	0	0	0	0	0	0	0	0	0	0	0	0	0	0	0	5	0	0	0	0	0	0	0	0	0	0	0	0	0	0	0	0	0	0	0	0	0	0	0	0	0	0	0	0	0	0	0	0	D_0__k__Bacteria; D_1__p__Firmicutes; D_2__c__Clostridia; D_3__o__Eubacteriales; D_4__f__Lachnospiraceae; D_5__g__Lachnoanaerobaculum; D_6__g__Lachnoanaerobaculum_s__saburreum
2136	0	0	0	0	0	0	0	0	0	0	0	0	0	0	0	0	0	0	5	0	0	0	0	0	0	0	0	0	0	0	0	0	0	0	0	0	0	0	0	0	0	0	0	0	0	0	0	0	0	0	D_0__k__Bacteria; D_1__p__Actinobacteria; D_2__c__Coriobacteriia; D_3__o__Coriobacteriales; D_4__f__Atopobiaceae; D_5__g__Lancefieldella; D_6__g__Lancefieldella_s__parvula
2137	0	0	0	0	0	0	0	0	0	0	0	0	0	0	0	0	0	0	5	0	0	0	0	0	0	0	0	0	0	0	0	0	0	0	0	0	0	0	0	0	0	0	0	0	0	0	0	0	0	0	D_0__k__Bacteria; D_1__p__Bacteroidetes; D_2__c__Flavobacteriia; D_3__o__Flavobacteriales; D_4__f__Flavobacteriaceae; D_5__g__Capnocytophaga; D_6__g__Capnocytophaga_s__sputigena
2138	0	0	0	0	0	0	0	0	0	0	0	0	0	0	0	0	0	0	5	0	0	0	0	0	0	0	0	0	0	0	0	0	0	0	0	0	0	0	0	0	0	0	0	0	0	0	0	0	0	0	D_0__k__Bacteria; D_1__p__Bacteroidetes; D_2__c__Flavobacteriia; D_3__o__Flavobacteriales; D_4__f__Flavobacteriaceae; D_5__g__Capnocytophaga; D_6__g__Capnocytophaga_s__sputigena
2139	0	0	0	0	0	0	0	0	0	0	0	0	0	0	0	0	0	0	0	5	0	0	0	0	0	0	0	0	0	0	0	0	0	0	0	0	0	0	0	0	0	0	0	0	0	0	0	0	0	0	D_0__k__Bacteria; D_1__p__Proteobacteria; D_2__c__Betaproteobacteria; D_3__o__Neisseriales; D_4__f__Neisseriaceae; D_5__g__Neisseria; D_6__g__Neisseria_s__cinerea
2140	0	0	0	0	0	0	0	0	0	0	0	0	0	0	0	0	0	0	0	5	0	0	0	0	0	0	0	0	0	0	0	0	0	0	0	0	0	0	0	0	0	0	0	0	0	0	0	0	0	0	D_0__k__Bacteria; D_1__p__Proteobacteria; D_2__c__Betaproteobacteria; D_3__o__Neisseriales; D_4__f__Neisseriaceae; D_5__g__Neisseria; D_6__g__Neisseria_s__flava
2141	0	0	0	0	0	0	0	0	0	0	0	0	0	0	0	0	0	0	0	0	0	0	5	0	0	0	0	0	0	0	0	0	0	0	0	0	0	0	0	0	0	0	0	0	0	0	0	0	0	0	D_0__k__Bacteria; D_1__p__Proteobacteria; D_2__c__Betaproteobacteria; D_3__o__Neisseriales; D_4__f__Neisseriaceae; D_5__g__Neisseria; D_6__g__Neisseria_s__flava
2142	0	0	0	0	0	0	0	0	0	0	0	0	0	0	0	0	0	0	0	0	0	0	5	0	0	0	0	0	0	0	0	0	0	0	0	0	0	0	0	0	0	0	0	0	0	0	0	0	0	0	D_0__k__Bacteria; D_1__p__Actinobacteria; D_2__c__Actinomycetia; D_3__o__Micrococcales; D_4__f__Micrococcaceae; D_5__g__Rothia; D_6__g__Rothia_s__mucilaginosa
2143	0	0	0	0	0	0	0	0	0	0	0	0	0	0	0	0	0	0	0	0	0	0	5	0	0	0	0	0	0	0	0	0	0	0	0	0	0	0	0	0	0	0	0	0	0	0	0	0	0	0	D_0__k__Bacteria; D_1__p__Firmicutes; D_2__c__Negativicutes; D_3__o__Selenomonadales; D_4__f__Selenomonadaceae; D_5__g__Selenomonas; D_6__g__Selenomonas_s__noxia
2144	0	0	0	0	0	0	0	0	0	0	0	0	0	0	0	0	0	0	0	0	0	0	5	0	0	0	0	0	0	0	0	0	0	0	0	0	0	0	0	0	0	0	0	0	0	0	0	0	0	0	D_0__k__Bacteria; D_1__p__Actinobacteria; D_2__c__Actinomycetia; D_3__o__Corynebacteriales; D_4__f__Corynebacteriaceae; D_5__g__Corynebacterium; D_6__g__Corynebacterium_s__matruchotii
2145	0	0	0	0	0	0	0	0	0	0	0	0	0	0	0	0	0	0	0	0	0	0	0	5	0	0	0	0	0	0	0	0	0	0	0	0	0	0	0	0	0	0	0	0	0	0	0	0	0	0	D_0__k__Bacteria; D_1__p__Fusobacteria; D_2__c__Fusobacteriia; D_3__o__Fusobacteriales; D_4__f__Leptotrichiaceae; D_5__g__Pseudoleptotrichia; D_6__g__Pseudoleptotrichia_s__sp._HMT_219
2146	0	0	0	0	0	0	0	0	0	0	0	0	0	0	0	0	0	0	0	0	0	0	0	5	0	0	0	0	0	0	0	0	0	0	0	0	0	0	0	0	0	0	0	0	0	0	0	0	0	0	D_0__k__Bacteria; D_1__p__Proteobacteria; D_2__c__Betaproteobacteria; D_3__o__Neisseriales; D_4__f__Neisseriaceae; D_5__g__Neisseria; D_6__g__Neisseria_s__flava
2147	0	0	0	0	0	0	0	0	0	0	0	0	0	0	0	0	0	0	0	0	0	0	0	0	5	0	0	0	0	0	0	0	0	0	0	0	0	0	0	0	0	0	0	0	0	0	0	0	0	0	D_0__k__Bacteria; D_1__p__Firmicutes; D_2__c__Tissierellia; D_3__o__Tissierellales; D_4__f__Peptoniphilaceae; D_5__g__Parvimonas; D_6__g__Parvimonas_s__micra
2148	0	0	0	0	0	0	0	0	0	0	0	0	0	0	0	0	0	0	0	0	0	0	0	0	0	5	0	0	0	0	0	0	0	0	0	0	0	0	0	0	0	0	0	0	0	0	0	0	0	0	D_0__k__Bacteria; D_1__p__Fusobacteria; D_2__c__Fusobacteriia; D_3__o__Fusobacteriales; D_4__f__Fusobacteriaceae; D_5__g__Fusobacterium; D_6__g__Fusobacterium_s__nucleatum
2149	0	0	0	0	0	0	0	0	0	0	0	0	0	0	0	0	0	0	0	0	0	0	0	0	0	5	0	0	0	0	0	0	0	0	0	0	0	0	0	0	0	0	0	0	0	0	0	0	0	0	D_0__k__Bacteria; D_1__p__Bacteroidetes; D_2__c__Bacteroidia; D_3__o__Bacteroidales; D_4__f__Prevotellaceae; D_5__g__Prevotella; D_6__g__Prevotella_s__nigrescens
2150	0	0	0	0	0	0	0	0	0	0	0	0	0	0	0	0	0	0	0	0	0	0	0	0	0	5	0	0	0	0	0	0	0	0	0	0	0	0	0	0	0	0	0	0	0	0	0	0	0	0	D_0__k__Bacteria; D_1__p__Firmicutes; D_2__c__Clostridia; D_3__o__Eubacteriales; D_4__f__Lachnospiraceae; D_5__g__Lachnoanaerobaculum; D_6__g__Lachnoanaerobaculum_s__saburreum
2151	0	0	0	0	0	0	0	0	0	0	0	0	0	0	0	0	0	0	0	0	0	0	0	0	0	5	0	0	0	0	0	0	0	0	0	0	0	0	0	0	0	0	0	0	0	0	0	0	0	0	D_0__k__Bacteria; D_1__p__Gracilibacteria_(GN02); D_2__c__Gracilibacteria_(GN02)_[C-1]; D_3__o__Gracilibacteria_(GN02)_[O-1]; D_4__f__Gracilibacteria_(GN02)_[F-1]; D_5__g__Gracilibacteria_(GN02)_[G-1]; D_6__g__Gracilibacteria_(GN02)_[G-1]_s__bacterium_HMT_872
2152	0	0	0	0	0	0	0	0	0	0	0	0	0	0	0	0	0	0	0	0	0	0	0	0	0	5	0	0	0	0	0	0	0	0	0	0	0	0	0	0	0	0	0	0	0	0	0	0	0	0	D_0__k__Bacteria; D_1__p__Bacteroidetes; D_2__c__Bacteroidia; D_3__o__Bacteroidales; D_4__f__Prevotellaceae; D_5__g__Prevotella; D_6__g__Prevotella_s__histicola
2153	0	0	0	0	0	0	0	0	0	0	0	0	0	0	0	0	0	0	0	0	0	0	0	0	0	0	0	0	5	0	0	0	0	0	0	0	0	0	0	0	0	0	0	0	0	0	0	0	0	0	D_0__k__Bacteria; D_1__p__Proteobacteria; D_2__c__Epsilonproteobacteria; D_3__o__Campylobacterales; D_4__f__Campylobacteraceae; D_5__g__Campylobacter; D_6__g__Campylobacter_s__rectus
2154	0	0	0	0	0	0	0	0	0	0	0	0	0	0	0	0	0	0	0	0	0	0	0	0	0	0	0	0	5	0	0	0	0	0	0	0	0	0	0	0	0	0	0	0	0	0	0	0	0	0	D_0__k__Bacteria; D_1__p__Bacteroidetes; D_2__c__Bacteroidia; D_3__o__Bacteroidales; D_4__f__Prevotellaceae; D_5__g__Prevotella; D_6__g__Prevotella_s__oulorum
2155	0	0	0	0	0	0	0	0	0	0	0	0	0	0	0	0	0	0	0	0	0	0	0	0	0	0	0	0	0	5	0	0	0	0	0	0	0	0	0	0	0	0	0	0	0	0	0	0	0	0	D_0__k__Bacteria; D_1__p__Actinobacteria; D_2__c__Actinomycetia; D_3__o__Actinomycetales; D_4__f__Actinomycetaceae; D_5__g__Actinomyces; D_6__g__Actinomyces_s__sp._HMT_169
2156	0	0	0	0	0	0	0	0	0	0	0	0	0	0	0	0	0	0	0	0	0	0	0	0	0	0	0	0	0	5	0	0	0	0	0	0	0	0	0	0	0	0	0	0	0	0	0	0	0	0	D_0__k__Bacteria; D_1__p__Proteobacteria; D_2__c__Betaproteobacteria; D_3__o__Burkholderiales; D_4__f__Burkholderiaceae; D_5__g__Lautropia; D_6__g__Lautropia_s__mirabilis
2157	0	0	0	0	0	0	0	0	0	0	0	0	0	0	0	0	0	0	0	0	0	0	0	0	0	0	0	0	0	5	0	0	0	0	0	0	0	0	0	0	0	0	0	0	0	0	0	0	0	0	D_0__k__Bacteria; D_1__p__Firmicutes; D_2__c__Negativicutes; D_3__o__Veillonellales; D_4__f__Veillonellaceae; D_5__g__Veillonella; D_6__g__Veillonella_s__dispar
2158	0	0	0	0	0	0	0	0	0	0	0	0	0	0	0	0	0	0	0	0	0	0	0	0	0	0	0	0	0	5	0	0	0	0	0	0	0	0	0	0	0	0	0	0	0	0	0	0	0	0	D_0__k__Bacteria; D_1__p__Proteobacteria; D_2__c__Betaproteobacteria; D_3__o__Neisseriales; D_4__f__Neisseriaceae; D_5__g__Neisseria; D_6__g__Neisseria_s__flava
2159	0	0	0	0	0	0	0	0	0	0	0	0	0	0	0	0	0	0	0	0	0	0	0	0	0	0	0	0	0	5	0	0	0	0	0	0	0	0	0	0	0	0	0	0	0	0	0	0	0	0	D_0__k__Bacteria; D_1__p__Proteobacteria; D_2__c__Betaproteobacteria; D_3__o__Burkholderiales; D_4__f__Burkholderiaceae; D_5__g__Lautropia; D_6__g__Lautropia_s__mirabilis
2160	0	0	0	0	0	0	0	0	0	0	0	0	0	0	0	0	0	0	0	0	0	0	0	0	0	0	0	0	0	5	0	0	0	0	0	0	0	0	0	0	0	0	0	0	0	0	0	0	0	0	D_0__k__Bacteria; D_1__p__Proteobacteria; D_2__c__Betaproteobacteria; D_3__o__Burkholderiales; D_4__f__Burkholderiaceae; D_5__g__Lautropia; D_6__g__Lautropia_s__mirabilis
2161	0	0	0	0	0	0	0	0	0	0	0	0	0	0	0	0	0	0	0	0	0	0	0	0	0	0	0	0	0	0	0	5	0	0	0	0	0	0	0	0	0	0	0	0	0	0	0	0	0	0	D_0__k__Bacteria; D_1__p__Proteobacteria; D_2__c__Betaproteobacteria; D_3__o__Burkholderiales; D_4__f__Burkholderiaceae; D_5__g__Lautropia; D_6__g__Lautropia_s__mirabilis
2162	0	0	0	0	0	0	0	0	0	0	0	0	0	0	0	0	0	0	0	0	0	0	0	0	0	0	0	0	0	0	0	0	5	0	0	0	0	0	0	0	0	0	0	0	0	0	0	0	0	0	D_0__k__Bacteria; D_1__p__Fusobacteria; D_2__c__Fusobacteriia; D_3__o__Fusobacteriales; D_4__f__Leptotrichiaceae; D_5__g__Pseudoleptotrichia; D_6__g__Pseudoleptotrichia_s__goodfellowii
2163	0	0	0	0	0	0	0	0	0	0	0	0	0	0	0	0	0	0	0	0	0	0	0	0	0	0	0	0	0	0	0	0	5	0	0	0	0	0	0	0	0	0	0	0	0	0	0	0	0	0	D_0__k__Bacteria; D_1__p__Bacteroidetes; D_2__c__Bacteroidia; D_3__o__Bacteroidales; D_4__f__Porphyromonadaceae; D_5__g__Porphyromonas; D_6__g__Porphyromonas_s__sp._HMT_930
2164	0	0	0	0	0	0	0	0	0	0	0	0	0	0	0	0	0	0	0	0	0	0	0	0	0	0	0	0	0	0	0	0	5	0	0	0	0	0	0	0	0	0	0	0	0	0	0	0	0	0	D_0__k__Bacteria; D_1__p__Firmicutes; D_2__c__Bacilli; D_3__o__Bacillales; D_4__f__Gemellaceae; D_5__g__Gemella; D_6__g__Gemella_s__haemolysans
2165	0	0	0	0	0	0	0	0	0	0	0	0	0	0	0	0	0	0	0	0	0	0	0	0	0	0	0	0	0	0	0	0	0	5	0	0	0	0	0	0	0	0	0	0	0	0	0	0	0	0	D_0__k__Bacteria; D_1__p__Proteobacteria; D_2__c__Betaproteobacteria; D_3__o__Neisseriales; D_4__f__Neisseriaceae; D_5__g__Neisseria; D_6__g__Neisseria_s__flavescens
2166	0	0	0	0	0	0	0	0	0	0	0	0	0	0	0	0	0	0	0	0	0	0	0	0	0	0	0	0	0	0	0	0	0	5	0	0	0	0	0	0	0	0	0	0	0	0	0	0	0	0	D_0__k__Bacteria; D_1__p__Proteobacteria; D_2__c__Betaproteobacteria; D_3__o__Neisseriales; D_4__f__Neisseriaceae; D_5__g__Kingella; D_6__g__Kingella_s__oralis
2167	0	0	0	0	0	0	0	0	0	0	0	0	0	0	0	0	0	0	0	0	0	0	0	0	0	0	0	0	0	0	0	0	0	0	5	0	0	0	0	0	0	0	0	0	0	0	0	0	0	0	D_0__k__Bacteria; D_1__p__Firmicutes; D_2__c__Bacilli; D_3__o__Lactobacillales; D_4__f__Streptococcaceae; D_5__g__Streptococcus; D_6__g__Streptococcus_s__oralis_subsp._dentisani_clade_058
2168	0	0	0	0	0	0	0	0	0	0	0	0	0	0	0	0	0	0	0	0	0	0	0	0	0	0	0	0	0	0	0	0	0	0	0	0	5	0	0	0	0	0	0	0	0	0	0	0	0	0	D_0__k__Bacteria; D_1__p__Firmicutes; D_2__c__Clostridia; D_3__o__Eubacteriales; D_4__f__Peptostreptococcaceae; D_5__g__Peptostreptococcaceae_[G-4]; D_6__g__Peptostreptococcaceae_[G-4]_s__bacterium_HMT_369
2169	0	0	0	0	0	0	0	0	0	0	0	0	0	0	0	0	0	0	0	0	0	0	0	0	0	0	0	0	0	0	0	0	0	0	0	0	5	0	0	0	0	0	0	0	0	0	0	0	0	0	D_0__k__Bacteria; D_1__p__Saccharibacteria_(TM7); D_2__c__Saccharibacteria_(TM7)_[C-1]; D_3__o__Saccharibacteria_(TM7)_[O-1]; D_4__f__Saccharibacteria_(TM7)_[F-1]; D_5__g__Saccharibacteria_(TM7)_[G-3]; D_6__g__Saccharibacteria_(TM7)_[G-3]_s__bacterium_HMT_351
2170	0	0	0	0	0	0	0	0	0	0	0	0	0	0	0	0	0	0	0	0	0	0	0	0	0	0	0	0	0	0	0	0	0	0	0	0	0	5	0	0	0	0	0	0	0	0	0	0	0	0	D_0__k__Bacteria; D_1__p__Proteobacteria; D_2__c__Betaproteobacteria; D_3__o__Neisseriales; D_4__f__Neisseriaceae; D_5__g__Neisseria; D_6__g__Neisseria_s__flava
2171	0	0	0	0	0	0	0	0	0	0	0	0	0	0	0	0	0	0	0	0	0	0	0	0	0	0	0	0	0	0	0	0	0	0	0	0	0	0	0	0	0	0	0	0	0	5	0	0	0	0	D_0__k__Bacteria; D_1__p__Proteobacteria; D_2__c__Betaproteobacteria; D_3__o__Burkholderiales; D_4__f__Burkholderiaceae; D_5__g__Lautropia; D_6__g__Lautropia_s__mirabilis
2172	0	0	0	0	0	0	0	0	0	0	0	0	0	0	0	0	0	0	0	0	0	0	0	0	0	0	0	0	0	0	0	0	0	0	0	0	0	0	0	0	0	0	0	0	0	0	5	0	0	0	D_0__k__Bacteria; D_1__p__Firmicutes; D_2__c__Negativicutes; D_3__o__Selenomonadales; D_4__f__Selenomonadaceae; D_5__g__Selenomonas; D_6__g__Selenomonas_s__sputigena
2173	0	0	0	0	0	0	0	0	0	0	0	0	0	0	0	0	0	0	0	0	0	0	0	0	0	0	0	0	0	0	0	0	0	0	0	0	0	0	0	0	0	0	0	0	0	0	0	5	0	0	D_0__k__Bacteria; D_1__p__Fusobacteria; D_2__c__Fusobacteriia; D_3__o__Fusobacteriales; D_4__f__Leptotrichiaceae; D_5__g__Leptotrichia; D_6__g__Leptotrichia_s__sp._HMT_498
2174	0	0	0	0	0	0	0	0	0	0	0	0	0	0	0	0	0	0	0	0	0	0	0	0	0	0	0	0	0	0	0	0	0	0	0	0	0	0	0	0	0	0	0	0	0	0	0	5	0	0	D_0__k__Bacteria; D_1__p__Bacteroidetes; D_2__c__Bacteroidia; D_3__o__Bacteroidales; D_4__f__Prevotellaceae; D_5__g__Prevotella; D_6__g__Prevotella_s__nanceiensis
2175	0	0	0	0	0	0	0	0	0	0	0	0	0	0	0	0	0	0	0	0	0	0	0	0	0	0	0	0	0	0	0	0	0	0	0	0	0	0	0	0	0	0	0	0	0	0	0	5	0	0	D_0__k__Bacteria; D_1__p__Bacteroidetes; D_2__c__Flavobacteriia; D_3__o__Flavobacteriales; D_4__f__Weeksellaceae; D_5__g__Riemerella; D_6__g__Riemerella_s__sp._HMT_322
2176	0	0	0	0	0	0	0	0	0	0	0	0	0	0	0	0	0	0	0	0	0	0	0	0	0	0	0	0	0	0	0	0	0	0	0	0	0	0	0	0	0	0	0	0	0	0	0	5	0	0	D_0__k__Bacteria; D_1__p__Proteobacteria; D_2__c__Alphaproteobacteria; D_3__o__Hyphomicrobiales; D_4__f__Boseaceae; D_5__g__Bosea; D_6__g__Bosea_s__vestrisii
2177	0	0	0	0	0	0	0	0	0	0	0	0	0	0	0	0	0	0	0	0	0	0	0	0	0	0	0	0	0	0	0	0	0	0	0	0	0	0	0	0	0	0	0	0	0	0	0	0	5	0	D_0__k__Bacteria; D_1__p__Fusobacteria; D_2__c__Fusobacteriia; D_3__o__Fusobacteriales; D_4__f__Fusobacteriaceae; D_5__g__Fusobacterium; D_6__g__Fusobacterium_s__nucleatum
2178	0	0	0	0	0	0	0	0	0	0	0	0	0	0	0	0	0	0	0	0	0	0	0	0	0	0	0	0	0	0	0	0	0	0	0	0	0	0	0	0	0	0	0	0	0	0	0	0	5	0	D_0__k__Bacteria; D_1__p__Saccharibacteria_(TM7); D_2__c__Saccharibacteria_(TM7)_[C-1]; D_3__o__Saccharibacteria_(TM7)_[O-1]; D_4__f__Saccharibacteria_(TM7)_[F-1]; D_5__g__Saccharibacteria_(TM7)_[G-1]; D_6__g__Saccharibacteria_(TM7)_[G-1]_s__bacterium_HMT_957
2179	0	0	0	0	0	0	0	0	0	0	0	0	0	0	0	0	0	0	0	0	0	0	0	0	0	0	0	0	0	0	0	0	0	0	0	0	0	0	0	0	0	0	0	0	0	0	0	0	0	5	D_0__k__Bacteria; D_1__p__Proteobacteria; D_2__c__Betaproteobacteria; D_3__o__Burkholderiales; D_4__f__Burkholderiaceae; D_5__g__Lautropia; D_6__g__Lautropia_s__mirabilis
2180	0	0	0	0	0	0	0	0	0	0	0	0	0	0	0	0	0	0	0	0	0	0	0	0	0	0	0	0	0	0	0	0	0	0	0	0	0	0	0	0	0	0	0	0	0	0	0	0	0	5	D_0__k__Bacteria; D_1__p__Proteobacteria; D_2__c__Betaproteobacteria; D_3__o__Burkholderiales; D_4__f__Burkholderiaceae; D_5__g__Lautropia; D_6__g__Lautropia_s__mirabilis
2181	0	0	0	0	0	0	0	0	0	0	0	0	0	0	0	0	0	0	0	0	0	0	0	0	0	0	0	0	0	0	0	0	0	0	0	0	0	0	0	0	0	0	0	0	0	0	0	0	0	5	D_0__k__Bacteria; D_1__p__Proteobacteria; D_2__c__Betaproteobacteria; D_3__o__Burkholderiales; D_4__f__Burkholderiaceae; D_5__g__Lautropia; D_6__g__Lautropia_s__mirabilis
2182	0	4	0	0	0	0	0	0	0	0	0	0	0	0	0	0	0	0	0	0	0	0	0	0	0	0	0	0	0	0	0	0	0	0	0	0	0	0	0	0	0	0	0	0	0	0	0	0	0	0	D_0__k__Bacteria; D_1__p__Bacteroidetes; D_2__c__Bacteroidia; D_3__o__Bacteroidales; D_4__f__Porphyromonadaceae; D_5__g__Porphyromonas; D_6__g__Porphyromonas_s__sp._HMT_278
2183	0	4	0	0	0	0	0	0	0	0	0	0	0	0	0	0	0	0	0	0	0	0	0	0	0	0	0	0	0	0	0	0	0	0	0	0	0	0	0	0	0	0	0	0	0	0	0	0	0	0	D_0__k__Bacteria; D_1__p__Actinobacteria; D_2__c__Coriobacteriia; D_3__o__Coriobacteriales; D_4__f__Atopobiaceae; D_5__g__Lancefieldella; D_6__g__Lancefieldella_s__parvula
2184	0	4	0	0	0	0	0	0	0	0	0	0	0	0	0	0	0	0	0	0	0	0	0	0	0	0	0	0	0	0	0	0	0	0	0	0	0	0	0	0	0	0	0	0	0	0	0	0	0	0	D_0__k__Bacteria; D_1__p__Fusobacteria; D_2__c__Fusobacteriia; D_3__o__Fusobacteriales; D_4__f__Leptotrichiaceae; D_5__g__Pseudoleptotrichia; D_6__g__Pseudoleptotrichia_s__sp._HMT_221
2185	0	4	0	0	0	0	0	0	0	0	0	0	0	0	0	0	0	0	0	0	0	0	0	0	0	0	0	0	0	0	0	0	0	0	0	0	0	0	0	0	0	0	0	0	0	0	0	0	0	0	D_0__k__Bacteria; D_1__p__Firmicutes; D_2__c__Clostridia; D_3__o__Eubacteriales; D_4__f__Lachnospiraceae; D_5__g__Lachnospiraceae_[G-2]; D_6__g__Lachnospiraceae_[G-2]_s__bacterium_HMT_096
2186	0	4	0	0	0	0	0	0	0	0	0	0	0	0	0	0	0	0	0	0	0	0	0	0	0	0	0	0	0	0	0	0	0	0	0	0	0	0	0	0	0	0	0	0	0	0	0	0	0	0	D_0__k__Bacteria; D_1__p__Fusobacteria; D_2__c__Fusobacteriia; D_3__o__Fusobacteriales; D_4__f__Leptotrichiaceae; D_5__g__Pseudoleptotrichia; D_6__g__Pseudoleptotrichia_s__goodfellowii
2187	0	0	4	0	0	0	0	0	0	0	0	0	0	0	0	0	0	0	0	0	0	0	0	0	0	0	0	0	0	0	0	0	0	0	0	0	0	0	0	0	0	0	0	0	0	0	0	0	0	0	D_0__k__Bacteria; D_1__p__Synergistetes; D_2__c__Synergistia; D_3__o__Synergistales; D_4__f__Synergistaceae; D_5__g__Fretibacterium; D_6__g__Fretibacterium_s__sp._HMT_360
2188	0	0	0	4	0	0	0	0	0	0	0	0	0	0	0	0	0	0	0	0	0	0	0	0	0	0	0	0	0	0	0	0	0	0	0	0	0	0	0	0	0	0	0	0	0	0	0	0	0	0	D_0__k__Bacteria; D_1__p__Firmicutes; D_2__c__Negativicutes; D_3__o__Veillonellales; D_4__f__Veillonellaceae; D_5__g__Veillonella; D_6__g__Veillonella_s__dispar
2189	0	0	0	4	0	0	0	0	0	0	0	0	0	0	0	0	0	0	0	0	0	0	0	0	0	0	0	0	0	0	0	0	0	0	0	0	0	0	0	0	0	0	0	0	0	0	0	0	0	0	D_0__k__Bacteria; D_1__p__Firmicutes; D_2__c__Clostridia; D_3__o__Eubacteriales; D_4__f__Lachnospiraceae; D_5__g__Stomatobaculum; D_6__g__Stomatobaculum_s__longum
2190	0	0	0	4	0	0	0	0	0	0	0	0	0	0	0	0	0	0	0	0	0	0	0	0	0	0	0	0	0	0	0	0	0	0	0	0	0	0	0	0	0	0	0	0	0	0	0	0	0	0	D_0__k__Bacteria; D_1__p__Fusobacteria; D_2__c__Fusobacteriia; D_3__o__Fusobacteriales; D_4__f__Leptotrichiaceae; D_5__g__Leptotrichia; D_6__g__Leptotrichia_s__buccalis
2191	0	0	0	4	0	0	0	0	0	0	0	0	0	0	0	0	0	0	0	0	0	0	0	0	0	0	0	0	0	0	0	0	0	0	0	0	0	0	0	0	0	0	0	0	0	0	0	0	0	0	D_0__k__Bacteria; D_1__p__Proteobacteria; D_2__c__Betaproteobacteria; D_3__o__Neisseriales; D_4__f__Neisseriaceae; D_5__g__Neisseria; D_6__g__Neisseria_s__weaveri
2192	0	0	0	4	0	0	0	0	0	0	0	0	0	0	0	0	0	0	0	0	0	0	0	0	0	0	0	0	0	0	0	0	0	0	0	0	0	0	0	0	0	0	0	0	0	0	0	0	0	0	D_0__k__Bacteria; D_1__p__Fusobacteria; D_2__c__Fusobacteriia; D_3__o__Fusobacteriales; D_4__f__Fusobacteriaceae; D_5__g__Fusobacterium; D_6__g__Fusobacterium_s__nucleatum
2193	0	0	0	4	0	0	0	0	0	0	0	0	0	0	0	0	0	0	0	0	0	0	0	0	0	0	0	0	0	0	0	0	0	0	0	0	0	0	0	0	0	0	0	0	0	0	0	0	0	0	D_0__k__Bacteria; D_1__p__Bacteroidetes; D_2__c__Bacteroidia; D_3__o__Bacteroidales; D_4__f__Prevotellaceae; D_5__g__Prevotella; D_6__g__Prevotella_s__sp._HMT_300
2194	0	0	0	4	0	0	0	0	0	0	0	0	0	0	0	0	0	0	0	0	0	0	0	0	0	0	0	0	0	0	0	0	0	0	0	0	0	0	0	0	0	0	0	0	0	0	0	0	0	0	D_0__k__Bacteria; D_1__p__Firmicutes; D_2__c__Bacilli; D_3__o__Lactobacillales; D_4__f__Lactobacillaceae; D_5__g__Lacticaseibacillus; D_6__g__Lacticaseibacillus_s__paracasei
2195	0	0	0	4	0	0	0	0	0	0	0	0	0	0	0	0	0	0	0	0	0	0	0	0	0	0	0	0	0	0	0	0	0	0	0	0	0	0	0	0	0	0	0	0	0	0	0	0	0	0	D_0__k__Bacteria; D_1__p__Bacteroidetes; D_2__c__Bacteroidia; D_3__o__Bacteroidales; D_4__f__Prevotellaceae; D_5__g__Alloprevotella; D_6__g__Alloprevotella_s__tannerae
2196	0	0	0	4	0	0	0	0	0	0	0	0	0	0	0	0	0	0	0	0	0	0	0	0	0	0	0	0	0	0	0	0	0	0	0	0	0	0	0	0	0	0	0	0	0	0	0	0	0	0	D_0__k__Bacteria; D_1__p__Firmicutes; D_2__c__Bacilli; D_3__o__Lactobacillales; D_4__f__Streptococcaceae; D_5__g__Streptococcus; D_6__g__Streptococcus_s__salivarius
2197	0	0	0	4	0	0	0	0	0	0	0	0	0	0	0	0	0	0	0	0	0	0	0	0	0	0	0	0	0	0	0	0	0	0	0	0	0	0	0	0	0	0	0	0	0	0	0	0	0	0	D_0__k__Bacteria; D_1__p__Proteobacteria; D_2__c__Gammaproteobacteria; D_3__o__Pasteurellales; D_4__f__Pasteurellaceae; D_5__g__Haemophilus; D_6__g__Haemophilus_s__parainfluenzae
2198	0	0	0	0	4	0	0	0	0	0	0	0	0	0	0	0	0	0	0	0	0	0	0	0	0	0	0	0	0	0	0	0	0	0	0	0	0	0	0	0	0	0	0	0	0	0	0	0	0	0	D_0__k__Bacteria; D_1__p__Firmicutes; D_2__c__Negativicutes; D_3__o__Selenomonadales; D_4__f__Selenomonadaceae; D_5__g__Veillonellaceae_[G-1]; D_6__g__Veillonellaceae_[G-1]_s__bacterium_HMT_150
2199	0	0	0	0	4	0	0	0	0	0	0	0	0	0	0	0	0	0	0	0	0	0	0	0	0	0	0	0	0	0	0	0	0	0	0	0	0	0	0	0	0	0	0	0	0	0	0	0	0	0	D_0__k__Bacteria; D_1__p__Proteobacteria; D_2__c__Betaproteobacteria; D_3__o__Neisseriales; D_4__f__Neisseriaceae; D_5__g__Neisseria; D_6__g__Neisseria_s__flava
2200	0	0	0	0	4	0	0	0	0	0	0	0	0	0	0	0	0	0	0	0	0	0	0	0	0	0	0	0	0	0	0	0	0	0	0	0	0	0	0	0	0	0	0	0	0	0	0	0	0	0	D_0__k__Bacteria; D_1__p__Synergistetes; D_2__c__Synergistia; D_3__o__Synergistales; D_4__f__Synergistaceae; D_5__g__Fretibacterium; D_6__g__Fretibacterium_s__fastidiosum
2201	0	0	0	0	0	4	0	0	0	0	0	0	0	0	0	0	0	0	0	0	0	0	0	0	0	0	0	0	0	0	0	0	0	0	0	0	0	0	0	0	0	0	0	0	0	0	0	0	0	0	D_0__k__Bacteria; D_1__p__Bacteroidetes; D_2__c__Bacteroidia; D_3__o__Bacteroidales; D_4__f__Prevotellaceae; D_5__g__Prevotella; D_6__g__Prevotella_s__maculosa
2202	0	0	0	0	0	4	0	0	0	0	0	0	0	0	0	0	0	0	0	0	0	0	0	0	0	0	0	0	0	0	0	0	0	0	0	0	0	0	0	0	0	0	0	0	0	0	0	0	0	0	D_0__k__Bacteria; D_1__p__Saccharibacteria_(TM7); D_2__c__Saccharibacteria_(TM7)_[C-1]; D_3__o__Saccharibacteria_(TM7)_[O-1]; D_4__f__Saccharibacteria_(TM7)_[F-1]; D_5__g__Saccharibacteria_(TM7)_[G-2]; D_6__g__Saccharibacteria_(TM7)_[G-2]_s__bacterium_HMT_350
2203	0	0	0	0	0	4	0	0	0	0	0	0	0	0	0	0	0	0	0	0	0	0	0	0	0	0	0	0	0	0	0	0	0	0	0	0	0	0	0	0	0	0	0	0	0	0	0	0	0	0	D_0__k__Bacteria; D_1__p__Bacteroidetes; D_2__c__Flavobacteriia; D_3__o__Flavobacteriales; D_4__f__Flavobacteriaceae; D_5__g__Capnocytophaga; D_6__g__Capnocytophaga_s__leadbetteri
2204	0	0	0	0	0	4	0	0	0	0	0	0	0	0	0	0	0	0	0	0	0	0	0	0	0	0	0	0	0	0	0	0	0	0	0	0	0	0	0	0	0	0	0	0	0	0	0	0	0	0	D_0__k__Bacteria; D_1__p__Actinobacteria; D_2__c__Actinomycetia; D_3__o__Actinomycetales; D_4__f__Actinomycetaceae; D_5__g__Actinomyces; D_6__g__Actinomyces_s__sp._HMT_897
2205	0	0	0	0	0	4	0	0	0	0	0	0	0	0	0	0	0	0	0	0	0	0	0	0	0	0	0	0	0	0	0	0	0	0	0	0	0	0	0	0	0	0	0	0	0	0	0	0	0	0	D_0__k__Bacteria; D_1__p__Actinobacteria; D_2__c__Actinomycetia; D_3__o__Corynebacteriales; D_4__f__Corynebacteriaceae; D_5__g__Corynebacterium; D_6__g__Corynebacterium_s__striatum
2206	0	0	0	0	0	4	0	0	0	0	0	0	0	0	0	0	0	0	0	0	0	0	0	0	0	0	0	0	0	0	0	0	0	0	0	0	0	0	0	0	0	0	0	0	0	0	0	0	0	0	D_0__k__Bacteria; D_1__p__Bacteroidetes; D_2__c__Bacteroidia; D_3__o__Bacteroidales; D_4__f__Prevotellaceae; D_5__g__Prevotella; D_6__g__Prevotella_s__maculosa
2207	0	0	0	0	0	0	0	4	0	0	0	0	0	0	0	0	0	0	0	0	0	0	0	0	0	0	0	0	0	0	0	0	0	0	0	0	0	0	0	0	0	0	0	0	0	0	0	0	0	0	D_0__k__Bacteria; D_1__p__Firmicutes; D_2__c__Negativicutes; D_3__o__Veillonellales; D_4__f__Veillonellaceae; D_5__g__Veillonella; D_6__g__Veillonella_s__dispar
2208	0	0	0	0	0	0	0	4	0	0	0	0	0	0	0	0	0	0	0	0	0	0	0	0	0	0	0	0	0	0	0	0	0	0	0	0	0	0	0	0	0	0	0	0	0	0	0	0	0	0	D_0__k__Bacteria; D_1__p__Fusobacteria; D_2__c__Fusobacteriia; D_3__o__Fusobacteriales; D_4__f__Fusobacteriaceae; D_5__g__Fusobacterium; D_6__g__Fusobacterium_s__hwasookii
2209	0	0	0	0	0	0	0	0	0	4	0	0	0	0	0	0	0	0	0	0	0	0	0	0	0	0	0	0	0	0	0	0	0	0	0	0	0	0	0	0	0	0	0	0	0	0	0	0	0	0	D_0__k__Bacteria; D_1__p__Firmicutes; D_2__c__Tissierellia; D_3__o__Tissierellales; D_4__f__Peptoniphilaceae; D_5__g__Parvimonas; D_6__g__Parvimonas_s__sp._HMT_110
2210	0	0	0	0	0	0	0	0	0	0	4	0	0	0	0	0	0	0	0	0	0	0	0	0	0	0	0	0	0	0	0	0	0	0	0	0	0	0	0	0	0	0	0	0	0	0	0	0	0	0	D_0__k__Bacteria; D_1__p__Proteobacteria; D_2__c__Alphaproteobacteria; D_3__o__Rhodospirillales; D_4__f__Acetobacteraceae; D_5__g__Roseomonas; D_6__g__Roseomonas_s__mucosa
2211	0	0	0	0	0	0	0	0	0	0	4	0	0	0	0	0	0	0	0	0	0	0	0	0	0	0	0	0	0	0	0	0	0	0	0	0	0	0	0	0	0	0	0	0	0	0	0	0	0	0	D_0__k__Bacteria; D_1__p__Firmicutes; D_2__c__Bacilli; D_3__o__Bacillales; D_4__f__Gemellaceae; D_5__g__Gemella; D_6__g__Gemella_s__morbillorum
2212	0	0	0	0	0	0	0	0	0	0	0	4	0	0	0	0	0	0	0	0	0	0	0	0	0	0	0	0	0	0	0	0	0	0	0	0	0	0	0	0	0	0	0	0	0	0	0	0	0	0	D_0__k__Bacteria; D_1__p__Firmicutes; D_2__c__Clostridia; D_3__o__Eubacteriales; D_4__f__Lachnospiraceae; D_5__g__Oribacterium; D_6__g__Oribacterium_s__asaccharolyticum
2213	0	0	0	0	0	0	0	0	0	0	0	4	0	0	0	0	0	0	0	0	0	0	0	0	0	0	0	0	0	0	0	0	0	0	0	0	0	0	0	0	0	0	0	0	0	0	0	0	0	0	D_0__k__Bacteria; D_1__p__Fusobacteria; D_2__c__Fusobacteriia; D_3__o__Fusobacteriales; D_4__f__Fusobacteriaceae; D_5__g__Fusobacterium; D_6__g__Fusobacterium_s__nucleatum
2214	0	0	0	0	0	0	0	0	0	0	0	4	0	0	0	0	0	0	0	0	0	0	0	0	0	0	0	0	0	0	0	0	0	0	0	0	0	0	0	0	0	0	0	0	0	0	0	0	0	0	D_0__k__Bacteria; D_1__p__Firmicutes; D_2__c__Negativicutes; D_3__o__Selenomonadales; D_4__f__Selenomonadaceae; D_5__g__Selenomonas; D_6__g__Selenomonas_s__sp._HMT_937
2215	0	0	0	0	0	0	0	0	0	0	0	0	0	4	0	0	0	0	0	0	0	0	0	0	0	0	0	0	0	0	0	0	0	0	0	0	0	0	0	0	0	0	0	0	0	0	0	0	0	0	D_0__k__Bacteria; D_1__p__Firmicutes; D_2__c__Clostridia; D_3__o__Eubacteriales; D_4__f__Peptostreptococcaceae; D_5__g__Peptostreptococcaceae_[G-7]; D_6__g__Peptostreptococcaceae_[G-7]_s__[Eubacterium]_yurii_subsps._yurii_&_margaretiae
2216	0	0	0	0	0	0	0	0	0	0	0	0	0	0	0	4	0	0	0	0	0	0	0	0	0	0	0	0	0	0	0	0	0	0	0	0	0	0	0	0	0	0	0	0	0	0	0	0	0	0	D_0__k__Bacteria; D_1__p__Firmicutes; D_2__c__Negativicutes; D_3__o__Selenomonadales; D_4__f__Selenomonadaceae; D_5__g__Mitsuokella; D_6__g__Mitsuokella_s__sp._HMT_131
2217	0	0	0	0	0	0	0	0	0	0	0	0	0	0	0	4	0	0	0	0	0	0	0	0	0	0	0	0	0	0	0	0	0	0	0	0	0	0	0	0	0	0	0	0	0	0	0	0	0	0	D_0__k__Bacteria; D_1__p__Proteobacteria; D_2__c__Epsilonproteobacteria; D_3__o__Campylobacterales; D_4__f__Campylobacteraceae; D_5__g__Campylobacter; D_6__g__Campylobacter_s__gracilis
2218	0	0	0	0	0	0	0	0	0	0	0	0	0	0	0	4	0	0	0	0	0	0	0	0	0	0	0	0	0	0	0	0	0	0	0	0	0	0	0	0	0	0	0	0	0	0	0	0	0	0	D_0__k__Bacteria; D_1__p__Firmicutes; D_2__c__Negativicutes; D_3__o__Veillonellales; D_4__f__Veillonellaceae; D_5__g__Dialister; D_6__g__Dialister_s__invisus
2219	0	0	0	0	0	0	0	0	0	0	0	0	0	0	0	4	0	0	0	0	0	0	0	0	0	0	0	0	0	0	0	0	0	0	0	0	0	0	0	0	0	0	0	0	0	0	0	0	0	0	D_0__k__Bacteria; D_1__p__Actinobacteria; D_2__c__Actinomycetia; D_3__o__Actinomycetales; D_4__f__Actinomycetaceae; D_5__g__Peptidiphaga; D_6__g__Peptidiphaga_s__sp._HMT_183
2220	0	0	0	0	0	0	0	0	0	0	0	0	0	0	0	0	4	0	0	0	0	0	0	0	0	0	0	0	0	0	0	0	0	0	0	0	0	0	0	0	0	0	0	0	0	0	0	0	0	0	D_0__k__Bacteria; D_1__p__Bacteroidetes; D_2__c__Bacteroidia; D_3__o__Bacteroidales; D_4__f__Prevotellaceae; D_5__g__Prevotella; D_6__g__Prevotella_s__maculosa
2221	0	0	0	0	0	0	0	0	0	0	0	0	0	0	0	0	0	4	0	0	0	0	0	0	0	0	0	0	0	0	0	0	0	0	0	0	0	0	0	0	0	0	0	0	0	0	0	0	0	0	D_0__k__Bacteria; D_1__p__Proteobacteria; D_2__c__Betaproteobacteria; D_3__o__Neisseriales; D_4__f__Neisseriaceae; D_5__g__Eikenella; D_6__g__Eikenella_s__corrodens
2222	0	0	0	0	0	0	0	0	0	0	0	0	0	0	0	0	0	4	0	0	0	0	0	0	0	0	0	0	0	0	0	0	0	0	0	0	0	0	0	0	0	0	0	0	0	0	0	0	0	0	D_0__k__Bacteria; D_1__p__Bacteroidetes; D_2__c__Bacteroidia; D_3__o__Bacteroidales; D_4__f__Tannerellaceae; D_5__g__Tannerella; D_6__g__Tannerella_s__sp._HMT_286
2223	0	0	0	0	0	0	0	0	0	0	0	0	0	0	0	0	0	4	0	0	0	0	0	0	0	0	0	0	0	0	0	0	0	0	0	0	0	0	0	0	0	0	0	0	0	0	0	0	0	0	D_0__k__Bacteria; D_1__p__Bacteroidetes; D_2__c__Bacteroidetes_[C-1]; D_3__o__Bacteroidetes_[O-1]; D_4__f__Bacteroidetes_[F-1]; D_5__g__Bacteroidetes_[G-5]; D_6__g__Bacteroidetes_[G-5]_s__bacterium_HMT_511
2224	0	0	0	0	0	0	0	0	0	0	0	0	0	0	0	0	0	4	0	0	0	0	0	0	0	0	0	0	0	0	0	0	0	0	0	0	0	0	0	0	0	0	0	0	0	0	0	0	0	0	D_0__k__Bacteria; D_1__p__Firmicutes; D_2__c__Bacilli; D_3__o__Lactobacillales; D_4__f__Streptococcaceae; D_5__g__Streptococcus; D_6__g__Streptococcus_s__cristatus_clade_578
2225	0	0	0	0	0	0	0	0	0	0	0	0	0	0	0	0	0	4	0	0	0	0	0	0	0	0	0	0	0	0	0	0	0	0	0	0	0	0	0	0	0	0	0	0	0	0	0	0	0	0	D_0__k__Bacteria; D_1__p__Bacteroidetes; D_2__c__Bacteroidia; D_3__o__Bacteroidales; D_4__f__Prevotellaceae; D_5__g__Alloprevotella; D_6__g__Alloprevotella_s__sp._HMT_912
2226	0	0	0	0	0	0	0	0	0	0	0	0	0	0	0	0	0	0	4	0	0	0	0	0	0	0	0	0	0	0	0	0	0	0	0	0	0	0	0	0	0	0	0	0	0	0	0	0	0	0	D_0__k__Bacteria; D_1__p__Bacteroidetes; D_2__c__Bacteroidia; D_3__o__Bacteroidales; D_4__f__Prevotellaceae; D_5__g__Prevotella; D_6__g__Prevotella_s__intermedia
2227	0	0	0	0	0	0	0	0	0	0	0	0	0	0	0	0	0	0	4	0	0	0	0	0	0	0	0	0	0	0	0	0	0	0	0	0	0	0	0	0	0	0	0	0	0	0	0	0	0	0	D_0__k__Bacteria; D_1__p__Fusobacteria; D_2__c__Fusobacteriia; D_3__o__Fusobacteriales; D_4__f__Leptotrichiaceae; D_5__g__Leptotrichia; D_6__g__Leptotrichia_s__hongkongensis
2228	0	0	0	0	0	0	0	0	0	0	0	0	0	0	0	0	0	0	4	0	0	0	0	0	0	0	0	0	0	0	0	0	0	0	0	0	0	0	0	0	0	0	0	0	0	0	0	0	0	0	D_0__k__Bacteria; D_1__p__Firmicutes; D_2__c__Clostridia; D_3__o__Eubacteriales; D_4__f__Peptostreptococcaceae; D_5__g__Peptostreptococcaceae_[G-1]; D_6__g__Peptostreptococcaceae_[G-1]_s__[Eubacterium]_sulci
2229	0	0	0	0	0	0	0	0	0	0	0	0	0	0	0	0	0	0	0	4	0	0	0	0	0	0	0	0	0	0	0	0	0	0	0	0	0	0	0	0	0	0	0	0	0	0	0	0	0	0	D_0__k__Bacteria; D_1__p__Firmicutes; D_2__c__Bacilli; D_3__o__Lactobacillales; D_4__f__Streptococcaceae; D_5__g__Streptococcus; D_6__g__Streptococcus_s__oralis_subsp._dentisani_clade_058
2230	0	0	0	0	0	0	0	0	0	0	0	0	0	0	0	0	0	0	0	4	0	0	0	0	0	0	0	0	0	0	0	0	0	0	0	0	0	0	0	0	0	0	0	0	0	0	0	0	0	0	D_0__k__Bacteria; D_1__p__Firmicutes; D_2__c__Bacilli; D_3__o__Lactobacillales; D_4__f__Streptococcaceae; D_5__g__Streptococcus; D_6__g__Streptococcus_s__oralis_subsp._dentisani_clade_058
2231	0	0	0	0	0	0	0	0	0	0	0	0	0	0	0	0	0	0	0	4	0	0	0	0	0	0	0	0	0	0	0	0	0	0	0	0	0	0	0	0	0	0	0	0	0	0	0	0	0	0	D_0__k__Bacteria; D_1__p__Proteobacteria; D_2__c__Gammaproteobacteria; D_3__o__Pasteurellales; D_4__f__Pasteurellaceae; D_5__g__Haemophilus; D_6__g__Haemophilus_s__parainfluenzae
2232	0	0	0	0	0	0	0	0	0	0	0	0	0	0	0	0	0	0	0	0	4	0	0	0	0	0	0	0	0	0	0	0	0	0	0	0	0	0	0	0	0	0	0	0	0	0	0	0	0	0	D_0__k__Bacteria; D_1__p__Bacteroidetes; D_2__c__Bacteroidia; D_3__o__Bacteroidales; D_4__f__Prevotellaceae; D_5__g__Prevotella; D_6__g__Prevotella_s__enoeca
2233	0	0	0	0	0	0	0	0	0	0	0	0	0	0	0	0	0	0	0	0	4	0	0	0	0	0	0	0	0	0	0	0	0	0	0	0	0	0	0	0	0	0	0	0	0	0	0	0	0	0	D_0__k__Bacteria; D_1__p__Bacteroidetes; D_2__c__Bacteroidetes_[C-1]; D_3__o__Bacteroidetes_[O-1]; D_4__f__Bacteroidetes_[F-1]; D_5__g__Bacteroidetes_[G-5]; D_6__g__Bacteroidetes_[G-5]_s__bacterium_HMT_511
2234	0	0	0	0	0	0	0	0	0	0	0	0	0	0	0	0	0	0	0	0	4	0	0	0	0	0	0	0	0	0	0	0	0	0	0	0	0	0	0	0	0	0	0	0	0	0	0	0	0	0	D_0__k__Bacteria; D_1__p__Firmicutes; D_2__c__Clostridia; D_3__o__Eubacteriales; D_4__f__Peptostreptococcaceae; D_5__g__Peptostreptococcus; D_6__g__Peptostreptococcus_s__stomatis
2235	0	0	0	0	0	0	0	0	0	0	0	0	0	0	0	0	0	0	0	0	4	0	0	0	0	0	0	0	0	0	0	0	0	0	0	0	0	0	0	0	0	0	0	0	0	0	0	0	0	0	D_0__k__Bacteria; D_1__p__Bacteroidetes; D_2__c__Bacteroidia; D_3__o__Bacteroidales; D_4__f__Tannerellaceae; D_5__g__Tannerella; D_6__g__Tannerella_s__forsythia
2236	0	0	0	0	0	0	0	0	0	0	0	0	0	0	0	0	0	0	0	0	0	4	0	0	0	0	0	0	0	0	0	0	0	0	0	0	0	0	0	0	0	0	0	0	0	0	0	0	0	0	D_0__k__Bacteria; D_1__p__Actinobacteria; D_2__c__Actinomycetia; D_3__o__Actinomycetales; D_4__f__Actinomycetaceae; D_5__g__Peptidiphaga; D_6__g__Peptidiphaga_s__gingivicola
2237	0	0	0	0	0	0	0	0	0	0	0	0	0	0	0	0	0	0	0	0	0	0	4	0	0	0	0	0	0	0	0	0	0	0	0	0	0	0	0	0	0	0	0	0	0	0	0	0	0	0	D_0__k__Bacteria; D_1__p__Bacteroidetes; D_2__c__Bacteroidia; D_3__o__Bacteroidales; D_4__f__Prevotellaceae; D_5__g__Prevotella; D_6__g__Prevotella_s__oris
2238	0	0	0	0	0	0	0	0	0	0	0	0	0	0	0	0	0	0	0	0	0	0	4	0	0	0	0	0	0	0	0	0	0	0	0	0	0	0	0	0	0	0	0	0	0	0	0	0	0	0	D_0__k__Bacteria; D_1__p__Firmicutes; D_2__c__Bacilli; D_3__o__Lactobacillales; D_4__f__Streptococcaceae; D_5__g__Streptococcus; D_6__g__Streptococcus_s__anginosus
2239	0	0	0	0	0	0	0	0	0	0	0	0	0	0	0	0	0	0	0	0	0	0	4	0	0	0	0	0	0	0	0	0	0	0	0	0	0	0	0	0	0	0	0	0	0	0	0	0	0	0	D_0__k__Bacteria; D_1__p__Firmicutes; D_2__c__Negativicutes; D_3__o__Veillonellales; D_4__f__Veillonellaceae; D_5__g__Anaeroglobus; D_6__g__Anaeroglobus_s__geminatus
2240	0	0	0	0	0	0	0	0	0	0	0	0	0	0	0	0	0	0	0	0	0	0	4	0	0	0	0	0	0	0	0	0	0	0	0	0	0	0	0	0	0	0	0	0	0	0	0	0	0	0	D_0__k__Bacteria; D_1__p__Bacteroidetes; D_2__c__Bacteroidia; D_3__o__Bacteroidales; D_4__f__Prevotellaceae; D_5__g__Prevotella; D_6__g__Prevotella_s__oris
2241	0	0	0	0	0	0	0	0	0	0	0	0	0	0	0	0	0	0	0	0	0	0	0	4	0	0	0	0	0	0	0	0	0	0	0	0	0	0	0	0	0	0	0	0	0	0	0	0	0	0	D_0__k__Bacteria; D_1__p__Firmicutes; D_2__c__Bacilli; D_3__o__Lactobacillales; D_4__f__Streptococcaceae; D_5__g__Streptococcus; D_6__g__Streptococcus_s__anginosus
2242	0	0	0	0	0	0	0	0	0	0	0	0	0	0	0	0	0	0	0	0	0	0	0	0	4	0	0	0	0	0	0	0	0	0	0	0	0	0	0	0	0	0	0	0	0	0	0	0	0	0	D_0__k__Bacteria; D_1__p__Firmicutes; D_2__c__Erysipelotrichia; D_3__o__Erysipelotrichales; D_4__f__Erysipelotrichaceae; D_5__g__Bulleidia; D_6__g__Bulleidia_s__extructa
2243	0	0	0	0	0	0	0	0	0	0	0	0	0	0	0	0	0	0	0	0	0	0	0	0	4	0	0	0	0	0	0	0	0	0	0	0	0	0	0	0	0	0	0	0	0	0	0	0	0	0	D_0__k__Bacteria; D_1__p__Bacteroidetes; D_2__c__Flavobacteriia; D_3__o__Flavobacteriales; D_4__f__Weeksellaceae; D_5__g__Cloacibacterium; D_6__g__Cloacibacterium_s__sp._HMT_206
2244	0	0	0	0	0	0	0	0	0	0	0	0	0	0	0	0	0	0	0	0	0	0	0	0	4	0	0	0	0	0	0	0	0	0	0	0	0	0	0	0	0	0	0	0	0	0	0	0	0	0	D_0__k__Bacteria; D_1__p__Bacteroidetes; D_2__c__Bacteroidia; D_3__o__Bacteroidales; D_4__f__Porphyromonadaceae; D_5__g__Porphyromonas; D_6__g__Porphyromonas_s__uenonis
2245	0	0	0	0	0	0	0	0	0	0	0	0	0	0	0	0	0	0	0	0	0	0	0	0	0	4	0	0	0	0	0	0	0	0	0	0	0	0	0	0	0	0	0	0	0	0	0	0	0	0	D_0__k__Bacteria; D_1__p__Proteobacteria; D_2__c__Gammaproteobacteria; D_3__o__Pasteurellales; D_4__f__Pasteurellaceae; D_5__g__Aggregatibacter; D_6__g__Aggregatibacter_s__sp._HMT_458
2246	0	0	0	0	0	0	0	0	0	0	0	0	0	0	0	0	0	0	0	0	0	0	0	0	0	4	0	0	0	0	0	0	0	0	0	0	0	0	0	0	0	0	0	0	0	0	0	0	0	0	D_0__k__Bacteria; D_1__p__Proteobacteria; D_2__c__Betaproteobacteria; D_3__o__Burkholderiales; D_4__f__Burkholderiaceae; D_5__g__Lautropia; D_6__g__Lautropia_s__mirabilis
2247	0	0	0	0	0	0	0	0	0	0	0	0	0	0	0	0	0	0	0	0	0	0	0	0	0	4	0	0	0	0	0	0	0	0	0	0	0	0	0	0	0	0	0	0	0	0	0	0	0	0	D_0__k__Bacteria; D_1__p__Firmicutes; D_2__c__Bacilli; D_3__o__Lactobacillales; D_4__f__Streptococcaceae; D_5__g__Streptococcus; D_6__g__Streptococcus_s__cristatus_clade_578
2248	0	0	0	0	0	0	0	0	0	0	0	0	0	0	0	0	0	0	0	0	0	0	0	0	0	4	0	0	0	0	0	0	0	0	0	0	0	0	0	0	0	0	0	0	0	0	0	0	0	0	D_0__k__Bacteria; D_1__p__Bacteroidetes; D_2__c__Flavobacteriia; D_3__o__Flavobacteriales; D_4__f__Flavobacteriaceae; D_5__g__Capnocytophaga; D_6__g__Capnocytophaga_s__leadbetteri
2249	0	0	0	0	0	0	0	0	0	0	0	0	0	0	0	0	0	0	0	0	0	0	0	0	0	4	0	0	0	0	0	0	0	0	0	0	0	0	0	0	0	0	0	0	0	0	0	0	0	0	D_0__k__Bacteria; D_1__p__Firmicutes; D_2__c__Clostridia; D_3__o__Eubacteriales; D_4__f__Lachnospiraceae; D_5__g__Lachnospiraceae_[G-2]; D_6__g__Lachnospiraceae_[G-2]_s__bacterium_HMT_096
2250	0	0	0	0	0	0	0	0	0	0	0	0	0	0	0	0	0	0	0	0	0	0	0	0	0	4	0	0	0	0	0	0	0	0	0	0	0	0	0	0	0	0	0	0	0	0	0	0	0	0	D_0__k__Bacteria; D_1__p__Fusobacteria; D_2__c__Fusobacteriia; D_3__o__Fusobacteriales; D_4__f__Leptotrichiaceae; D_5__g__Leptotrichia; D_6__g__Leptotrichia_s__buccalis
2251	0	0	0	0	0	0	0	0	0	0	0	0	0	0	0	0	0	0	0	0	0	0	0	0	0	0	4	0	0	0	0	0	0	0	0	0	0	0	0	0	0	0	0	0	0	0	0	0	0	0	D_0__k__Bacteria; D_1__p__Actinobacteria; D_2__c__Coriobacteriia; D_3__o__Coriobacteriales; D_4__f__Coriobacteriaceae; D_5__g__Fannyhessea; D_6__g__Fannyhessea_s__sp._HMT_416
2252	0	0	0	0	0	0	0	0	0	0	0	0	0	0	0	0	0	0	0	0	0	0	0	0	0	0	0	0	4	0	0	0	0	0	0	0	0	0	0	0	0	0	0	0	0	0	0	0	0	0	D_0__k__Bacteria; D_1__p__Firmicutes; D_2__c__Bacilli; D_3__o__Lactobacillales; D_4__f__Aerococcaceae; D_5__g__Abiotrophia; D_6__g__Abiotrophia_s__defectiva
2253	0	0	0	0	0	0	0	0	0	0	0	0	0	0	0	0	0	0	0	0	0	0	0	0	0	0	0	0	4	0	0	0	0	0	0	0	0	0	0	0	0	0	0	0	0	0	0	0	0	0	D_0__k__Bacteria; D_1__p__Bacteroidetes; D_2__c__Bacteroidia; D_3__o__Bacteroidales; D_4__f__Prevotellaceae; D_5__g__Prevotella; D_6__g__Prevotella_s__loescheii
2254	0	0	0	0	0	0	0	0	0	0	0	0	0	0	0	0	0	0	0	0	0	0	0	0	0	0	0	0	0	4	0	0	0	0	0	0	0	0	0	0	0	0	0	0	0	0	0	0	0	0	D_0__k__Bacteria; D_1__p__Proteobacteria; D_2__c__Betaproteobacteria; D_3__o__Neisseriales; D_4__f__Neisseriaceae; D_5__g__Neisseria; D_6__g__Neisseria_s__subflava
2255	0	0	0	0	0	0	0	0	0	0	0	0	0	0	0	0	0	0	0	0	0	0	0	0	0	0	0	0	0	4	0	0	0	0	0	0	0	0	0	0	0	0	0	0	0	0	0	0	0	0	D_0__k__Bacteria; D_1__p__Bacteroidetes; D_2__c__Flavobacteriia; D_3__o__Flavobacteriales; D_4__f__Flavobacteriaceae; D_5__g__Capnocytophaga; D_6__g__Capnocytophaga_s__sputigena
2256	0	0	0	0	0	0	0	0	0	0	0	0	0	0	0	0	0	0	0	0	0	0	0	0	0	0	0	0	0	0	0	4	0	0	0	0	0	0	0	0	0	0	0	0	0	0	0	0	0	0	D_0__k__Bacteria; D_1__p__Firmicutes; D_2__c__Negativicutes; D_3__o__Veillonellales; D_4__f__Veillonellaceae; D_5__g__Dialister; D_6__g__Dialister_s__invisus
2257	0	0	0	0	0	0	0	0	0	0	0	0	0	0	0	0	0	0	0	0	0	0	0	0	0	0	0	0	0	0	0	4	0	0	0	0	0	0	0	0	0	0	0	0	0	0	0	0	0	0	D_0__k__Bacteria; D_1__p__Firmicutes; D_2__c__Bacilli; D_3__o__Lactobacillales; D_4__f__Streptococcaceae; D_5__g__Streptococcus; D_6__g__Streptococcus_s__sanguinis
2258	0	0	0	0	0	0	0	0	0	0	0	0	0	0	0	0	0	0	0	0	0	0	0	0	0	0	0	0	0	0	0	0	4	0	0	0	0	0	0	0	0	0	0	0	0	0	0	0	0	0	D_0__k__Bacteria; D_1__p__Fusobacteria; D_2__c__Fusobacteriia; D_3__o__Fusobacteriales; D_4__f__Fusobacteriaceae; D_5__g__Fusobacterium; D_6__g__Fusobacterium_s__nucleatum
2259	0	0	0	0	0	0	0	0	0	0	0	0	0	0	0	0	0	0	0	0	0	0	0	0	0	0	0	0	0	0	0	0	4	0	0	0	0	0	0	0	0	0	0	0	0	0	0	0	0	0	D_0__k__Bacteria; D_1__p__Bacteroidetes; D_2__c__Flavobacteriia; D_3__o__Flavobacteriales; D_4__f__Flavobacteriaceae; D_5__g__Capnocytophaga; D_6__g__Capnocytophaga_s__gingivalis
2260	0	0	0	0	0	0	0	0	0	0	0	0	0	0	0	0	0	0	0	0	0	0	0	0	0	0	0	0	0	0	0	0	4	0	0	0	0	0	0	0	0	0	0	0	0	0	0	0	0	0	D_0__k__Bacteria; D_1__p__Firmicutes; D_2__c__Clostridia; D_3__o__Eubacteriales; D_4__f__Lachnospiraceae; D_5__g__Johnsonella; D_6__g__Johnsonella_s__ignava
2261	0	0	0	0	0	0	0	0	0	0	0	0	0	0	0	0	0	0	0	0	0	0	0	0	0	0	0	0	0	0	0	0	4	0	0	0	0	0	0	0	0	0	0	0	0	0	0	0	0	0	D_0__k__Bacteria; D_1__p__Bacteroidetes; D_2__c__Bacteroidia; D_3__o__Bacteroidales; D_4__f__Prevotellaceae; D_5__g__Alloprevotella; D_6__g__Alloprevotella_s__sp._HMT_912
2262	0	0	0	0	0	0	0	0	0	0	0	0	0	0	0	0	0	0	0	0	0	0	0	0	0	0	0	0	0	0	0	0	4	0	0	0	0	0	0	0	0	0	0	0	0	0	0	0	0	0	D_0__k__Bacteria; D_1__p__Bacteroidetes; D_2__c__Bacteroidia; D_3__o__Bacteroidales; D_4__f__Prevotellaceae; D_5__g__Prevotella; D_6__g__Prevotella_s__maculosa
2263	0	0	0	0	0	0	0	0	0	0	0	0	0	0	0	0	0	0	0	0	0	0	0	0	0	0	0	0	0	0	0	0	4	0	0	0	0	0	0	0	0	0	0	0	0	0	0	0	0	0	D_0__k__Bacteria; D_1__p__Firmicutes; D_2__c__Negativicutes; D_3__o__Veillonellales; D_4__f__Veillonellaceae; D_5__g__Veillonella; D_6__g__Veillonella_s__sp._HMT_780
2264	0	0	0	0	0	0	0	0	0	0	0	0	0	0	0	0	0	0	0	0	0	0	0	0	0	0	0	0	0	0	0	0	4	0	0	0	0	0	0	0	0	0	0	0	0	0	0	0	0	0	D_0__k__Bacteria; D_1__p__Firmicutes; D_2__c__Bacilli; D_3__o__Lactobacillales; D_4__f__Enterococcaceae; D_5__g__Enterococcus; D_6__g__Enterococcus_s__casseliflavus
2265	0	0	0	0	0	0	0	0	0	0	0	0	0	0	0	0	0	0	0	0	0	0	0	0	0	0	0	0	0	0	0	0	0	4	0	0	0	0	0	0	0	0	0	0	0	0	0	0	0	0	D_0__k__Bacteria; D_1__p__Firmicutes; D_2__c__Bacilli; D_3__o__Lactobacillales; D_4__f__Streptococcaceae; D_5__g__Streptococcus; D_6__g__Streptococcus_s__lactarius
2266	0	0	0	0	0	0	0	0	0	0	0	0	0	0	0	0	0	0	0	0	0	0	0	0	0	0	0	0	0	0	0	0	0	4	0	0	0	0	0	0	0	0	0	0	0	0	0	0	0	0	D_0__k__Bacteria; D_1__p__Firmicutes; D_2__c__Bacilli; D_3__o__Bacillales; D_4__f__Gemellaceae; D_5__g__Gemella; D_6__g__Gemella_s__haemolysans
2267	0	0	0	0	0	0	0	0	0	0	0	0	0	0	0	0	0	0	0	0	0	0	0	0	0	0	0	0	0	0	0	0	0	0	4	0	0	0	0	0	0	0	0	0	0	0	0	0	0	0	D_0__k__Bacteria; D_1__p__Bacteroidetes; D_2__c__Bacteroidia; D_3__o__Bacteroidales; D_4__f__Prevotellaceae; D_5__g__Prevotella; D_6__g__Prevotella_s__oris
2268	0	0	0	0	0	0	0	0	0	0	0	0	0	0	0	0	0	0	0	0	0	0	0	0	0	0	0	0	0	0	0	0	0	0	0	4	0	0	0	0	0	0	0	0	0	0	0	0	0	0	D_0__k__Bacteria; D_1__p__Proteobacteria; D_2__c__Betaproteobacteria; D_3__o__Neisseriales; D_4__f__Neisseriaceae; D_5__g__Neisseria; D_6__g__Neisseria_s__sp._HMT_018
2269	0	0	0	0	0	0	0	0	0	0	0	0	0	0	0	0	0	0	0	0	0	0	0	0	0	0	0	0	0	0	0	0	0	0	0	0	4	0	0	0	0	0	0	0	0	0	0	0	0	0	D_0__k__Bacteria; D_1__p__Fusobacteria; D_2__c__Fusobacteriia; D_3__o__Fusobacteriales; D_4__f__Leptotrichiaceae; D_5__g__Leptotrichia; D_6__g__Leptotrichia_s__shahii
2270	0	0	0	0	0	0	0	0	0	0	0	0	0	0	0	0	0	0	0	0	0	0	0	0	0	0	0	0	0	0	0	0	0	0	0	0	4	0	0	0	0	0	0	0	0	0	0	0	0	0	D_0__k__Bacteria; D_1__p__Bacteroidetes; D_2__c__Bacteroidia; D_3__o__Bacteroidales; D_4__f__Prevotellaceae; D_5__g__Prevotella; D_6__g__Prevotella_s__sp._HMT_317
2271	0	0	0	0	0	0	0	0	0	0	0	0	0	0	0	0	0	0	0	0	0	0	0	0	0	0	0	0	0	0	0	0	0	0	0	0	4	0	0	0	0	0	0	0	0	0	0	0	0	0	D_0__k__Bacteria; D_1__p__Actinobacteria; D_2__c__Actinomycetia; D_3__o__Corynebacteriales; D_4__f__Corynebacteriaceae; D_5__g__Corynebacterium; D_6__g__Corynebacterium_s__matruchotii
2272	0	0	0	0	0	0	0	0	0	0	0	0	0	0	0	0	0	0	0	0	0	0	0	0	0	0	0	0	0	0	0	0	0	0	0	0	0	4	0	0	0	0	0	0	0	0	0	0	0	0	D_0__k__Bacteria; D_1__p__Firmicutes; D_2__c__Bacilli; D_3__o__Lactobacillales; D_4__f__Carnobacteriaceae; D_5__g__Granulicatella; D_6__g__Granulicatella_s__adiacens
2273	0	0	0	0	0	0	0	0	0	0	0	0	0	0	0	0	0	0	0	0	0	0	0	0	0	0	0	0	0	0	0	0	0	0	0	0	0	4	0	0	0	0	0	0	0	0	0	0	0	0	D_0__k__Bacteria; D_1__p__Firmicutes; D_2__c__Bacilli; D_3__o__Bacillales; D_4__f__Gemellaceae; D_5__g__Gemella; D_6__g__Gemella_s__morbillorum
2274	0	0	0	0	0	0	0	0	0	0	0	0	0	0	0	0	0	0	0	0	0	0	0	0	0	0	0	0	0	0	0	0	0	0	0	0	0	4	0	0	0	0	0	0	0	0	0	0	0	0	D_0__k__Bacteria; D_1__p__Fusobacteria; D_2__c__Fusobacteriia; D_3__o__Fusobacteriales; D_4__f__Fusobacteriaceae; D_5__g__Fusobacterium; D_6__g__Fusobacterium_s__nucleatum
2275	0	0	0	0	0	0	0	0	0	0	0	0	0	0	0	0	0	0	0	0	0	0	0	0	0	0	0	0	0	0	0	0	0	0	0	0	0	4	0	0	0	0	0	0	0	0	0	0	0	0	D_0__k__Bacteria; D_1__p__Bacteroidetes; D_2__c__Flavobacteriia; D_3__o__Flavobacteriales; D_4__f__Flavobacteriaceae; D_5__g__Capnocytophaga; D_6__g__Capnocytophaga_s__sp._HMT_332
2276	0	0	0	0	0	0	0	0	0	0	0	0	0	0	0	0	0	0	0	0	0	0	0	0	0	0	0	0	0	0	0	0	0	0	0	0	0	0	4	0	0	0	0	0	0	0	0	0	0	0	D_0__k__Bacteria; D_1__p__Bacteroidetes; D_2__c__Bacteroidia; D_3__o__Bacteroidales; D_4__f__Prevotellaceae; D_5__g__Prevotella; D_6__g__Prevotella_s__sp._HMT_317
2277	0	0	0	0	0	0	0	0	0	0	0	0	0	0	0	0	0	0	0	0	0	0	0	0	0	0	0	0	0	0	0	0	0	0	0	0	0	0	0	0	4	0	0	0	0	0	0	0	0	0	D_0__k__Bacteria; D_1__p__Firmicutes; D_2__c__Bacilli; D_3__o__Lactobacillales; D_4__f__Streptococcaceae; D_5__g__Streptococcus; D_6__g__Streptococcus_s__mutans
2278	0	0	0	0	0	0	0	0	0	0	0	0	0	0	0	0	0	0	0	0	0	0	0	0	0	0	0	0	0	0	0	0	0	0	0	0	0	0	0	0	0	4	0	0	0	0	0	0	0	0	D_0__k__Bacteria; D_1__p__Firmicutes; D_2__c__Negativicutes; D_3__o__Veillonellales; D_4__f__Veillonellaceae; D_5__g__Veillonella; D_6__g__Veillonella_s__atypica
2279	0	0	0	0	0	0	0	0	0	0	0	0	0	0	0	0	0	0	0	0	0	0	0	0	0	0	0	0	0	0	0	0	0	0	0	0	0	0	0	0	0	4	0	0	0	0	0	0	0	0	D_0__k__Bacteria; D_1__p__Proteobacteria; D_2__c__Betaproteobacteria; D_3__o__Neisseriales; D_4__f__Neisseriaceae; D_5__g__Neisseria; D_6__g__Neisseria_s__flava
2280	0	0	0	0	0	0	0	0	0	0	0	0	0	0	0	0	0	0	0	0	0	0	0	0	0	0	0	0	0	0	0	0	0	0	0	0	0	0	0	0	0	4	0	0	0	0	0	0	0	0	D_0__k__Bacteria; D_1__p__Firmicutes; D_2__c__Negativicutes; D_3__o__Veillonellales; D_4__f__Veillonellaceae; D_5__g__Veillonella; D_6__g__Veillonella_s__atypica
2281	0	0	0	0	0	0	0	0	0	0	0	0	0	0	0	0	0	0	0	0	0	0	0	0	0	0	0	0	0	0	0	0	0	0	0	0	0	0	0	0	0	0	0	4	0	0	0	0	0	0	D_0__k__Bacteria; D_1__p__Bacteroidetes; D_2__c__Flavobacteriia; D_3__o__Flavobacteriales; D_4__f__Flavobacteriaceae; D_5__g__Capnocytophaga; D_6__g__Capnocytophaga_s__sp._HMT_323
2282	0	0	0	0	0	0	0	0	0	0	0	0	0	0	0	0	0	0	0	0	0	0	0	0	0	0	0	0	0	0	0	0	0	0	0	0	0	0	0	0	0	0	0	0	4	0	0	0	0	0	D_0__k__Bacteria; D_1__p__Bacteroidetes; D_2__c__Bacteroidia; D_3__o__Bacteroidales; D_4__f__Prevotellaceae; D_5__g__Prevotella; D_6__g__Prevotella_s__sp._HMT_314
2283	0	0	0	0	0	0	0	0	0	0	0	0	0	0	0	0	0	0	0	0	0	0	0	0	0	0	0	0	0	0	0	0	0	0	0	0	0	0	0	0	0	0	0	0	4	0	0	0	0	0	D_0__k__Bacteria; D_1__p__Bacteroidetes; D_2__c__Flavobacteriia; D_3__o__Flavobacteriales; D_4__f__Weeksellaceae; D_5__g__Riemerella; D_6__g__Riemerella_s__sp._HMT_322
2284	0	0	0	0	0	0	0	0	0	0	0	0	0	0	0	0	0	0	0	0	0	0	0	0	0	0	0	0	0	0	0	0	0	0	0	0	0	0	0	0	0	0	0	0	4	0	0	0	0	0	D_0__k__Bacteria; D_1__p__Firmicutes; D_2__c__Clostridia; D_3__o__Eubacteriales; D_4__f__Peptostreptococcaceae; D_5__g__Peptostreptococcus; D_6__g__Peptostreptococcus_s__stomatis
2285	0	0	0	0	0	0	0	0	0	0	0	0	0	0	0	0	0	0	0	0	0	0	0	0	0	0	0	0	0	0	0	0	0	0	0	0	0	0	0	0	0	0	0	0	0	4	0	0	0	0	D_0__k__Bacteria; D_1__p__Firmicutes; D_2__c__Negativicutes; D_3__o__Veillonellales; D_4__f__Veillonellaceae; D_5__g__Veillonella; D_6__g__Veillonella_s__dispar
2286	0	0	0	0	0	0	0	0	0	0	0	0	0	0	0	0	0	0	0	0	0	0	0	0	0	0	0	0	0	0	0	0	0	0	0	0	0	0	0	0	0	0	0	0	0	4	0	0	0	0	D_0__k__Bacteria; D_1__p__Bacteroidetes; D_2__c__Flavobacteriia; D_3__o__Flavobacteriales; D_4__f__Flavobacteriaceae; D_5__g__Capnocytophaga; D_6__g__Capnocytophaga_s__gingivalis
2287	0	0	0	0	0	0	0	0	0	0	0	0	0	0	0	0	0	0	0	0	0	0	0	0	0	0	0	0	0	0	0	0	0	0	0	0	0	0	0	0	0	0	0	0	0	4	0	0	0	0	D_0__k__Bacteria; D_1__p__Firmicutes; D_2__c__Negativicutes; D_3__o__Veillonellales; D_4__f__Veillonellaceae; D_5__g__Veillonella; D_6__g__Veillonella_s__parvula
2288	0	0	0	0	0	0	0	0	0	0	0	0	0	0	0	0	0	0	0	0	0	0	0	0	0	0	0	0	0	0	0	0	0	0	0	0	0	0	0	0	0	0	0	0	0	0	0	4	0	0	D_0__k__Bacteria; D_1__p__Bacteroidetes; D_2__c__Bacteroidia; D_3__o__Bacteroidales; D_4__f__Prevotellaceae; D_5__g__Prevotella; D_6__g__Prevotella_s__salivae
2289	0	0	0	0	0	0	0	0	0	0	0	0	0	0	0	0	0	0	0	0	0	0	0	0	0	0	0	0	0	0	0	0	0	0	0	0	0	0	0	0	0	0	0	0	0	0	0	4	0	0	D_0__k__Bacteria; D_1__p__Firmicutes; D_2__c__Negativicutes; D_3__o__Veillonellales; D_4__f__Veillonellaceae; D_5__g__Veillonella; D_6__g__Veillonella_s__parvula
2290	0	0	0	0	0	0	0	0	0	0	0	0	0	0	0	0	0	0	0	0	0	0	0	0	0	0	0	0	0	0	0	0	0	0	0	0	0	0	0	0	0	0	0	0	0	0	0	4	0	0	D_0__k__Bacteria; D_1__p__Bacteroidetes; D_2__c__Flavobacteriia; D_3__o__Flavobacteriales; D_4__f__Flavobacteriaceae; D_5__g__Capnocytophaga; D_6__g__Capnocytophaga_s__granulosa
2291	0	0	0	0	0	0	0	0	0	0	0	0	0	0	0	0	0	0	0	0	0	0	0	0	0	0	0	0	0	0	0	0	0	0	0	0	0	0	0	0	0	0	0	0	0	0	0	4	0	0	D_0__k__Bacteria; D_1__p__Actinobacteria; D_2__c__Actinomycetia; D_3__o__Micrococcales; D_4__f__Micrococcaceae; D_5__g__Rothia; D_6__g__Rothia_s__aeria
2292	0	0	0	0	0	0	0	0	0	0	0	0	0	0	0	0	0	0	0	0	0	0	0	0	0	0	0	0	0	0	0	0	0	0	0	0	0	0	0	0	0	0	0	0	0	0	0	4	0	0	D_0__k__Bacteria; D_1__p__Firmicutes; D_2__c__Negativicutes; D_3__o__Selenomonadales; D_4__f__Selenomonadaceae; D_5__g__Selenomonas; D_6__g__Selenomonas_s__flueggei
2293	0	0	0	0	0	0	0	0	0	0	0	0	0	0	0	0	0	0	0	0	0	0	0	0	0	0	0	0	0	0	0	0	0	0	0	0	0	0	0	0	0	0	0	0	0	0	0	0	4	0	D_0__k__Bacteria; D_1__p__Bacteroidetes; D_2__c__Bacteroidia; D_3__o__Bacteroidales; D_4__f__Prevotellaceae; D_5__g__Prevotella; D_6__g__Prevotella_s__nigrescens
2294	0	0	0	0	0	0	0	0	0	0	0	0	0	0	0	0	0	0	0	0	0	0	0	0	0	0	0	0	0	0	0	0	0	0	0	0	0	0	0	0	0	0	0	0	0	0	0	0	0	4	D_0__k__Bacteria; D_1__p__Fusobacteria; D_2__c__Fusobacteriia; D_3__o__Fusobacteriales; D_4__f__Leptotrichiaceae; D_5__g__Leptotrichia; D_6__g__Leptotrichia_s__buccalis
2295	3	0	0	0	0	0	0	0	0	0	0	0	0	0	0	0	0	0	0	0	0	0	0	0	0	0	0	0	0	0	0	0	0	0	0	0	0	0	0	0	0	0	0	0	0	0	0	0	0	0	D_0__k__Bacteria; D_1__p__Firmicutes; D_2__c__Negativicutes; D_3__o__Veillonellales; D_4__f__Veillonellaceae; D_5__g__Dialister; D_6__g__Dialister_s__invisus
2296	3	0	0	0	0	0	0	0	0	0	0	0	0	0	0	0	0	0	0	0	0	0	0	0	0	0	0	0	0	0	0	0	0	0	0	0	0	0	0	0	0	0	0	0	0	0	0	0	0	0	D_0__k__Bacteria; D_1__p__Firmicutes; D_2__c__Negativicutes; D_3__o__Selenomonadales; D_4__f__Selenomonadaceae; D_5__g__Selenomonas; D_6__g__Selenomonas_s__sp._HMT_478
2297	3	0	0	0	0	0	0	0	0	0	0	0	0	0	0	0	0	0	0	0	0	0	0	0	0	0	0	0	0	0	0	0	0	0	0	0	0	0	0	0	0	0	0	0	0	0	0	0	0	0	D_0__k__Bacteria; D_1__p__Firmicutes; D_2__c__Bacilli; D_3__o__Lactobacillales; D_4__f__Streptococcaceae; D_5__g__Streptococcus; D_6__g__Streptococcus_s__mutans
2298	3	0	0	0	0	0	0	0	0	0	0	0	0	0	0	0	0	0	0	0	0	0	0	0	0	0	0	0	0	0	0	0	0	0	0	0	0	0	0	0	0	0	0	0	0	0	0	0	0	0	D_0__k__Bacteria; D_1__p__Firmicutes; D_2__c__Negativicutes; D_3__o__Veillonellales; D_4__f__Veillonellaceae; D_5__g__Veillonella; D_6__g__Veillonella_s__dispar
2299	3	0	0	0	0	0	0	0	0	0	0	0	0	0	0	0	0	0	0	0	0	0	0	0	0	0	0	0	0	0	0	0	0	0	0	0	0	0	0	0	0	0	0	0	0	0	0	0	0	0	D_0__k__Bacteria; D_1__p__Firmicutes; D_2__c__Negativicutes; D_3__o__Selenomonadales; D_4__f__Selenomonadaceae; D_5__g__Selenomonas; D_6__g__Selenomonas_s__sp._HMT_136
2300	3	0	0	0	0	0	0	0	0	0	0	0	0	0	0	0	0	0	0	0	0	0	0	0	0	0	0	0	0	0	0	0	0	0	0	0	0	0	0	0	0	0	0	0	0	0	0	0	0	0	D_0__k__Bacteria; D_1__p__Firmicutes; D_2__c__Negativicutes; D_3__o__Veillonellales; D_4__f__Veillonellaceae; D_5__g__Dialister; D_6__g__Dialister_s__invisus
2301	0	3	0	0	0	0	0	0	0	0	0	0	0	0	0	0	0	0	0	0	0	0	0	0	0	0	0	0	0	0	0	0	0	0	0	0	0	0	0	0	0	0	0	0	0	0	0	0	0	0	D_0__k__Bacteria; D_1__p__Firmicutes; D_2__c__Negativicutes; D_3__o__Veillonellales; D_4__f__Veillonellaceae; D_5__g__Veillonella; D_6__g__Veillonella_s__dispar
2302	0	3	0	0	0	0	0	0	0	0	0	0	0	0	0	0	0	0	0	0	0	0	0	0	0	0	0	0	0	0	0	0	0	0	0	0	0	0	0	0	0	0	0	0	0	0	0	0	0	0	D_0__k__Bacteria; D_1__p__Proteobacteria; D_2__c__Betaproteobacteria; D_3__o__Neisseriales; D_4__f__Neisseriaceae; D_5__g__Neisseria; D_6__g__Neisseria_s__cinerea
2303	0	3	0	0	0	0	0	0	0	0	0	0	0	0	0	0	0	0	0	0	0	0	0	0	0	0	0	0	0	0	0	0	0	0	0	0	0	0	0	0	0	0	0	0	0	0	0	0	0	0	D_0__k__Bacteria; D_1__p__Proteobacteria; D_2__c__Betaproteobacteria; D_3__o__Burkholderiales; D_4__f__Burkholderiaceae; D_5__g__Lautropia; D_6__g__Lautropia_s__mirabilis
2304	0	3	0	0	0	0	0	0	0	0	0	0	0	0	0	0	0	0	0	0	0	0	0	0	0	0	0	0	0	0	0	0	0	0	0	0	0	0	0	0	0	0	0	0	0	0	0	0	0	0	D_0__k__Bacteria; D_1__p__Proteobacteria; D_2__c__Betaproteobacteria; D_3__o__Neisseriales; D_4__f__Neisseriaceae; D_5__g__Neisseria; D_6__g__Neisseria_s__flava
2305	0	3	0	0	0	0	0	0	0	0	0	0	0	0	0	0	0	0	0	0	0	0	0	0	0	0	0	0	0	0	0	0	0	0	0	0	0	0	0	0	0	0	0	0	0	0	0	0	0	0	D_0__k__Bacteria; D_1__p__Firmicutes; D_2__c__Negativicutes; D_3__o__Veillonellales; D_4__f__Veillonellaceae; D_5__g__Veillonella; D_6__g__Veillonella_s__dispar
2306	0	3	0	0	0	0	0	0	0	0	0	0	0	0	0	0	0	0	0	0	0	0	0	0	0	0	0	0	0	0	0	0	0	0	0	0	0	0	0	0	0	0	0	0	0	0	0	0	0	0	D_0__k__Bacteria; D_1__p__Firmicutes; D_2__c__Negativicutes; D_3__o__Selenomonadales; D_4__f__Selenomonadaceae; D_5__g__Selenomonas; D_6__g__Selenomonas_s__sp._HMT_138
2307	0	3	0	0	0	0	0	0	0	0	0	0	0	0	0	0	0	0	0	0	0	0	0	0	0	0	0	0	0	0	0	0	0	0	0	0	0	0	0	0	0	0	0	0	0	0	0	0	0	0	D_0__k__Bacteria; D_1__p__Proteobacteria; D_2__c__Epsilonproteobacteria; D_3__o__Campylobacterales; D_4__f__Campylobacteraceae; D_5__g__Campylobacter; D_6__g__Campylobacter_s__rectus
2308	0	3	0	0	0	0	0	0	0	0	0	0	0	0	0	0	0	0	0	0	0	0	0	0	0	0	0	0	0	0	0	0	0	0	0	0	0	0	0	0	0	0	0	0	0	0	0	0	0	0	D_0__k__Bacteria; D_1__p__Fusobacteria; D_2__c__Fusobacteriia; D_3__o__Fusobacteriales; D_4__f__Leptotrichiaceae; D_5__g__Leptotrichia; D_6__g__Leptotrichia_s__sp._HMT_417
2309	0	3	0	0	0	0	0	0	0	0	0	0	0	0	0	0	0	0	0	0	0	0	0	0	0	0	0	0	0	0	0	0	0	0	0	0	0	0	0	0	0	0	0	0	0	0	0	0	0	0	D_0__k__Bacteria; D_1__p__Firmicutes; D_2__c__Negativicutes; D_3__o__Selenomonadales; D_4__f__Selenomonadaceae; D_5__g__Selenomonas; D_6__g__Selenomonas_s__sp._HMT_936
2310	0	3	0	0	0	0	0	0	0	0	0	0	0	0	0	0	0	0	0	0	0	0	0	0	0	0	0	0	0	0	0	0	0	0	0	0	0	0	0	0	0	0	0	0	0	0	0	0	0	0	D_0__k__Bacteria; D_1__p__Proteobacteria; D_2__c__Gammaproteobacteria; D_3__o__Pasteurellales; D_4__f__Pasteurellaceae; D_5__g__Aggregatibacter; D_6__g__Aggregatibacter_s__aphrophilus
2311	0	0	3	0	0	0	0	0	0	0	0	0	0	0	0	0	0	0	0	0	0	0	0	0	0	0	0	0	0	0	0	0	0	0	0	0	0	0	0	0	0	0	0	0	0	0	0	0	0	0	D_0__k__Bacteria; D_1__p__Firmicutes; D_2__c__Negativicutes; D_3__o__Selenomonadales; D_4__f__Selenomonadaceae; D_5__g__Selenomonas; D_6__g__Selenomonas_s__sputigena
2312	0	0	3	0	0	0	0	0	0	0	0	0	0	0	0	0	0	0	0	0	0	0	0	0	0	0	0	0	0	0	0	0	0	0	0	0	0	0	0	0	0	0	0	0	0	0	0	0	0	0	D_0__k__Bacteria; D_1__p__Firmicutes; D_2__c__Clostridia; D_3__o__Eubacteriales; D_4__f__Lachnospiraceae; D_5__g__Stomatobaculum; D_6__g__Stomatobaculum_s__sp._HMT_910
2313	0	0	3	0	0	0	0	0	0	0	0	0	0	0	0	0	0	0	0	0	0	0	0	0	0	0	0	0	0	0	0	0	0	0	0	0	0	0	0	0	0	0	0	0	0	0	0	0	0	0	D_0__k__Bacteria; D_1__p__Synergistetes; D_2__c__Synergistia; D_3__o__Synergistales; D_4__f__Synergistaceae; D_5__g__Fretibacterium; D_6__g__Fretibacterium_s__fastidiosum
2314	0	0	3	0	0	0	0	0	0	0	0	0	0	0	0	0	0	0	0	0	0	0	0	0	0	0	0	0	0	0	0	0	0	0	0	0	0	0	0	0	0	0	0	0	0	0	0	0	0	0	D_0__k__Bacteria; D_1__p__Synergistetes; D_2__c__Synergistia; D_3__o__Synergistales; D_4__f__Synergistaceae; D_5__g__Fretibacterium; D_6__g__Fretibacterium_s__fastidiosum
2315	0	0	3	0	0	0	0	0	0	0	0	0	0	0	0	0	0	0	0	0	0	0	0	0	0	0	0	0	0	0	0	0	0	0	0	0	0	0	0	0	0	0	0	0	0	0	0	0	0	0	D_0__k__Bacteria; D_1__p__Fusobacteria; D_2__c__Fusobacteriia; D_3__o__Fusobacteriales; D_4__f__Leptotrichiaceae; D_5__g__Leptotrichia; D_6__g__Leptotrichia_s__sp._HMT_879
2316	0	0	3	0	0	0	0	0	0	0	0	0	0	0	0	0	0	0	0	0	0	0	0	0	0	0	0	0	0	0	0	0	0	0	0	0	0	0	0	0	0	0	0	0	0	0	0	0	0	0	D_0__k__Bacteria; D_1__p__Bacteroidetes; D_2__c__Bacteroidia; D_3__o__Bacteroidales; D_4__f__Prevotellaceae; D_5__g__Prevotella; D_6__g__Prevotella_s__oris
2317	0	0	3	0	0	0	0	0	0	0	0	0	0	0	0	0	0	0	0	0	0	0	0	0	0	0	0	0	0	0	0	0	0	0	0	0	0	0	0	0	0	0	0	0	0	0	0	0	0	0	D_0__k__Bacteria; D_1__p__Bacteroidetes; D_2__c__Bacteroidia; D_3__o__Bacteroidales; D_4__f__Prevotellaceae; D_5__g__Prevotella; D_6__g__Prevotella_s__sp._HMT_443
2318	0	0	0	3	0	0	0	0	0	0	0	0	0	0	0	0	0	0	0	0	0	0	0	0	0	0	0	0	0	0	0	0	0	0	0	0	0	0	0	0	0	0	0	0	0	0	0	0	0	0	D_0__k__Bacteria; D_1__p__Firmicutes; D_2__c__Clostridia; D_3__o__Eubacteriales; D_4__f__Peptostreptococcaceae; D_5__g__Peptostreptococcus; D_6__g__Peptostreptococcus_s__stomatis
2319	0	0	0	3	0	0	0	0	0	0	0	0	0	0	0	0	0	0	0	0	0	0	0	0	0	0	0	0	0	0	0	0	0	0	0	0	0	0	0	0	0	0	0	0	0	0	0	0	0	0	D_0__k__Bacteria; D_1__p__Proteobacteria; D_2__c__Gammaproteobacteria; D_3__o__Cardiobacteriales; D_4__f__Cardiobacteriaceae; D_5__g__Cardiobacterium; D_6__g__Cardiobacterium_s__hominis
2320	0	0	0	3	0	0	0	0	0	0	0	0	0	0	0	0	0	0	0	0	0	0	0	0	0	0	0	0	0	0	0	0	0	0	0	0	0	0	0	0	0	0	0	0	0	0	0	0	0	0	D_0__k__Bacteria; D_1__p__Spirochaetes; D_2__c__Spirochaetia; D_3__o__Spirochaetales; D_4__f__Treponemataceae; D_5__g__Treponema; D_6__g__Treponema_s__sp._HMT_237
2321	0	0	0	3	0	0	0	0	0	0	0	0	0	0	0	0	0	0	0	0	0	0	0	0	0	0	0	0	0	0	0	0	0	0	0	0	0	0	0	0	0	0	0	0	0	0	0	0	0	0	D_0__k__Bacteria; D_1__p__Proteobacteria; D_2__c__Gammaproteobacteria; D_3__o__Pasteurellales; D_4__f__Pasteurellaceae; D_5__g__Haemophilus; D_6__g__Haemophilus_s__aegyptius
2322	0	0	0	3	0	0	0	0	0	0	0	0	0	0	0	0	0	0	0	0	0	0	0	0	0	0	0	0	0	0	0	0	0	0	0	0	0	0	0	0	0	0	0	0	0	0	0	0	0	0	D_0__k__Bacteria; D_1__p__Proteobacteria; D_2__c__Betaproteobacteria; D_3__o__Neisseriales; D_4__f__Neisseriaceae; D_5__g__Neisseria; D_6__g__Neisseria_s__flava
2323	0	0	0	3	0	0	0	0	0	0	0	0	0	0	0	0	0	0	0	0	0	0	0	0	0	0	0	0	0	0	0	0	0	0	0	0	0	0	0	0	0	0	0	0	0	0	0	0	0	0	D_0__k__Bacteria; D_1__p__Firmicutes; D_2__c__Bacilli; D_3__o__Lactobacillales; D_4__f__Streptococcaceae; D_5__g__Streptococcus; D_6__g__Streptococcus_s__lactarius
2324	0	0	0	3	0	0	0	0	0	0	0	0	0	0	0	0	0	0	0	0	0	0	0	0	0	0	0	0	0	0	0	0	0	0	0	0	0	0	0	0	0	0	0	0	0	0	0	0	0	0	D_0__k__Bacteria; D_1__p__Firmicutes; D_2__c__Erysipelotrichia; D_3__o__Erysipelotrichales; D_4__f__Erysipelotrichaceae; D_5__g__Solobacterium; D_6__g__Solobacterium_s__moorei
2325	0	0	0	3	0	0	0	0	0	0	0	0	0	0	0	0	0	0	0	0	0	0	0	0	0	0	0	0	0	0	0	0	0	0	0	0	0	0	0	0	0	0	0	0	0	0	0	0	0	0	D_0__k__Bacteria; D_1__p__Firmicutes; D_2__c__Clostridia; D_3__o__Eubacteriales; D_4__f__Lachnospiraceae; D_5__g__Stomatobaculum; D_6__g__Stomatobaculum_s__longum
2326	0	0	0	3	0	0	0	0	0	0	0	0	0	0	0	0	0	0	0	0	0	0	0	0	0	0	0	0	0	0	0	0	0	0	0	0	0	0	0	0	0	0	0	0	0	0	0	0	0	0	D_0__k__Bacteria; D_1__p__Actinobacteria; D_2__c__Actinomycetia; D_3__o__Micrococcales; D_4__f__Micrococcaceae; D_5__g__Rothia; D_6__g__Rothia_s__dentocariosa
2327	0	0	0	3	0	0	0	0	0	0	0	0	0	0	0	0	0	0	0	0	0	0	0	0	0	0	0	0	0	0	0	0	0	0	0	0	0	0	0	0	0	0	0	0	0	0	0	0	0	0	D_0__k__Bacteria; D_1__p__Firmicutes; D_2__c__Negativicutes; D_3__o__Veillonellales; D_4__f__Veillonellaceae; D_5__g__Veillonella; D_6__g__Veillonella_s__parvula
2328	0	0	0	0	3	0	0	0	0	0	0	0	0	0	0	0	0	0	0	0	0	0	0	0	0	0	0	0	0	0	0	0	0	0	0	0	0	0	0	0	0	0	0	0	0	0	0	0	0	0	D_0__k__Bacteria; D_1__p__Synergistetes; D_2__c__Synergistia; D_3__o__Synergistales; D_4__f__Synergistaceae; D_5__g__Fretibacterium; D_6__g__Fretibacterium_s__fastidiosum
2329	0	0	0	0	3	0	0	0	0	0	0	0	0	0	0	0	0	0	0	0	0	0	0	0	0	0	0	0	0	0	0	0	0	0	0	0	0	0	0	0	0	0	0	0	0	0	0	0	0	0	D_0__k__Bacteria; D_1__p__Bacteroidetes; D_2__c__Bacteroidia; D_3__o__Bacteroidales; D_4__f__Bacteroidales_[F-2]; D_5__g__Bacteroidales_[G-2]; D_6__g__Bacteroidales_[G-2]_s__bacterium_HMT_274
2330	0	0	0	0	3	0	0	0	0	0	0	0	0	0	0	0	0	0	0	0	0	0	0	0	0	0	0	0	0	0	0	0	0	0	0	0	0	0	0	0	0	0	0	0	0	0	0	0	0	0	D_0__k__Bacteria; D_1__p__Bacteroidetes; D_2__c__Bacteroidia; D_3__o__Bacteroidales; D_4__f__Bacteroidales_[F-2]; D_5__g__Bacteroidales_[G-2]; D_6__g__Bacteroidales_[G-2]_s__bacterium_HMT_274
2331	0	0	0	0	3	0	0	0	0	0	0	0	0	0	0	0	0	0	0	0	0	0	0	0	0	0	0	0	0	0	0	0	0	0	0	0	0	0	0	0	0	0	0	0	0	0	0	0	0	0	D_0__k__Bacteria; D_1__p__Actinobacteria; D_2__c__Actinomycetia; D_3__o__Actinomycetales; D_4__f__Actinomycetaceae; D_5__g__Actinomyces; D_6__g__Actinomyces_s__sp._HMT_897
2332	0	0	0	0	3	0	0	0	0	0	0	0	0	0	0	0	0	0	0	0	0	0	0	0	0	0	0	0	0	0	0	0	0	0	0	0	0	0	0	0	0	0	0	0	0	0	0	0	0	0	D_0__k__Bacteria; D_1__p__Fusobacteria; D_2__c__Fusobacteriia; D_3__o__Fusobacteriales; D_4__f__Fusobacteriaceae; D_5__g__Fusobacterium; D_6__g__Fusobacterium_s__nucleatum
2333	0	0	0	0	0	3	0	0	0	0	0	0	0	0	0	0	0	0	0	0	0	0	0	0	0	0	0	0	0	0	0	0	0	0	0	0	0	0	0	0	0	0	0	0	0	0	0	0	0	0	D_0__k__Bacteria; D_1__p__Bacteroidetes; D_2__c__Bacteroidia; D_3__o__Bacteroidales; D_4__f__Prevotellaceae; D_5__g__Prevotella; D_6__g__Prevotella_s__saccharolytica
2334	0	0	0	0	0	3	0	0	0	0	0	0	0	0	0	0	0	0	0	0	0	0	0	0	0	0	0	0	0	0	0	0	0	0	0	0	0	0	0	0	0	0	0	0	0	0	0	0	0	0	D_0__k__Bacteria; D_1__p__Firmicutes; D_2__c__Erysipelotrichia; D_3__o__Erysipelotrichales; D_4__f__Erysipelotrichaceae; D_5__g__Solobacterium; D_6__g__Solobacterium_s__moorei
2335	0	0	0	0	0	3	0	0	0	0	0	0	0	0	0	0	0	0	0	0	0	0	0	0	0	0	0	0	0	0	0	0	0	0	0	0	0	0	0	0	0	0	0	0	0	0	0	0	0	0	D_0__k__Bacteria; D_1__p__Bacteroidetes; D_2__c__Bacteroidia; D_3__o__Bacteroidales; D_4__f__Prevotellaceae; D_5__g__Prevotella; D_6__g__Prevotella_s__sp._HMT_300
2336	0	0	0	0	0	3	0	0	0	0	0	0	0	0	0	0	0	0	0	0	0	0	0	0	0	0	0	0	0	0	0	0	0	0	0	0	0	0	0	0	0	0	0	0	0	0	0	0	0	0	D_0__k__Bacteria; D_1__p__Firmicutes; D_2__c__Bacilli; D_3__o__Lactobacillales; D_4__f__Streptococcaceae; D_5__g__Streptococcus; D_6__g__Streptococcus_s__parasanguinis_clade_721
2337	0	0	0	0	0	3	0	0	0	0	0	0	0	0	0	0	0	0	0	0	0	0	0	0	0	0	0	0	0	0	0	0	0	0	0	0	0	0	0	0	0	0	0	0	0	0	0	0	0	0	D_0__k__Bacteria; D_1__p__Bacteroidetes; D_2__c__Bacteroidia; D_3__o__Bacteroidales; D_4__f__Prevotellaceae; D_5__g__Prevotella; D_6__g__Prevotella_s__sp._HMT_292
2338	0	0	0	0	0	3	0	0	0	0	0	0	0	0	0	0	0	0	0	0	0	0	0	0	0	0	0	0	0	0	0	0	0	0	0	0	0	0	0	0	0	0	0	0	0	0	0	0	0	0	D_0__k__Bacteria; D_1__p__Firmicutes; D_2__c__Bacilli; D_3__o__Lactobacillales; D_4__f__Streptococcaceae; D_5__g__Streptococcus; D_6__g__Streptococcus_s__salivarius
2339	0	0	0	0	0	0	3	0	0	0	0	0	0	0	0	0	0	0	0	0	0	0	0	0	0	0	0	0	0	0	0	0	0	0	0	0	0	0	0	0	0	0	0	0	0	0	0	0	0	0	D_0__k__Bacteria; D_1__p__Actinobacteria; D_2__c__Actinomycetia; D_3__o__Propionibacteriales; D_4__f__Propionibacteriaceae; D_5__g__Acidipropionibacterium; D_6__g__Acidipropionibacterium_s__acidifaciens
2340	0	0	0	0	0	0	3	0	0	0	0	0	0	0	0	0	0	0	0	0	0	0	0	0	0	0	0	0	0	0	0	0	0	0	0	0	0	0	0	0	0	0	0	0	0	0	0	0	0	0	D_0__k__Bacteria; D_1__p__Actinobacteria; D_2__c__Coriobacteriia; D_3__o__Coriobacteriales; D_4__f__Coriobacteriaceae; D_5__g__Fannyhessea; D_6__g__Fannyhessea_s__sp._HMT_416
2341	0	0	0	0	0	0	3	0	0	0	0	0	0	0	0	0	0	0	0	0	0	0	0	0	0	0	0	0	0	0	0	0	0	0	0	0	0	0	0	0	0	0	0	0	0	0	0	0	0	0	D_0__k__Bacteria; D_1__p__Firmicutes; D_2__c__Bacilli; D_3__o__Lactobacillales; D_4__f__Streptococcaceae; D_5__g__Streptococcus; D_6__g__Streptococcus_s__intermedius
2342	0	0	0	0	0	0	3	0	0	0	0	0	0	0	0	0	0	0	0	0	0	0	0	0	0	0	0	0	0	0	0	0	0	0	0	0	0	0	0	0	0	0	0	0	0	0	0	0	0	0	D_0__k__Bacteria; D_1__p__Actinobacteria; D_2__c__Coriobacteriia; D_3__o__Coriobacteriales; D_4__f__Coriobacteriaceae; D_5__g__Fannyhessea; D_6__g__Fannyhessea_s__sp._HMT_416
2343	0	0	0	0	0	0	0	3	0	0	0	0	0	0	0	0	0	0	0	0	0	0	0	0	0	0	0	0	0	0	0	0	0	0	0	0	0	0	0	0	0	0	0	0	0	0	0	0	0	0	D_0__k__Bacteria; D_1__p__Actinobacteria; D_2__c__Actinomycetia; D_3__o__Actinomycetales; D_4__f__Actinomycetaceae; D_5__g__Peptidiphaga; D_6__g__Peptidiphaga_s__sp._HMT_183
2344	0	0	0	0	0	0	0	3	0	0	0	0	0	0	0	0	0	0	0	0	0	0	0	0	0	0	0	0	0	0	0	0	0	0	0	0	0	0	0	0	0	0	0	0	0	0	0	0	0	0	D_0__k__Bacteria; D_1__p__Firmicutes; D_2__c__Negativicutes; D_3__o__Selenomonadales; D_4__f__Selenomonadaceae; D_5__g__Selenomonas; D_6__g__Selenomonas_s__noxia
2345	0	0	0	0	0	0	0	3	0	0	0	0	0	0	0	0	0	0	0	0	0	0	0	0	0	0	0	0	0	0	0	0	0	0	0	0	0	0	0	0	0	0	0	0	0	0	0	0	0	0	D_0__k__Bacteria; D_1__p__Saccharibacteria_(TM7); D_2__c__Saccharibacteria_(TM7)_[C-1]; D_3__o__Saccharibacteria_(TM7)_[O-1]; D_4__f__Saccharibacteria_(TM7)_[F-1]; D_5__g__Saccharibacteria_(TM7)_[G-1]; D_6__g__Saccharibacteria_(TM7)_[G-1]_s__bacterium_HMT_347
2346	0	0	0	0	0	0	0	3	0	0	0	0	0	0	0	0	0	0	0	0	0	0	0	0	0	0	0	0	0	0	0	0	0	0	0	0	0	0	0	0	0	0	0	0	0	0	0	0	0	0	D_0__k__Bacteria; D_1__p__Proteobacteria; D_2__c__Betaproteobacteria; D_3__o__Neisseriales; D_4__f__Neisseriaceae; D_5__g__Neisseria; D_6__g__Neisseria_s__cinerea
2347	0	0	0	0	0	0	0	3	0	0	0	0	0	0	0	0	0	0	0	0	0	0	0	0	0	0	0	0	0	0	0	0	0	0	0	0	0	0	0	0	0	0	0	0	0	0	0	0	0	0	D_0__k__Bacteria; D_1__p__Fusobacteria; D_2__c__Fusobacteriia; D_3__o__Fusobacteriales; D_4__f__Fusobacteriaceae; D_5__g__Fusobacterium; D_6__g__Fusobacterium_s__sp._HMT_203
2348	0	0	0	0	0	0	0	3	0	0	0	0	0	0	0	0	0	0	0	0	0	0	0	0	0	0	0	0	0	0	0	0	0	0	0	0	0	0	0	0	0	0	0	0	0	0	0	0	0	0	D_0__k__Bacteria; D_1__p__Proteobacteria; D_2__c__Betaproteobacteria; D_3__o__Neisseriales; D_4__f__Neisseriaceae; D_5__g__Neisseria; D_6__g__Neisseria_s__subflava
2349	0	0	0	0	0	0	0	3	0	0	0	0	0	0	0	0	0	0	0	0	0	0	0	0	0	0	0	0	0	0	0	0	0	0	0	0	0	0	0	0	0	0	0	0	0	0	0	0	0	0	D_0__k__Bacteria; D_1__p__Proteobacteria; D_2__c__Gammaproteobacteria; D_3__o__Pasteurellales; D_4__f__Pasteurellaceae; D_5__g__Haemophilus; D_6__g__Haemophilus_s__sp._HMT_908
2350	0	0	0	0	0	0	0	3	0	0	0	0	0	0	0	0	0	0	0	0	0	0	0	0	0	0	0	0	0	0	0	0	0	0	0	0	0	0	0	0	0	0	0	0	0	0	0	0	0	0	D_0__k__Bacteria; D_1__p__Firmicutes; D_2__c__Negativicutes; D_3__o__Selenomonadales; D_4__f__Selenomonadaceae; D_5__g__Selenomonas; D_6__g__Selenomonas_s__sp._HMT_138
2351	0	0	0	0	0	0	0	3	0	0	0	0	0	0	0	0	0	0	0	0	0	0	0	0	0	0	0	0	0	0	0	0	0	0	0	0	0	0	0	0	0	0	0	0	0	0	0	0	0	0	D_0__k__Bacteria; D_1__p__Fusobacteria; D_2__c__Fusobacteriia; D_3__o__Fusobacteriales; D_4__f__Fusobacteriaceae; D_5__g__Fusobacterium; D_6__g__Fusobacterium_s__naviforme
2352	0	0	0	0	0	0	0	0	0	3	0	0	0	0	0	0	0	0	0	0	0	0	0	0	0	0	0	0	0	0	0	0	0	0	0	0	0	0	0	0	0	0	0	0	0	0	0	0	0	0	D_0__k__Bacteria; D_1__p__Firmicutes; D_2__c__Bacilli; D_3__o__Lactobacillales; D_4__f__Streptococcaceae; D_5__g__Streptococcus; D_6__g__Streptococcus_s__sanguinis
2353	0	0	0	0	0	0	0	0	0	0	3	0	0	0	0	0	0	0	0	0	0	0	0	0	0	0	0	0	0	0	0	0	0	0	0	0	0	0	0	0	0	0	0	0	0	0	0	0	0	0	D_0__k__Bacteria; D_1__p__Proteobacteria; D_2__c__Gammaproteobacteria; D_3__o__Pasteurellales; D_4__f__Pasteurellaceae; D_5__g__Haemophilus; D_6__g__Haemophilus_s__parainfluenzae
2354	0	0	0	0	0	0	0	0	0	0	3	0	0	0	0	0	0	0	0	0	0	0	0	0	0	0	0	0	0	0	0	0	0	0	0	0	0	0	0	0	0	0	0	0	0	0	0	0	0	0	D_0__k__Bacteria; D_1__p__Firmicutes; D_2__c__Erysipelotrichia; D_3__o__Erysipelotrichales; D_4__f__Erysipelotrichaceae; D_5__g__Solobacterium; D_6__g__Solobacterium_s__moorei
2355	0	0	0	0	0	0	0	0	0	0	3	0	0	0	0	0	0	0	0	0	0	0	0	0	0	0	0	0	0	0	0	0	0	0	0	0	0	0	0	0	0	0	0	0	0	0	0	0	0	0	D_0__k__Bacteria; D_1__p__Firmicutes; D_2__c__Tissierellia; D_3__o__Tissierellales; D_4__f__Peptoniphilaceae; D_5__g__Parvimonas; D_6__g__Parvimonas_s__sp._HMT_110
2356	0	0	0	0	0	0	0	0	0	0	0	3	0	0	0	0	0	0	0	0	0	0	0	0	0	0	0	0	0	0	0	0	0	0	0	0	0	0	0	0	0	0	0	0	0	0	0	0	0	0	D_0__k__Bacteria; D_1__p__Proteobacteria; D_2__c__Gammaproteobacteria; D_3__o__Cardiobacteriales; D_4__f__Cardiobacteriaceae; D_5__g__Cardiobacterium; D_6__g__Cardiobacterium_s__hominis
2357	0	0	0	0	0	0	0	0	0	0	0	3	0	0	0	0	0	0	0	0	0	0	0	0	0	0	0	0	0	0	0	0	0	0	0	0	0	0	0	0	0	0	0	0	0	0	0	0	0	0	D_0__k__Bacteria; D_1__p__Actinobacteria; D_2__c__Actinomycetia; D_3__o__Propionibacteriales; D_4__f__Propionibacteriaceae; D_5__g__Arachnia; D_6__g__Arachnia_s__propionica
2358	0	0	0	0	0	0	0	0	0	0	0	3	0	0	0	0	0	0	0	0	0	0	0	0	0	0	0	0	0	0	0	0	0	0	0	0	0	0	0	0	0	0	0	0	0	0	0	0	0	0	D_0__k__Bacteria; D_1__p__Proteobacteria; D_2__c__Betaproteobacteria; D_3__o__Neisseriales; D_4__f__Neisseriaceae; D_5__g__Neisseria; D_6__g__Neisseria_s__flava
2359	0	0	0	0	0	0	0	0	0	0	0	3	0	0	0	0	0	0	0	0	0	0	0	0	0	0	0	0	0	0	0	0	0	0	0	0	0	0	0	0	0	0	0	0	0	0	0	0	0	0	D_0__k__Bacteria; D_1__p__Fusobacteria; D_2__c__Fusobacteriia; D_3__o__Fusobacteriales; D_4__f__Leptotrichiaceae; D_5__g__Leptotrichia; D_6__g__Leptotrichia_s__sp._HMT_215
2360	0	0	0	0	0	0	0	0	0	0	0	3	0	0	0	0	0	0	0	0	0	0	0	0	0	0	0	0	0	0	0	0	0	0	0	0	0	0	0	0	0	0	0	0	0	0	0	0	0	0	D_0__k__Bacteria; D_1__p__Firmicutes; D_2__c__Tissierellia; D_3__o__Tissierellales; D_4__f__Peptoniphilaceae; D_5__g__Parvimonas; D_6__g__Parvimonas_s__micra
2361	0	0	0	0	0	0	0	0	0	0	0	3	0	0	0	0	0	0	0	0	0	0	0	0	0	0	0	0	0	0	0	0	0	0	0	0	0	0	0	0	0	0	0	0	0	0	0	0	0	0	D_0__k__Bacteria; D_1__p__Firmicutes; D_2__c__Clostridia; D_3__o__Eubacteriales; D_4__f__Lachnospiraceae; D_5__g__Lachnospiraceae_[G-3]; D_6__g__Lachnospiraceae_[G-3]_s__bacterium_HMT_100
2362	0	0	0	0	0	0	0	0	0	0	0	3	0	0	0	0	0	0	0	0	0	0	0	0	0	0	0	0	0	0	0	0	0	0	0	0	0	0	0	0	0	0	0	0	0	0	0	0	0	0	D_0__k__Bacteria; D_1__p__Saccharibacteria_(TM7); D_2__c__Saccharibacteria_(TM7)_[C-1]; D_3__o__Saccharibacteria_(TM7)_[O-1]; D_4__f__Saccharibacteria_(TM7)_[F-1]; D_5__g__Saccharibacteria_(TM7)_[G-4]; D_6__g__Saccharibacteria_(TM7)_[G-4]_s__bacterium_HMT_355
2363	0	0	0	0	0	0	0	0	0	0	0	3	0	0	0	0	0	0	0	0	0	0	0	0	0	0	0	0	0	0	0	0	0	0	0	0	0	0	0	0	0	0	0	0	0	0	0	0	0	0	D_0__k__Bacteria; D_1__p__Fusobacteria; D_2__c__Fusobacteriia; D_3__o__Fusobacteriales; D_4__f__Leptotrichiaceae; D_5__g__Leptotrichia; D_6__g__Leptotrichia_s__sp._HMT_225
2364	0	0	0	0	0	0	0	0	0	0	0	3	0	0	0	0	0	0	0	0	0	0	0	0	0	0	0	0	0	0	0	0	0	0	0	0	0	0	0	0	0	0	0	0	0	0	0	0	0	0	D_0__k__Bacteria; D_1__p__Fusobacteria; D_2__c__Fusobacteriia; D_3__o__Fusobacteriales; D_4__f__Leptotrichiaceae; D_5__g__Leptotrichia; D_6__g__Leptotrichia_s__sp._HMT_225
2365	0	0	0	0	0	0	0	0	0	0	0	0	3	0	0	0	0	0	0	0	0	0	0	0	0	0	0	0	0	0	0	0	0	0	0	0	0	0	0	0	0	0	0	0	0	0	0	0	0	0	D_0__k__Bacteria; D_1__p__Firmicutes; D_2__c__Tissierellia; D_3__o__Tissierellales; D_4__f__Peptoniphilaceae; D_5__g__Peptoniphilus; D_6__g__Peptoniphilus_s__sp._HMT_375
2366	0	0	0	0	0	0	0	0	0	0	0	0	0	0	0	3	0	0	0	0	0	0	0	0	0	0	0	0	0	0	0	0	0	0	0	0	0	0	0	0	0	0	0	0	0	0	0	0	0	0	D_0__k__Bacteria; D_1__p__Bacteroidetes; D_2__c__Bacteroidia; D_3__o__Bacteroidales; D_4__f__Porphyromonadaceae; D_5__g__Porphyromonas; D_6__g__Porphyromonas_s__sp._HMT_275
2367	0	0	0	0	0	0	0	0	0	0	0	0	0	0	0	3	0	0	0	0	0	0	0	0	0	0	0	0	0	0	0	0	0	0	0	0	0	0	0	0	0	0	0	0	0	0	0	0	0	0	D_0__k__Bacteria; D_1__p__Bacteroidetes; D_2__c__Bacteroidia; D_3__o__Bacteroidales; D_4__f__Prevotellaceae; D_5__g__Prevotella; D_6__g__Prevotella_s__oris
2368	0	0	0	0	0	0	0	0	0	0	0	0	0	0	0	3	0	0	0	0	0	0	0	0	0	0	0	0	0	0	0	0	0	0	0	0	0	0	0	0	0	0	0	0	0	0	0	0	0	0	D_0__k__Bacteria; D_1__p__Bacteroidetes; D_2__c__Bacteroidia; D_3__o__Bacteroidales; D_4__f__Prevotellaceae; D_5__g__Prevotella; D_6__g__Prevotella_s__oulorum
2369	0	0	0	0	0	0	0	0	0	0	0	0	0	0	0	3	0	0	0	0	0	0	0	0	0	0	0	0	0	0	0	0	0	0	0	0	0	0	0	0	0	0	0	0	0	0	0	0	0	0	D_0__k__Bacteria; D_1__p__Actinobacteria; D_2__c__Actinomycetia; D_3__o__Actinomycetales; D_4__f__Actinomycetaceae; D_5__g__Peptidiphaga; D_6__g__Peptidiphaga_s__sp._HMT_183
2370	0	0	0	0	0	0	0	0	0	0	0	0	0	0	0	3	0	0	0	0	0	0	0	0	0	0	0	0	0	0	0	0	0	0	0	0	0	0	0	0	0	0	0	0	0	0	0	0	0	0	D_0__k__Bacteria; D_1__p__Firmicutes; D_2__c__Bacilli; D_3__o__Lactobacillales; D_4__f__Lactobacillaceae; D_5__g__Lacticaseibacillus; D_6__g__Lacticaseibacillus_s__casei
2371	0	0	0	0	0	0	0	0	0	0	0	0	0	0	0	3	0	0	0	0	0	0	0	0	0	0	0	0	0	0	0	0	0	0	0	0	0	0	0	0	0	0	0	0	0	0	0	0	0	0	D_0__k__Bacteria; D_1__p__Bacteroidetes; D_2__c__Bacteroidia; D_3__o__Bacteroidales; D_4__f__Prevotellaceae; D_5__g__Alloprevotella; D_6__g__Alloprevotella_s__sp._HMT_914
2372	0	0	0	0	0	0	0	0	0	0	0	0	0	0	0	3	0	0	0	0	0	0	0	0	0	0	0	0	0	0	0	0	0	0	0	0	0	0	0	0	0	0	0	0	0	0	0	0	0	0	D_0__k__Bacteria; D_1__p__Actinobacteria; D_2__c__Actinomycetia; D_3__o__Propionibacteriales; D_4__f__Propionibacteriaceae; D_5__g__Arachnia; D_6__g__Arachnia_s__propionica
2373	0	0	0	0	0	0	0	0	0	0	0	0	0	0	0	3	0	0	0	0	0	0	0	0	0	0	0	0	0	0	0	0	0	0	0	0	0	0	0	0	0	0	0	0	0	0	0	0	0	0	D_0__k__Bacteria; D_1__p__Bacteroidetes; D_2__c__Flavobacteriia; D_3__o__Flavobacteriales; D_4__f__Flavobacteriaceae; D_5__g__Capnocytophaga; D_6__g__Capnocytophaga_s__sp._HMT_335
2374	0	0	0	0	0	0	0	0	0	0	0	0	0	0	0	0	3	0	0	0	0	0	0	0	0	0	0	0	0	0	0	0	0	0	0	0	0	0	0	0	0	0	0	0	0	0	0	0	0	0	D_0__k__Bacteria; D_1__p__Bacteroidetes; D_2__c__Flavobacteriia; D_3__o__Flavobacteriales; D_4__f__Flavobacteriaceae; D_5__g__Capnocytophaga; D_6__g__Capnocytophaga_s__sp._HMT_412
2375	0	0	0	0	0	0	0	0	0	0	0	0	0	0	0	0	0	3	0	0	0	0	0	0	0	0	0	0	0	0	0	0	0	0	0	0	0	0	0	0	0	0	0	0	0	0	0	0	0	0	D_0__k__Bacteria; D_1__p__Proteobacteria; D_2__c__Gammaproteobacteria; D_3__o__Pasteurellales; D_4__f__Pasteurellaceae; D_5__g__Haemophilus; D_6__g__Haemophilus_s__sp._HMT_036
2376	0	0	0	0	0	0	0	0	0	0	0	0	0	0	0	0	0	3	0	0	0	0	0	0	0	0	0	0	0	0	0	0	0	0	0	0	0	0	0	0	0	0	0	0	0	0	0	0	0	0	D_0__k__Bacteria; D_1__p__Firmicutes; D_2__c__Clostridia; D_3__o__Eubacteriales; D_4__f__Lachnospiraceae; D_5__g__Lachnospiraceae_[G-3]; D_6__g__Lachnospiraceae_[G-3]_s__bacterium_HMT_100
2377	0	0	0	0	0	0	0	0	0	0	0	0	0	0	0	0	0	3	0	0	0	0	0	0	0	0	0	0	0	0	0	0	0	0	0	0	0	0	0	0	0	0	0	0	0	0	0	0	0	0	D_0__k__Bacteria; D_1__p__Fusobacteria; D_2__c__Fusobacteriia; D_3__o__Fusobacteriales; D_4__f__Leptotrichiaceae; D_5__g__Leptotrichia; D_6__g__Leptotrichia_s__buccalis
2378	0	0	0	0	0	0	0	0	0	0	0	0	0	0	0	0	0	3	0	0	0	0	0	0	0	0	0	0	0	0	0	0	0	0	0	0	0	0	0	0	0	0	0	0	0	0	0	0	0	0	D_0__k__Bacteria; D_1__p__Firmicutes; D_2__c__Negativicutes; D_3__o__Veillonellales; D_4__f__Veillonellaceae; D_5__g__Veillonella; D_6__g__Veillonella_s__dispar
2379	0	0	0	0	0	0	0	0	0	0	0	0	0	0	0	0	0	3	0	0	0	0	0	0	0	0	0	0	0	0	0	0	0	0	0	0	0	0	0	0	0	0	0	0	0	0	0	0	0	0	D_0__k__Bacteria; D_1__p__Firmicutes; D_2__c__Negativicutes; D_3__o__Selenomonadales; D_4__f__Selenomonadaceae; D_5__g__Selenomonas; D_6__g__Selenomonas_s__noxia
2380	0	0	0	0	0	0	0	0	0	0	0	0	0	0	0	0	0	3	0	0	0	0	0	0	0	0	0	0	0	0	0	0	0	0	0	0	0	0	0	0	0	0	0	0	0	0	0	0	0	0	D_0__k__Bacteria; D_1__p__Fusobacteria; D_2__c__Fusobacteriia; D_3__o__Fusobacteriales; D_4__f__Leptotrichiaceae; D_5__g__Pseudoleptotrichia; D_6__g__Pseudoleptotrichia_s__sp._HMT_221
2381	0	0	0	0	0	0	0	0	0	0	0	0	0	0	0	0	0	3	0	0	0	0	0	0	0	0	0	0	0	0	0	0	0	0	0	0	0	0	0	0	0	0	0	0	0	0	0	0	0	0	D_0__k__Bacteria; D_1__p__Bacteroidetes; D_2__c__Bacteroidia; D_3__o__Bacteroidales; D_4__f__Prevotellaceae; D_5__g__Alloprevotella; D_6__g__Alloprevotella_s__sp._HMT_473
2382	0	0	0	0	0	0	0	0	0	0	0	0	0	0	0	0	0	3	0	0	0	0	0	0	0	0	0	0	0	0	0	0	0	0	0	0	0	0	0	0	0	0	0	0	0	0	0	0	0	0	D_0__k__Bacteria; D_1__p__Firmicutes; D_2__c__Negativicutes; D_3__o__Selenomonadales; D_4__f__Selenomonadaceae; D_5__g__Selenomonas; D_6__g__Selenomonas_s__noxia
2383	0	0	0	0	0	0	0	0	0	0	0	0	0	0	0	0	0	3	0	0	0	0	0	0	0	0	0	0	0	0	0	0	0	0	0	0	0	0	0	0	0	0	0	0	0	0	0	0	0	0	D_0__k__Bacteria; D_1__p__Fusobacteria; D_2__c__Fusobacteriia; D_3__o__Fusobacteriales; D_4__f__Leptotrichiaceae; D_5__g__Leptotrichia; D_6__g__Leptotrichia_s__hofstadii
2384	0	0	0	0	0	0	0	0	0	0	0	0	0	0	0	0	0	3	0	0	0	0	0	0	0	0	0	0	0	0	0	0	0	0	0	0	0	0	0	0	0	0	0	0	0	0	0	0	0	0	D_0__k__Bacteria; D_1__p__Fusobacteria; D_2__c__Fusobacteriia; D_3__o__Fusobacteriales; D_4__f__Leptotrichiaceae; D_5__g__Leptotrichia; D_6__g__Leptotrichia_s__sp._HMT_417
2385	0	0	0	0	0	0	0	0	0	0	0	0	0	0	0	0	0	0	3	0	0	0	0	0	0	0	0	0	0	0	0	0	0	0	0	0	0	0	0	0	0	0	0	0	0	0	0	0	0	0	D_0__k__Bacteria; D_1__p__Firmicutes; D_2__c__Clostridia; D_3__o__Eubacteriales; D_4__f__Peptostreptococcaceae; D_5__g__Peptostreptococcaceae_[G-7]; D_6__g__Peptostreptococcaceae_[G-7]_s__[Eubacterium]_yurii_subsps._yurii_&_margaretiae
2386	0	0	0	0	0	0	0	0	0	0	0	0	0	0	0	0	0	0	3	0	0	0	0	0	0	0	0	0	0	0	0	0	0	0	0	0	0	0	0	0	0	0	0	0	0	0	0	0	0	0	D_0__k__Bacteria; D_1__p__Firmicutes; D_2__c__Tissierellia; D_3__o__Tissierellales; D_4__f__Peptoniphilaceae; D_5__g__Parvimonas; D_6__g__Parvimonas_s__micra
2387	0	0	0	0	0	0	0	0	0	0	0	0	0	0	0	0	0	0	3	0	0	0	0	0	0	0	0	0	0	0	0	0	0	0	0	0	0	0	0	0	0	0	0	0	0	0	0	0	0	0	D_0__k__Bacteria; D_1__p__Firmicutes; D_2__c__Tissierellia; D_3__o__Tissierellales; D_4__f__Peptoniphilaceae; D_5__g__Peptoniphilaceae_[G-3]; D_6__g__Peptoniphilaceae_[G-3]_s__bacterium_HMT_929
2388	0	0	0	0	0	0	0	0	0	0	0	0	0	0	0	0	0	0	3	0	0	0	0	0	0	0	0	0	0	0	0	0	0	0	0	0	0	0	0	0	0	0	0	0	0	0	0	0	0	0	D_0__k__Bacteria; D_1__p__Synergistetes; D_2__c__Synergistia; D_3__o__Synergistales; D_4__f__Synergistaceae; D_5__g__Fretibacterium; D_6__g__Fretibacterium_s__sp._HMT_360
2389	0	0	0	0	0	0	0	0	0	0	0	0	0	0	0	0	0	0	0	3	0	0	0	0	0	0	0	0	0	0	0	0	0	0	0	0	0	0	0	0	0	0	0	0	0	0	0	0	0	0	D_0__k__Bacteria; D_1__p__Proteobacteria; D_2__c__Betaproteobacteria; D_3__o__Neisseriales; D_4__f__Neisseriaceae; D_5__g__Neisseria; D_6__g__Neisseria_s__flava
2390	0	0	0	0	0	0	0	0	0	0	0	0	0	0	0	0	0	0	0	3	0	0	0	0	0	0	0	0	0	0	0	0	0	0	0	0	0	0	0	0	0	0	0	0	0	0	0	0	0	0	D_0__k__Bacteria; D_1__p__Proteobacteria; D_2__c__Betaproteobacteria; D_3__o__Burkholderiales; D_4__f__Burkholderiaceae; D_5__g__Lautropia; D_6__g__Lautropia_s__mirabilis
2391	0	0	0	0	0	0	0	0	0	0	0	0	0	0	0	0	0	0	0	3	0	0	0	0	0	0	0	0	0	0	0	0	0	0	0	0	0	0	0	0	0	0	0	0	0	0	0	0	0	0	D_0__k__Bacteria; D_1__p__Proteobacteria; D_2__c__Betaproteobacteria; D_3__o__Neisseriales; D_4__f__Neisseriaceae; D_5__g__Neisseria; D_6__g__Neisseria_s__flava
2392	0	0	0	0	0	0	0	0	0	0	0	0	0	0	0	0	0	0	0	0	3	0	0	0	0	0	0	0	0	0	0	0	0	0	0	0	0	0	0	0	0	0	0	0	0	0	0	0	0	0	D_0__k__Bacteria; D_1__p__Spirochaetes; D_2__c__Spirochaetia; D_3__o__Spirochaetales; D_4__f__Treponemataceae; D_5__g__Treponema; D_6__g__Treponema_s__sp._HMT_951
2393	0	0	0	0	0	0	0	0	0	0	0	0	0	0	0	0	0	0	0	0	3	0	0	0	0	0	0	0	0	0	0	0	0	0	0	0	0	0	0	0	0	0	0	0	0	0	0	0	0	0	D_0__k__Bacteria; D_1__p__Firmicutes; D_2__c__Clostridia; D_3__o__Eubacteriales; D_4__f__Lachnospiraceae; D_5__g__Lachnospiraceae_[G-8]; D_6__g__Lachnospiraceae_[G-8]_s__bacterium_HMT_500
2394	0	0	0	0	0	0	0	0	0	0	0	0	0	0	0	0	0	0	0	0	3	0	0	0	0	0	0	0	0	0	0	0	0	0	0	0	0	0	0	0	0	0	0	0	0	0	0	0	0	0	D_0__k__Bacteria; D_1__p__Proteobacteria; D_2__c__Epsilonproteobacteria; D_3__o__Campylobacterales; D_4__f__Campylobacteraceae; D_5__g__Campylobacter; D_6__g__Campylobacter_s__rectus
2395	0	0	0	0	0	0	0	0	0	0	0	0	0	0	0	0	0	0	0	0	3	0	0	0	0	0	0	0	0	0	0	0	0	0	0	0	0	0	0	0	0	0	0	0	0	0	0	0	0	0	D_0__k__Bacteria; D_1__p__Firmicutes; D_2__c__Clostridia; D_3__o__Eubacteriales; D_4__f__Peptococcaceae; D_5__g__Peptococcus; D_6__g__Peptococcus_s__sp._HMT_167
2396	0	0	0	0	0	0	0	0	0	0	0	0	0	0	0	0	0	0	0	0	3	0	0	0	0	0	0	0	0	0	0	0	0	0	0	0	0	0	0	0	0	0	0	0	0	0	0	0	0	0	D_0__k__Bacteria; D_1__p__Fusobacteria; D_2__c__Fusobacteriia; D_3__o__Fusobacteriales; D_4__f__Fusobacteriaceae; D_5__g__Fusobacterium; D_6__g__Fusobacterium_s__nucleatum
2397	0	0	0	0	0	0	0	0	0	0	0	0	0	0	0	0	0	0	0	0	3	0	0	0	0	0	0	0	0	0	0	0	0	0	0	0	0	0	0	0	0	0	0	0	0	0	0	0	0	0	D_0__k__Bacteria; D_1__p__Firmicutes; D_2__c__Clostridia; D_3__o__Eubacteriales; D_4__f__Lachnospiraceae; D_5__g__Butyrivibrio; D_6__g__Butyrivibrio_s__sp._HMT_455
2398	0	0	0	0	0	0	0	0	0	0	0	0	0	0	0	0	0	0	0	0	3	0	0	0	0	0	0	0	0	0	0	0	0	0	0	0	0	0	0	0	0	0	0	0	0	0	0	0	0	0	D_0__k__Bacteria; D_1__p__Bacteroidetes; D_2__c__Bacteroidia; D_3__o__Bacteroidales; D_4__f__Prevotellaceae; D_5__g__Prevotella; D_6__g__Prevotella_s__oris
2399	0	0	0	0	0	0	0	0	0	0	0	0	0	0	0	0	0	0	0	0	3	0	0	0	0	0	0	0	0	0	0	0	0	0	0	0	0	0	0	0	0	0	0	0	0	0	0	0	0	0	D_0__k__Bacteria; D_1__p__Firmicutes; D_2__c__Tissierellia; D_3__o__Tissierellales; D_4__f__Peptoniphilaceae; D_5__g__Parvimonas; D_6__g__Parvimonas_s__micra
2400	0	0	0	0	0	0	0	0	0	0	0	0	0	0	0	0	0	0	0	0	3	0	0	0	0	0	0	0	0	0	0	0	0	0	0	0	0	0	0	0	0	0	0	0	0	0	0	0	0	0	D_0__k__Bacteria; D_1__p__Bacteroidetes; D_2__c__Bacteroidia; D_3__o__Bacteroidales; D_4__f__Prevotellaceae; D_5__g__Alloprevotella; D_6__g__Alloprevotella_s__sp._HMT_473
2401	0	0	0	0	0	0	0	0	0	0	0	0	0	0	0	0	0	0	0	0	3	0	0	0	0	0	0	0	0	0	0	0	0	0	0	0	0	0	0	0	0	0	0	0	0	0	0	0	0	0	D_0__k__Bacteria; D_1__p__Spirochaetes; D_2__c__Spirochaetia; D_3__o__Spirochaetales; D_4__f__Treponemataceae; D_5__g__Treponema; D_6__g__Treponema_s__sp._HMT_251
2402	0	0	0	0	0	0	0	0	0	0	0	0	0	0	0	0	0	0	0	0	3	0	0	0	0	0	0	0	0	0	0	0	0	0	0	0	0	0	0	0	0	0	0	0	0	0	0	0	0	0	D_0__k__Bacteria; D_1__p__Spirochaetes; D_2__c__Spirochaetia; D_3__o__Spirochaetales; D_4__f__Treponemataceae; D_5__g__Treponema; D_6__g__Treponema_s__sp._HMT_234
2403	0	0	0	0	0	0	0	0	0	0	0	0	0	0	0	0	0	0	0	0	3	0	0	0	0	0	0	0	0	0	0	0	0	0	0	0	0	0	0	0	0	0	0	0	0	0	0	0	0	0	D_0__k__Bacteria; D_1__p__Synergistetes; D_2__c__Synergistia; D_3__o__Synergistales; D_4__f__Synergistaceae; D_5__g__Fretibacterium; D_6__g__Fretibacterium_s__sp._HMT_359
2404	0	0	0	0	0	0	0	0	0	0	0	0	0	0	0	0	0	0	0	0	3	0	0	0	0	0	0	0	0	0	0	0	0	0	0	0	0	0	0	0	0	0	0	0	0	0	0	0	0	0	D_0__k__Bacteria; D_1__p__Spirochaetes; D_2__c__Spirochaetia; D_3__o__Spirochaetales; D_4__f__Treponemataceae; D_5__g__Treponema; D_6__g__Treponema_s__sp._HMT_253
2405	0	0	0	0	0	0	0	0	0	0	0	0	0	0	0	0	0	0	0	0	0	3	0	0	0	0	0	0	0	0	0	0	0	0	0	0	0	0	0	0	0	0	0	0	0	0	0	0	0	0	D_0__k__Bacteria; D_1__p__Firmicutes; D_2__c__Clostridia; D_3__o__Eubacteriales; D_4__f__Peptostreptococcaceae; D_5__g__Peptostreptococcaceae_[G-7]; D_6__g__Peptostreptococcaceae_[G-7]_s__[Eubacterium]_yurii_subsps._yurii_&_margaretiae
2406	0	0	0	0	0	0	0	0	0	0	0	0	0	0	0	0	0	0	0	0	0	0	3	0	0	0	0	0	0	0	0	0	0	0	0	0	0	0	0	0	0	0	0	0	0	0	0	0	0	0	D_0__k__Bacteria; D_1__p__Actinobacteria; D_2__c__Actinomycetia; D_3__o__Actinomycetales; D_4__f__Actinomycetaceae; D_5__g__Actinomyces; D_6__g__Actinomyces_s__gerencseriae
2407	0	0	0	0	0	0	0	0	0	0	0	0	0	0	0	0	0	0	0	0	0	0	3	0	0	0	0	0	0	0	0	0	0	0	0	0	0	0	0	0	0	0	0	0	0	0	0	0	0	0	D_0__k__Bacteria; D_1__p__Bacteroidetes; D_2__c__Bacteroidia; D_3__o__Bacteroidales; D_4__f__Prevotellaceae; D_5__g__Prevotella; D_6__g__Prevotella_s__oulorum
2408	0	0	0	0	0	0	0	0	0	0	0	0	0	0	0	0	0	0	0	0	0	0	3	0	0	0	0	0	0	0	0	0	0	0	0	0	0	0	0	0	0	0	0	0	0	0	0	0	0	0	D_0__k__Bacteria; D_1__p__Firmicutes; D_2__c__Negativicutes; D_3__o__Selenomonadales; D_4__f__Selenomonadaceae; D_5__g__Selenomonas; D_6__g__Selenomonas_s__noxia
2409	0	0	0	0	0	0	0	0	0	0	0	0	0	0	0	0	0	0	0	0	0	0	3	0	0	0	0	0	0	0	0	0	0	0	0	0	0	0	0	0	0	0	0	0	0	0	0	0	0	0	D_0__k__Bacteria; D_1__p__Fusobacteria; D_2__c__Fusobacteriia; D_3__o__Fusobacteriales; D_4__f__Leptotrichiaceae; D_5__g__Leptotrichia; D_6__g__Leptotrichia_s__wadei
2410	0	0	0	0	0	0	0	0	0	0	0	0	0	0	0	0	0	0	0	0	0	0	0	3	0	0	0	0	0	0	0	0	0	0	0	0	0	0	0	0	0	0	0	0	0	0	0	0	0	0	D_0__k__Bacteria; D_1__p__Firmicutes; D_2__c__Bacilli; D_3__o__Lactobacillales; D_4__f__Carnobacteriaceae; D_5__g__Granulicatella; D_6__g__Granulicatella_s__adiacens
2411	0	0	0	0	0	0	0	0	0	0	0	0	0	0	0	0	0	0	0	0	0	0	0	0	3	0	0	0	0	0	0	0	0	0	0	0	0	0	0	0	0	0	0	0	0	0	0	0	0	0	D_0__k__Bacteria; D_1__p__Bacteroidetes; D_2__c__Bacteroidia; D_3__o__Bacteroidales; D_4__f__Prevotellaceae; D_5__g__Alloprevotella; D_6__g__Alloprevotella_s__tannerae
2412	0	0	0	0	0	0	0	0	0	0	0	0	0	0	0	0	0	0	0	0	0	0	0	0	3	0	0	0	0	0	0	0	0	0	0	0	0	0	0	0	0	0	0	0	0	0	0	0	0	0	D_0__k__Bacteria; D_1__p__Bacteroidetes; D_2__c__Bacteroidia; D_3__o__Bacteroidales; D_4__f__Prevotellaceae; D_5__g__Prevotella; D_6__g__Prevotella_s__nigrescens
2413	0	0	0	0	0	0	0	0	0	0	0	0	0	0	0	0	0	0	0	0	0	0	0	0	3	0	0	0	0	0	0	0	0	0	0	0	0	0	0	0	0	0	0	0	0	0	0	0	0	0	D_0__k__Bacteria; D_1__p__Bacteroidetes; D_2__c__Bacteroidia; D_3__o__Bacteroidales; D_4__f__Prevotellaceae; D_5__g__Prevotella; D_6__g__Prevotella_s__sp._HMT_317
2414	0	0	0	0	0	0	0	0	0	0	0	0	0	0	0	0	0	0	0	0	0	0	0	0	3	0	0	0	0	0	0	0	0	0	0	0	0	0	0	0	0	0	0	0	0	0	0	0	0	0	D_0__k__Bacteria; D_1__p__Firmicutes; D_2__c__Clostridia; D_3__o__Eubacteriales; D_4__f__Peptostreptococcaceae; D_5__g__Peptostreptococcus; D_6__g__Peptostreptococcus_s__stomatis
2415	0	0	0	0	0	0	0	0	0	0	0	0	0	0	0	0	0	0	0	0	0	0	0	0	3	0	0	0	0	0	0	0	0	0	0	0	0	0	0	0	0	0	0	0	0	0	0	0	0	0	D_0__k__Bacteria; D_1__p__Firmicutes; D_2__c__Bacilli; D_3__o__Lactobacillales; D_4__f__Streptococcaceae; D_5__g__Streptococcus; D_6__g__Streptococcus_s__oralis_subsp._dentisani_clade_058
2416	0	0	0	0	0	0	0	0	0	0	0	0	0	0	0	0	0	0	0	0	0	0	0	0	3	0	0	0	0	0	0	0	0	0	0	0	0	0	0	0	0	0	0	0	0	0	0	0	0	0	D_0__k__Bacteria; D_1__p__Bacteroidetes; D_2__c__Bacteroidia; D_3__o__Bacteroidales; D_4__f__Prevotellaceae; D_5__g__Prevotella; D_6__g__Prevotella_s__maculosa
2417	0	0	0	0	0	0	0	0	0	0	0	0	0	0	0	0	0	0	0	0	0	0	0	0	0	3	0	0	0	0	0	0	0	0	0	0	0	0	0	0	0	0	0	0	0	0	0	0	0	0	D_0__k__Bacteria; D_1__p__Firmicutes; D_2__c__Bacilli; D_3__o__Lactobacillales; D_4__f__Streptococcaceae; D_5__g__Streptococcus; D_6__g__Streptococcus_s__peroris
2418	0	0	0	0	0	0	0	0	0	0	0	0	0	0	0	0	0	0	0	0	0	0	0	0	0	3	0	0	0	0	0	0	0	0	0	0	0	0	0	0	0	0	0	0	0	0	0	0	0	0	D_0__k__Bacteria; D_1__p__Proteobacteria; D_2__c__Betaproteobacteria; D_3__o__Neisseriales; D_4__f__Neisseriaceae; D_5__g__Neisseria; D_6__g__Neisseria_s__flava
2419	0	0	0	0	0	0	0	0	0	0	0	0	0	0	0	0	0	0	0	0	0	0	0	0	0	3	0	0	0	0	0	0	0	0	0	0	0	0	0	0	0	0	0	0	0	0	0	0	0	0	D_0__k__Bacteria; D_1__p__Fusobacteria; D_2__c__Fusobacteriia; D_3__o__Fusobacteriales; D_4__f__Fusobacteriaceae; D_5__g__Fusobacterium; D_6__g__Fusobacterium_s__sp._HMT_370
2420	0	0	0	0	0	0	0	0	0	0	0	0	0	0	0	0	0	0	0	0	0	0	0	0	0	3	0	0	0	0	0	0	0	0	0	0	0	0	0	0	0	0	0	0	0	0	0	0	0	0	D_0__k__Bacteria; D_1__p__Proteobacteria; D_2__c__Betaproteobacteria; D_3__o__Neisseriales; D_4__f__Neisseriaceae; D_5__g__Neisseria; D_6__g__Neisseria_s__elongata
2421	0	0	0	0	0	0	0	0	0	0	0	0	0	0	0	0	0	0	0	0	0	0	0	0	0	3	0	0	0	0	0	0	0	0	0	0	0	0	0	0	0	0	0	0	0	0	0	0	0	0	D_0__k__Bacteria; D_1__p__Fusobacteria; D_2__c__Fusobacteriia; D_3__o__Fusobacteriales; D_4__f__Leptotrichiaceae; D_5__g__Leptotrichia; D_6__g__Leptotrichia_s__sp._HMT_392
2422	0	0	0	0	0	0	0	0	0	0	0	0	0	0	0	0	0	0	0	0	0	0	0	0	0	3	0	0	0	0	0	0	0	0	0	0	0	0	0	0	0	0	0	0	0	0	0	0	0	0	D_0__k__Bacteria; D_1__p__Firmicutes; D_2__c__Negativicutes; D_3__o__Veillonellales; D_4__f__Veillonellaceae; D_5__g__Veillonella; D_6__g__Veillonella_s__sp._HMT_780
2423	0	0	0	0	0	0	0	0	0	0	0	0	0	0	0	0	0	0	0	0	0	0	0	0	0	3	0	0	0	0	0	0	0	0	0	0	0	0	0	0	0	0	0	0	0	0	0	0	0	0	D_0__k__Bacteria; D_1__p__Fusobacteria; D_2__c__Fusobacteriia; D_3__o__Fusobacteriales; D_4__f__Fusobacteriaceae; D_5__g__Fusobacterium; D_6__g__Fusobacterium_s__hwasookii
2424	0	0	0	0	0	0	0	0	0	0	0	0	0	0	0	0	0	0	0	0	0	0	0	0	0	3	0	0	0	0	0	0	0	0	0	0	0	0	0	0	0	0	0	0	0	0	0	0	0	0	D_0__k__Bacteria; D_1__p__Bacteroidetes; D_2__c__Flavobacteriia; D_3__o__Flavobacteriales; D_4__f__Flavobacteriaceae; D_5__g__Capnocytophaga; D_6__g__Capnocytophaga_s__endodontalis
2425	0	0	0	0	0	0	0	0	0	0	0	0	0	0	0	0	0	0	0	0	0	0	0	0	0	3	0	0	0	0	0	0	0	0	0	0	0	0	0	0	0	0	0	0	0	0	0	0	0	0	D_0__k__Bacteria; D_1__p__Firmicutes; D_2__c__Negativicutes; D_3__o__Selenomonadales; D_4__f__Selenomonadaceae; D_5__g__Selenomonas; D_6__g__Selenomonas_s__sp._HMT_920
2426	0	0	0	0	0	0	0	0	0	0	0	0	0	0	0	0	0	0	0	0	0	0	0	0	0	3	0	0	0	0	0	0	0	0	0	0	0	0	0	0	0	0	0	0	0	0	0	0	0	0	D_0__k__Bacteria; D_1__p__Firmicutes; D_2__c__Negativicutes; D_3__o__Selenomonadales; D_4__f__Selenomonadaceae; D_5__g__Selenomonas; D_6__g__Selenomonas_s__sp._HMT_919
2427	0	0	0	0	0	0	0	0	0	0	0	0	0	0	0	0	0	0	0	0	0	0	0	0	0	3	0	0	0	0	0	0	0	0	0	0	0	0	0	0	0	0	0	0	0	0	0	0	0	0	D_0__k__Bacteria; D_1__p__Firmicutes; D_2__c__Clostridia; D_3__o__Eubacteriales; D_4__f__Lachnospiraceae; D_5__g__Lachnospiraceae_[G-3]; D_6__g__Lachnospiraceae_[G-3]_s__bacterium_HMT_100
2428	0	0	0	0	0	0	0	0	0	0	0	0	0	0	0	0	0	0	0	0	0	0	0	0	0	3	0	0	0	0	0	0	0	0	0	0	0	0	0	0	0	0	0	0	0	0	0	0	0	0	D_0__k__Bacteria; D_1__p__Actinobacteria; D_2__c__Actinomycetia; D_3__o__Actinomycetales; D_4__f__Actinomycetaceae; D_5__g__Schaalia; D_6__g__Schaalia_s__sp._HMT_180
2429	0	0	0	0	0	0	0	0	0	0	0	0	0	0	0	0	0	0	0	0	0	0	0	0	0	0	3	0	0	0	0	0	0	0	0	0	0	0	0	0	0	0	0	0	0	0	0	0	0	0	D_0__k__Bacteria; D_1__p__Firmicutes; D_2__c__Negativicutes; D_3__o__Selenomonadales; D_4__f__Selenomonadaceae; D_5__g__Selenomonas; D_6__g__Selenomonas_s__sputigena
2430	0	0	0	0	0	0	0	0	0	0	0	0	0	0	0	0	0	0	0	0	0	0	0	0	0	0	3	0	0	0	0	0	0	0	0	0	0	0	0	0	0	0	0	0	0	0	0	0	0	0	D_0__k__Bacteria; D_1__p__Firmicutes; D_2__c__Bacilli; D_3__o__Lactobacillales; D_4__f__Lactobacillaceae; D_5__g__Lactobacillus; D_6__g__Lactobacillus_s__gasseri
2431	0	0	0	0	0	0	0	0	0	0	0	0	0	0	0	0	0	0	0	0	0	0	0	0	0	0	0	3	0	0	0	0	0	0	0	0	0	0	0	0	0	0	0	0	0	0	0	0	0	0	D_0__k__Bacteria; D_1__p__Firmicutes; D_2__c__Bacilli; D_3__o__Lactobacillales; D_4__f__Streptococcaceae; D_5__g__Streptococcus; D_6__g__Streptococcus_s__anginosus
2432	0	0	0	0	0	0	0	0	0	0	0	0	0	0	0	0	0	0	0	0	0	0	0	0	0	0	0	3	0	0	0	0	0	0	0	0	0	0	0	0	0	0	0	0	0	0	0	0	0	0	D_0__k__Bacteria; D_1__p__Bacteroidetes; D_2__c__Bacteroidia; D_3__o__Bacteroidales; D_4__f__Prevotellaceae; D_5__g__Prevotella; D_6__g__Prevotella_s__oralis
2433	0	0	0	0	0	0	0	0	0	0	0	0	0	0	0	0	0	0	0	0	0	0	0	0	0	0	0	0	3	0	0	0	0	0	0	0	0	0	0	0	0	0	0	0	0	0	0	0	0	0	D_0__k__Bacteria; D_1__p__Proteobacteria; D_2__c__Betaproteobacteria; D_3__o__Neisseriales; D_4__f__Neisseriaceae; D_5__g__Eikenella; D_6__g__Eikenella_s__corrodens
2434	0	0	0	0	0	0	0	0	0	0	0	0	0	0	0	0	0	0	0	0	0	0	0	0	0	0	0	0	3	0	0	0	0	0	0	0	0	0	0	0	0	0	0	0	0	0	0	0	0	0	D_0__k__Bacteria; D_1__p__Fusobacteria; D_2__c__Fusobacteriia; D_3__o__Fusobacteriales; D_4__f__Fusobacteriaceae; D_5__g__Fusobacterium; D_6__g__Fusobacterium_s__nucleatum
2435	0	0	0	0	0	0	0	0	0	0	0	0	0	0	0	0	0	0	0	0	0	0	0	0	0	0	0	0	3	0	0	0	0	0	0	0	0	0	0	0	0	0	0	0	0	0	0	0	0	0	D_0__k__Bacteria; D_1__p__Firmicutes; D_2__c__Negativicutes; D_3__o__Veillonellales; D_4__f__Veillonellaceae; D_5__g__Veillonella; D_6__g__Veillonella_s__parvula
2436	0	0	0	0	0	0	0	0	0	0	0	0	0	0	0	0	0	0	0	0	0	0	0	0	0	0	0	0	3	0	0	0	0	0	0	0	0	0	0	0	0	0	0	0	0	0	0	0	0	0	D_0__k__Bacteria; D_1__p__Firmicutes; D_2__c__Clostridia; D_3__o__Eubacteriales; D_4__f__Peptostreptococcaceae; D_5__g__Peptostreptococcus; D_6__g__Peptostreptococcus_s__stomatis
2437	0	0	0	0	0	0	0	0	0	0	0	0	0	0	0	0	0	0	0	0	0	0	0	0	0	0	0	0	3	0	0	0	0	0	0	0	0	0	0	0	0	0	0	0	0	0	0	0	0	0	D_0__k__Bacteria; D_1__p__Bacteroidetes; D_2__c__Bacteroidia; D_3__o__Bacteroidales; D_4__f__Prevotellaceae; D_5__g__Prevotella; D_6__g__Prevotella_s__salivae
2438	0	0	0	0	0	0	0	0	0	0	0	0	0	0	0	0	0	0	0	0	0	0	0	0	0	0	0	0	3	0	0	0	0	0	0	0	0	0	0	0	0	0	0	0	0	0	0	0	0	0	D_0__k__Bacteria; D_1__p__Proteobacteria; D_2__c__Gammaproteobacteria; D_3__o__Cardiobacteriales; D_4__f__Cardiobacteriaceae; D_5__g__Cardiobacterium; D_6__g__Cardiobacterium_s__hominis
2439	0	0	0	0	0	0	0	0	0	0	0	0	0	0	0	0	0	0	0	0	0	0	0	0	0	0	0	0	3	0	0	0	0	0	0	0	0	0	0	0	0	0	0	0	0	0	0	0	0	0	D_0__k__Bacteria; D_1__p__Fusobacteria; D_2__c__Fusobacteriia; D_3__o__Fusobacteriales; D_4__f__Fusobacteriaceae; D_5__g__Fusobacterium; D_6__g__Fusobacterium_s__nucleatum
2440	0	0	0	0	0	0	0	0	0	0	0	0	0	0	0	0	0	0	0	0	0	0	0	0	0	0	0	0	0	3	0	0	0	0	0	0	0	0	0	0	0	0	0	0	0	0	0	0	0	0	D_0__k__Bacteria; D_1__p__Firmicutes; D_2__c__Bacilli; D_3__o__Lactobacillales; D_4__f__Streptococcaceae; D_5__g__Streptococcus; D_6__g__Streptococcus_s__sanguinis
2441	0	0	0	0	0	0	0	0	0	0	0	0	0	0	0	0	0	0	0	0	0	0	0	0	0	0	0	0	0	3	0	0	0	0	0	0	0	0	0	0	0	0	0	0	0	0	0	0	0	0	D_0__k__Bacteria; D_1__p__Proteobacteria; D_2__c__Betaproteobacteria; D_3__o__Burkholderiales; D_4__f__Burkholderiaceae; D_5__g__Lautropia; D_6__g__Lautropia_s__mirabilis
2442	0	0	0	0	0	0	0	0	0	0	0	0	0	0	0	0	0	0	0	0	0	0	0	0	0	0	0	0	0	3	0	0	0	0	0	0	0	0	0	0	0	0	0	0	0	0	0	0	0	0	D_0__k__Bacteria; D_1__p__Firmicutes; D_2__c__Bacilli; D_3__o__Lactobacillales; D_4__f__Aerococcaceae; D_5__g__Abiotrophia; D_6__g__Abiotrophia_s__defectiva
2443	0	0	0	0	0	0	0	0	0	0	0	0	0	0	0	0	0	0	0	0	0	0	0	0	0	0	0	0	0	0	0	3	0	0	0	0	0	0	0	0	0	0	0	0	0	0	0	0	0	0	D_0__k__Bacteria; D_1__p__Firmicutes; D_2__c__Negativicutes; D_3__o__Veillonellales; D_4__f__Veillonellaceae; D_5__g__Veillonella; D_6__g__Veillonella_s__dispar
2444	0	0	0	0	0	0	0	0	0	0	0	0	0	0	0	0	0	0	0	0	0	0	0	0	0	0	0	0	0	0	0	3	0	0	0	0	0	0	0	0	0	0	0	0	0	0	0	0	0	0	D_0__k__Bacteria; D_1__p__Proteobacteria; D_2__c__Betaproteobacteria; D_3__o__Neisseriales; D_4__f__Neisseriaceae; D_5__g__Kingella; D_6__g__Kingella_s__oralis
2445	0	0	0	0	0	0	0	0	0	0	0	0	0	0	0	0	0	0	0	0	0	0	0	0	0	0	0	0	0	0	0	3	0	0	0	0	0	0	0	0	0	0	0	0	0	0	0	0	0	0	D_0__k__Bacteria; D_1__p__Bacteroidetes; D_2__c__Bacteroidia; D_3__o__Bacteroidales; D_4__f__Prevotellaceae; D_5__g__Prevotella; D_6__g__Prevotella_s__sp._HMT_942
2446	0	0	0	0	0	0	0	0	0	0	0	0	0	0	0	0	0	0	0	0	0	0	0	0	0	0	0	0	0	0	0	3	0	0	0	0	0	0	0	0	0	0	0	0	0	0	0	0	0	0	D_0__k__Bacteria; D_1__p__Bacteroidetes; D_2__c__Flavobacteriia; D_3__o__Flavobacteriales; D_4__f__Flavobacteriaceae; D_5__g__Capnocytophaga; D_6__g__Capnocytophaga_s__granulosa
2447	0	0	0	0	0	0	0	0	0	0	0	0	0	0	0	0	0	0	0	0	0	0	0	0	0	0	0	0	0	0	0	0	3	0	0	0	0	0	0	0	0	0	0	0	0	0	0	0	0	0	D_0__k__Bacteria; D_1__p__Firmicutes; D_2__c__Bacilli; D_3__o__Lactobacillales; D_4__f__Streptococcaceae; D_5__g__Streptococcus; D_6__g__Streptococcus_s__pneumoniae
2448	0	0	0	0	0	0	0	0	0	0	0	0	0	0	0	0	0	0	0	0	0	0	0	0	0	0	0	0	0	0	0	0	3	0	0	0	0	0	0	0	0	0	0	0	0	0	0	0	0	0	D_0__k__Bacteria; D_1__p__Bacteroidetes; D_2__c__Bacteroidia; D_3__o__Bacteroidales; D_4__f__Prevotellaceae; D_5__g__Prevotella; D_6__g__Prevotella_s__sp._HMT_472
2449	0	0	0	0	0	0	0	0	0	0	0	0	0	0	0	0	0	0	0	0	0	0	0	0	0	0	0	0	0	0	0	0	3	0	0	0	0	0	0	0	0	0	0	0	0	0	0	0	0	0	D_0__k__Bacteria; D_1__p__Proteobacteria; D_2__c__Betaproteobacteria; D_3__o__Neisseriales; D_4__f__Neisseriaceae; D_5__g__Neisseria; D_6__g__Neisseria_s__flava
2450	0	0	0	0	0	0	0	0	0	0	0	0	0	0	0	0	0	0	0	0	0	0	0	0	0	0	0	0	0	0	0	0	3	0	0	0	0	0	0	0	0	0	0	0	0	0	0	0	0	0	D_0__k__Bacteria; D_1__p__Proteobacteria; D_2__c__Gammaproteobacteria; D_3__o__Cardiobacteriales; D_4__f__Cardiobacteriaceae; D_5__g__Cardiobacterium; D_6__g__Cardiobacterium_s__hominis
2451	0	0	0	0	0	0	0	0	0	0	0	0	0	0	0	0	0	0	0	0	0	0	0	0	0	0	0	0	0	0	0	0	3	0	0	0	0	0	0	0	0	0	0	0	0	0	0	0	0	0	D_0__k__Bacteria; D_1__p__Proteobacteria; D_2__c__Betaproteobacteria; D_3__o__Neisseriales; D_4__f__Neisseriaceae; D_5__g__Neisseria; D_6__g__Neisseria_s__perflava
2452	0	0	0	0	0	0	0	0	0	0	0	0	0	0	0	0	0	0	0	0	0	0	0	0	0	0	0	0	0	0	0	0	3	0	0	0	0	0	0	0	0	0	0	0	0	0	0	0	0	0	D_0__k__Bacteria; D_1__p__Fusobacteria; D_2__c__Fusobacteriia; D_3__o__Fusobacteriales; D_4__f__Leptotrichiaceae; D_5__g__Leptotrichia; D_6__g__Leptotrichia_s__sp._HMT_879
2453	0	0	0	0	0	0	0	0	0	0	0	0	0	0	0	0	0	0	0	0	0	0	0	0	0	0	0	0	0	0	0	0	3	0	0	0	0	0	0	0	0	0	0	0	0	0	0	0	0	0	D_0__k__Bacteria; D_1__p__Proteobacteria; D_2__c__Alphaproteobacteria; D_3__o__Hyphomicrobiales; D_4__f__Bradyrhizobiaceae; D_5__g__Afipia; D_6__g__Afipia_s__broomeae
2454	0	0	0	0	0	0	0	0	0	0	0	0	0	0	0	0	0	0	0	0	0	0	0	0	0	0	0	0	0	0	0	0	3	0	0	0	0	0	0	0	0	0	0	0	0	0	0	0	0	0	D_0__k__Bacteria; D_1__p__Firmicutes; D_2__c__Bacilli; D_3__o__Lactobacillales; D_4__f__Streptococcaceae; D_5__g__Streptococcus; D_6__g__Streptococcus_s__sp._HMT_056
2455	0	0	0	0	0	0	0	0	0	0	0	0	0	0	0	0	0	0	0	0	0	0	0	0	0	0	0	0	0	0	0	0	3	0	0	0	0	0	0	0	0	0	0	0	0	0	0	0	0	0	D_0__k__Bacteria; D_1__p__Firmicutes; D_2__c__Bacilli; D_3__o__Lactobacillales; D_4__f__Streptococcaceae; D_5__g__Streptococcus; D_6__g__Streptococcus_s__mutans
2456	0	0	0	0	0	0	0	0	0	0	0	0	0	0	0	0	0	0	0	0	0	0	0	0	0	0	0	0	0	0	0	0	3	0	0	0	0	0	0	0	0	0	0	0	0	0	0	0	0	0	D_0__k__Bacteria; D_1__p__Proteobacteria; D_2__c__Betaproteobacteria; D_3__o__Neisseriales; D_4__f__Neisseriaceae; D_5__g__Neisseria; D_6__g__Neisseria_s__oralis
2457	0	0	0	0	0	0	0	0	0	0	0	0	0	0	0	0	0	0	0	0	0	0	0	0	0	0	0	0	0	0	0	0	3	0	0	0	0	0	0	0	0	0	0	0	0	0	0	0	0	0	D_0__k__Bacteria; D_1__p__Fusobacteria; D_2__c__Fusobacteriia; D_3__o__Fusobacteriales; D_4__f__Fusobacteriaceae; D_5__g__Fusobacterium; D_6__g__Fusobacterium_s__nucleatum
2458	0	0	0	0	0	0	0	0	0	0	0	0	0	0	0	0	0	0	0	0	0	0	0	0	0	0	0	0	0	0	0	0	3	0	0	0	0	0	0	0	0	0	0	0	0	0	0	0	0	0	D_0__k__Bacteria; D_1__p__Fusobacteria; D_2__c__Fusobacteriia; D_3__o__Fusobacteriales; D_4__f__Leptotrichiaceae; D_5__g__Leptotrichia; D_6__g__Leptotrichia_s__hongkongensis
2459	0	0	0	0	0	0	0	0	0	0	0	0	0	0	0	0	0	0	0	0	0	0	0	0	0	0	0	0	0	0	0	0	3	0	0	0	0	0	0	0	0	0	0	0	0	0	0	0	0	0	D_0__k__Bacteria; D_1__p__Proteobacteria; D_2__c__Betaproteobacteria; D_3__o__Neisseriales; D_4__f__Neisseriaceae; D_5__g__Eikenella; D_6__g__Eikenella_s__corrodens
2460	0	0	0	0	0	0	0	0	0	0	0	0	0	0	0	0	0	0	0	0	0	0	0	0	0	0	0	0	0	0	0	0	0	3	0	0	0	0	0	0	0	0	0	0	0	0	0	0	0	0	D_0__k__Bacteria; D_1__p__Proteobacteria; D_2__c__Betaproteobacteria; D_3__o__Neisseriales; D_4__f__Neisseriaceae; D_5__g__Neisseria; D_6__g__Neisseria_s__subflava
2461	0	0	0	0	0	0	0	0	0	0	0	0	0	0	0	0	0	0	0	0	0	0	0	0	0	0	0	0	0	0	0	0	0	3	0	0	0	0	0	0	0	0	0	0	0	0	0	0	0	0	D_0__k__Bacteria; D_1__p__Proteobacteria; D_2__c__Betaproteobacteria; D_3__o__Burkholderiales; D_4__f__Burkholderiaceae; D_5__g__Lautropia; D_6__g__Lautropia_s__mirabilis
2462	0	0	0	0	0	0	0	0	0	0	0	0	0	0	0	0	0	0	0	0	0	0	0	0	0	0	0	0	0	0	0	0	0	3	0	0	0	0	0	0	0	0	0	0	0	0	0	0	0	0	D_0__k__Bacteria; D_1__p__Proteobacteria; D_2__c__Betaproteobacteria; D_3__o__Burkholderiales; D_4__f__Burkholderiaceae; D_5__g__Lautropia; D_6__g__Lautropia_s__mirabilis
2463	0	0	0	0	0	0	0	0	0	0	0	0	0	0	0	0	0	0	0	0	0	0	0	0	0	0	0	0	0	0	0	0	0	3	0	0	0	0	0	0	0	0	0	0	0	0	0	0	0	0	D_0__k__Bacteria; D_1__p__Firmicutes; D_2__c__Negativicutes; D_3__o__Veillonellales; D_4__f__Veillonellaceae; D_5__g__Veillonella; D_6__g__Veillonella_s__dispar
2464	0	0	0	0	0	0	0	0	0	0	0	0	0	0	0	0	0	0	0	0	0	0	0	0	0	0	0	0	0	0	0	0	0	0	3	0	0	0	0	0	0	0	0	0	0	0	0	0	0	0	D_0__k__Bacteria; D_1__p__Firmicutes; D_2__c__Erysipelotrichia; D_3__o__Erysipelotrichales; D_4__f__Erysipelotrichaceae; D_5__g__Solobacterium; D_6__g__Solobacterium_s__moorei
2465	0	0	0	0	0	0	0	0	0	0	0	0	0	0	0	0	0	0	0	0	0	0	0	0	0	0	0	0	0	0	0	0	0	0	0	3	0	0	0	0	0	0	0	0	0	0	0	0	0	0	D_0__k__Bacteria; D_1__p__Firmicutes; D_2__c__Negativicutes; D_3__o__Veillonellales; D_4__f__Veillonellaceae; D_5__g__Veillonella; D_6__g__Veillonella_s__dispar
2466	0	0	0	0	0	0	0	0	0	0	0	0	0	0	0	0	0	0	0	0	0	0	0	0	0	0	0	0	0	0	0	0	0	0	0	3	0	0	0	0	0	0	0	0	0	0	0	0	0	0	D_0__k__Bacteria; D_1__p__Firmicutes; D_2__c__Bacilli; D_3__o__Lactobacillales; D_4__f__Aerococcaceae; D_5__g__Abiotrophia; D_6__g__Abiotrophia_s__defectiva
2467	0	0	0	0	0	0	0	0	0	0	0	0	0	0	0	0	0	0	0	0	0	0	0	0	0	0	0	0	0	0	0	0	0	0	0	3	0	0	0	0	0	0	0	0	0	0	0	0	0	0	D_0__k__Bacteria; D_1__p__Proteobacteria; D_2__c__Gammaproteobacteria; D_3__o__Enterobacterales; D_4__f__Yersiniaceae; D_5__g__Serratia; D_6__g__Serratia_s__marcescens
2468	0	0	0	0	0	0	0	0	0	0	0	0	0	0	0	0	0	0	0	0	0	0	0	0	0	0	0	0	0	0	0	0	0	0	0	0	3	0	0	0	0	0	0	0	0	0	0	0	0	0	D_0__k__Bacteria; D_1__p__Fusobacteria; D_2__c__Fusobacteriia; D_3__o__Fusobacteriales; D_4__f__Fusobacteriaceae; D_5__g__Fusobacterium; D_6__g__Fusobacterium_s__nucleatum
2469	0	0	0	0	0	0	0	0	0	0	0	0	0	0	0	0	0	0	0	0	0	0	0	0	0	0	0	0	0	0	0	0	0	0	0	0	3	0	0	0	0	0	0	0	0	0	0	0	0	0	D_0__k__Bacteria; D_1__p__Bacteroidetes; D_2__c__Bacteroidia; D_3__o__Bacteroidales; D_4__f__Prevotellaceae; D_5__g__Prevotella; D_6__g__Prevotella_s__oris
2470	0	0	0	0	0	0	0	0	0	0	0	0	0	0	0	0	0	0	0	0	0	0	0	0	0	0	0	0	0	0	0	0	0	0	0	0	3	0	0	0	0	0	0	0	0	0	0	0	0	0	D_0__k__Bacteria; D_1__p__Bacteroidetes; D_2__c__Bacteroidia; D_3__o__Bacteroidales; D_4__f__Prevotellaceae; D_5__g__Alloprevotella; D_6__g__Alloprevotella_s__sp._HMT_308
2471	0	0	0	0	0	0	0	0	0	0	0	0	0	0	0	0	0	0	0	0	0	0	0	0	0	0	0	0	0	0	0	0	0	0	0	0	3	0	0	0	0	0	0	0	0	0	0	0	0	0	D_0__k__Bacteria; D_1__p__Firmicutes; D_2__c__Negativicutes; D_3__o__Veillonellales; D_4__f__Veillonellaceae; D_5__g__Veillonella; D_6__g__Veillonella_s__parvula
2472	0	0	0	0	0	0	0	0	0	0	0	0	0	0	0	0	0	0	0	0	0	0	0	0	0	0	0	0	0	0	0	0	0	0	0	0	0	3	0	0	0	0	0	0	0	0	0	0	0	0	D_0__k__Bacteria; D_1__p__Proteobacteria; D_2__c__Gammaproteobacteria; D_3__o__Pasteurellales; D_4__f__Pasteurellaceae; D_5__g__Haemophilus; D_6__g__Haemophilus_s__parainfluenzae
2473	0	0	0	0	0	0	0	0	0	0	0	0	0	0	0	0	0	0	0	0	0	0	0	0	0	0	0	0	0	0	0	0	0	0	0	0	0	3	0	0	0	0	0	0	0	0	0	0	0	0	D_0__k__Bacteria; D_1__p__Saccharibacteria_(TM7); D_2__c__Saccharibacteria_(TM7)_[C-1]; D_3__o__Saccharibacteria_(TM7)_[O-1]; D_4__f__Saccharibacteria_(TM7)_[F-1]; D_5__g__Saccharibacteria_(TM7)_[G-1]; D_6__g__Saccharibacteria_(TM7)_[G-1]_s__bacterium_HMT_869
2474	0	0	0	0	0	0	0	0	0	0	0	0	0	0	0	0	0	0	0	0	0	0	0	0	0	0	0	0	0	0	0	0	0	0	0	0	0	3	0	0	0	0	0	0	0	0	0	0	0	0	D_0__k__Bacteria; D_1__p__Firmicutes; D_2__c__Bacilli; D_3__o__Lactobacillales; D_4__f__Streptococcaceae; D_5__g__Streptococcus; D_6__g__Streptococcus_s__sanguinis
2475	0	0	0	0	0	0	0	0	0	0	0	0	0	0	0	0	0	0	0	0	0	0	0	0	0	0	0	0	0	0	0	0	0	0	0	0	0	0	3	0	0	0	0	0	0	0	0	0	0	0	D_0__k__Bacteria; D_1__p__Fusobacteria; D_2__c__Fusobacteriia; D_3__o__Fusobacteriales; D_4__f__Fusobacteriaceae; D_5__g__Fusobacterium; D_6__g__Fusobacterium_s__sp._HMT_370
2476	0	0	0	0	0	0	0	0	0	0	0	0	0	0	0	0	0	0	0	0	0	0	0	0	0	0	0	0	0	0	0	0	0	0	0	0	0	0	3	0	0	0	0	0	0	0	0	0	0	0	D_0__k__Bacteria; D_1__p__Firmicutes; D_2__c__Bacilli; D_3__o__Lactobacillales; D_4__f__Streptococcaceae; D_5__g__Streptococcus; D_6__g__Streptococcus_s__cristatus_clade_578
2477	0	0	0	0	0	0	0	0	0	0	0	0	0	0	0	0	0	0	0	0	0	0	0	0	0	0	0	0	0	0	0	0	0	0	0	0	0	0	3	0	0	0	0	0	0	0	0	0	0	0	D_0__k__Bacteria; D_1__p__Firmicutes; D_2__c__Bacilli; D_3__o__Lactobacillales; D_4__f__Streptococcaceae; D_5__g__Streptococcus; D_6__g__Streptococcus_s__gordonii
2478	0	0	0	0	0	0	0	0	0	0	0	0	0	0	0	0	0	0	0	0	0	0	0	0	0	0	0	0	0	0	0	0	0	0	0	0	0	0	3	0	0	0	0	0	0	0	0	0	0	0	D_0__k__Bacteria; D_1__p__Firmicutes; D_2__c__Negativicutes; D_3__o__Veillonellales; D_4__f__Veillonellaceae; D_5__g__Veillonella; D_6__g__Veillonella_s__parvula
2479	0	0	0	0	0	0	0	0	0	0	0	0	0	0	0	0	0	0	0	0	0	0	0	0	0	0	0	0	0	0	0	0	0	0	0	0	0	0	0	3	0	0	0	0	0	0	0	0	0	0	D_0__k__Bacteria; D_1__p__Fusobacteria; D_2__c__Fusobacteriia; D_3__o__Fusobacteriales; D_4__f__Leptotrichiaceae; D_5__g__Leptotrichia; D_6__g__Leptotrichia_s__buccalis
2480	0	0	0	0	0	0	0	0	0	0	0	0	0	0	0	0	0	0	0	0	0	0	0	0	0	0	0	0	0	0	0	0	0	0	0	0	0	0	0	3	0	0	0	0	0	0	0	0	0	0	D_0__k__Bacteria; D_1__p__Firmicutes; D_2__c__Negativicutes; D_3__o__Selenomonadales; D_4__f__Selenomonadaceae; D_5__g__Selenomonas; D_6__g__Selenomonas_s__sp._HMT_126
2481	0	0	0	0	0	0	0	0	0	0	0	0	0	0	0	0	0	0	0	0	0	0	0	0	0	0	0	0	0	0	0	0	0	0	0	0	0	0	0	3	0	0	0	0	0	0	0	0	0	0	D_0__k__Bacteria; D_1__p__Proteobacteria; D_2__c__Gammaproteobacteria; D_3__o__Pasteurellales; D_4__f__Pasteurellaceae; D_5__g__Aggregatibacter; D_6__g__Aggregatibacter_s__sp._HMT_513
2482	0	0	0	0	0	0	0	0	0	0	0	0	0	0	0	0	0	0	0	0	0	0	0	0	0	0	0	0	0	0	0	0	0	0	0	0	0	0	0	3	0	0	0	0	0	0	0	0	0	0	D_0__k__Bacteria; D_1__p__Firmicutes; D_2__c__Bacilli; D_3__o__Lactobacillales; D_4__f__Streptococcaceae; D_5__g__Streptococcus; D_6__g__Streptococcus_s__gordonii
2483	0	0	0	0	0	0	0	0	0	0	0	0	0	0	0	0	0	0	0	0	0	0	0	0	0	0	0	0	0	0	0	0	0	0	0	0	0	0	0	3	0	0	0	0	0	0	0	0	0	0	D_0__k__Bacteria; D_1__p__Firmicutes; D_2__c__Negativicutes; D_3__o__Selenomonadales; D_4__f__Selenomonadaceae; D_5__g__Selenomonas; D_6__g__Selenomonas_s__sp._HMT_137
2484	0	0	0	0	0	0	0	0	0	0	0	0	0	0	0	0	0	0	0	0	0	0	0	0	0	0	0	0	0	0	0	0	0	0	0	0	0	0	0	0	3	0	0	0	0	0	0	0	0	0	D_0__k__Bacteria; D_1__p__Firmicutes; D_2__c__Negativicutes; D_3__o__Veillonellales; D_4__f__Veillonellaceae; D_5__g__Veillonella; D_6__g__Veillonella_s__dispar
2485	0	0	0	0	0	0	0	0	0	0	0	0	0	0	0	0	0	0	0	0	0	0	0	0	0	0	0	0	0	0	0	0	0	0	0	0	0	0	0	0	3	0	0	0	0	0	0	0	0	0	D_0__k__Bacteria; D_1__p__Proteobacteria; D_2__c__Gammaproteobacteria; D_3__o__Pasteurellales; D_4__f__Pasteurellaceae; D_5__g__Haemophilus; D_6__g__Haemophilus_s__parainfluenzae
2486	0	0	0	0	0	0	0	0	0	0	0	0	0	0	0	0	0	0	0	0	0	0	0	0	0	0	0	0	0	0	0	0	0	0	0	0	0	0	0	0	0	3	0	0	0	0	0	0	0	0	D_0__k__Bacteria; D_1__p__Proteobacteria; D_2__c__Betaproteobacteria; D_3__o__Neisseriales; D_4__f__Neisseriaceae; D_5__g__Neisseria; D_6__g__Neisseria_s__flava
2487	0	0	0	0	0	0	0	0	0	0	0	0	0	0	0	0	0	0	0	0	0	0	0	0	0	0	0	0	0	0	0	0	0	0	0	0	0	0	0	0	0	3	0	0	0	0	0	0	0	0	D_0__k__Bacteria; D_1__p__Firmicutes; D_2__c__Bacilli; D_3__o__Lactobacillales; D_4__f__Streptococcaceae; D_5__g__Streptococcus; D_6__g__Streptococcus_s__cristatus_clade_578
2488	0	0	0	0	0	0	0	0	0	0	0	0	0	0	0	0	0	0	0	0	0	0	0	0	0	0	0	0	0	0	0	0	0	0	0	0	0	0	0	0	0	3	0	0	0	0	0	0	0	0	D_0__k__Bacteria; D_1__p__Firmicutes; D_2__c__Bacilli; D_3__o__Lactobacillales; D_4__f__Streptococcaceae; D_5__g__Streptococcus; D_6__g__Streptococcus_s__parasanguinis_clade_721
2489	0	0	0	0	0	0	0	0	0	0	0	0	0	0	0	0	0	0	0	0	0	0	0	0	0	0	0	0	0	0	0	0	0	0	0	0	0	0	0	0	0	3	0	0	0	0	0	0	0	0	D_0__k__Bacteria; D_1__p__Fusobacteria; D_2__c__Fusobacteriia; D_3__o__Fusobacteriales; D_4__f__Fusobacteriaceae; D_5__g__Fusobacterium; D_6__g__Fusobacterium_s__nucleatum
2490	0	0	0	0	0	0	0	0	0	0	0	0	0	0	0	0	0	0	0	0	0	0	0	0	0	0	0	0	0	0	0	0	0	0	0	0	0	0	0	0	0	0	0	3	0	0	0	0	0	0	D_0__k__Bacteria; D_1__p__Firmicutes; D_2__c__Bacilli; D_3__o__Bacillales; D_4__f__Gemellaceae; D_5__g__Gemella; D_6__g__Gemella_s__haemolysans
2491	0	0	0	0	0	0	0	0	0	0	0	0	0	0	0	0	0	0	0	0	0	0	0	0	0	0	0	0	0	0	0	0	0	0	0	0	0	0	0	0	0	0	0	3	0	0	0	0	0	0	D_0__k__Bacteria; D_1__p__Fusobacteria; D_2__c__Fusobacteriia; D_3__o__Fusobacteriales; D_4__f__Fusobacteriaceae; D_5__g__Fusobacterium; D_6__g__Fusobacterium_s__periodonticum
2492	0	0	0	0	0	0	0	0	0	0	0	0	0	0	0	0	0	0	0	0	0	0	0	0	0	0	0	0	0	0	0	0	0	0	0	0	0	0	0	0	0	0	0	0	3	0	0	0	0	0	D_0__k__Bacteria; D_1__p__Bacteroidetes; D_2__c__Bacteroidia; D_3__o__Bacteroidales; D_4__f__Bacteroidaceae; D_5__g__Bacteroides; D_6__g__Bacteroides_s__zoogleoformans
2493	0	0	0	0	0	0	0	0	0	0	0	0	0	0	0	0	0	0	0	0	0	0	0	0	0	0	0	0	0	0	0	0	0	0	0	0	0	0	0	0	0	0	0	0	3	0	0	0	0	0	D_0__k__Bacteria; D_1__p__Proteobacteria; D_2__c__Gammaproteobacteria; D_3__o__Pasteurellales; D_4__f__Pasteurellaceae; D_5__g__Haemophilus; D_6__g__Haemophilus_s__parainfluenzae
2494	0	0	0	0	0	0	0	0	0	0	0	0	0	0	0	0	0	0	0	0	0	0	0	0	0	0	0	0	0	0	0	0	0	0	0	0	0	0	0	0	0	0	0	0	3	0	0	0	0	0	D_0__k__Bacteria; D_1__p__Firmicutes; D_2__c__Bacilli; D_3__o__Lactobacillales; D_4__f__Streptococcaceae; D_5__g__Streptococcus; D_6__g__Streptococcus_s__sanguinis
2495	0	0	0	0	0	0	0	0	0	0	0	0	0	0	0	0	0	0	0	0	0	0	0	0	0	0	0	0	0	0	0	0	0	0	0	0	0	0	0	0	0	0	0	0	3	0	0	0	0	0	D_0__k__Bacteria; D_1__p__Bacteroidetes; D_2__c__Flavobacteriia; D_3__o__Flavobacteriales; D_4__f__Flavobacteriaceae; D_5__g__Capnocytophaga; D_6__g__Capnocytophaga_s__sputigena
2496	0	0	0	0	0	0	0	0	0	0	0	0	0	0	0	0	0	0	0	0	0	0	0	0	0	0	0	0	0	0	0	0	0	0	0	0	0	0	0	0	0	0	0	0	3	0	0	0	0	0	D_0__k__Bacteria; D_1__p__Bacteroidetes; D_2__c__Bacteroidia; D_3__o__Bacteroidales; D_4__f__Prevotellaceae; D_5__g__Prevotella; D_6__g__Prevotella_s__sp._HMT_443
2497	0	0	0	0	0	0	0	0	0	0	0	0	0	0	0	0	0	0	0	0	0	0	0	0	0	0	0	0	0	0	0	0	0	0	0	0	0	0	0	0	0	0	0	0	3	0	0	0	0	0	D_0__k__Bacteria; D_1__p__Synergistetes; D_2__c__Synergistia; D_3__o__Synergistales; D_4__f__Synergistaceae; D_5__g__Fretibacterium; D_6__g__Fretibacterium_s__fastidiosum
2498	0	0	0	0	0	0	0	0	0	0	0	0	0	0	0	0	0	0	0	0	0	0	0	0	0	0	0	0	0	0	0	0	0	0	0	0	0	0	0	0	0	0	0	0	3	0	0	0	0	0	D_0__k__Bacteria; D_1__p__Bacteroidetes; D_2__c__Flavobacteriia; D_3__o__Flavobacteriales; D_4__f__Flavobacteriaceae; D_5__g__Capnocytophaga; D_6__g__Capnocytophaga_s__granulosa
2499	0	0	0	0	0	0	0	0	0	0	0	0	0	0	0	0	0	0	0	0	0	0	0	0	0	0	0	0	0	0	0	0	0	0	0	0	0	0	0	0	0	0	0	0	3	0	0	0	0	0	D_0__k__Bacteria; D_1__p__Firmicutes; D_2__c__Negativicutes; D_3__o__Selenomonadales; D_4__f__Selenomonadaceae; D_5__g__Veillonellaceae_[G-1]; D_6__g__Veillonellaceae_[G-1]_s__bacterium_HMT_145
2500	0	0	0	0	0	0	0	0	0	0	0	0	0	0	0	0	0	0	0	0	0	0	0	0	0	0	0	0	0	0	0	0	0	0	0	0	0	0	0	0	0	0	0	0	3	0	0	0	0	0	D_0__k__Bacteria; D_1__p__Bacteroidetes; D_2__c__Bacteroidia; D_3__o__Bacteroidales; D_4__f__Prevotellaceae; D_5__g__Prevotella; D_6__g__Prevotella_s__intermedia
2501	0	0	0	0	0	0	0	0	0	0	0	0	0	0	0	0	0	0	0	0	0	0	0	0	0	0	0	0	0	0	0	0	0	0	0	0	0	0	0	0	0	0	0	0	3	0	0	0	0	0	D_0__k__Bacteria; D_1__p__Firmicutes; D_2__c__Clostridia; D_3__o__Eubacteriales; D_4__f__Peptostreptococcaceae; D_5__g__Filifactor; D_6__g__Filifactor_s__alocis
2502	0	0	0	0	0	0	0	0	0	0	0	0	0	0	0	0	0	0	0	0	0	0	0	0	0	0	0	0	0	0	0	0	0	0	0	0	0	0	0	0	0	0	0	0	3	0	0	0	0	0	D_0__k__Bacteria; D_1__p__Bacteroidetes; D_2__c__Bacteroidia; D_3__o__Bacteroidales; D_4__f__Prevotellaceae; D_5__g__Prevotella; D_6__g__Prevotella_s__intermedia
2503	0	0	0	0	0	0	0	0	0	0	0	0	0	0	0	0	0	0	0	0	0	0	0	0	0	0	0	0	0	0	0	0	0	0	0	0	0	0	0	0	0	0	0	0	3	0	0	0	0	0	D_0__k__Bacteria; D_1__p__Firmicutes; D_2__c__Negativicutes; D_3__o__Selenomonadales; D_4__f__Selenomonadaceae; D_5__g__Veillonellaceae_[G-1]; D_6__g__Veillonellaceae_[G-1]_s__bacterium_HMT_150
2504	0	0	0	0	0	0	0	0	0	0	0	0	0	0	0	0	0	0	0	0	0	0	0	0	0	0	0	0	0	0	0	0	0	0	0	0	0	0	0	0	0	0	0	0	3	0	0	0	0	0	D_0__k__Bacteria; D_1__p__Bacteroidetes; D_2__c__Flavobacteriia; D_3__o__Flavobacteriales; D_4__f__Flavobacteriaceae; D_5__g__Capnocytophaga; D_6__g__Capnocytophaga_s__gingivalis
2505	0	0	0	0	0	0	0	0	0	0	0	0	0	0	0	0	0	0	0	0	0	0	0	0	0	0	0	0	0	0	0	0	0	0	0	0	0	0	0	0	0	0	0	0	3	0	0	0	0	0	D_0__k__Bacteria; D_1__p__Synergistetes; D_2__c__Synergistia; D_3__o__Synergistales; D_4__f__Synergistaceae; D_5__g__Fretibacterium; D_6__g__Fretibacterium_s__fastidiosum
2506	0	0	0	0	0	0	0	0	0	0	0	0	0	0	0	0	0	0	0	0	0	0	0	0	0	0	0	0	0	0	0	0	0	0	0	0	0	0	0	0	0	0	0	0	3	0	0	0	0	0	D_0__k__Bacteria; D_1__p__Proteobacteria; D_2__c__Betaproteobacteria; D_3__o__Neisseriales; D_4__f__Neisseriaceae; D_5__g__Eikenella; D_6__g__Eikenella_s__corrodens
2507	0	0	0	0	0	0	0	0	0	0	0	0	0	0	0	0	0	0	0	0	0	0	0	0	0	0	0	0	0	0	0	0	0	0	0	0	0	0	0	0	0	0	0	0	3	0	0	0	0	0	D_0__k__Bacteria; D_1__p__Firmicutes; D_2__c__Bacilli; D_3__o__Lactobacillales; D_4__f__Streptococcaceae; D_5__g__Streptococcus; D_6__g__Streptococcus_s__sanguinis
2508	0	0	0	0	0	0	0	0	0	0	0	0	0	0	0	0	0	0	0	0	0	0	0	0	0	0	0	0	0	0	0	0	0	0	0	0	0	0	0	0	0	0	0	0	0	3	0	0	0	0	D_0__k__Bacteria; D_1__p__Proteobacteria; D_2__c__Gammaproteobacteria; D_3__o__Pasteurellales; D_4__f__Pasteurellaceae; D_5__g__Haemophilus; D_6__g__Haemophilus_s__paraphrohaemolyticus
2509	0	0	0	0	0	0	0	0	0	0	0	0	0	0	0	0	0	0	0	0	0	0	0	0	0	0	0	0	0	0	0	0	0	0	0	0	0	0	0	0	0	0	0	0	0	3	0	0	0	0	D_0__k__Bacteria; D_1__p__Bacteroidetes; D_2__c__Flavobacteriia; D_3__o__Flavobacteriales; D_4__f__Flavobacteriaceae; D_5__g__Capnocytophaga; D_6__g__Capnocytophaga_s__sputigena
2510	0	0	0	0	0	0	0	0	0	0	0	0	0	0	0	0	0	0	0	0	0	0	0	0	0	0	0	0	0	0	0	0	0	0	0	0	0	0	0	0	0	0	0	0	0	3	0	0	0	0	D_0__k__Bacteria; D_1__p__Proteobacteria; D_2__c__Betaproteobacteria; D_3__o__Burkholderiales; D_4__f__Burkholderiaceae; D_5__g__Lautropia; D_6__g__Lautropia_s__mirabilis
2511	0	0	0	0	0	0	0	0	0	0	0	0	0	0	0	0	0	0	0	0	0	0	0	0	0	0	0	0	0	0	0	0	0	0	0	0	0	0	0	0	0	0	0	0	0	3	0	0	0	0	D_0__k__Bacteria; D_1__p__Firmicutes; D_2__c__Bacilli; D_3__o__Lactobacillales; D_4__f__Aerococcaceae; D_5__g__Abiotrophia; D_6__g__Abiotrophia_s__defectiva
2512	0	0	0	0	0	0	0	0	0	0	0	0	0	0	0	0	0	0	0	0	0	0	0	0	0	0	0	0	0	0	0	0	0	0	0	0	0	0	0	0	0	0	0	0	0	3	0	0	0	0	D_0__k__Bacteria; D_1__p__Firmicutes; D_2__c__Bacilli; D_3__o__Lactobacillales; D_4__f__Aerococcaceae; D_5__g__Abiotrophia; D_6__g__Abiotrophia_s__defectiva
2513	0	0	0	0	0	0	0	0	0	0	0	0	0	0	0	0	0	0	0	0	0	0	0	0	0	0	0	0	0	0	0	0	0	0	0	0	0	0	0	0	0	0	0	0	0	3	0	0	0	0	D_0__k__Bacteria; D_1__p__Proteobacteria; D_2__c__Betaproteobacteria; D_3__o__Burkholderiales; D_4__f__Burkholderiaceae; D_5__g__Lautropia; D_6__g__Lautropia_s__mirabilis
2514	0	0	0	0	0	0	0	0	0	0	0	0	0	0	0	0	0	0	0	0	0	0	0	0	0	0	0	0	0	0	0	0	0	0	0	0	0	0	0	0	0	0	0	0	0	3	0	0	0	0	D_0__k__Bacteria; D_1__p__Proteobacteria; D_2__c__Betaproteobacteria; D_3__o__Burkholderiales; D_4__f__Burkholderiaceae; D_5__g__Lautropia; D_6__g__Lautropia_s__mirabilis
2515	0	0	0	0	0	0	0	0	0	0	0	0	0	0	0	0	0	0	0	0	0	0	0	0	0	0	0	0	0	0	0	0	0	0	0	0	0	0	0	0	0	0	0	0	0	3	0	0	0	0	D_0__k__Bacteria; D_1__p__Firmicutes; D_2__c__Negativicutes; D_3__o__Veillonellales; D_4__f__Veillonellaceae; D_5__g__Veillonella; D_6__g__Veillonella_s__dispar
2516	0	0	0	0	0	0	0	0	0	0	0	0	0	0	0	0	0	0	0	0	0	0	0	0	0	0	0	0	0	0	0	0	0	0	0	0	0	0	0	0	0	0	0	0	0	3	0	0	0	0	D_0__k__Bacteria; D_1__p__Bacteroidetes; D_2__c__Bacteroidia; D_3__o__Bacteroidales; D_4__f__Prevotellaceae; D_5__g__Prevotella; D_6__g__Prevotella_s__melaninogenica
2517	0	0	0	0	0	0	0	0	0	0	0	0	0	0	0	0	0	0	0	0	0	0	0	0	0	0	0	0	0	0	0	0	0	0	0	0	0	0	0	0	0	0	0	0	0	0	3	0	0	0	D_0__k__Bacteria; D_1__p__Firmicutes; D_2__c__Negativicutes; D_3__o__Selenomonadales; D_4__f__Selenomonadaceae; D_5__g__Selenomonas; D_6__g__Selenomonas_s__sputigena
2518	0	0	0	0	0	0	0	0	0	0	0	0	0	0	0	0	0	0	0	0	0	0	0	0	0	0	0	0	0	0	0	0	0	0	0	0	0	0	0	0	0	0	0	0	0	0	3	0	0	0	D_0__k__Bacteria; D_1__p__Bacteroidetes; D_2__c__Bacteroidia; D_3__o__Bacteroidales; D_4__f__Prevotellaceae; D_5__g__Prevotella; D_6__g__Prevotella_s__oulorum
2519	0	0	0	0	0	0	0	0	0	0	0	0	0	0	0	0	0	0	0	0	0	0	0	0	0	0	0	0	0	0	0	0	0	0	0	0	0	0	0	0	0	0	0	0	0	0	3	0	0	0	D_0__k__Bacteria; D_1__p__Proteobacteria; D_2__c__Gammaproteobacteria; D_3__o__Cardiobacteriales; D_4__f__Cardiobacteriaceae; D_5__g__Cardiobacterium; D_6__g__Cardiobacterium_s__valvarum
2520	0	0	0	0	0	0	0	0	0	0	0	0	0	0	0	0	0	0	0	0	0	0	0	0	0	0	0	0	0	0	0	0	0	0	0	0	0	0	0	0	0	0	0	0	0	0	3	0	0	0	D_0__k__Bacteria; D_1__p__Bacteroidetes; D_2__c__Bacteroidia; D_3__o__Bacteroidales; D_4__f__Prevotellaceae; D_5__g__Prevotella; D_6__g__Prevotella_s__denticola
2521	0	0	0	0	0	0	0	0	0	0	0	0	0	0	0	0	0	0	0	0	0	0	0	0	0	0	0	0	0	0	0	0	0	0	0	0	0	0	0	0	0	0	0	0	0	0	0	3	0	0	D_0__k__Bacteria; D_1__p__Actinobacteria; D_2__c__Actinomycetia; D_3__o__Actinomycetales; D_4__f__Actinomycetaceae; D_5__g__Schaalia; D_6__g__Schaalia_s__sp._HMT_180
2522	0	0	0	0	0	0	0	0	0	0	0	0	0	0	0	0	0	0	0	0	0	0	0	0	0	0	0	0	0	0	0	0	0	0	0	0	0	0	0	0	0	0	0	0	0	0	0	3	0	0	D_0__k__Bacteria; D_1__p__Firmicutes; D_2__c__Bacilli; D_3__o__Lactobacillales; D_4__f__Aerococcaceae; D_5__g__Abiotrophia; D_6__g__Abiotrophia_s__defectiva
2523	0	0	0	0	0	0	0	0	0	0	0	0	0	0	0	0	0	0	0	0	0	0	0	0	0	0	0	0	0	0	0	0	0	0	0	0	0	0	0	0	0	0	0	0	0	0	0	3	0	0	D_0__k__Bacteria; D_1__p__Proteobacteria; D_2__c__Betaproteobacteria; D_3__o__Neisseriales; D_4__f__Neisseriaceae; D_5__g__Neisseria; D_6__g__Neisseria_s__flava
2524	0	0	0	0	0	0	0	0	0	0	0	0	0	0	0	0	0	0	0	0	0	0	0	0	0	0	0	0	0	0	0	0	0	0	0	0	0	0	0	0	0	0	0	0	0	0	0	3	0	0	D_0__k__Bacteria; D_1__p__Firmicutes; D_2__c__Negativicutes; D_3__o__Veillonellales; D_4__f__Veillonellaceae; D_5__g__Veillonella; D_6__g__Veillonella_s__atypica
2525	0	0	0	0	0	0	0	0	0	0	0	0	0	0	0	0	0	0	0	0	0	0	0	0	0	0	0	0	0	0	0	0	0	0	0	0	0	0	0	0	0	0	0	0	0	0	0	3	0	0	D_0__k__Bacteria; D_1__p__Firmicutes; D_2__c__Bacilli; D_3__o__Lactobacillales; D_4__f__Streptococcaceae; D_5__g__Streptococcus; D_6__g__Streptococcus_s__sanguinis
2526	0	0	0	0	0	0	0	0	0	0	0	0	0	0	0	0	0	0	0	0	0	0	0	0	0	0	0	0	0	0	0	0	0	0	0	0	0	0	0	0	0	0	0	0	0	0	0	3	0	0	D_0__k__Bacteria; D_1__p__Firmicutes; D_2__c__Bacilli; D_3__o__Bacillales; D_4__f__Gemellaceae; D_5__g__Gemella; D_6__g__Gemella_s__morbillorum
2527	0	0	0	0	0	0	0	0	0	0	0	0	0	0	0	0	0	0	0	0	0	0	0	0	0	0	0	0	0	0	0	0	0	0	0	0	0	0	0	0	0	0	0	0	0	0	0	3	0	0	D_0__k__Bacteria; D_1__p__Firmicutes; D_2__c__Bacilli; D_3__o__Lactobacillales; D_4__f__Carnobacteriaceae; D_5__g__Granulicatella; D_6__g__Granulicatella_s__adiacens
2528	0	0	0	0	0	0	0	0	0	0	0	0	0	0	0	0	0	0	0	0	0	0	0	0	0	0	0	0	0	0	0	0	0	0	0	0	0	0	0	0	0	0	0	0	0	0	0	3	0	0	D_0__k__Bacteria; D_1__p__Fusobacteria; D_2__c__Fusobacteriia; D_3__o__Fusobacteriales; D_4__f__Leptotrichiaceae; D_5__g__Leptotrichia; D_6__g__Leptotrichia_s__wadei
2529	0	0	0	0	0	0	0	0	0	0	0	0	0	0	0	0	0	0	0	0	0	0	0	0	0	0	0	0	0	0	0	0	0	0	0	0	0	0	0	0	0	0	0	0	0	0	0	3	0	0	D_0__k__Bacteria; D_1__p__Firmicutes; D_2__c__Bacilli; D_3__o__Lactobacillales; D_4__f__Streptococcaceae; D_5__g__Streptococcus; D_6__g__Streptococcus_s__parasanguinis_clade_411
2530	0	0	0	0	0	0	0	0	0	0	0	0	0	0	0	0	0	0	0	0	0	0	0	0	0	0	0	0	0	0	0	0	0	0	0	0	0	0	0	0	0	0	0	0	0	0	0	3	0	0	D_0__k__Bacteria; D_1__p__Proteobacteria; D_2__c__Betaproteobacteria; D_3__o__Neisseriales; D_4__f__Neisseriaceae; D_5__g__Neisseria; D_6__g__Neisseria_s__flava
2531	0	0	0	0	0	0	0	0	0	0	0	0	0	0	0	0	0	0	0	0	0	0	0	0	0	0	0	0	0	0	0	0	0	0	0	0	0	0	0	0	0	0	0	0	0	0	0	3	0	0	D_0__k__Bacteria; D_1__p__Firmicutes; D_2__c__Bacilli; D_3__o__Lactobacillales; D_4__f__Aerococcaceae; D_5__g__Abiotrophia; D_6__g__Abiotrophia_s__defectiva
2532	0	0	0	0	0	0	0	0	0	0	0	0	0	0	0	0	0	0	0	0	0	0	0	0	0	0	0	0	0	0	0	0	0	0	0	0	0	0	0	0	0	0	0	0	0	0	0	0	3	0	D_0__k__Bacteria; D_1__p__Proteobacteria; D_2__c__Epsilonproteobacteria; D_3__o__Campylobacterales; D_4__f__Campylobacteraceae; D_5__g__Campylobacter; D_6__g__Campylobacter_s__gracilis
2533	0	0	0	0	0	0	0	0	0	0	0	0	0	0	0	0	0	0	0	0	0	0	0	0	0	0	0	0	0	0	0	0	0	0	0	0	0	0	0	0	0	0	0	0	0	0	0	0	3	0	D_0__k__Bacteria; D_1__p__Synergistetes; D_2__c__Synergistia; D_3__o__Synergistales; D_4__f__Synergistaceae; D_5__g__Fretibacterium; D_6__g__Fretibacterium_s__fastidiosum
2534	0	0	0	0	0	0	0	0	0	0	0	0	0	0	0	0	0	0	0	0	0	0	0	0	0	0	0	0	0	0	0	0	0	0	0	0	0	0	0	0	0	0	0	0	0	0	0	0	3	0	D_0__k__Bacteria; D_1__p__Bacteroidetes; D_2__c__Bacteroidia; D_3__o__Bacteroidales; D_4__f__Prevotellaceae; D_5__g__Prevotella; D_6__g__Prevotella_s__nigrescens
2535	0	0	0	0	0	0	0	0	0	0	0	0	0	0	0	0	0	0	0	0	0	0	0	0	0	0	0	0	0	0	0	0	0	0	0	0	0	0	0	0	0	0	0	0	0	0	0	0	0	3	D_0__k__Bacteria; D_1__p__Bacteroidetes; D_2__c__Flavobacteriia; D_3__o__Flavobacteriales; D_4__f__Flavobacteriaceae; D_5__g__Capnocytophaga; D_6__g__Capnocytophaga_s__endodontalis
2536	0	0	0	0	0	0	0	0	0	0	0	0	0	0	0	0	0	0	0	0	0	0	0	0	0	0	0	0	0	0	0	0	0	0	0	0	0	0	0	0	0	0	0	0	0	0	0	0	0	3	D_0__k__Bacteria; D_1__p__Proteobacteria; D_2__c__Gammaproteobacteria; D_3__o__Pasteurellales; D_4__f__Pasteurellaceae; D_5__g__Haemophilus; D_6__g__Haemophilus_s__haemolyticus
2537	0	0	0	0	0	0	0	0	0	0	0	0	0	0	0	0	0	0	0	0	0	0	0	0	0	0	0	0	0	0	0	0	0	0	0	0	0	0	0	0	0	0	0	0	0	0	0	0	0	3	D_0__k__Bacteria; D_1__p__Firmicutes; D_2__c__Bacilli; D_3__o__Lactobacillales; D_4__f__Streptococcaceae; D_5__g__Streptococcus; D_6__g__Streptococcus_s__oralis_subsp._dentisani_clade_058
2538	2	0	0	0	0	0	0	0	0	0	0	0	0	0	0	0	0	0	0	0	0	0	0	0	0	0	0	0	0	0	0	0	0	0	0	0	0	0	0	0	0	0	0	0	0	0	0	0	0	0	D_0__k__Bacteria; D_1__p__Firmicutes; D_2__c__Negativicutes; D_3__o__Veillonellales; D_4__f__Veillonellaceae; D_5__g__Megasphaera; D_6__g__Megasphaera_s__micronuciformis
2539	2	0	0	0	0	0	0	0	0	0	0	0	0	0	0	0	0	0	0	0	0	0	0	0	0	0	0	0	0	0	0	0	0	0	0	0	0	0	0	0	0	0	0	0	0	0	0	0	0	0	D_0__k__Bacteria; D_1__p__Proteobacteria; D_2__c__Betaproteobacteria; D_3__o__Neisseriales; D_4__f__Neisseriaceae; D_5__g__Neisseria; D_6__g__Neisseria_s__flava
2540	2	0	0	0	0	0	0	0	0	0	0	0	0	0	0	0	0	0	0	0	0	0	0	0	0	0	0	0	0	0	0	0	0	0	0	0	0	0	0	0	0	0	0	0	0	0	0	0	0	0	D_0__k__Bacteria; D_1__p__Firmicutes; D_2__c__Bacilli; D_3__o__Lactobacillales; D_4__f__Lactobacillaceae; D_5__g__Lactobacillus; D_6__g__Lactobacillus_s__gasseri
2541	2	0	0	0	0	0	0	0	0	0	0	0	0	0	0	0	0	0	0	0	0	0	0	0	0	0	0	0	0	0	0	0	0	0	0	0	0	0	0	0	0	0	0	0	0	0	0	0	0	0	D_0__k__Bacteria; D_1__p__Firmicutes; D_2__c__Negativicutes; D_3__o__Veillonellales; D_4__f__Veillonellaceae; D_5__g__Veillonella; D_6__g__Veillonella_s__atypica
2542	2	0	0	0	0	0	0	0	0	0	0	0	0	0	0	0	0	0	0	0	0	0	0	0	0	0	0	0	0	0	0	0	0	0	0	0	0	0	0	0	0	0	0	0	0	0	0	0	0	0	D_0__k__Bacteria; D_1__p__Firmicutes; D_2__c__Negativicutes; D_3__o__Veillonellales; D_4__f__Veillonellaceae; D_5__g__Megasphaera; D_6__g__Megasphaera_s__micronuciformis
2543	2	0	0	0	0	0	0	0	0	0	0	0	0	0	0	0	0	0	0	0	0	0	0	0	0	0	0	0	0	0	0	0	0	0	0	0	0	0	0	0	0	0	0	0	0	0	0	0	0	0	D_0__k__Bacteria; D_1__p__Firmicutes; D_2__c__Negativicutes; D_3__o__Veillonellales; D_4__f__Veillonellaceae; D_5__g__Megasphaera; D_6__g__Megasphaera_s__micronuciformis
2544	2	0	0	0	0	0	0	0	0	0	0	0	0	0	0	0	0	0	0	0	0	0	0	0	0	0	0	0	0	0	0	0	0	0	0	0	0	0	0	0	0	0	0	0	0	0	0	0	0	0	D_0__k__Bacteria; D_1__p__Firmicutes; D_2__c__Negativicutes; D_3__o__Selenomonadales; D_4__f__Selenomonadaceae; D_5__g__Selenomonas; D_6__g__Selenomonas_s__sputigena
2545	0	2	0	0	0	0	0	0	0	0	0	0	0	0	0	0	0	0	0	0	0	0	0	0	0	0	0	0	0	0	0	0	0	0	0	0	0	0	0	0	0	0	0	0	0	0	0	0	0	0	D_0__k__Bacteria; D_1__p__Proteobacteria; D_2__c__Betaproteobacteria; D_3__o__Neisseriales; D_4__f__Neisseriaceae; D_5__g__Neisseria; D_6__g__Neisseria_s__cinerea
2546	0	2	0	0	0	0	0	0	0	0	0	0	0	0	0	0	0	0	0	0	0	0	0	0	0	0	0	0	0	0	0	0	0	0	0	0	0	0	0	0	0	0	0	0	0	0	0	0	0	0	D_0__k__Bacteria; D_1__p__Proteobacteria; D_2__c__Betaproteobacteria; D_3__o__Burkholderiales; D_4__f__Burkholderiaceae; D_5__g__Lautropia; D_6__g__Lautropia_s__mirabilis
2547	0	2	0	0	0	0	0	0	0	0	0	0	0	0	0	0	0	0	0	0	0	0	0	0	0	0	0	0	0	0	0	0	0	0	0	0	0	0	0	0	0	0	0	0	0	0	0	0	0	0	D_0__k__Bacteria; D_1__p__Firmicutes; D_2__c__Negativicutes; D_3__o__Veillonellales; D_4__f__Veillonellaceae; D_5__g__Veillonella; D_6__g__Veillonella_s__parvula
2548	0	2	0	0	0	0	0	0	0	0	0	0	0	0	0	0	0	0	0	0	0	0	0	0	0	0	0	0	0	0	0	0	0	0	0	0	0	0	0	0	0	0	0	0	0	0	0	0	0	0	D_0__k__Bacteria; D_1__p__Saccharibacteria_(TM7); D_2__c__Saccharibacteria_(TM7)_[C-1]; D_3__o__Saccharibacteria_(TM7)_[O-1]; D_4__f__Saccharibacteria_(TM7)_[F-1]; D_5__g__Saccharibacteria_(TM7)_[G-6]; D_6__g__Saccharibacteria_(TM7)_[G-6]_s__bacterium_HMT_870
2549	0	2	0	0	0	0	0	0	0	0	0	0	0	0	0	0	0	0	0	0	0	0	0	0	0	0	0	0	0	0	0	0	0	0	0	0	0	0	0	0	0	0	0	0	0	0	0	0	0	0	D_0__k__Bacteria; D_1__p__Firmicutes; D_2__c__Negativicutes; D_3__o__Veillonellales; D_4__f__Veillonellaceae; D_5__g__Veillonella; D_6__g__Veillonella_s__parvula
2550	0	2	0	0	0	0	0	0	0	0	0	0	0	0	0	0	0	0	0	0	0	0	0	0	0	0	0	0	0	0	0	0	0	0	0	0	0	0	0	0	0	0	0	0	0	0	0	0	0	0	D_0__k__Bacteria; D_1__p__Firmicutes; D_2__c__Bacilli; D_3__o__Lactobacillales; D_4__f__Streptococcaceae; D_5__g__Streptococcus; D_6__g__Streptococcus_s__sanguinis
2551	0	2	0	0	0	0	0	0	0	0	0	0	0	0	0	0	0	0	0	0	0	0	0	0	0	0	0	0	0	0	0	0	0	0	0	0	0	0	0	0	0	0	0	0	0	0	0	0	0	0	D_0__k__Bacteria; D_1__p__Bacteroidetes; D_2__c__Flavobacteriia; D_3__o__Flavobacteriales; D_4__f__Flavobacteriaceae; D_5__g__Capnocytophaga; D_6__g__Capnocytophaga_s__leadbetteri
2552	0	2	0	0	0	0	0	0	0	0	0	0	0	0	0	0	0	0	0	0	0	0	0	0	0	0	0	0	0	0	0	0	0	0	0	0	0	0	0	0	0	0	0	0	0	0	0	0	0	0	D_0__k__Bacteria; D_1__p__Proteobacteria; D_2__c__Epsilonproteobacteria; D_3__o__Campylobacterales; D_4__f__Campylobacteraceae; D_5__g__Campylobacter; D_6__g__Campylobacter_s__concisus
2553	0	2	0	0	0	0	0	0	0	0	0	0	0	0	0	0	0	0	0	0	0	0	0	0	0	0	0	0	0	0	0	0	0	0	0	0	0	0	0	0	0	0	0	0	0	0	0	0	0	0	D_0__k__Bacteria; D_1__p__Proteobacteria; D_2__c__Betaproteobacteria; D_3__o__Neisseriales; D_4__f__Neisseriaceae; D_5__g__Neisseria; D_6__g__Neisseria_s__flava
2554	0	2	0	0	0	0	0	0	0	0	0	0	0	0	0	0	0	0	0	0	0	0	0	0	0	0	0	0	0	0	0	0	0	0	0	0	0	0	0	0	0	0	0	0	0	0	0	0	0	0	D_0__k__Bacteria; D_1__p__Proteobacteria; D_2__c__Betaproteobacteria; D_3__o__Neisseriales; D_4__f__Neisseriaceae; D_5__g__Neisseria; D_6__g__Neisseria_s__flava
2555	0	2	0	0	0	0	0	0	0	0	0	0	0	0	0	0	0	0	0	0	0	0	0	0	0	0	0	0	0	0	0	0	0	0	0	0	0	0	0	0	0	0	0	0	0	0	0	0	0	0	D_0__k__Bacteria; D_1__p__Proteobacteria; D_2__c__Epsilonproteobacteria; D_3__o__Campylobacterales; D_4__f__Campylobacteraceae; D_5__g__Campylobacter; D_6__g__Campylobacter_s__gracilis
2556	0	2	0	0	0	0	0	0	0	0	0	0	0	0	0	0	0	0	0	0	0	0	0	0	0	0	0	0	0	0	0	0	0	0	0	0	0	0	0	0	0	0	0	0	0	0	0	0	0	0	D_0__k__Bacteria; D_1__p__Firmicutes; D_2__c__Negativicutes; D_3__o__Veillonellales; D_4__f__Veillonellaceae; D_5__g__Veillonella; D_6__g__Veillonella_s__dispar
2557	0	2	0	0	0	0	0	0	0	0	0	0	0	0	0	0	0	0	0	0	0	0	0	0	0	0	0	0	0	0	0	0	0	0	0	0	0	0	0	0	0	0	0	0	0	0	0	0	0	0	D_0__k__Bacteria; D_1__p__Proteobacteria; D_2__c__Betaproteobacteria; D_3__o__Neisseriales; D_4__f__Neisseriaceae; D_5__g__Neisseria; D_6__g__Neisseria_s__cinerea
2558	0	2	0	0	0	0	0	0	0	0	0	0	0	0	0	0	0	0	0	0	0	0	0	0	0	0	0	0	0	0	0	0	0	0	0	0	0	0	0	0	0	0	0	0	0	0	0	0	0	0	D_0__k__Bacteria; D_1__p__Firmicutes; D_2__c__Negativicutes; D_3__o__Veillonellales; D_4__f__Veillonellaceae; D_5__g__Veillonella; D_6__g__Veillonella_s__parvula
2559	0	2	0	0	0	0	0	0	0	0	0	0	0	0	0	0	0	0	0	0	0	0	0	0	0	0	0	0	0	0	0	0	0	0	0	0	0	0	0	0	0	0	0	0	0	0	0	0	0	0	D_0__k__Bacteria; D_1__p__Proteobacteria; D_2__c__Epsilonproteobacteria; D_3__o__Campylobacterales; D_4__f__Campylobacteraceae; D_5__g__Campylobacter; D_6__g__Campylobacter_s__gracilis
2560	0	2	0	0	0	0	0	0	0	0	0	0	0	0	0	0	0	0	0	0	0	0	0	0	0	0	0	0	0	0	0	0	0	0	0	0	0	0	0	0	0	0	0	0	0	0	0	0	0	0	D_0__k__Bacteria; D_1__p__Firmicutes; D_2__c__Negativicutes; D_3__o__Veillonellales; D_4__f__Veillonellaceae; D_5__g__Veillonella; D_6__g__Veillonella_s__dispar
2561	0	2	0	0	0	0	0	0	0	0	0	0	0	0	0	0	0	0	0	0	0	0	0	0	0	0	0	0	0	0	0	0	0	0	0	0	0	0	0	0	0	0	0	0	0	0	0	0	0	0	D_0__k__Bacteria; D_1__p__Fusobacteria; D_2__c__Fusobacteriia; D_3__o__Fusobacteriales; D_4__f__Leptotrichiaceae; D_5__g__Leptotrichia; D_6__g__Leptotrichia_s__sp._HMT_225
2562	0	2	0	0	0	0	0	0	0	0	0	0	0	0	0	0	0	0	0	0	0	0	0	0	0	0	0	0	0	0	0	0	0	0	0	0	0	0	0	0	0	0	0	0	0	0	0	0	0	0	D_0__k__Bacteria; D_1__p__Proteobacteria; D_2__c__Gammaproteobacteria; D_3__o__Pasteurellales; D_4__f__Pasteurellaceae; D_5__g__Haemophilus; D_6__g__Haemophilus_s__pittmaniae
2563	0	0	2	0	0	0	0	0	0	0	0	0	0	0	0	0	0	0	0	0	0	0	0	0	0	0	0	0	0	0	0	0	0	0	0	0	0	0	0	0	0	0	0	0	0	0	0	0	0	0	D_0__k__Bacteria; D_1__p__Firmicutes; D_2__c__Clostridia; D_3__o__Eubacteriales; D_4__f__Lachnospiraceae; D_5__g__Johnsonella; D_6__g__Johnsonella_s__ignava
2564	0	0	2	0	0	0	0	0	0	0	0	0	0	0	0	0	0	0	0	0	0	0	0	0	0	0	0	0	0	0	0	0	0	0	0	0	0	0	0	0	0	0	0	0	0	0	0	0	0	0	D_0__k__Bacteria; D_1__p__Spirochaetes; D_2__c__Spirochaetia; D_3__o__Spirochaetales; D_4__f__Treponemataceae; D_5__g__Treponema; D_6__g__Treponema_s__maltophilum
2565	0	0	2	0	0	0	0	0	0	0	0	0	0	0	0	0	0	0	0	0	0	0	0	0	0	0	0	0	0	0	0	0	0	0	0	0	0	0	0	0	0	0	0	0	0	0	0	0	0	0	D_0__k__Bacteria; D_1__p__Bacteroidetes; D_2__c__Bacteroidia; D_3__o__Bacteroidales; D_4__f__Prevotellaceae; D_5__g__Prevotella; D_6__g__Prevotella_s__maculosa
2566	0	0	2	0	0	0	0	0	0	0	0	0	0	0	0	0	0	0	0	0	0	0	0	0	0	0	0	0	0	0	0	0	0	0	0	0	0	0	0	0	0	0	0	0	0	0	0	0	0	0	D_0__k__Bacteria; D_1__p__Firmicutes; D_2__c__Negativicutes; D_3__o__Selenomonadales; D_4__f__Selenomonadaceae; D_5__g__Veillonellaceae_[G-1]; D_6__g__Veillonellaceae_[G-1]_s__bacterium_HMT_145
2567	0	0	2	0	0	0	0	0	0	0	0	0	0	0	0	0	0	0	0	0	0	0	0	0	0	0	0	0	0	0	0	0	0	0	0	0	0	0	0	0	0	0	0	0	0	0	0	0	0	0	D_0__k__Bacteria; D_1__p__Bacteroidetes; D_2__c__Bacteroidia; D_3__o__Bacteroidales; D_4__f__Prevotellaceae; D_5__g__Prevotella; D_6__g__Prevotella_s__nigrescens
2568	0	0	2	0	0	0	0	0	0	0	0	0	0	0	0	0	0	0	0	0	0	0	0	0	0	0	0	0	0	0	0	0	0	0	0	0	0	0	0	0	0	0	0	0	0	0	0	0	0	0	D_0__k__Bacteria; D_1__p__Bacteroidetes; D_2__c__Bacteroidia; D_3__o__Bacteroidales; D_4__f__Tannerellaceae; D_5__g__Tannerella; D_6__g__Tannerella_s__forsythia
2569	0	0	2	0	0	0	0	0	0	0	0	0	0	0	0	0	0	0	0	0	0	0	0	0	0	0	0	0	0	0	0	0	0	0	0	0	0	0	0	0	0	0	0	0	0	0	0	0	0	0	D_0__k__Bacteria; D_1__p__Bacteroidetes; D_2__c__Bacteroidia; D_3__o__Bacteroidales; D_4__f__Prevotellaceae; D_5__g__Prevotella; D_6__g__Prevotella_s__nigrescens
2570	0	0	2	0	0	0	0	0	0	0	0	0	0	0	0	0	0	0	0	0	0	0	0	0	0	0	0	0	0	0	0	0	0	0	0	0	0	0	0	0	0	0	0	0	0	0	0	0	0	0	D_0__k__Bacteria; D_1__p__Proteobacteria; D_2__c__Deltaproteobacteria; D_3__o__Desulfobacterales; D_4__f__Desulfobulbaceae; D_5__g__Desulfobulbus; D_6__g__Desulfobulbus_s__sp._HMT_041
2571	0	0	0	2	0	0	0	0	0	0	0	0	0	0	0	0	0	0	0	0	0	0	0	0	0	0	0	0	0	0	0	0	0	0	0	0	0	0	0	0	0	0	0	0	0	0	0	0	0	0	D_0__k__Bacteria; D_1__p__Bacteroidetes; D_2__c__Bacteroidia; D_3__o__Bacteroidales; D_4__f__Porphyromonadaceae; D_5__g__Porphyromonas; D_6__g__Porphyromonas_s__sp._HMT_930
2572	0	0	0	2	0	0	0	0	0	0	0	0	0	0	0	0	0	0	0	0	0	0	0	0	0	0	0	0	0	0	0	0	0	0	0	0	0	0	0	0	0	0	0	0	0	0	0	0	0	0	D_0__k__Bacteria; D_1__p__Firmicutes; D_2__c__Clostridia; D_3__o__Eubacteriales; D_4__f__Lachnospiraceae; D_5__g__Stomatobaculum; D_6__g__Stomatobaculum_s__longum
2573	0	0	0	2	0	0	0	0	0	0	0	0	0	0	0	0	0	0	0	0	0	0	0	0	0	0	0	0	0	0	0	0	0	0	0	0	0	0	0	0	0	0	0	0	0	0	0	0	0	0	D_0__k__Bacteria; D_1__p__Bacteroidetes; D_2__c__Bacteroidia; D_3__o__Bacteroidales; D_4__f__Prevotellaceae; D_5__g__Prevotella; D_6__g__Prevotella_s__nanceiensis
2574	0	0	0	2	0	0	0	0	0	0	0	0	0	0	0	0	0	0	0	0	0	0	0	0	0	0	0	0	0	0	0	0	0	0	0	0	0	0	0	0	0	0	0	0	0	0	0	0	0	0	D_0__k__Bacteria; D_1__p__Firmicutes; D_2__c__Bacilli; D_3__o__Lactobacillales; D_4__f__Streptococcaceae; D_5__g__Streptococcus; D_6__g__Streptococcus_s__oralis_subsp._dentisani_clade_058
2575	0	0	0	2	0	0	0	0	0	0	0	0	0	0	0	0	0	0	0	0	0	0	0	0	0	0	0	0	0	0	0	0	0	0	0	0	0	0	0	0	0	0	0	0	0	0	0	0	0	0	D_0__k__Bacteria; D_1__p__Firmicutes; D_2__c__Clostridia; D_3__o__Eubacteriales; D_4__f__Peptostreptococcaceae; D_5__g__Peptostreptococcus; D_6__g__Peptostreptococcus_s__stomatis
2576	0	0	0	2	0	0	0	0	0	0	0	0	0	0	0	0	0	0	0	0	0	0	0	0	0	0	0	0	0	0	0	0	0	0	0	0	0	0	0	0	0	0	0	0	0	0	0	0	0	0	D_0__k__Bacteria; D_1__p__Firmicutes; D_2__c__Bacilli; D_3__o__Bacillales; D_4__f__Gemellaceae; D_5__g__Gemella; D_6__g__Gemella_s__morbillorum
2577	0	0	0	2	0	0	0	0	0	0	0	0	0	0	0	0	0	0	0	0	0	0	0	0	0	0	0	0	0	0	0	0	0	0	0	0	0	0	0	0	0	0	0	0	0	0	0	0	0	0	D_0__k__Bacteria; D_1__p__Firmicutes; D_2__c__Bacilli; D_3__o__Lactobacillales; D_4__f__Streptococcaceae; D_5__g__Streptococcus; D_6__g__Streptococcus_s__oralis_subsp._dentisani_clade_058
2578	0	0	0	2	0	0	0	0	0	0	0	0	0	0	0	0	0	0	0	0	0	0	0	0	0	0	0	0	0	0	0	0	0	0	0	0	0	0	0	0	0	0	0	0	0	0	0	0	0	0	D_0__k__Bacteria; D_1__p__Firmicutes; D_2__c__Clostridia; D_3__o__Eubacteriales; D_4__f__Lachnospiraceae; D_5__g__Oribacterium; D_6__g__Oribacterium_s__asaccharolyticum
2579	0	0	0	2	0	0	0	0	0	0	0	0	0	0	0	0	0	0	0	0	0	0	0	0	0	0	0	0	0	0	0	0	0	0	0	0	0	0	0	0	0	0	0	0	0	0	0	0	0	0	D_0__k__Bacteria; D_1__p__Firmicutes; D_2__c__Negativicutes; D_3__o__Selenomonadales; D_4__f__Selenomonadaceae; D_5__g__Selenomonas; D_6__g__Selenomonas_s__artemidis
2580	0	0	0	2	0	0	0	0	0	0	0	0	0	0	0	0	0	0	0	0	0	0	0	0	0	0	0	0	0	0	0	0	0	0	0	0	0	0	0	0	0	0	0	0	0	0	0	0	0	0	D_0__k__Bacteria; D_1__p__Bacteroidetes; D_2__c__Flavobacteriia; D_3__o__Flavobacteriales; D_4__f__Flavobacteriaceae; D_5__g__Capnocytophaga; D_6__g__Capnocytophaga_s__gingivalis
2581	0	0	0	2	0	0	0	0	0	0	0	0	0	0	0	0	0	0	0	0	0	0	0	0	0	0	0	0	0	0	0	0	0	0	0	0	0	0	0	0	0	0	0	0	0	0	0	0	0	0	D_0__k__Bacteria; D_1__p__Proteobacteria; D_2__c__Gammaproteobacteria; D_3__o__Cardiobacteriales; D_4__f__Cardiobacteriaceae; D_5__g__Cardiobacterium; D_6__g__Cardiobacterium_s__hominis
2582	0	0	0	0	2	0	0	0	0	0	0	0	0	0	0	0	0	0	0	0	0	0	0	0	0	0	0	0	0	0	0	0	0	0	0	0	0	0	0	0	0	0	0	0	0	0	0	0	0	0	D_0__k__Bacteria; D_1__p__Bacteroidetes; D_2__c__Bacteroidia; D_3__o__Bacteroidales; D_4__f__Bacteroidales_[F-2]; D_5__g__Bacteroidales_[G-2]; D_6__g__Bacteroidales_[G-2]_s__bacterium_HMT_274
2583	0	0	0	0	2	0	0	0	0	0	0	0	0	0	0	0	0	0	0	0	0	0	0	0	0	0	0	0	0	0	0	0	0	0	0	0	0	0	0	0	0	0	0	0	0	0	0	0	0	0	D_0__k__Bacteria; D_1__p__Spirochaetes; D_2__c__Spirochaetia; D_3__o__Spirochaetales; D_4__f__Treponemataceae; D_5__g__Treponema; D_6__g__Treponema_s__sp._HMT_226
2584	0	0	0	0	2	0	0	0	0	0	0	0	0	0	0	0	0	0	0	0	0	0	0	0	0	0	0	0	0	0	0	0	0	0	0	0	0	0	0	0	0	0	0	0	0	0	0	0	0	0	D_0__k__Bacteria; D_1__p__Firmicutes; D_2__c__Negativicutes; D_3__o__Veillonellales; D_4__f__Veillonellaceae; D_5__g__Dialister; D_6__g__Dialister_s__pneumosintes
2585	0	0	0	0	2	0	0	0	0	0	0	0	0	0	0	0	0	0	0	0	0	0	0	0	0	0	0	0	0	0	0	0	0	0	0	0	0	0	0	0	0	0	0	0	0	0	0	0	0	0	D_0__k__Bacteria; D_1__p__Fusobacteria; D_2__c__Fusobacteriia; D_3__o__Fusobacteriales; D_4__f__Fusobacteriaceae; D_5__g__Fusobacterium; D_6__g__Fusobacterium_s__nucleatum
2586	0	0	0	0	2	0	0	0	0	0	0	0	0	0	0	0	0	0	0	0	0	0	0	0	0	0	0	0	0	0	0	0	0	0	0	0	0	0	0	0	0	0	0	0	0	0	0	0	0	0	D_0__k__Bacteria; D_1__p__Firmicutes; D_2__c__Negativicutes; D_3__o__Veillonellales; D_4__f__Veillonellaceae; D_5__g__Dialister; D_6__g__Dialister_s__pneumosintes
2587	0	0	0	0	2	0	0	0	0	0	0	0	0	0	0	0	0	0	0	0	0	0	0	0	0	0	0	0	0	0	0	0	0	0	0	0	0	0	0	0	0	0	0	0	0	0	0	0	0	0	D_0__k__Bacteria; D_1__p__Spirochaetes; D_2__c__Spirochaetia; D_3__o__Spirochaetales; D_4__f__Treponemataceae; D_5__g__Treponema; D_6__g__Treponema_s__lecithinolyticum
2588	0	0	0	0	2	0	0	0	0	0	0	0	0	0	0	0	0	0	0	0	0	0	0	0	0	0	0	0	0	0	0	0	0	0	0	0	0	0	0	0	0	0	0	0	0	0	0	0	0	0	D_0__k__Bacteria; D_1__p__Bacteroidetes; D_2__c__Bacteroidia; D_3__o__Bacteroidales; D_4__f__Bacteroidales_[F-2]; D_5__g__Bacteroidales_[G-2]; D_6__g__Bacteroidales_[G-2]_s__bacterium_HMT_274
2589	0	0	0	0	2	0	0	0	0	0	0	0	0	0	0	0	0	0	0	0	0	0	0	0	0	0	0	0	0	0	0	0	0	0	0	0	0	0	0	0	0	0	0	0	0	0	0	0	0	0	D_0__k__Bacteria; D_1__p__Synergistetes; D_2__c__Synergistia; D_3__o__Synergistales; D_4__f__Synergistaceae; D_5__g__Fretibacterium; D_6__g__Fretibacterium_s__sp._HMT_360
2590	0	0	0	0	2	0	0	0	0	0	0	0	0	0	0	0	0	0	0	0	0	0	0	0	0	0	0	0	0	0	0	0	0	0	0	0	0	0	0	0	0	0	0	0	0	0	0	0	0	0	D_0__k__Bacteria; D_1__p__Firmicutes; D_2__c__Negativicutes; D_3__o__Selenomonadales; D_4__f__Selenomonadaceae; D_5__g__Veillonellaceae_[G-1]; D_6__g__Veillonellaceae_[G-1]_s__bacterium_HMT_150
2591	0	0	0	0	2	0	0	0	0	0	0	0	0	0	0	0	0	0	0	0	0	0	0	0	0	0	0	0	0	0	0	0	0	0	0	0	0	0	0	0	0	0	0	0	0	0	0	0	0	0	D_0__k__Bacteria; D_1__p__Firmicutes; D_2__c__Negativicutes; D_3__o__Veillonellales; D_4__f__Veillonellaceae; D_5__g__Dialister; D_6__g__Dialister_s__sp._HMT_119
2592	0	0	0	0	2	0	0	0	0	0	0	0	0	0	0	0	0	0	0	0	0	0	0	0	0	0	0	0	0	0	0	0	0	0	0	0	0	0	0	0	0	0	0	0	0	0	0	0	0	0	D_0__k__Bacteria; D_1__p__Firmicutes; D_2__c__Negativicutes; D_3__o__Veillonellales; D_4__f__Veillonellaceae; D_5__g__Dialister; D_6__g__Dialister_s__pneumosintes
2593	0	0	0	0	2	0	0	0	0	0	0	0	0	0	0	0	0	0	0	0	0	0	0	0	0	0	0	0	0	0	0	0	0	0	0	0	0	0	0	0	0	0	0	0	0	0	0	0	0	0	D_0__k__Bacteria; D_1__p__Bacteroidetes; D_2__c__Bacteroidia; D_3__o__Bacteroidales; D_4__f__Bacteroidales_[F-2]; D_5__g__Bacteroidales_[G-2]; D_6__g__Bacteroidales_[G-2]_s__bacterium_HMT_274
2594	0	0	0	0	0	2	0	0	0	0	0	0	0	0	0	0	0	0	0	0	0	0	0	0	0	0	0	0	0	0	0	0	0	0	0	0	0	0	0	0	0	0	0	0	0	0	0	0	0	0	D_0__k__Bacteria; D_1__p__Firmicutes; D_2__c__Bacilli; D_3__o__Lactobacillales; D_4__f__Lactobacillaceae; D_5__g__Limosilactobacillus; D_6__g__Limosilactobacillus_s__oris
2595	0	0	0	0	0	2	0	0	0	0	0	0	0	0	0	0	0	0	0	0	0	0	0	0	0	0	0	0	0	0	0	0	0	0	0	0	0	0	0	0	0	0	0	0	0	0	0	0	0	0	D_0__k__Bacteria; D_1__p__Firmicutes; D_2__c__Erysipelotrichia; D_3__o__Erysipelotrichales; D_4__f__Erysipelotrichaceae; D_5__g__Solobacterium; D_6__g__Solobacterium_s__moorei
2596	0	0	0	0	0	2	0	0	0	0	0	0	0	0	0	0	0	0	0	0	0	0	0	0	0	0	0	0	0	0	0	0	0	0	0	0	0	0	0	0	0	0	0	0	0	0	0	0	0	0	D_0__k__Bacteria; D_1__p__Proteobacteria; D_2__c__Betaproteobacteria; D_3__o__Neisseriales; D_4__f__Neisseriaceae; D_5__g__Eikenella; D_6__g__Eikenella_s__corrodens
2597	0	0	0	0	0	2	0	0	0	0	0	0	0	0	0	0	0	0	0	0	0	0	0	0	0	0	0	0	0	0	0	0	0	0	0	0	0	0	0	0	0	0	0	0	0	0	0	0	0	0	D_0__k__Bacteria; D_1__p__Firmicutes; D_2__c__Bacilli; D_3__o__Lactobacillales; D_4__f__Streptococcaceae; D_5__g__Streptococcus; D_6__g__Streptococcus_s__pneumoniae
2598	0	0	0	0	0	0	2	0	0	0	0	0	0	0	0	0	0	0	0	0	0	0	0	0	0	0	0	0	0	0	0	0	0	0	0	0	0	0	0	0	0	0	0	0	0	0	0	0	0	0	D_0__k__Bacteria; D_1__p__Proteobacteria; D_2__c__Betaproteobacteria; D_3__o__Neisseriales; D_4__f__Neisseriaceae; D_5__g__Neisseria; D_6__g__Neisseria_s__perflava
2599	0	0	0	0	0	0	2	0	0	0	0	0	0	0	0	0	0	0	0	0	0	0	0	0	0	0	0	0	0	0	0	0	0	0	0	0	0	0	0	0	0	0	0	0	0	0	0	0	0	0	D_0__k__Bacteria; D_1__p__Actinobacteria; D_2__c__Coriobacteriia; D_3__o__Coriobacteriales; D_4__f__Coriobacteriaceae; D_5__g__Fannyhessea; D_6__g__Fannyhessea_s__sp._HMT_416
2600	0	0	0	0	0	0	2	0	0	0	0	0	0	0	0	0	0	0	0	0	0	0	0	0	0	0	0	0	0	0	0	0	0	0	0	0	0	0	0	0	0	0	0	0	0	0	0	0	0	0	D_0__k__Bacteria; D_1__p__Bacteroidetes; D_2__c__Bacteroidia; D_3__o__Bacteroidales; D_4__f__Prevotellaceae; D_5__g__Prevotella; D_6__g__Prevotella_s__denticola
2601	0	0	0	0	0	0	2	0	0	0	0	0	0	0	0	0	0	0	0	0	0	0	0	0	0	0	0	0	0	0	0	0	0	0	0	0	0	0	0	0	0	0	0	0	0	0	0	0	0	0	D_0__k__Bacteria; D_1__p__Actinobacteria; D_2__c__Actinomycetia; D_3__o__Micrococcales; D_4__f__Micrococcaceae; D_5__g__Rothia; D_6__g__Rothia_s__mucilaginosa
2602	0	0	0	0	0	0	0	2	0	0	0	0	0	0	0	0	0	0	0	0	0	0	0	0	0	0	0	0	0	0	0	0	0	0	0	0	0	0	0	0	0	0	0	0	0	0	0	0	0	0	D_0__k__Bacteria; D_1__p__Firmicutes; D_2__c__Bacilli; D_3__o__Bacillales; D_4__f__Gemellaceae; D_5__g__Gemella; D_6__g__Gemella_s__haemolysans
2603	0	0	0	0	0	0	0	2	0	0	0	0	0	0	0	0	0	0	0	0	0	0	0	0	0	0	0	0	0	0	0	0	0	0	0	0	0	0	0	0	0	0	0	0	0	0	0	0	0	0	D_0__k__Bacteria; D_1__p__Firmicutes; D_2__c__Bacilli; D_3__o__Bacillales; D_4__f__Gemellaceae; D_5__g__Gemella; D_6__g__Gemella_s__morbillorum
2604	0	0	0	0	0	0	0	2	0	0	0	0	0	0	0	0	0	0	0	0	0	0	0	0	0	0	0	0	0	0	0	0	0	0	0	0	0	0	0	0	0	0	0	0	0	0	0	0	0	0	D_0__k__Bacteria; D_1__p__Bacteroidetes; D_2__c__Flavobacteriia; D_3__o__Flavobacteriales; D_4__f__Flavobacteriaceae; D_5__g__Capnocytophaga; D_6__g__Capnocytophaga_s__sp._HMT_324
2605	0	0	0	0	0	0	0	2	0	0	0	0	0	0	0	0	0	0	0	0	0	0	0	0	0	0	0	0	0	0	0	0	0	0	0	0	0	0	0	0	0	0	0	0	0	0	0	0	0	0	D_0__k__Bacteria; D_1__p__Firmicutes; D_2__c__Clostridia; D_3__o__Eubacteriales; D_4__f__Lachnospiraceae; D_5__g__Lachnoanaerobaculum; D_6__g__Lachnoanaerobaculum_s__saburreum
2606	0	0	0	0	0	0	0	2	0	0	0	0	0	0	0	0	0	0	0	0	0	0	0	0	0	0	0	0	0	0	0	0	0	0	0	0	0	0	0	0	0	0	0	0	0	0	0	0	0	0	D_0__k__Bacteria; D_1__p__Bacteroidetes; D_2__c__Flavobacteriia; D_3__o__Flavobacteriales; D_4__f__Flavobacteriaceae; D_5__g__Capnocytophaga; D_6__g__Capnocytophaga_s__leadbetteri
2607	0	0	0	0	0	0	0	2	0	0	0	0	0	0	0	0	0	0	0	0	0	0	0	0	0	0	0	0	0	0	0	0	0	0	0	0	0	0	0	0	0	0	0	0	0	0	0	0	0	0	D_0__k__Bacteria; D_1__p__Bacteroidetes; D_2__c__Bacteroidia; D_3__o__Bacteroidales; D_4__f__Prevotellaceae; D_5__g__Prevotella; D_6__g__Prevotella_s__sp._HMT_317
2608	0	0	0	0	0	0	0	2	0	0	0	0	0	0	0	0	0	0	0	0	0	0	0	0	0	0	0	0	0	0	0	0	0	0	0	0	0	0	0	0	0	0	0	0	0	0	0	0	0	0	D_0__k__Bacteria; D_1__p__Proteobacteria; D_2__c__Gammaproteobacteria; D_3__o__Pasteurellales; D_4__f__Pasteurellaceae; D_5__g__Haemophilus; D_6__g__Haemophilus_s__parainfluenzae
2609	0	0	0	0	0	0	0	2	0	0	0	0	0	0	0	0	0	0	0	0	0	0	0	0	0	0	0	0	0	0	0	0	0	0	0	0	0	0	0	0	0	0	0	0	0	0	0	0	0	0	D_0__k__Bacteria; D_1__p__Fusobacteria; D_2__c__Fusobacteriia; D_3__o__Fusobacteriales; D_4__f__Fusobacteriaceae; D_5__g__Fusobacterium; D_6__g__Fusobacterium_s__nucleatum
2610	0	0	0	0	0	0	0	2	0	0	0	0	0	0	0	0	0	0	0	0	0	0	0	0	0	0	0	0	0	0	0	0	0	0	0	0	0	0	0	0	0	0	0	0	0	0	0	0	0	0	D_0__k__Bacteria; D_1__p__Bacteroidetes; D_2__c__Flavobacteriia; D_3__o__Flavobacteriales; D_4__f__Flavobacteriaceae; D_5__g__Capnocytophaga; D_6__g__Capnocytophaga_s__endodontalis
2611	0	0	0	0	0	0	0	2	0	0	0	0	0	0	0	0	0	0	0	0	0	0	0	0	0	0	0	0	0	0	0	0	0	0	0	0	0	0	0	0	0	0	0	0	0	0	0	0	0	0	D_0__k__Bacteria; D_1__p__Firmicutes; D_2__c__Bacilli; D_3__o__Lactobacillales; D_4__f__Streptococcaceae; D_5__g__Streptococcus; D_6__g__Streptococcus_s__sanguinis
2612	0	0	0	0	0	0	0	2	0	0	0	0	0	0	0	0	0	0	0	0	0	0	0	0	0	0	0	0	0	0	0	0	0	0	0	0	0	0	0	0	0	0	0	0	0	0	0	0	0	0	D_0__k__Bacteria; D_1__p__Fusobacteria; D_2__c__Fusobacteriia; D_3__o__Fusobacteriales; D_4__f__Leptotrichiaceae; D_5__g__Leptotrichia; D_6__g__Leptotrichia_s__buccalis
2613	0	0	0	0	0	0	0	2	0	0	0	0	0	0	0	0	0	0	0	0	0	0	0	0	0	0	0	0	0	0	0	0	0	0	0	0	0	0	0	0	0	0	0	0	0	0	0	0	0	0	D_0__k__Bacteria; D_1__p__Proteobacteria; D_2__c__Betaproteobacteria; D_3__o__Neisseriales; D_4__f__Neisseriaceae; D_5__g__Kingella; D_6__g__Kingella_s__sp._HMT_932
2614	0	0	0	0	0	0	0	2	0	0	0	0	0	0	0	0	0	0	0	0	0	0	0	0	0	0	0	0	0	0	0	0	0	0	0	0	0	0	0	0	0	0	0	0	0	0	0	0	0	0	D_0__k__Bacteria; D_1__p__Bacteroidetes; D_2__c__Flavobacteriia; D_3__o__Flavobacteriales; D_4__f__Flavobacteriaceae; D_5__g__Capnocytophaga; D_6__g__Capnocytophaga_s__endodontalis
2615	0	0	0	0	0	0	0	2	0	0	0	0	0	0	0	0	0	0	0	0	0	0	0	0	0	0	0	0	0	0	0	0	0	0	0	0	0	0	0	0	0	0	0	0	0	0	0	0	0	0	D_0__k__Bacteria; D_1__p__Bacteroidetes; D_2__c__Flavobacteriia; D_3__o__Flavobacteriales; D_4__f__Flavobacteriaceae; D_5__g__Capnocytophaga; D_6__g__Capnocytophaga_s__sputigena
2616	0	0	0	0	0	0	0	2	0	0	0	0	0	0	0	0	0	0	0	0	0	0	0	0	0	0	0	0	0	0	0	0	0	0	0	0	0	0	0	0	0	0	0	0	0	0	0	0	0	0	D_0__k__Bacteria; D_1__p__Firmicutes; D_2__c__Negativicutes; D_3__o__Selenomonadales; D_4__f__Selenomonadaceae; D_5__g__Selenomonas; D_6__g__Selenomonas_s__sp._HMT_138
2617	0	0	0	0	0	0	0	2	0	0	0	0	0	0	0	0	0	0	0	0	0	0	0	0	0	0	0	0	0	0	0	0	0	0	0	0	0	0	0	0	0	0	0	0	0	0	0	0	0	0	D_0__k__Bacteria; D_1__p__Firmicutes; D_2__c__Clostridia; D_3__o__Eubacteriales; D_4__f__Lachnospiraceae; D_5__g__Lachnoanaerobaculum; D_6__g__Lachnoanaerobaculum_s__saburreum
2618	0	0	0	0	0	0	0	0	0	2	0	0	0	0	0	0	0	0	0	0	0	0	0	0	0	0	0	0	0	0	0	0	0	0	0	0	0	0	0	0	0	0	0	0	0	0	0	0	0	0	D_0__k__Bacteria; D_1__p__Actinobacteria; D_2__c__Actinomycetia; D_3__o__Actinomycetales; D_4__f__Actinomycetaceae; D_5__g__Peptidiphaga; D_6__g__Peptidiphaga_s__sp._HMT_183
2619	0	0	0	0	0	0	0	0	0	0	2	0	0	0	0	0	0	0	0	0	0	0	0	0	0	0	0	0	0	0	0	0	0	0	0	0	0	0	0	0	0	0	0	0	0	0	0	0	0	0	D_0__k__Bacteria; D_1__p__Firmicutes; D_2__c__Clostridia; D_3__o__Eubacteriales; D_4__f__Peptostreptococcaceae; D_5__g__Peptostreptococcus; D_6__g__Peptostreptococcus_s__stomatis
2620	0	0	0	0	0	0	0	0	0	0	2	0	0	0	0	0	0	0	0	0	0	0	0	0	0	0	0	0	0	0	0	0	0	0	0	0	0	0	0	0	0	0	0	0	0	0	0	0	0	0	D_0__k__Bacteria; D_1__p__Fusobacteria; D_2__c__Fusobacteriia; D_3__o__Fusobacteriales; D_4__f__Fusobacteriaceae; D_5__g__Fusobacterium; D_6__g__Fusobacterium_s__nucleatum
2621	0	0	0	0	0	0	0	0	0	0	2	0	0	0	0	0	0	0	0	0	0	0	0	0	0	0	0	0	0	0	0	0	0	0	0	0	0	0	0	0	0	0	0	0	0	0	0	0	0	0	D_0__k__Bacteria; D_1__p__Firmicutes; D_2__c__Clostridia; D_3__o__Eubacteriales; D_4__f__Lachnospiraceae; D_5__g__Oribacterium; D_6__g__Oribacterium_s__sinus
2622	0	0	0	0	0	0	0	0	0	0	0	2	0	0	0	0	0	0	0	0	0	0	0	0	0	0	0	0	0	0	0	0	0	0	0	0	0	0	0	0	0	0	0	0	0	0	0	0	0	0	D_0__k__Bacteria; D_1__p__Firmicutes; D_2__c__Negativicutes; D_3__o__Selenomonadales; D_4__f__Selenomonadaceae; D_5__g__Selenomonas; D_6__g__Selenomonas_s__noxia
2623	0	0	0	0	0	0	0	0	0	0	0	2	0	0	0	0	0	0	0	0	0	0	0	0	0	0	0	0	0	0	0	0	0	0	0	0	0	0	0	0	0	0	0	0	0	0	0	0	0	0	D_0__k__Bacteria; D_1__p__Bacteroidetes; D_2__c__Flavobacteriia; D_3__o__Flavobacteriales; D_4__f__Flavobacteriaceae; D_5__g__Capnocytophaga; D_6__g__Capnocytophaga_s__sputigena
2624	0	0	0	0	0	0	0	0	0	0	0	2	0	0	0	0	0	0	0	0	0	0	0	0	0	0	0	0	0	0	0	0	0	0	0	0	0	0	0	0	0	0	0	0	0	0	0	0	0	0	D_0__k__Bacteria; D_1__p__Firmicutes; D_2__c__Clostridia; D_3__o__Eubacteriales; D_4__f__Peptostreptococcaceae; D_5__g__Peptostreptococcaceae_[G-9]; D_6__g__Peptostreptococcaceae_[G-9]_s__[Eubacterium]_brachy
2625	0	0	0	0	0	0	0	0	0	0	0	2	0	0	0	0	0	0	0	0	0	0	0	0	0	0	0	0	0	0	0	0	0	0	0	0	0	0	0	0	0	0	0	0	0	0	0	0	0	0	D_0__k__Bacteria; D_1__p__Firmicutes; D_2__c__Bacilli; D_3__o__Lactobacillales; D_4__f__Streptococcaceae; D_5__g__Streptococcus; D_6__g__Streptococcus_s__oralis_subsp._dentisani_clade_058
2626	0	0	0	0	0	0	0	0	0	0	0	2	0	0	0	0	0	0	0	0	0	0	0	0	0	0	0	0	0	0	0	0	0	0	0	0	0	0	0	0	0	0	0	0	0	0	0	0	0	0	D_0__k__Bacteria; D_1__p__Firmicutes; D_2__c__Negativicutes; D_3__o__Selenomonadales; D_4__f__Selenomonadaceae; D_5__g__Selenomonas; D_6__g__Selenomonas_s__noxia
2627	0	0	0	0	0	0	0	0	0	0	0	2	0	0	0	0	0	0	0	0	0	0	0	0	0	0	0	0	0	0	0	0	0	0	0	0	0	0	0	0	0	0	0	0	0	0	0	0	0	0	D_0__k__Bacteria; D_1__p__Bacteroidetes; D_2__c__Flavobacteriia; D_3__o__Flavobacteriales; D_4__f__Flavobacteriaceae; D_5__g__Capnocytophaga; D_6__g__Capnocytophaga_s__gingivalis
2628	0	0	0	0	0	0	0	0	0	0	0	2	0	0	0	0	0	0	0	0	0	0	0	0	0	0	0	0	0	0	0	0	0	0	0	0	0	0	0	0	0	0	0	0	0	0	0	0	0	0	D_0__k__Bacteria; D_1__p__Firmicutes; D_2__c__Erysipelotrichia; D_3__o__Erysipelotrichales; D_4__f__Erysipelotrichaceae; D_5__g__Solobacterium; D_6__g__Solobacterium_s__moorei
2629	0	0	0	0	0	0	0	0	0	0	0	2	0	0	0	0	0	0	0	0	0	0	0	0	0	0	0	0	0	0	0	0	0	0	0	0	0	0	0	0	0	0	0	0	0	0	0	0	0	0	D_0__k__Bacteria; D_1__p__Firmicutes; D_2__c__Negativicutes; D_3__o__Veillonellales; D_4__f__Veillonellaceae; D_5__g__Veillonella; D_6__g__Veillonella_s__dispar
2630	0	0	0	0	0	0	0	0	0	0	0	2	0	0	0	0	0	0	0	0	0	0	0	0	0	0	0	0	0	0	0	0	0	0	0	0	0	0	0	0	0	0	0	0	0	0	0	0	0	0	D_0__k__Bacteria; D_1__p__Firmicutes; D_2__c__Negativicutes; D_3__o__Selenomonadales; D_4__f__Selenomonadaceae; D_5__g__Selenomonas; D_6__g__Selenomonas_s__noxia
2631	0	0	0	0	0	0	0	0	0	0	0	2	0	0	0	0	0	0	0	0	0	0	0	0	0	0	0	0	0	0	0	0	0	0	0	0	0	0	0	0	0	0	0	0	0	0	0	0	0	0	D_0__k__Bacteria; D_1__p__Firmicutes; D_2__c__Negativicutes; D_3__o__Selenomonadales; D_4__f__Selenomonadaceae; D_5__g__Selenomonas; D_6__g__Selenomonas_s__dianae
2632	0	0	0	0	0	0	0	0	0	0	0	2	0	0	0	0	0	0	0	0	0	0	0	0	0	0	0	0	0	0	0	0	0	0	0	0	0	0	0	0	0	0	0	0	0	0	0	0	0	0	D_0__k__Bacteria; D_1__p__Bacteroidetes; D_2__c__Bacteroidia; D_3__o__Bacteroidales; D_4__f__Prevotellaceae; D_5__g__Prevotella; D_6__g__Prevotella_s__oulorum
2633	0	0	0	0	0	0	0	0	0	0	0	2	0	0	0	0	0	0	0	0	0	0	0	0	0	0	0	0	0	0	0	0	0	0	0	0	0	0	0	0	0	0	0	0	0	0	0	0	0	0	D_0__k__Bacteria; D_1__p__Bacteroidetes; D_2__c__Bacteroidia; D_3__o__Bacteroidales; D_4__f__Prevotellaceae; D_5__g__Prevotella; D_6__g__Prevotella_s__sp._HMT_293
2634	0	0	0	0	0	0	0	0	0	0	0	2	0	0	0	0	0	0	0	0	0	0	0	0	0	0	0	0	0	0	0	0	0	0	0	0	0	0	0	0	0	0	0	0	0	0	0	0	0	0	D_0__k__Bacteria; D_1__p__Actinobacteria; D_2__c__Coriobacteriia; D_3__o__Eggerthellales; D_4__f__Eggerthellaceae; D_5__g__Cryptobacterium; D_6__g__Cryptobacterium_s__curtum
2635	0	0	0	0	0	0	0	0	0	0	0	2	0	0	0	0	0	0	0	0	0	0	0	0	0	0	0	0	0	0	0	0	0	0	0	0	0	0	0	0	0	0	0	0	0	0	0	0	0	0	D_0__k__Bacteria; D_1__p__Proteobacteria; D_2__c__Betaproteobacteria; D_3__o__Neisseriales; D_4__f__Neisseriaceae; D_5__g__Neisseria; D_6__g__Neisseria_s__weaveri
2636	0	0	0	0	0	0	0	0	0	0	0	0	0	2	0	0	0	0	0	0	0	0	0	0	0	0	0	0	0	0	0	0	0	0	0	0	0	0	0	0	0	0	0	0	0	0	0	0	0	0	D_0__k__Bacteria; D_1__p__Proteobacteria; D_2__c__Betaproteobacteria; D_3__o__Burkholderiales; D_4__f__Burkholderiaceae; D_5__g__Lautropia; D_6__g__Lautropia_s__mirabilis
2637	0	0	0	0	0	0	0	0	0	0	0	0	0	2	0	0	0	0	0	0	0	0	0	0	0	0	0	0	0	0	0	0	0	0	0	0	0	0	0	0	0	0	0	0	0	0	0	0	0	0	D_0__k__Bacteria; D_1__p__Actinobacteria; D_2__c__Actinomycetia; D_3__o__Micrococcales; D_4__f__Micrococcaceae; D_5__g__Rothia; D_6__g__Rothia_s__mucilaginosa
2638	0	0	0	0	0	0	0	0	0	0	0	0	0	0	2	0	0	0	0	0	0	0	0	0	0	0	0	0	0	0	0	0	0	0	0	0	0	0	0	0	0	0	0	0	0	0	0	0	0	0	D_0__k__Bacteria; D_1__p__Bacteroidetes; D_2__c__Bacteroidetes_[C-1]; D_3__o__Bacteroidetes_[O-1]; D_4__f__Bacteroidetes_[F-1]; D_5__g__Bacteroidetes_[G-5]; D_6__g__Bacteroidetes_[G-5]_s__bacterium_HMT_511
2639	0	0	0	0	0	0	0	0	0	0	0	0	0	0	0	2	0	0	0	0	0	0	0	0	0	0	0	0	0	0	0	0	0	0	0	0	0	0	0	0	0	0	0	0	0	0	0	0	0	0	D_0__k__Bacteria; D_1__p__Firmicutes; D_2__c__Negativicutes; D_3__o__Selenomonadales; D_4__f__Selenomonadaceae; D_5__g__Selenomonas; D_6__g__Selenomonas_s__sp._HMT_138
2640	0	0	0	0	0	0	0	0	0	0	0	0	0	0	0	2	0	0	0	0	0	0	0	0	0	0	0	0	0	0	0	0	0	0	0	0	0	0	0	0	0	0	0	0	0	0	0	0	0	0	D_0__k__Bacteria; D_1__p__Actinobacteria; D_2__c__Actinomycetia; D_3__o__Corynebacteriales; D_4__f__Corynebacteriaceae; D_5__g__Corynebacterium; D_6__g__Corynebacterium_s__matruchotii
2641	0	0	0	0	0	0	0	0	0	0	0	0	0	0	0	2	0	0	0	0	0	0	0	0	0	0	0	0	0	0	0	0	0	0	0	0	0	0	0	0	0	0	0	0	0	0	0	0	0	0	D_0__k__Bacteria; D_1__p__Firmicutes; D_2__c__Bacilli; D_3__o__Bacillales; D_4__f__Gemellaceae; D_5__g__Gemella; D_6__g__Gemella_s__sanguinis
2642	0	0	0	0	0	0	0	0	0	0	0	0	0	0	0	2	0	0	0	0	0	0	0	0	0	0	0	0	0	0	0	0	0	0	0	0	0	0	0	0	0	0	0	0	0	0	0	0	0	0	D_0__k__Bacteria; D_1__p__Actinobacteria; D_2__c__Actinomycetia; D_3__o__Actinomycetales; D_4__f__Actinomycetaceae; D_5__g__Peptidiphaga; D_6__g__Peptidiphaga_s__sp._HMT_183
2643	0	0	0	0	0	0	0	0	0	0	0	0	0	0	0	2	0	0	0	0	0	0	0	0	0	0	0	0	0	0	0	0	0	0	0	0	0	0	0	0	0	0	0	0	0	0	0	0	0	0	D_0__k__Bacteria; D_1__p__Proteobacteria; D_2__c__Epsilonproteobacteria; D_3__o__Campylobacterales; D_4__f__Campylobacteraceae; D_5__g__Campylobacter; D_6__g__Campylobacter_s__rectus
2644	0	0	0	0	0	0	0	0	0	0	0	0	0	0	0	2	0	0	0	0	0	0	0	0	0	0	0	0	0	0	0	0	0	0	0	0	0	0	0	0	0	0	0	0	0	0	0	0	0	0	D_0__k__Bacteria; D_1__p__Bacteroidetes; D_2__c__Bacteroidia; D_3__o__Bacteroidales; D_4__f__Prevotellaceae; D_5__g__Prevotella; D_6__g__Prevotella_s__sp._HMT_309
2645	0	0	0	0	0	0	0	0	0	0	0	0	0	0	0	2	0	0	0	0	0	0	0	0	0	0	0	0	0	0	0	0	0	0	0	0	0	0	0	0	0	0	0	0	0	0	0	0	0	0	D_0__k__Bacteria; D_1__p__Proteobacteria; D_2__c__Betaproteobacteria; D_3__o__Neisseriales; D_4__f__Neisseriaceae; D_5__g__Kingella; D_6__g__Kingella_s__oralis
2646	0	0	0	0	0	0	0	0	0	0	0	0	0	0	0	2	0	0	0	0	0	0	0	0	0	0	0	0	0	0	0	0	0	0	0	0	0	0	0	0	0	0	0	0	0	0	0	0	0	0	D_0__k__Bacteria; D_1__p__Firmicutes; D_2__c__Negativicutes; D_3__o__Selenomonadales; D_4__f__Selenomonadaceae; D_5__g__Selenomonas; D_6__g__Selenomonas_s__sputigena
2647	0	0	0	0	0	0	0	0	0	0	0	0	0	0	0	2	0	0	0	0	0	0	0	0	0	0	0	0	0	0	0	0	0	0	0	0	0	0	0	0	0	0	0	0	0	0	0	0	0	0	D_0__k__Bacteria; D_1__p__Proteobacteria; D_2__c__Betaproteobacteria; D_3__o__Neisseriales; D_4__f__Neisseriaceae; D_5__g__Kingella; D_6__g__Kingella_s__oralis
2648	0	0	0	0	0	0	0	0	0	0	0	0	0	0	0	2	0	0	0	0	0	0	0	0	0	0	0	0	0	0	0	0	0	0	0	0	0	0	0	0	0	0	0	0	0	0	0	0	0	0	D_0__k__Bacteria; D_1__p__Actinobacteria; D_2__c__Actinomycetia; D_3__o__Corynebacteriales; D_4__f__Corynebacteriaceae; D_5__g__Corynebacterium; D_6__g__Corynebacterium_s__aurimucosum
2649	0	0	0	0	0	0	0	0	0	0	0	0	0	0	0	2	0	0	0	0	0	0	0	0	0	0	0	0	0	0	0	0	0	0	0	0	0	0	0	0	0	0	0	0	0	0	0	0	0	0	D_0__k__Bacteria; D_1__p__Firmicutes; D_2__c__Negativicutes; D_3__o__Selenomonadales; D_4__f__Selenomonadaceae; D_5__g__Selenomonas; D_6__g__Selenomonas_s__sp._HMT_136
2650	0	0	0	0	0	0	0	0	0	0	0	0	0	0	0	0	2	0	0	0	0	0	0	0	0	0	0	0	0	0	0	0	0	0	0	0	0	0	0	0	0	0	0	0	0	0	0	0	0	0	D_0__k__Bacteria; D_1__p__Actinobacteria; D_2__c__Actinomycetia; D_3__o__Actinomycetales; D_4__f__Actinomycetaceae; D_5__g__Actinomyces; D_6__g__Actinomyces_s__dentalis
2651	0	0	0	0	0	0	0	0	0	0	0	0	0	0	0	0	2	0	0	0	0	0	0	0	0	0	0	0	0	0	0	0	0	0	0	0	0	0	0	0	0	0	0	0	0	0	0	0	0	0	D_0__k__Bacteria; D_1__p__Bacteroidetes; D_2__c__Bacteroidia; D_3__o__Bacteroidales; D_4__f__Prevotellaceae; D_5__g__Prevotella; D_6__g__Prevotella_s__oulorum
2652	0	0	0	0	0	0	0	0	0	0	0	0	0	0	0	0	0	2	0	0	0	0	0	0	0	0	0	0	0	0	0	0	0	0	0	0	0	0	0	0	0	0	0	0	0	0	0	0	0	0	D_0__k__Bacteria; D_1__p__Bacteroidetes; D_2__c__Flavobacteriia; D_3__o__Flavobacteriales; D_4__f__Flavobacteriaceae; D_5__g__Capnocytophaga; D_6__g__Capnocytophaga_s__gingivalis
2653	0	0	0	0	0	0	0	0	0	0	0	0	0	0	0	0	0	2	0	0	0	0	0	0	0	0	0	0	0	0	0	0	0	0	0	0	0	0	0	0	0	0	0	0	0	0	0	0	0	0	D_0__k__Bacteria; D_1__p__Proteobacteria; D_2__c__Epsilonproteobacteria; D_3__o__Campylobacterales; D_4__f__Campylobacteraceae; D_5__g__Campylobacter; D_6__g__Campylobacter_s__rectus
2654	0	0	0	0	0	0	0	0	0	0	0	0	0	0	0	0	0	2	0	0	0	0	0	0	0	0	0	0	0	0	0	0	0	0	0	0	0	0	0	0	0	0	0	0	0	0	0	0	0	0	D_0__k__Bacteria; D_1__p__Fusobacteria; D_2__c__Fusobacteriia; D_3__o__Fusobacteriales; D_4__f__Leptotrichiaceae; D_5__g__Leptotrichia; D_6__g__Leptotrichia_s__sp._HMT_498
2655	0	0	0	0	0	0	0	0	0	0	0	0	0	0	0	0	0	2	0	0	0	0	0	0	0	0	0	0	0	0	0	0	0	0	0	0	0	0	0	0	0	0	0	0	0	0	0	0	0	0	D_0__k__Bacteria; D_1__p__Actinobacteria; D_2__c__Actinomycetia; D_3__o__Actinomycetales; D_4__f__Actinomycetaceae; D_5__g__Actinomyces; D_6__g__Actinomyces_s__gerencseriae
2656	0	0	0	0	0	0	0	0	0	0	0	0	0	0	0	0	0	2	0	0	0	0	0	0	0	0	0	0	0	0	0	0	0	0	0	0	0	0	0	0	0	0	0	0	0	0	0	0	0	0	D_0__k__Bacteria; D_1__p__Bacteroidetes; D_2__c__Bacteroidia; D_3__o__Bacteroidales; D_4__f__Prevotellaceae; D_5__g__Prevotella; D_6__g__Prevotella_s__melaninogenica
2657	0	0	0	0	0	0	0	0	0	0	0	0	0	0	0	0	0	2	0	0	0	0	0	0	0	0	0	0	0	0	0	0	0	0	0	0	0	0	0	0	0	0	0	0	0	0	0	0	0	0	D_0__k__Bacteria; D_1__p__Proteobacteria; D_2__c__Betaproteobacteria; D_3__o__Neisseriales; D_4__f__Neisseriaceae; D_5__g__Neisseria; D_6__g__Neisseria_s__flava
2658	0	0	0	0	0	0	0	0	0	0	0	0	0	0	0	0	0	2	0	0	0	0	0	0	0	0	0	0	0	0	0	0	0	0	0	0	0	0	0	0	0	0	0	0	0	0	0	0	0	0	D_0__k__Bacteria; D_1__p__Proteobacteria; D_2__c__Betaproteobacteria; D_3__o__Neisseriales; D_4__f__Neisseriaceae; D_5__g__Kingella; D_6__g__Kingella_s__oralis
2659	0	0	0	0	0	0	0	0	0	0	0	0	0	0	0	0	0	2	0	0	0	0	0	0	0	0	0	0	0	0	0	0	0	0	0	0	0	0	0	0	0	0	0	0	0	0	0	0	0	0	D_0__k__Bacteria; D_1__p__Proteobacteria; D_2__c__Gammaproteobacteria; D_3__o__Pasteurellales; D_4__f__Pasteurellaceae; D_5__g__Haemophilus; D_6__g__Haemophilus_s__sp._HMT_036
2660	0	0	0	0	0	0	0	0	0	0	0	0	0	0	0	0	0	2	0	0	0	0	0	0	0	0	0	0	0	0	0	0	0	0	0	0	0	0	0	0	0	0	0	0	0	0	0	0	0	0	D_0__k__Bacteria; D_1__p__Firmicutes; D_2__c__Clostridia; D_3__o__Eubacteriales; D_4__f__Lachnospiraceae; D_5__g__Lachnoanaerobaculum; D_6__g__Lachnoanaerobaculum_s__saburreum
2661	0	0	0	0	0	0	0	0	0	0	0	0	0	0	0	0	0	2	0	0	0	0	0	0	0	0	0	0	0	0	0	0	0	0	0	0	0	0	0	0	0	0	0	0	0	0	0	0	0	0	D_0__k__Bacteria; D_1__p__Firmicutes; D_2__c__Clostridia; D_3__o__Eubacteriales; D_4__f__Lachnospiraceae; D_5__g__Lachnoanaerobaculum; D_6__g__Lachnoanaerobaculum_s__umeaense
2662	0	0	0	0	0	0	0	0	0	0	0	0	0	0	0	0	0	0	2	0	0	0	0	0	0	0	0	0	0	0	0	0	0	0	0	0	0	0	0	0	0	0	0	0	0	0	0	0	0	0	D_0__k__Bacteria; D_1__p__Firmicutes; D_2__c__Negativicutes; D_3__o__Veillonellales; D_4__f__Veillonellaceae; D_5__g__Dialister; D_6__g__Dialister_s__invisus
2663	0	0	0	0	0	0	0	0	0	0	0	0	0	0	0	0	0	0	2	0	0	0	0	0	0	0	0	0	0	0	0	0	0	0	0	0	0	0	0	0	0	0	0	0	0	0	0	0	0	0	D_0__k__Bacteria; D_1__p__Fusobacteria; D_2__c__Fusobacteriia; D_3__o__Fusobacteriales; D_4__f__Fusobacteriaceae; D_5__g__Fusobacterium; D_6__g__Fusobacterium_s__nucleatum
2664	0	0	0	0	0	0	0	0	0	0	0	0	0	0	0	0	0	0	2	0	0	0	0	0	0	0	0	0	0	0	0	0	0	0	0	0	0	0	0	0	0	0	0	0	0	0	0	0	0	0	D_0__k__Bacteria; D_1__p__Fusobacteria; D_2__c__Fusobacteriia; D_3__o__Fusobacteriales; D_4__f__Fusobacteriaceae; D_5__g__Fusobacterium; D_6__g__Fusobacterium_s__nucleatum
2665	0	0	0	0	0	0	0	0	0	0	0	0	0	0	0	0	0	0	2	0	0	0	0	0	0	0	0	0	0	0	0	0	0	0	0	0	0	0	0	0	0	0	0	0	0	0	0	0	0	0	D_0__k__Bacteria; D_1__p__Bacteroidetes; D_2__c__Bacteroidia; D_3__o__Bacteroidales; D_4__f__Prevotellaceae; D_5__g__Prevotella; D_6__g__Prevotella_s__oris
2666	0	0	0	0	0	0	0	0	0	0	0	0	0	0	0	0	0	0	2	0	0	0	0	0	0	0	0	0	0	0	0	0	0	0	0	0	0	0	0	0	0	0	0	0	0	0	0	0	0	0	D_0__k__Bacteria; D_1__p__Proteobacteria; D_2__c__Betaproteobacteria; D_3__o__Neisseriales; D_4__f__Neisseriaceae; D_5__g__Neisseria; D_6__g__Neisseria_s__flava
2667	0	0	0	0	0	0	0	0	0	0	0	0	0	0	0	0	0	0	0	2	0	0	0	0	0	0	0	0	0	0	0	0	0	0	0	0	0	0	0	0	0	0	0	0	0	0	0	0	0	0	D_0__k__Bacteria; D_1__p__Proteobacteria; D_2__c__Gammaproteobacteria; D_3__o__Pasteurellales; D_4__f__Pasteurellaceae; D_5__g__Aggregatibacter; D_6__g__Aggregatibacter_s__sp._HMT_898
2668	0	0	0	0	0	0	0	0	0	0	0	0	0	0	0	0	0	0	0	2	0	0	0	0	0	0	0	0	0	0	0	0	0	0	0	0	0	0	0	0	0	0	0	0	0	0	0	0	0	0	D_0__k__Bacteria; D_1__p__Proteobacteria; D_2__c__Betaproteobacteria; D_3__o__Neisseriales; D_4__f__Neisseriaceae; D_5__g__Neisseria; D_6__g__Neisseria_s__subflava
2669	0	0	0	0	0	0	0	0	0	0	0	0	0	0	0	0	0	0	0	0	2	0	0	0	0	0	0	0	0	0	0	0	0	0	0	0	0	0	0	0	0	0	0	0	0	0	0	0	0	0	D_0__k__Bacteria; D_1__p__Synergistetes; D_2__c__Synergistia; D_3__o__Synergistales; D_4__f__Synergistaceae; D_5__g__Fretibacterium; D_6__g__Fretibacterium_s__sp._HMT_361
2670	0	0	0	0	0	0	0	0	0	0	0	0	0	0	0	0	0	0	0	0	2	0	0	0	0	0	0	0	0	0	0	0	0	0	0	0	0	0	0	0	0	0	0	0	0	0	0	0	0	0	D_0__k__Bacteria; D_1__p__Bacteroidetes; D_2__c__Bacteroidia; D_3__o__Bacteroidales; D_4__f__Prevotellaceae; D_5__g__Prevotella; D_6__g__Prevotella_s__oris
2671	0	0	0	0	0	0	0	0	0	0	0	0	0	0	0	0	0	0	0	0	2	0	0	0	0	0	0	0	0	0	0	0	0	0	0	0	0	0	0	0	0	0	0	0	0	0	0	0	0	0	D_0__k__Bacteria; D_1__p__Firmicutes; D_2__c__Clostridia; D_3__o__Eubacteriales; D_4__f__Lachnospiraceae; D_5__g__Lachnospiraceae_[G-8]; D_6__g__Lachnospiraceae_[G-8]_s__bacterium_HMT_500
2672	0	0	0	0	0	0	0	0	0	0	0	0	0	0	0	0	0	0	0	0	2	0	0	0	0	0	0	0	0	0	0	0	0	0	0	0	0	0	0	0	0	0	0	0	0	0	0	0	0	0	D_0__k__Bacteria; D_1__p__Bacteroidetes; D_2__c__Bacteroidia; D_3__o__Bacteroidales; D_4__f__Tannerellaceae; D_5__g__Tannerella; D_6__g__Tannerella_s__forsythia
2673	0	0	0	0	0	0	0	0	0	0	0	0	0	0	0	0	0	0	0	0	2	0	0	0	0	0	0	0	0	0	0	0	0	0	0	0	0	0	0	0	0	0	0	0	0	0	0	0	0	0	D_0__k__Bacteria; D_1__p__Firmicutes; D_2__c__Clostridia; D_3__o__Eubacteriales; D_4__f__Peptostreptococcaceae; D_5__g__Peptostreptococcus; D_6__g__Peptostreptococcus_s__stomatis
2674	0	0	0	0	0	0	0	0	0	0	0	0	0	0	0	0	0	0	0	0	2	0	0	0	0	0	0	0	0	0	0	0	0	0	0	0	0	0	0	0	0	0	0	0	0	0	0	0	0	0	D_0__k__Bacteria; D_1__p__Bacteroidetes; D_2__c__Bacteroidetes_[C-1]; D_3__o__Bacteroidetes_[O-1]; D_4__f__Bacteroidetes_[F-1]; D_5__g__Bacteroidetes_[G-5]; D_6__g__Bacteroidetes_[G-5]_s__bacterium_HMT_505
2675	0	0	0	0	0	0	0	0	0	0	0	0	0	0	0	0	0	0	0	0	2	0	0	0	0	0	0	0	0	0	0	0	0	0	0	0	0	0	0	0	0	0	0	0	0	0	0	0	0	0	D_0__k__Bacteria; D_1__p__Firmicutes; D_2__c__Negativicutes; D_3__o__Veillonellales; D_4__f__Veillonellaceae; D_5__g__Dialister; D_6__g__Dialister_s__invisus
2676	0	0	0	0	0	0	0	0	0	0	0	0	0	0	0	0	0	0	0	0	2	0	0	0	0	0	0	0	0	0	0	0	0	0	0	0	0	0	0	0	0	0	0	0	0	0	0	0	0	0	D_0__k__Bacteria; D_1__p__Firmicutes; D_2__c__Erysipelotrichia; D_3__o__Erysipelotrichales; D_4__f__Erysipelotrichaceae; D_5__g__Erysipelotrichaceae_[G-1]; D_6__g__Erysipelotrichaceae_[G-1]_s__bacterium_HMT_905
2677	0	0	0	0	0	0	0	0	0	0	0	0	0	0	0	0	0	0	0	0	2	0	0	0	0	0	0	0	0	0	0	0	0	0	0	0	0	0	0	0	0	0	0	0	0	0	0	0	0	0	D_0__k__Bacteria; D_1__p__Synergistetes; D_2__c__Synergistia; D_3__o__Synergistales; D_4__f__Synergistaceae; D_5__g__Fretibacterium; D_6__g__Fretibacterium_s__sp._HMT_360
2678	0	0	0	0	0	0	0	0	0	0	0	0	0	0	0	0	0	0	0	0	0	2	0	0	0	0	0	0	0	0	0	0	0	0	0	0	0	0	0	0	0	0	0	0	0	0	0	0	0	0	D_0__k__Bacteria; D_1__p__Proteobacteria; D_2__c__Betaproteobacteria; D_3__o__Neisseriales; D_4__f__Neisseriaceae; D_5__g__Neisseria; D_6__g__Neisseria_s__cinerea
2679	0	0	0	0	0	0	0	0	0	0	0	0	0	0	0	0	0	0	0	0	0	0	2	0	0	0	0	0	0	0	0	0	0	0	0	0	0	0	0	0	0	0	0	0	0	0	0	0	0	0	D_0__k__Bacteria; D_1__p__Fusobacteria; D_2__c__Fusobacteriia; D_3__o__Fusobacteriales; D_4__f__Leptotrichiaceae; D_5__g__Leptotrichia; D_6__g__Leptotrichia_s__hongkongensis
2680	0	0	0	0	0	0	0	0	0	0	0	0	0	0	0	0	0	0	0	0	0	0	2	0	0	0	0	0	0	0	0	0	0	0	0	0	0	0	0	0	0	0	0	0	0	0	0	0	0	0	D_0__k__Bacteria; D_1__p__Proteobacteria; D_2__c__Epsilonproteobacteria; D_3__o__Campylobacterales; D_4__f__Campylobacteraceae; D_5__g__Campylobacter; D_6__g__Campylobacter_s__gracilis
2681	0	0	0	0	0	0	0	0	0	0	0	0	0	0	0	0	0	0	0	0	0	0	2	0	0	0	0	0	0	0	0	0	0	0	0	0	0	0	0	0	0	0	0	0	0	0	0	0	0	0	D_0__k__Bacteria; D_1__p__Firmicutes; D_2__c__Negativicutes; D_3__o__Selenomonadales; D_4__f__Selenomonadaceae; D_5__g__Selenomonas; D_6__g__Selenomonas_s__sp._HMT_138
2682	0	0	0	0	0	0	0	0	0	0	0	0	0	0	0	0	0	0	0	0	0	0	2	0	0	0	0	0	0	0	0	0	0	0	0	0	0	0	0	0	0	0	0	0	0	0	0	0	0	0	D_0__k__Bacteria; D_1__p__Bacteroidetes; D_2__c__Flavobacteriia; D_3__o__Flavobacteriales; D_4__f__Flavobacteriaceae; D_5__g__Capnocytophaga; D_6__g__Capnocytophaga_s__sp._HMT_336
2683	0	0	0	0	0	0	0	0	0	0	0	0	0	0	0	0	0	0	0	0	0	0	2	0	0	0	0	0	0	0	0	0	0	0	0	0	0	0	0	0	0	0	0	0	0	0	0	0	0	0	D_0__k__Bacteria; D_1__p__Firmicutes; D_2__c__Negativicutes; D_3__o__Selenomonadales; D_4__f__Selenomonadaceae; D_5__g__Selenomonas; D_6__g__Selenomonas_s__sp._HMT_126
2684	0	0	0	0	0	0	0	0	0	0	0	0	0	0	0	0	0	0	0	0	0	0	2	0	0	0	0	0	0	0	0	0	0	0	0	0	0	0	0	0	0	0	0	0	0	0	0	0	0	0	D_0__k__Bacteria; D_1__p__Bacteroidetes; D_2__c__Bacteroidia; D_3__o__Bacteroidales; D_4__f__Tannerellaceae; D_5__g__Tannerella; D_6__g__Tannerella_s__sp._HMT_286
2685	0	0	0	0	0	0	0	0	0	0	0	0	0	0	0	0	0	0	0	0	0	0	2	0	0	0	0	0	0	0	0	0	0	0	0	0	0	0	0	0	0	0	0	0	0	0	0	0	0	0	D_0__k__Bacteria; D_1__p__Fusobacteria; D_2__c__Fusobacteriia; D_3__o__Fusobacteriales; D_4__f__Fusobacteriaceae; D_5__g__Fusobacterium; D_6__g__Fusobacterium_s__nucleatum
2686	0	0	0	0	0	0	0	0	0	0	0	0	0	0	0	0	0	0	0	0	0	0	2	0	0	0	0	0	0	0	0	0	0	0	0	0	0	0	0	0	0	0	0	0	0	0	0	0	0	0	D_0__k__Bacteria; D_1__p__Bacteroidetes; D_2__c__Bacteroidia; D_3__o__Bacteroidales; D_4__f__Porphyromonadaceae; D_5__g__Porphyromonas; D_6__g__Porphyromonas_s__pasteri
2687	0	0	0	0	0	0	0	0	0	0	0	0	0	0	0	0	0	0	0	0	0	0	0	2	0	0	0	0	0	0	0	0	0	0	0	0	0	0	0	0	0	0	0	0	0	0	0	0	0	0	D_0__k__Bacteria; D_1__p__Firmicutes; D_2__c__Negativicutes; D_3__o__Veillonellales; D_4__f__Veillonellaceae; D_5__g__Colibacter; D_6__g__Colibacter_s__massiliensis
2688	0	0	0	0	0	0	0	0	0	0	0	0	0	0	0	0	0	0	0	0	0	0	0	0	2	0	0	0	0	0	0	0	0	0	0	0	0	0	0	0	0	0	0	0	0	0	0	0	0	0	D_0__k__Bacteria; D_1__p__Fusobacteria; D_2__c__Fusobacteriia; D_3__o__Fusobacteriales; D_4__f__Fusobacteriaceae; D_5__g__Fusobacterium; D_6__g__Fusobacterium_s__naviforme
2689	0	0	0	0	0	0	0	0	0	0	0	0	0	0	0	0	0	0	0	0	0	0	0	0	2	0	0	0	0	0	0	0	0	0	0	0	0	0	0	0	0	0	0	0	0	0	0	0	0	0	D_0__k__Bacteria; D_1__p__Firmicutes; D_2__c__Clostridia; D_3__o__Eubacteriales; D_4__f__Peptostreptococcaceae; D_5__g__Filifactor; D_6__g__Filifactor_s__alocis
2690	0	0	0	0	0	0	0	0	0	0	0	0	0	0	0	0	0	0	0	0	0	0	0	0	2	0	0	0	0	0	0	0	0	0	0	0	0	0	0	0	0	0	0	0	0	0	0	0	0	0	D_0__k__Bacteria; D_1__p__Fusobacteria; D_2__c__Fusobacteriia; D_3__o__Fusobacteriales; D_4__f__Fusobacteriaceae; D_5__g__Fusobacterium; D_6__g__Fusobacterium_s__sp._HMT_203
2691	0	0	0	0	0	0	0	0	0	0	0	0	0	0	0	0	0	0	0	0	0	0	0	0	2	0	0	0	0	0	0	0	0	0	0	0	0	0	0	0	0	0	0	0	0	0	0	0	0	0	D_0__k__Bacteria; D_1__p__Bacteroidetes; D_2__c__Bacteroidia; D_3__o__Bacteroidales; D_4__f__Prevotellaceae; D_5__g__Prevotella; D_6__g__Prevotella_s__nigrescens
2692	0	0	0	0	0	0	0	0	0	0	0	0	0	0	0	0	0	0	0	0	0	0	0	0	2	0	0	0	0	0	0	0	0	0	0	0	0	0	0	0	0	0	0	0	0	0	0	0	0	0	D_0__k__Bacteria; D_1__p__Firmicutes; D_2__c__Tissierellia; D_3__o__Tissierellales; D_4__f__Peptoniphilaceae; D_5__g__Parvimonas; D_6__g__Parvimonas_s__sp._HMT_110
2693	0	0	0	0	0	0	0	0	0	0	0	0	0	0	0	0	0	0	0	0	0	0	0	0	2	0	0	0	0	0	0	0	0	0	0	0	0	0	0	0	0	0	0	0	0	0	0	0	0	0	D_0__k__Bacteria; D_1__p__Firmicutes; D_2__c__Erysipelotrichia; D_3__o__Erysipelotrichales; D_4__f__Erysipelotrichaceae; D_5__g__Solobacterium; D_6__g__Solobacterium_s__moorei
2694	0	0	0	0	0	0	0	0	0	0	0	0	0	0	0	0	0	0	0	0	0	0	0	0	0	2	0	0	0	0	0	0	0	0	0	0	0	0	0	0	0	0	0	0	0	0	0	0	0	0	D_0__k__Bacteria; D_1__p__Proteobacteria; D_2__c__Gammaproteobacteria; D_3__o__Pasteurellales; D_4__f__Pasteurellaceae; D_5__g__Haemophilus; D_6__g__Haemophilus_s__sp._HMT_908
2695	0	0	0	0	0	0	0	0	0	0	0	0	0	0	0	0	0	0	0	0	0	0	0	0	0	2	0	0	0	0	0	0	0	0	0	0	0	0	0	0	0	0	0	0	0	0	0	0	0	0	D_0__k__Bacteria; D_1__p__Fusobacteria; D_2__c__Fusobacteriia; D_3__o__Fusobacteriales; D_4__f__Leptotrichiaceae; D_5__g__Leptotrichia; D_6__g__Leptotrichia_s__shahii
2696	0	0	0	0	0	0	0	0	0	0	0	0	0	0	0	0	0	0	0	0	0	0	0	0	0	2	0	0	0	0	0	0	0	0	0	0	0	0	0	0	0	0	0	0	0	0	0	0	0	0	D_0__k__Bacteria; D_1__p__Saccharibacteria_(TM7); D_2__c__Saccharibacteria_(TM7)_[C-1]; D_3__o__Saccharibacteria_(TM7)_[O-1]; D_4__f__Saccharibacteria_(TM7)_[F-1]; D_5__g__Saccharibacteria_(TM7)_[G-1]; D_6__g__Saccharibacteria_(TM7)_[G-1]_s__bacterium_HMT_346
2697	0	0	0	0	0	0	0	0	0	0	0	0	0	0	0	0	0	0	0	0	0	0	0	0	0	2	0	0	0	0	0	0	0	0	0	0	0	0	0	0	0	0	0	0	0	0	0	0	0	0	D_0__k__Bacteria; D_1__p__Bacteroidetes; D_2__c__Bacteroidia; D_3__o__Bacteroidales; D_4__f__Prevotellaceae; D_5__g__Prevotella; D_6__g__Prevotella_s__oulorum
2698	0	0	0	0	0	0	0	0	0	0	0	0	0	0	0	0	0	0	0	0	0	0	0	0	0	2	0	0	0	0	0	0	0	0	0	0	0	0	0	0	0	0	0	0	0	0	0	0	0	0	D_0__k__Bacteria; D_1__p__Bacteroidetes; D_2__c__Bacteroidia; D_3__o__Bacteroidales; D_4__f__Prevotellaceae; D_5__g__Alloprevotella; D_6__g__Alloprevotella_s__sp._HMT_914
2699	0	0	0	0	0	0	0	0	0	0	0	0	0	0	0	0	0	0	0	0	0	0	0	0	0	2	0	0	0	0	0	0	0	0	0	0	0	0	0	0	0	0	0	0	0	0	0	0	0	0	D_0__k__Bacteria; D_1__p__Proteobacteria; D_2__c__Betaproteobacteria; D_3__o__Neisseriales; D_4__f__Neisseriaceae; D_5__g__Neisseria; D_6__g__Neisseria_s__cinerea
2700	0	0	0	0	0	0	0	0	0	0	0	0	0	0	0	0	0	0	0	0	0	0	0	0	0	2	0	0	0	0	0	0	0	0	0	0	0	0	0	0	0	0	0	0	0	0	0	0	0	0	D_0__k__Bacteria; D_1__p__Firmicutes; D_2__c__Negativicutes; D_3__o__Selenomonadales; D_4__f__Selenomonadaceae; D_5__g__Selenomonas; D_6__g__Selenomonas_s__artemidis
2701	0	0	0	0	0	0	0	0	0	0	0	0	0	0	0	0	0	0	0	0	0	0	0	0	0	2	0	0	0	0	0	0	0	0	0	0	0	0	0	0	0	0	0	0	0	0	0	0	0	0	D_0__k__Bacteria; D_1__p__Bacteroidetes; D_2__c__Bacteroidia; D_3__o__Bacteroidales; D_4__f__Prevotellaceae; D_5__g__Prevotella; D_6__g__Prevotella_s__melaninogenica
2702	0	0	0	0	0	0	0	0	0	0	0	0	0	0	0	0	0	0	0	0	0	0	0	0	0	2	0	0	0	0	0	0	0	0	0	0	0	0	0	0	0	0	0	0	0	0	0	0	0	0	D_0__k__Bacteria; D_1__p__Spirochaetes; D_2__c__Spirochaetia; D_3__o__Spirochaetales; D_4__f__Treponemataceae; D_5__g__Treponema; D_6__g__Treponema_s__sp._HMT_231
2703	0	0	0	0	0	0	0	0	0	0	0	0	0	0	0	0	0	0	0	0	0	0	0	0	0	2	0	0	0	0	0	0	0	0	0	0	0	0	0	0	0	0	0	0	0	0	0	0	0	0	D_0__k__Bacteria; D_1__p__Firmicutes; D_2__c__Negativicutes; D_3__o__Veillonellales; D_4__f__Veillonellaceae; D_5__g__Veillonella; D_6__g__Veillonella_s__sp._HMT_780
2704	0	0	0	0	0	0	0	0	0	0	0	0	0	0	0	0	0	0	0	0	0	0	0	0	0	2	0	0	0	0	0	0	0	0	0	0	0	0	0	0	0	0	0	0	0	0	0	0	0	0	D_0__k__Bacteria; D_1__p__Firmicutes; D_2__c__Bacilli; D_3__o__Lactobacillales; D_4__f__Streptococcaceae; D_5__g__Streptococcus; D_6__g__Streptococcus_s__gordonii
2705	0	0	0	0	0	0	0	0	0	0	0	0	0	0	0	0	0	0	0	0	0	0	0	0	0	2	0	0	0	0	0	0	0	0	0	0	0	0	0	0	0	0	0	0	0	0	0	0	0	0	D_0__k__Bacteria; D_1__p__Firmicutes; D_2__c__Negativicutes; D_3__o__Selenomonadales; D_4__f__Selenomonadaceae; D_5__g__Selenomonas; D_6__g__Selenomonas_s__sp._HMT_133
2706	0	0	0	0	0	0	0	0	0	0	0	0	0	0	0	0	0	0	0	0	0	0	0	0	0	2	0	0	0	0	0	0	0	0	0	0	0	0	0	0	0	0	0	0	0	0	0	0	0	0	D_0__k__Bacteria; D_1__p__Fusobacteria; D_2__c__Fusobacteriia; D_3__o__Fusobacteriales; D_4__f__Fusobacteriaceae; D_5__g__Fusobacterium; D_6__g__Fusobacterium_s__nucleatum
2707	0	0	0	0	0	0	0	0	0	0	0	0	0	0	0	0	0	0	0	0	0	0	0	0	0	2	0	0	0	0	0	0	0	0	0	0	0	0	0	0	0	0	0	0	0	0	0	0	0	0	D_0__k__Bacteria; D_1__p__Actinobacteria; D_2__c__Actinomycetia; D_3__o__Actinomycetales; D_4__f__Actinomycetaceae; D_5__g__Actinomyces; D_6__g__Actinomyces_s__massiliensis
2708	0	0	0	0	0	0	0	0	0	0	0	0	0	0	0	0	0	0	0	0	0	0	0	0	0	2	0	0	0	0	0	0	0	0	0	0	0	0	0	0	0	0	0	0	0	0	0	0	0	0	D_0__k__Bacteria; D_1__p__Bacteroidetes; D_2__c__Flavobacteriia; D_3__o__Flavobacteriales; D_4__f__Flavobacteriaceae; D_5__g__Capnocytophaga; D_6__g__Capnocytophaga_s__endodontalis
2709	0	0	0	0	0	0	0	0	0	0	0	0	0	0	0	0	0	0	0	0	0	0	0	0	0	2	0	0	0	0	0	0	0	0	0	0	0	0	0	0	0	0	0	0	0	0	0	0	0	0	D_0__k__Bacteria; D_1__p__Fusobacteria; D_2__c__Fusobacteriia; D_3__o__Fusobacteriales; D_4__f__Leptotrichiaceae; D_5__g__Leptotrichia; D_6__g__Leptotrichia_s__buccalis
2710	0	0	0	0	0	0	0	0	0	0	0	0	0	0	0	0	0	0	0	0	0	0	0	0	0	2	0	0	0	0	0	0	0	0	0	0	0	0	0	0	0	0	0	0	0	0	0	0	0	0	D_0__k__Bacteria; D_1__p__Actinobacteria; D_2__c__Actinomycetia; D_3__o__Corynebacteriales; D_4__f__Corynebacteriaceae; D_5__g__Corynebacterium; D_6__g__Corynebacterium_s__matruchotii
2711	0	0	0	0	0	0	0	0	0	0	0	0	0	0	0	0	0	0	0	0	0	0	0	0	0	2	0	0	0	0	0	0	0	0	0	0	0	0	0	0	0	0	0	0	0	0	0	0	0	0	D_0__k__Bacteria; D_1__p__Firmicutes; D_2__c__Negativicutes; D_3__o__Veillonellales; D_4__f__Veillonellaceae; D_5__g__Veillonella; D_6__g__Veillonella_s__sp._HMT_780
2712	0	0	0	0	0	0	0	0	0	0	0	0	0	0	0	0	0	0	0	0	0	0	0	0	0	2	0	0	0	0	0	0	0	0	0	0	0	0	0	0	0	0	0	0	0	0	0	0	0	0	D_0__k__Bacteria; D_1__p__Fusobacteria; D_2__c__Fusobacteriia; D_3__o__Fusobacteriales; D_4__f__Leptotrichiaceae; D_5__g__Leptotrichia; D_6__g__Leptotrichia_s__sp._HMT_498
2713	0	0	0	0	0	0	0	0	0	0	0	0	0	0	0	0	0	0	0	0	0	0	0	0	0	2	0	0	0	0	0	0	0	0	0	0	0	0	0	0	0	0	0	0	0	0	0	0	0	0	D_0__k__Bacteria; D_1__p__Fusobacteria; D_2__c__Fusobacteriia; D_3__o__Fusobacteriales; D_4__f__Leptotrichiaceae; D_5__g__Leptotrichia; D_6__g__Leptotrichia_s__sp._HMT_498
2714	0	0	0	0	0	0	0	0	0	0	0	0	0	0	0	0	0	0	0	0	0	0	0	0	0	0	0	0	2	0	0	0	0	0	0	0	0	0	0	0	0	0	0	0	0	0	0	0	0	0	D_0__k__Bacteria; D_1__p__Firmicutes; D_2__c__Bacilli; D_3__o__Lactobacillales; D_4__f__Streptococcaceae; D_5__g__Streptococcus; D_6__g__Streptococcus_s__gordonii
2715	0	0	0	0	0	0	0	0	0	0	0	0	0	0	0	0	0	0	0	0	0	0	0	0	0	0	0	0	2	0	0	0	0	0	0	0	0	0	0	0	0	0	0	0	0	0	0	0	0	0	D_0__k__Bacteria; D_1__p__Bacteroidetes; D_2__c__Bacteroidia; D_3__o__Bacteroidales; D_4__f__Porphyromonadaceae; D_5__g__Porphyromonas; D_6__g__Porphyromonas_s__endodontalis
2716	0	0	0	0	0	0	0	0	0	0	0	0	0	0	0	0	0	0	0	0	0	0	0	0	0	0	0	0	2	0	0	0	0	0	0	0	0	0	0	0	0	0	0	0	0	0	0	0	0	0	D_0__k__Bacteria; D_1__p__Firmicutes; D_2__c__Bacilli; D_3__o__Lactobacillales; D_4__f__Streptococcaceae; D_5__g__Streptococcus; D_6__g__Streptococcus_s__anginosus
2717	0	0	0	0	0	0	0	0	0	0	0	0	0	0	0	0	0	0	0	0	0	0	0	0	0	0	0	0	2	0	0	0	0	0	0	0	0	0	0	0	0	0	0	0	0	0	0	0	0	0	D_0__k__Bacteria; D_1__p__Bacteroidetes; D_2__c__Flavobacteriia; D_3__o__Flavobacteriales; D_4__f__Flavobacteriaceae; D_5__g__Capnocytophaga; D_6__g__Capnocytophaga_s__leadbetteri
2718	0	0	0	0	0	0	0	0	0	0	0	0	0	0	0	0	0	0	0	0	0	0	0	0	0	0	0	0	0	2	0	0	0	0	0	0	0	0	0	0	0	0	0	0	0	0	0	0	0	0	D_0__k__Bacteria; D_1__p__Proteobacteria; D_2__c__Betaproteobacteria; D_3__o__Burkholderiales; D_4__f__Burkholderiaceae; D_5__g__Lautropia; D_6__g__Lautropia_s__mirabilis
2719	0	0	0	0	0	0	0	0	0	0	0	0	0	0	0	0	0	0	0	0	0	0	0	0	0	0	0	0	0	2	0	0	0	0	0	0	0	0	0	0	0	0	0	0	0	0	0	0	0	0	D_0__k__Bacteria; D_1__p__Firmicutes; D_2__c__Negativicutes; D_3__o__Veillonellales; D_4__f__Veillonellaceae; D_5__g__Veillonella; D_6__g__Veillonella_s__parvula
2720	0	0	0	0	0	0	0	0	0	0	0	0	0	0	0	0	0	0	0	0	0	0	0	0	0	0	0	0	0	2	0	0	0	0	0	0	0	0	0	0	0	0	0	0	0	0	0	0	0	0	D_0__k__Bacteria; D_1__p__Firmicutes; D_2__c__Negativicutes; D_3__o__Veillonellales; D_4__f__Veillonellaceae; D_5__g__Veillonella; D_6__g__Veillonella_s__parvula
2721	0	0	0	0	0	0	0	0	0	0	0	0	0	0	0	0	0	0	0	0	0	0	0	0	0	0	0	0	0	2	0	0	0	0	0	0	0	0	0	0	0	0	0	0	0	0	0	0	0	0	D_0__k__Bacteria; D_1__p__Proteobacteria; D_2__c__Betaproteobacteria; D_3__o__Neisseriales; D_4__f__Neisseriaceae; D_5__g__Kingella; D_6__g__Kingella_s__denitrificans
2722	0	0	0	0	0	0	0	0	0	0	0	0	0	0	0	0	0	0	0	0	0	0	0	0	0	0	0	0	0	2	0	0	0	0	0	0	0	0	0	0	0	0	0	0	0	0	0	0	0	0	D_0__k__Bacteria; D_1__p__Proteobacteria; D_2__c__Betaproteobacteria; D_3__o__Neisseriales; D_4__f__Neisseriaceae; D_5__g__Kingella; D_6__g__Kingella_s__oralis
2723	0	0	0	0	0	0	0	0	0	0	0	0	0	0	0	0	0	0	0	0	0	0	0	0	0	0	0	0	0	0	2	0	0	0	0	0	0	0	0	0	0	0	0	0	0	0	0	0	0	0	D_0__k__Bacteria; D_1__p__Proteobacteria; D_2__c__Betaproteobacteria; D_3__o__Neisseriales; D_4__f__Neisseriaceae; D_5__g__Neisseria; D_6__g__Neisseria_s__perflava
2724	0	0	0	0	0	0	0	0	0	0	0	0	0	0	0	0	0	0	0	0	0	0	0	0	0	0	0	0	0	0	0	2	0	0	0	0	0	0	0	0	0	0	0	0	0	0	0	0	0	0	D_0__k__Bacteria; D_1__p__Firmicutes; D_2__c__Tissierellia; D_3__o__Tissierellales; D_4__f__Peptoniphilaceae; D_5__g__Parvimonas; D_6__g__Parvimonas_s__sp._HMT_110
2725	0	0	0	0	0	0	0	0	0	0	0	0	0	0	0	0	0	0	0	0	0	0	0	0	0	0	0	0	0	0	0	2	0	0	0	0	0	0	0	0	0	0	0	0	0	0	0	0	0	0	D_0__k__Bacteria; D_1__p__Firmicutes; D_2__c__Negativicutes; D_3__o__Veillonellales; D_4__f__Veillonellaceae; D_5__g__Veillonella; D_6__g__Veillonella_s__dispar
2726	0	0	0	0	0	0	0	0	0	0	0	0	0	0	0	0	0	0	0	0	0	0	0	0	0	0	0	0	0	0	0	0	2	0	0	0	0	0	0	0	0	0	0	0	0	0	0	0	0	0	D_0__k__Bacteria; D_1__p__Bacteroidetes; D_2__c__Flavobacteriia; D_3__o__Flavobacteriales; D_4__f__Flavobacteriaceae; D_5__g__Capnocytophaga; D_6__g__Capnocytophaga_s__leadbetteri
2727	0	0	0	0	0	0	0	0	0	0	0	0	0	0	0	0	0	0	0	0	0	0	0	0	0	0	0	0	0	0	0	0	2	0	0	0	0	0	0	0	0	0	0	0	0	0	0	0	0	0	D_0__k__Bacteria; D_1__p__Bacteroidetes; D_2__c__Bacteroidia; D_3__o__Bacteroidales; D_4__f__Prevotellaceae; D_5__g__Prevotella; D_6__g__Prevotella_s__oris
2728	0	0	0	0	0	0	0	0	0	0	0	0	0	0	0	0	0	0	0	0	0	0	0	0	0	0	0	0	0	0	0	0	2	0	0	0	0	0	0	0	0	0	0	0	0	0	0	0	0	0	D_0__k__Bacteria; D_1__p__Bacteroidetes; D_2__c__Bacteroidia; D_3__o__Bacteroidales; D_4__f__Prevotellaceae; D_5__g__Prevotella; D_6__g__Prevotella_s__scopos
2729	0	0	0	0	0	0	0	0	0	0	0	0	0	0	0	0	0	0	0	0	0	0	0	0	0	0	0	0	0	0	0	0	2	0	0	0	0	0	0	0	0	0	0	0	0	0	0	0	0	0	D_0__k__Bacteria; D_1__p__Firmicutes; D_2__c__Bacilli; D_3__o__Lactobacillales; D_4__f__Streptococcaceae; D_5__g__Streptococcus; D_6__g__Streptococcus_s__sp._HMT_074
2730	0	0	0	0	0	0	0	0	0	0	0	0	0	0	0	0	0	0	0	0	0	0	0	0	0	0	0	0	0	0	0	0	2	0	0	0	0	0	0	0	0	0	0	0	0	0	0	0	0	0	D_0__k__Bacteria; D_1__p__Firmicutes; D_2__c__Negativicutes; D_3__o__Selenomonadales; D_4__f__Selenomonadaceae; D_5__g__Selenomonas; D_6__g__Selenomonas_s__sp._HMT_138
2731	0	0	0	0	0	0	0	0	0	0	0	0	0	0	0	0	0	0	0	0	0	0	0	0	0	0	0	0	0	0	0	0	2	0	0	0	0	0	0	0	0	0	0	0	0	0	0	0	0	0	D_0__k__Bacteria; D_1__p__Firmicutes; D_2__c__Bacilli; D_3__o__Lactobacillales; D_4__f__Streptococcaceae; D_5__g__Streptococcus; D_6__g__Streptococcus_s__mutans
2732	0	0	0	0	0	0	0	0	0	0	0	0	0	0	0	0	0	0	0	0	0	0	0	0	0	0	0	0	0	0	0	0	2	0	0	0	0	0	0	0	0	0	0	0	0	0	0	0	0	0	D_0__k__Bacteria; D_1__p__Bacteroidetes; D_2__c__Bacteroidia; D_3__o__Bacteroidales; D_4__f__Prevotellaceae; D_5__g__Prevotella; D_6__g__Prevotella_s__oris
2733	0	0	0	0	0	0	0	0	0	0	0	0	0	0	0	0	0	0	0	0	0	0	0	0	0	0	0	0	0	0	0	0	2	0	0	0	0	0	0	0	0	0	0	0	0	0	0	0	0	0	D_0__k__Bacteria; D_1__p__Bacteroidetes; D_2__c__Bacteroidia; D_3__o__Bacteroidales; D_4__f__Prevotellaceae; D_5__g__Prevotella; D_6__g__Prevotella_s__sp._HMT_472
2734	0	0	0	0	0	0	0	0	0	0	0	0	0	0	0	0	0	0	0	0	0	0	0	0	0	0	0	0	0	0	0	0	2	0	0	0	0	0	0	0	0	0	0	0	0	0	0	0	0	0	D_0__k__Bacteria; D_1__p__Fusobacteria; D_2__c__Fusobacteriia; D_3__o__Fusobacteriales; D_4__f__Fusobacteriaceae; D_5__g__Fusobacterium; D_6__g__Fusobacterium_s__nucleatum
2735	0	0	0	0	0	0	0	0	0	0	0	0	0	0	0	0	0	0	0	0	0	0	0	0	0	0	0	0	0	0	0	0	2	0	0	0	0	0	0	0	0	0	0	0	0	0	0	0	0	0	D_0__k__Bacteria; D_1__p__Bacteroidetes; D_2__c__Bacteroidia; D_3__o__Bacteroidales; D_4__f__Prevotellaceae; D_5__g__Prevotella; D_6__g__Prevotella_s__oralis
2736	0	0	0	0	0	0	0	0	0	0	0	0	0	0	0	0	0	0	0	0	0	0	0	0	0	0	0	0	0	0	0	0	2	0	0	0	0	0	0	0	0	0	0	0	0	0	0	0	0	0	D_0__k__Bacteria; D_1__p__Bacteroidetes; D_2__c__Bacteroidia; D_3__o__Bacteroidales; D_4__f__Prevotellaceae; D_5__g__Prevotella; D_6__g__Prevotella_s__melaninogenica
2737	0	0	0	0	0	0	0	0	0	0	0	0	0	0	0	0	0	0	0	0	0	0	0	0	0	0	0	0	0	0	0	0	0	2	0	0	0	0	0	0	0	0	0	0	0	0	0	0	0	0	D_0__k__Bacteria; D_1__p__Firmicutes; D_2__c__Negativicutes; D_3__o__Veillonellales; D_4__f__Veillonellaceae; D_5__g__Veillonella; D_6__g__Veillonella_s__sp._HMT_780
2738	0	0	0	0	0	0	0	0	0	0	0	0	0	0	0	0	0	0	0	0	0	0	0	0	0	0	0	0	0	0	0	0	0	2	0	0	0	0	0	0	0	0	0	0	0	0	0	0	0	0	D_0__k__Bacteria; D_1__p__Proteobacteria; D_2__c__Betaproteobacteria; D_3__o__Neisseriales; D_4__f__Neisseriaceae; D_5__g__Neisseria; D_6__g__Neisseria_s__cinerea
2739	0	0	0	0	0	0	0	0	0	0	0	0	0	0	0	0	0	0	0	0	0	0	0	0	0	0	0	0	0	0	0	0	0	2	0	0	0	0	0	0	0	0	0	0	0	0	0	0	0	0	D_0__k__Bacteria; D_1__p__Bacteroidetes; D_2__c__Flavobacteriia; D_3__o__Flavobacteriales; D_4__f__Flavobacteriaceae; D_5__g__Capnocytophaga; D_6__g__Capnocytophaga_s__sputigena
2740	0	0	0	0	0	0	0	0	0	0	0	0	0	0	0	0	0	0	0	0	0	0	0	0	0	0	0	0	0	0	0	0	0	2	0	0	0	0	0	0	0	0	0	0	0	0	0	0	0	0	D_0__k__Bacteria; D_1__p__Proteobacteria; D_2__c__Gammaproteobacteria; D_3__o__Pasteurellales; D_4__f__Pasteurellaceae; D_5__g__Haemophilus; D_6__g__Haemophilus_s__aegyptius
2741	0	0	0	0	0	0	0	0	0	0	0	0	0	0	0	0	0	0	0	0	0	0	0	0	0	0	0	0	0	0	0	0	0	2	0	0	0	0	0	0	0	0	0	0	0	0	0	0	0	0	D_0__k__Bacteria; D_1__p__Proteobacteria; D_2__c__Betaproteobacteria; D_3__o__Neisseriales; D_4__f__Neisseriaceae; D_5__g__Neisseria; D_6__g__Neisseria_s__cinerea
2742	0	0	0	0	0	0	0	0	0	0	0	0	0	0	0	0	0	0	0	0	0	0	0	0	0	0	0	0	0	0	0	0	0	0	2	0	0	0	0	0	0	0	0	0	0	0	0	0	0	0	D_0__k__Bacteria; D_1__p__Firmicutes; D_2__c__Negativicutes; D_3__o__Selenomonadales; D_4__f__Selenomonadaceae; D_5__g__Selenomonas; D_6__g__Selenomonas_s__sputigena
2743	0	0	0	0	0	0	0	0	0	0	0	0	0	0	0	0	0	0	0	0	0	0	0	0	0	0	0	0	0	0	0	0	0	0	2	0	0	0	0	0	0	0	0	0	0	0	0	0	0	0	D_0__k__Bacteria; D_1__p__Firmicutes; D_2__c__Negativicutes; D_3__o__Selenomonadales; D_4__f__Selenomonadaceae; D_5__g__Selenomonas; D_6__g__Selenomonas_s__sputigena
2744	0	0	0	0	0	0	0	0	0	0	0	0	0	0	0	0	0	0	0	0	0	0	0	0	0	0	0	0	0	0	0	0	0	0	2	0	0	0	0	0	0	0	0	0	0	0	0	0	0	0	D_0__k__Bacteria; D_1__p__Firmicutes; D_2__c__Bacilli; D_3__o__Lactobacillales; D_4__f__Lactobacillaceae; D_5__g__Lacticaseibacillus; D_6__g__Lacticaseibacillus_s__casei
2745	0	0	0	0	0	0	0	0	0	0	0	0	0	0	0	0	0	0	0	0	0	0	0	0	0	0	0	0	0	0	0	0	0	0	0	2	0	0	0	0	0	0	0	0	0	0	0	0	0	0	D_0__k__Bacteria; D_1__p__Fusobacteria; D_2__c__Fusobacteriia; D_3__o__Fusobacteriales; D_4__f__Leptotrichiaceae; D_5__g__Leptotrichia; D_6__g__Leptotrichia_s__hongkongensis
2746	0	0	0	0	0	0	0	0	0	0	0	0	0	0	0	0	0	0	0	0	0	0	0	0	0	0	0	0	0	0	0	0	0	0	0	2	0	0	0	0	0	0	0	0	0	0	0	0	0	0	D_0__k__Bacteria; D_1__p__Actinobacteria; D_2__c__Actinomycetia; D_3__o__Micrococcales; D_4__f__Micrococcaceae; D_5__g__Rothia; D_6__g__Rothia_s__mucilaginosa
2747	0	0	0	0	0	0	0	0	0	0	0	0	0	0	0	0	0	0	0	0	0	0	0	0	0	0	0	0	0	0	0	0	0	0	0	2	0	0	0	0	0	0	0	0	0	0	0	0	0	0	D_0__k__Bacteria; D_1__p__Bacteroidetes; D_2__c__Flavobacteriia; D_3__o__Flavobacteriales; D_4__f__Flavobacteriaceae; D_5__g__Capnocytophaga; D_6__g__Capnocytophaga_s__sputigena
2748	0	0	0	0	0	0	0	0	0	0	0	0	0	0	0	0	0	0	0	0	0	0	0	0	0	0	0	0	0	0	0	0	0	0	0	2	0	0	0	0	0	0	0	0	0	0	0	0	0	0	D_0__k__Bacteria; D_1__p__Proteobacteria; D_2__c__Gammaproteobacteria; D_3__o__Cardiobacteriales; D_4__f__Cardiobacteriaceae; D_5__g__Cardiobacterium; D_6__g__Cardiobacterium_s__hominis
2749	0	0	0	0	0	0	0	0	0	0	0	0	0	0	0	0	0	0	0	0	0	0	0	0	0	0	0	0	0	0	0	0	0	0	0	2	0	0	0	0	0	0	0	0	0	0	0	0	0	0	D_0__k__Bacteria; D_1__p__Bacteroidetes; D_2__c__Flavobacteriia; D_3__o__Flavobacteriales; D_4__f__Flavobacteriaceae; D_5__g__Capnocytophaga; D_6__g__Capnocytophaga_s__endodontalis
2750	0	0	0	0	0	0	0	0	0	0	0	0	0	0	0	0	0	0	0	0	0	0	0	0	0	0	0	0	0	0	0	0	0	0	0	2	0	0	0	0	0	0	0	0	0	0	0	0	0	0	D_0__k__Bacteria; D_1__p__Actinobacteria; D_2__c__Actinomycetia; D_3__o__Micrococcales; D_4__f__Micrococcaceae; D_5__g__Rothia; D_6__g__Rothia_s__dentocariosa
2751	0	0	0	0	0	0	0	0	0	0	0	0	0	0	0	0	0	0	0	0	0	0	0	0	0	0	0	0	0	0	0	0	0	0	0	2	0	0	0	0	0	0	0	0	0	0	0	0	0	0	D_0__k__Bacteria; D_1__p__Fusobacteria; D_2__c__Fusobacteriia; D_3__o__Fusobacteriales; D_4__f__Leptotrichiaceae; D_5__g__Leptotrichia; D_6__g__Leptotrichia_s__hongkongensis
2752	0	0	0	0	0	0	0	0	0	0	0	0	0	0	0	0	0	0	0	0	0	0	0	0	0	0	0	0	0	0	0	0	0	0	0	0	2	0	0	0	0	0	0	0	0	0	0	0	0	0	D_0__k__Bacteria; D_1__p__Firmicutes; D_2__c__Negativicutes; D_3__o__Selenomonadales; D_4__f__Selenomonadaceae; D_5__g__Selenomonas; D_6__g__Selenomonas_s__sputigena
2753	0	0	0	0	0	0	0	0	0	0	0	0	0	0	0	0	0	0	0	0	0	0	0	0	0	0	0	0	0	0	0	0	0	0	0	0	2	0	0	0	0	0	0	0	0	0	0	0	0	0	D_0__k__Bacteria; D_1__p__Proteobacteria; D_2__c__Betaproteobacteria; D_3__o__Neisseriales; D_4__f__Neisseriaceae; D_5__g__Neisseria; D_6__g__Neisseria_s__flava
2754	0	0	0	0	0	0	0	0	0	0	0	0	0	0	0	0	0	0	0	0	0	0	0	0	0	0	0	0	0	0	0	0	0	0	0	0	2	0	0	0	0	0	0	0	0	0	0	0	0	0	D_0__k__Bacteria; D_1__p__Bacteroidetes; D_2__c__Bacteroidia; D_3__o__Bacteroidales; D_4__f__Prevotellaceae; D_5__g__Prevotella; D_6__g__Prevotella_s__oris
2755	0	0	0	0	0	0	0	0	0	0	0	0	0	0	0	0	0	0	0	0	0	0	0	0	0	0	0	0	0	0	0	0	0	0	0	0	2	0	0	0	0	0	0	0	0	0	0	0	0	0	D_0__k__Bacteria; D_1__p__Bacteroidetes; D_2__c__Flavobacteriia; D_3__o__Flavobacteriales; D_4__f__Flavobacteriaceae; D_5__g__Capnocytophaga; D_6__g__Capnocytophaga_s__sputigena
2756	0	0	0	0	0	0	0	0	0	0	0	0	0	0	0	0	0	0	0	0	0	0	0	0	0	0	0	0	0	0	0	0	0	0	0	0	2	0	0	0	0	0	0	0	0	0	0	0	0	0	D_0__k__Bacteria; D_1__p__Firmicutes; D_2__c__Clostridia; D_3__o__Eubacteriales; D_4__f__Lachnospiraceae; D_5__g__Lachnoanaerobaculum; D_6__g__Lachnoanaerobaculum_s__saburreum
2757	0	0	0	0	0	0	0	0	0	0	0	0	0	0	0	0	0	0	0	0	0	0	0	0	0	0	0	0	0	0	0	0	0	0	0	0	2	0	0	0	0	0	0	0	0	0	0	0	0	0	D_0__k__Bacteria; D_1__p__Firmicutes; D_2__c__Clostridia; D_3__o__Eubacteriales; D_4__f__Lachnospiraceae; D_5__g__Lachnoanaerobaculum; D_6__g__Lachnoanaerobaculum_s__saburreum
2758	0	0	0	0	0	0	0	0	0	0	0	0	0	0	0	0	0	0	0	0	0	0	0	0	0	0	0	0	0	0	0	0	0	0	0	0	2	0	0	0	0	0	0	0	0	0	0	0	0	0	D_0__k__Bacteria; D_1__p__Proteobacteria; D_2__c__Gammaproteobacteria; D_3__o__Pasteurellales; D_4__f__Pasteurellaceae; D_5__g__Aggregatibacter; D_6__g__Aggregatibacter_s__aphrophilus
2759	0	0	0	0	0	0	0	0	0	0	0	0	0	0	0	0	0	0	0	0	0	0	0	0	0	0	0	0	0	0	0	0	0	0	0	0	2	0	0	0	0	0	0	0	0	0	0	0	0	0	D_0__k__Bacteria; D_1__p__Actinobacteria; D_2__c__Actinomycetia; D_3__o__Actinomycetales; D_4__f__Actinomycetaceae; D_5__g__Actinomyces; D_6__g__Actinomyces_s__oris
2760	0	0	0	0	0	0	0	0	0	0	0	0	0	0	0	0	0	0	0	0	0	0	0	0	0	0	0	0	0	0	0	0	0	0	0	0	2	0	0	0	0	0	0	0	0	0	0	0	0	0	D_0__k__Bacteria; D_1__p__Bacteroidetes; D_2__c__Bacteroidia; D_3__o__Bacteroidales; D_4__f__Prevotellaceae; D_5__g__Prevotella; D_6__g__Prevotella_s__sp._HMT_317
2761	0	0	0	0	0	0	0	0	0	0	0	0	0	0	0	0	0	0	0	0	0	0	0	0	0	0	0	0	0	0	0	0	0	0	0	0	2	0	0	0	0	0	0	0	0	0	0	0	0	0	D_0__k__Bacteria; D_1__p__Actinobacteria; D_2__c__Actinomycetia; D_3__o__Corynebacteriales; D_4__f__Corynebacteriaceae; D_5__g__Corynebacterium; D_6__g__Corynebacterium_s__durum
2762	0	0	0	0	0	0	0	0	0	0	0	0	0	0	0	0	0	0	0	0	0	0	0	0	0	0	0	0	0	0	0	0	0	0	0	0	2	0	0	0	0	0	0	0	0	0	0	0	0	0	D_0__k__Bacteria; D_1__p__Firmicutes; D_2__c__Negativicutes; D_3__o__Veillonellales; D_4__f__Veillonellaceae; D_5__g__Veillonella; D_6__g__Veillonella_s__parvula
2763	0	0	0	0	0	0	0	0	0	0	0	0	0	0	0	0	0	0	0	0	0	0	0	0	0	0	0	0	0	0	0	0	0	0	0	0	2	0	0	0	0	0	0	0	0	0	0	0	0	0	D_0__k__Bacteria; D_1__p__Saccharibacteria_(TM7); D_2__c__Saccharibacteria_(TM7)_[C-1]; D_3__o__Saccharibacteria_(TM7)_[O-1]; D_4__f__Saccharibacteria_(TM7)_[F-1]; D_5__g__Saccharibacteria_(TM7)_[G-3]; D_6__g__Saccharibacteria_(TM7)_[G-3]_s__bacterium_HMT_351
2764	0	0	0	0	0	0	0	0	0	0	0	0	0	0	0	0	0	0	0	0	0	0	0	0	0	0	0	0	0	0	0	0	0	0	0	0	0	2	0	0	0	0	0	0	0	0	0	0	0	0	D_0__k__Bacteria; D_1__p__Proteobacteria; D_2__c__Betaproteobacteria; D_3__o__Neisseriales; D_4__f__Neisseriaceae; D_5__g__Neisseria; D_6__g__Neisseria_s__cinerea
2765	0	0	0	0	0	0	0	0	0	0	0	0	0	0	0	0	0	0	0	0	0	0	0	0	0	0	0	0	0	0	0	0	0	0	0	0	0	2	0	0	0	0	0	0	0	0	0	0	0	0	D_0__k__Bacteria; D_1__p__Firmicutes; D_2__c__Bacilli; D_3__o__Lactobacillales; D_4__f__Streptococcaceae; D_5__g__Streptococcus; D_6__g__Streptococcus_s__lactarius
2766	0	0	0	0	0	0	0	0	0	0	0	0	0	0	0	0	0	0	0	0	0	0	0	0	0	0	0	0	0	0	0	0	0	0	0	0	0	2	0	0	0	0	0	0	0	0	0	0	0	0	D_0__k__Bacteria; D_1__p__Actinobacteria; D_2__c__Coriobacteriia; D_3__o__Coriobacteriales; D_4__f__Atopobiaceae; D_5__g__Olsenella; D_6__g__Olsenella_s__sp._HMT_807
2767	0	0	0	0	0	0	0	0	0	0	0	0	0	0	0	0	0	0	0	0	0	0	0	0	0	0	0	0	0	0	0	0	0	0	0	0	0	2	0	0	0	0	0	0	0	0	0	0	0	0	D_0__k__Bacteria; D_1__p__Proteobacteria; D_2__c__Betaproteobacteria; D_3__o__Burkholderiales; D_4__f__Burkholderiaceae; D_5__g__Lautropia; D_6__g__Lautropia_s__mirabilis
2768	0	0	0	0	0	0	0	0	0	0	0	0	0	0	0	0	0	0	0	0	0	0	0	0	0	0	0	0	0	0	0	0	0	0	0	0	0	2	0	0	0	0	0	0	0	0	0	0	0	0	D_0__k__Bacteria; D_1__p__Firmicutes; D_2__c__Bacilli; D_3__o__Lactobacillales; D_4__f__Carnobacteriaceae; D_5__g__Granulicatella; D_6__g__Granulicatella_s__adiacens
2769	0	0	0	0	0	0	0	0	0	0	0	0	0	0	0	0	0	0	0	0	0	0	0	0	0	0	0	0	0	0	0	0	0	0	0	0	0	2	0	0	0	0	0	0	0	0	0	0	0	0	D_0__k__Bacteria; D_1__p__Bacteroidetes; D_2__c__Bacteroidia; D_3__o__Bacteroidales; D_4__f__Prevotellaceae; D_5__g__Alloprevotella; D_6__g__Alloprevotella_s__tannerae
2770	0	0	0	0	0	0	0	0	0	0	0	0	0	0	0	0	0	0	0	0	0	0	0	0	0	0	0	0	0	0	0	0	0	0	0	0	0	0	2	0	0	0	0	0	0	0	0	0	0	0	D_0__k__Bacteria; D_1__p__Firmicutes; D_2__c__Bacilli; D_3__o__Bacillales; D_4__f__Gemellaceae; D_5__g__Gemella; D_6__g__Gemella_s__morbillorum
2771	0	0	0	0	0	0	0	0	0	0	0	0	0	0	0	0	0	0	0	0	0	0	0	0	0	0	0	0	0	0	0	0	0	0	0	0	0	0	2	0	0	0	0	0	0	0	0	0	0	0	D_0__k__Bacteria; D_1__p__Fusobacteria; D_2__c__Fusobacteriia; D_3__o__Fusobacteriales; D_4__f__Leptotrichiaceae; D_5__g__Leptotrichia; D_6__g__Leptotrichia_s__hongkongensis
2772	0	0	0	0	0	0	0	0	0	0	0	0	0	0	0	0	0	0	0	0	0	0	0	0	0	0	0	0	0	0	0	0	0	0	0	0	0	0	2	0	0	0	0	0	0	0	0	0	0	0	D_0__k__Bacteria; D_1__p__Bacteroidetes; D_2__c__Bacteroidia; D_3__o__Bacteroidales; D_4__f__Porphyromonadaceae; D_5__g__Porphyromonas; D_6__g__Porphyromonas_s__sp._HMT_278
2773	0	0	0	0	0	0	0	0	0	0	0	0	0	0	0	0	0	0	0	0	0	0	0	0	0	0	0	0	0	0	0	0	0	0	0	0	0	0	2	0	0	0	0	0	0	0	0	0	0	0	D_0__k__Bacteria; D_1__p__Bacteroidetes; D_2__c__Bacteroidia; D_3__o__Bacteroidales; D_4__f__Prevotellaceae; D_5__g__Prevotella; D_6__g__Prevotella_s__sp._HMT_317
2774	0	0	0	0	0	0	0	0	0	0	0	0	0	0	0	0	0	0	0	0	0	0	0	0	0	0	0	0	0	0	0	0	0	0	0	0	0	0	2	0	0	0	0	0	0	0	0	0	0	0	D_0__k__Bacteria; D_1__p__Firmicutes; D_2__c__Bacilli; D_3__o__Lactobacillales; D_4__f__Streptococcaceae; D_5__g__Streptococcus; D_6__g__Streptococcus_s__intermedius
2775	0	0	0	0	0	0	0	0	0	0	0	0	0	0	0	0	0	0	0	0	0	0	0	0	0	0	0	0	0	0	0	0	0	0	0	0	0	0	2	0	0	0	0	0	0	0	0	0	0	0	D_0__k__Bacteria; D_1__p__Firmicutes; D_2__c__Bacilli; D_3__o__Lactobacillales; D_4__f__Streptococcaceae; D_5__g__Streptococcus; D_6__g__Streptococcus_s__cristatus_clade_578
2776	0	0	0	0	0	0	0	0	0	0	0	0	0	0	0	0	0	0	0	0	0	0	0	0	0	0	0	0	0	0	0	0	0	0	0	0	0	0	2	0	0	0	0	0	0	0	0	0	0	0	D_0__k__Bacteria; D_1__p__Bacteroidetes; D_2__c__Flavobacteriia; D_3__o__Flavobacteriales; D_4__f__Flavobacteriaceae; D_5__g__Capnocytophaga; D_6__g__Capnocytophaga_s__leadbetteri
2777	0	0	0	0	0	0	0	0	0	0	0	0	0	0	0	0	0	0	0	0	0	0	0	0	0	0	0	0	0	0	0	0	0	0	0	0	0	0	2	0	0	0	0	0	0	0	0	0	0	0	D_0__k__Bacteria; D_1__p__Proteobacteria; D_2__c__Gammaproteobacteria; D_3__o__Pasteurellales; D_4__f__Pasteurellaceae; D_5__g__Haemophilus; D_6__g__Haemophilus_s__pittmaniae
2778	0	0	0	0	0	0	0	0	0	0	0	0	0	0	0	0	0	0	0	0	0	0	0	0	0	0	0	0	0	0	0	0	0	0	0	0	0	0	2	0	0	0	0	0	0	0	0	0	0	0	D_0__k__Bacteria; D_1__p__Proteobacteria; D_2__c__Betaproteobacteria; D_3__o__Neisseriales; D_4__f__Neisseriaceae; D_5__g__Kingella; D_6__g__Kingella_s__oralis
2779	0	0	0	0	0	0	0	0	0	0	0	0	0	0	0	0	0	0	0	0	0	0	0	0	0	0	0	0	0	0	0	0	0	0	0	0	0	0	0	2	0	0	0	0	0	0	0	0	0	0	D_0__k__Bacteria; D_1__p__Firmicutes; D_2__c__Clostridia; D_3__o__Eubacteriales; D_4__f__Ruminococcaceae; D_5__g__Ruminococcaceae_[G-1]; D_6__g__Ruminococcaceae_[G-1]_s__bacterium_HMT_075
2780	0	0	0	0	0	0	0	0	0	0	0	0	0	0	0	0	0	0	0	0	0	0	0	0	0	0	0	0	0	0	0	0	0	0	0	0	0	0	0	2	0	0	0	0	0	0	0	0	0	0	D_0__k__Bacteria; D_1__p__Firmicutes; D_2__c__Bacilli; D_3__o__Lactobacillales; D_4__f__Streptococcaceae; D_5__g__Streptococcus; D_6__g__Streptococcus_s__oralis_subsp._dentisani_clade_058
2781	0	0	0	0	0	0	0	0	0	0	0	0	0	0	0	0	0	0	0	0	0	0	0	0	0	0	0	0	0	0	0	0	0	0	0	0	0	0	0	2	0	0	0	0	0	0	0	0	0	0	D_0__k__Bacteria; D_1__p__Firmicutes; D_2__c__Bacilli; D_3__o__Bacillales; D_4__f__Gemellaceae; D_5__g__Gemella; D_6__g__Gemella_s__morbillorum
2782	0	0	0	0	0	0	0	0	0	0	0	0	0	0	0	0	0	0	0	0	0	0	0	0	0	0	0	0	0	0	0	0	0	0	0	0	0	0	0	2	0	0	0	0	0	0	0	0	0	0	D_0__k__Bacteria; D_1__p__Firmicutes; D_2__c__Clostridia; D_3__o__Eubacteriales; D_4__f__Lachnospiraceae; D_5__g__Lachnospiraceae_[G-2]; D_6__g__Lachnospiraceae_[G-2]_s__bacterium_HMT_088
2783	0	0	0	0	0	0	0	0	0	0	0	0	0	0	0	0	0	0	0	0	0	0	0	0	0	0	0	0	0	0	0	0	0	0	0	0	0	0	0	2	0	0	0	0	0	0	0	0	0	0	D_0__k__Bacteria; D_1__p__Saccharibacteria_(TM7); D_2__c__Saccharibacteria_(TM7)_[C-1]; D_3__o__Saccharibacteria_(TM7)_[O-1]; D_4__f__Saccharibacteria_(TM7)_[F-1]; D_5__g__Saccharibacteria_(TM7)_[G-1]; D_6__g__Saccharibacteria_(TM7)_[G-1]_s__bacterium_HMT_348
2784	0	0	0	0	0	0	0	0	0	0	0	0	0	0	0	0	0	0	0	0	0	0	0	0	0	0	0	0	0	0	0	0	0	0	0	0	0	0	0	0	2	0	0	0	0	0	0	0	0	0	D_0__k__Bacteria; D_1__p__Bacteroidetes; D_2__c__Bacteroidia; D_3__o__Bacteroidales; D_4__f__Porphyromonadaceae; D_5__g__Porphyromonas; D_6__g__Porphyromonas_s__sp._HMT_930
2785	0	0	0	0	0	0	0	0	0	0	0	0	0	0	0	0	0	0	0	0	0	0	0	0	0	0	0	0	0	0	0	0	0	0	0	0	0	0	0	0	2	0	0	0	0	0	0	0	0	0	D_0__k__Bacteria; D_1__p__Firmicutes; D_2__c__Bacilli; D_3__o__Lactobacillales; D_4__f__Streptococcaceae; D_5__g__Streptococcus; D_6__g__Streptococcus_s__oralis_subsp._dentisani_clade_058
2786	0	0	0	0	0	0	0	0	0	0	0	0	0	0	0	0	0	0	0	0	0	0	0	0	0	0	0	0	0	0	0	0	0	0	0	0	0	0	0	0	2	0	0	0	0	0	0	0	0	0	D_0__k__Bacteria; D_1__p__Fusobacteria; D_2__c__Fusobacteriia; D_3__o__Fusobacteriales; D_4__f__Fusobacteriaceae; D_5__g__Fusobacterium; D_6__g__Fusobacterium_s__nucleatum
2787	0	0	0	0	0	0	0	0	0	0	0	0	0	0	0	0	0	0	0	0	0	0	0	0	0	0	0	0	0	0	0	0	0	0	0	0	0	0	0	0	2	0	0	0	0	0	0	0	0	0	D_0__k__Bacteria; D_1__p__Bacteroidetes; D_2__c__Flavobacteriia; D_3__o__Flavobacteriales; D_4__f__Flavobacteriaceae; D_5__g__Capnocytophaga; D_6__g__Capnocytophaga_s__gingivalis
2788	0	0	0	0	0	0	0	0	0	0	0	0	0	0	0	0	0	0	0	0	0	0	0	0	0	0	0	0	0	0	0	0	0	0	0	0	0	0	0	0	2	0	0	0	0	0	0	0	0	0	D_0__k__Bacteria; D_1__p__Firmicutes; D_2__c__Bacilli; D_3__o__Lactobacillales; D_4__f__Streptococcaceae; D_5__g__Streptococcus; D_6__g__Streptococcus_s__oralis_subsp._dentisani_clade_058
2789	0	0	0	0	0	0	0	0	0	0	0	0	0	0	0	0	0	0	0	0	0	0	0	0	0	0	0	0	0	0	0	0	0	0	0	0	0	0	0	0	0	2	0	0	0	0	0	0	0	0	D_0__k__Bacteria; D_1__p__Proteobacteria; D_2__c__Betaproteobacteria; D_3__o__Burkholderiales; D_4__f__Burkholderiaceae; D_5__g__Lautropia; D_6__g__Lautropia_s__mirabilis
2790	0	0	0	0	0	0	0	0	0	0	0	0	0	0	0	0	0	0	0	0	0	0	0	0	0	0	0	0	0	0	0	0	0	0	0	0	0	0	0	0	0	0	0	2	0	0	0	0	0	0	D_0__k__Bacteria; D_1__p__Firmicutes; D_2__c__Bacilli; D_3__o__Lactobacillales; D_4__f__Streptococcaceae; D_5__g__Streptococcus; D_6__g__Streptococcus_s__oralis_subsp._dentisani_clade_058
2791	0	0	0	0	0	0	0	0	0	0	0	0	0	0	0	0	0	0	0	0	0	0	0	0	0	0	0	0	0	0	0	0	0	0	0	0	0	0	0	0	0	0	0	2	0	0	0	0	0	0	D_0__k__Bacteria; D_1__p__Actinobacteria; D_2__c__Actinomycetia; D_3__o__Actinomycetales; D_4__f__Actinomycetaceae; D_5__g__Actinomyces; D_6__g__Actinomyces_s__israelii
2792	0	0	0	0	0	0	0	0	0	0	0	0	0	0	0	0	0	0	0	0	0	0	0	0	0	0	0	0	0	0	0	0	0	0	0	0	0	0	0	0	0	0	0	2	0	0	0	0	0	0	D_0__k__Bacteria; D_1__p__Proteobacteria; D_2__c__Gammaproteobacteria; D_3__o__Pasteurellales; D_4__f__Pasteurellaceae; D_5__g__Aggregatibacter; D_6__g__Aggregatibacter_s__sp._HMT_898
2793	0	0	0	0	0	0	0	0	0	0	0	0	0	0	0	0	0	0	0	0	0	0	0	0	0	0	0	0	0	0	0	0	0	0	0	0	0	0	0	0	0	0	0	2	0	0	0	0	0	0	D_0__k__Bacteria; D_1__p__Actinobacteria; D_2__c__Actinomycetia; D_3__o__Propionibacteriales; D_4__f__Propionibacteriaceae; D_5__g__Arachnia; D_6__g__Arachnia_s__propionica
2794	0	0	0	0	0	0	0	0	0	0	0	0	0	0	0	0	0	0	0	0	0	0	0	0	0	0	0	0	0	0	0	0	0	0	0	0	0	0	0	0	0	0	0	2	0	0	0	0	0	0	D_0__k__Bacteria; D_1__p__Fusobacteria; D_2__c__Fusobacteriia; D_3__o__Fusobacteriales; D_4__f__Leptotrichiaceae; D_5__g__Leptotrichia; D_6__g__Leptotrichia_s__sp._HMT_417
2795	0	0	0	0	0	0	0	0	0	0	0	0	0	0	0	0	0	0	0	0	0	0	0	0	0	0	0	0	0	0	0	0	0	0	0	0	0	0	0	0	0	0	0	0	2	0	0	0	0	0	D_0__k__Bacteria; D_1__p__Bacteroidetes; D_2__c__Bacteroidia; D_3__o__Bacteroidales; D_4__f__Prevotellaceae; D_5__g__Prevotella; D_6__g__Prevotella_s__pleuritidis
2796	0	0	0	0	0	0	0	0	0	0	0	0	0	0	0	0	0	0	0	0	0	0	0	0	0	0	0	0	0	0	0	0	0	0	0	0	0	0	0	0	0	0	0	0	2	0	0	0	0	0	D_0__k__Bacteria; D_1__p__Firmicutes; D_2__c__Negativicutes; D_3__o__Selenomonadales; D_4__f__Selenomonadaceae; D_5__g__Selenomonas; D_6__g__Selenomonas_s__infelix
2797	0	0	0	0	0	0	0	0	0	0	0	0	0	0	0	0	0	0	0	0	0	0	0	0	0	0	0	0	0	0	0	0	0	0	0	0	0	0	0	0	0	0	0	0	2	0	0	0	0	0	D_0__k__Bacteria; D_1__p__Proteobacteria; D_2__c__Gammaproteobacteria; D_3__o__Pasteurellales; D_4__f__Pasteurellaceae; D_5__g__Aggregatibacter; D_6__g__Aggregatibacter_s__paraphrophilus
2798	0	0	0	0	0	0	0	0	0	0	0	0	0	0	0	0	0	0	0	0	0	0	0	0	0	0	0	0	0	0	0	0	0	0	0	0	0	0	0	0	0	0	0	0	2	0	0	0	0	0	D_0__k__Bacteria; D_1__p__Firmicutes; D_2__c__Bacilli; D_3__o__Lactobacillales; D_4__f__Streptococcaceae; D_5__g__Streptococcus; D_6__g__Streptococcus_s__sanguinis
2799	0	0	0	0	0	0	0	0	0	0	0	0	0	0	0	0	0	0	0	0	0	0	0	0	0	0	0	0	0	0	0	0	0	0	0	0	0	0	0	0	0	0	0	0	2	0	0	0	0	0	D_0__k__Bacteria; D_1__p__Firmicutes; D_2__c__Erysipelotrichia; D_3__o__Erysipelotrichales; D_4__f__Erysipelotrichaceae; D_5__g__Solobacterium; D_6__g__Solobacterium_s__moorei
2800	0	0	0	0	0	0	0	0	0	0	0	0	0	0	0	0	0	0	0	0	0	0	0	0	0	0	0	0	0	0	0	0	0	0	0	0	0	0	0	0	0	0	0	0	2	0	0	0	0	0	D_0__k__Bacteria; D_1__p__Spirochaetes; D_2__c__Spirochaetia; D_3__o__Spirochaetales; D_4__f__Treponemataceae; D_5__g__Treponema; D_6__g__Treponema_s__sp._HMT_271
2801	0	0	0	0	0	0	0	0	0	0	0	0	0	0	0	0	0	0	0	0	0	0	0	0	0	0	0	0	0	0	0	0	0	0	0	0	0	0	0	0	0	0	0	0	2	0	0	0	0	0	D_0__k__Bacteria; D_1__p__Proteobacteria; D_2__c__Betaproteobacteria; D_3__o__Burkholderiales; D_4__f__Burkholderiaceae; D_5__g__Lautropia; D_6__g__Lautropia_s__mirabilis
2802	0	0	0	0	0	0	0	0	0	0	0	0	0	0	0	0	0	0	0	0	0	0	0	0	0	0	0	0	0	0	0	0	0	0	0	0	0	0	0	0	0	0	0	0	2	0	0	0	0	0	D_0__k__Bacteria; D_1__p__Firmicutes; D_2__c__Negativicutes; D_3__o__Selenomonadales; D_4__f__Selenomonadaceae; D_5__g__Selenomonas; D_6__g__Selenomonas_s__sp._HMT_138
2803	0	0	0	0	0	0	0	0	0	0	0	0	0	0	0	0	0	0	0	0	0	0	0	0	0	0	0	0	0	0	0	0	0	0	0	0	0	0	0	0	0	0	0	0	2	0	0	0	0	0	D_0__k__Bacteria; D_1__p__Bacteroidetes; D_2__c__Flavobacteriia; D_3__o__Flavobacteriales; D_4__f__Flavobacteriaceae; D_5__g__Capnocytophaga; D_6__g__Capnocytophaga_s__sputigena
2804	0	0	0	0	0	0	0	0	0	0	0	0	0	0	0	0	0	0	0	0	0	0	0	0	0	0	0	0	0	0	0	0	0	0	0	0	0	0	0	0	0	0	0	0	2	0	0	0	0	0	D_0__k__Bacteria; D_1__p__Firmicutes; D_2__c__Negativicutes; D_3__o__Selenomonadales; D_4__f__Selenomonadaceae; D_5__g__Veillonellaceae_[G-1]; D_6__g__Veillonellaceae_[G-1]_s__bacterium_HMT_150
2805	0	0	0	0	0	0	0	0	0	0	0	0	0	0	0	0	0	0	0	0	0	0	0	0	0	0	0	0	0	0	0	0	0	0	0	0	0	0	0	0	0	0	0	0	2	0	0	0	0	0	D_0__k__Bacteria; D_1__p__Proteobacteria; D_2__c__Gammaproteobacteria; D_3__o__Pasteurellales; D_4__f__Pasteurellaceae; D_5__g__Haemophilus; D_6__g__Haemophilus_s__parainfluenzae
2806	0	0	0	0	0	0	0	0	0	0	0	0	0	0	0	0	0	0	0	0	0	0	0	0	0	0	0	0	0	0	0	0	0	0	0	0	0	0	0	0	0	0	0	0	2	0	0	0	0	0	D_0__k__Bacteria; D_1__p__Firmicutes; D_2__c__Bacilli; D_3__o__Lactobacillales; D_4__f__Streptococcaceae; D_5__g__Streptococcus; D_6__g__Streptococcus_s__oralis_subsp._dentisani_clade_058
2807	0	0	0	0	0	0	0	0	0	0	0	0	0	0	0	0	0	0	0	0	0	0	0	0	0	0	0	0	0	0	0	0	0	0	0	0	0	0	0	0	0	0	0	0	2	0	0	0	0	0	D_0__k__Bacteria; D_1__p__Proteobacteria; D_2__c__Gammaproteobacteria; D_3__o__Pasteurellales; D_4__f__Pasteurellaceae; D_5__g__Haemophilus; D_6__g__Haemophilus_s__parainfluenzae
2808	0	0	0	0	0	0	0	0	0	0	0	0	0	0	0	0	0	0	0	0	0	0	0	0	0	0	0	0	0	0	0	0	0	0	0	0	0	0	0	0	0	0	0	0	2	0	0	0	0	0	D_0__k__Bacteria; D_1__p__Spirochaetes; D_2__c__Spirochaetia; D_3__o__Spirochaetales; D_4__f__Treponemataceae; D_5__g__Treponema; D_6__g__Treponema_s__denticola
2809	0	0	0	0	0	0	0	0	0	0	0	0	0	0	0	0	0	0	0	0	0	0	0	0	0	0	0	0	0	0	0	0	0	0	0	0	0	0	0	0	0	0	0	0	2	0	0	0	0	0	D_0__k__Bacteria; D_1__p__Tenericutes; D_2__c__Mollicutes; D_3__o__Mycoplasmatales; D_4__f__Mycoplasmataceae; D_5__g__Mycoplasma; D_6__g__Mycoplasma_s__salivarium
2810	0	0	0	0	0	0	0	0	0	0	0	0	0	0	0	0	0	0	0	0	0	0	0	0	0	0	0	0	0	0	0	0	0	0	0	0	0	0	0	0	0	0	0	0	2	0	0	0	0	0	D_0__k__Bacteria; D_1__p__Proteobacteria; D_2__c__Gammaproteobacteria; D_3__o__Pasteurellales; D_4__f__Pasteurellaceae; D_5__g__Haemophilus; D_6__g__Haemophilus_s__parainfluenzae
2811	0	0	0	0	0	0	0	0	0	0	0	0	0	0	0	0	0	0	0	0	0	0	0	0	0	0	0	0	0	0	0	0	0	0	0	0	0	0	0	0	0	0	0	0	0	2	0	0	0	0	D_0__k__Bacteria; D_1__p__Proteobacteria; D_2__c__Betaproteobacteria; D_3__o__Neisseriales; D_4__f__Neisseriaceae; D_5__g__Neisseria; D_6__g__Neisseria_s__elongata
2812	0	0	0	0	0	0	0	0	0	0	0	0	0	0	0	0	0	0	0	0	0	0	0	0	0	0	0	0	0	0	0	0	0	0	0	0	0	0	0	0	0	0	0	0	0	2	0	0	0	0	D_0__k__Bacteria; D_1__p__Proteobacteria; D_2__c__Gammaproteobacteria; D_3__o__Pasteurellales; D_4__f__Pasteurellaceae; D_5__g__Haemophilus; D_6__g__Haemophilus_s__parainfluenzae
2813	0	0	0	0	0	0	0	0	0	0	0	0	0	0	0	0	0	0	0	0	0	0	0	0	0	0	0	0	0	0	0	0	0	0	0	0	0	0	0	0	0	0	0	0	0	2	0	0	0	0	D_0__k__Bacteria; D_1__p__Bacteroidetes; D_2__c__Bacteroidia; D_3__o__Bacteroidales; D_4__f__Prevotellaceae; D_5__g__Prevotella; D_6__g__Prevotella_s__melaninogenica
2814	0	0	0	0	0	0	0	0	0	0	0	0	0	0	0	0	0	0	0	0	0	0	0	0	0	0	0	0	0	0	0	0	0	0	0	0	0	0	0	0	0	0	0	0	0	2	0	0	0	0	D_0__k__Bacteria; D_1__p__Proteobacteria; D_2__c__Betaproteobacteria; D_3__o__Burkholderiales; D_4__f__Burkholderiaceae; D_5__g__Lautropia; D_6__g__Lautropia_s__mirabilis
2815	0	0	0	0	0	0	0	0	0	0	0	0	0	0	0	0	0	0	0	0	0	0	0	0	0	0	0	0	0	0	0	0	0	0	0	0	0	0	0	0	0	0	0	0	0	2	0	0	0	0	D_0__k__Bacteria; D_1__p__Proteobacteria; D_2__c__Betaproteobacteria; D_3__o__Burkholderiales; D_4__f__Burkholderiaceae; D_5__g__Lautropia; D_6__g__Lautropia_s__mirabilis
2816	0	0	0	0	0	0	0	0	0	0	0	0	0	0	0	0	0	0	0	0	0	0	0	0	0	0	0	0	0	0	0	0	0	0	0	0	0	0	0	0	0	0	0	0	0	0	2	0	0	0	D_0__k__Bacteria; D_1__p__Firmicutes; D_2__c__Bacilli; D_3__o__Lactobacillales; D_4__f__Lactobacillaceae; D_5__g__Lactobacillus; D_6__g__Lactobacillus_s__gasseri
2817	0	0	0	0	0	0	0	0	0	0	0	0	0	0	0	0	0	0	0	0	0	0	0	0	0	0	0	0	0	0	0	0	0	0	0	0	0	0	0	0	0	0	0	0	0	0	2	0	0	0	D_0__k__Bacteria; D_1__p__Bacteroidetes; D_2__c__Bacteroidia; D_3__o__Bacteroidales; D_4__f__Prevotellaceae; D_5__g__Prevotella; D_6__g__Prevotella_s__nigrescens
2818	0	0	0	0	0	0	0	0	0	0	0	0	0	0	0	0	0	0	0	0	0	0	0	0	0	0	0	0	0	0	0	0	0	0	0	0	0	0	0	0	0	0	0	0	0	0	2	0	0	0	D_0__k__Bacteria; D_1__p__Bacteroidetes; D_2__c__Bacteroidia; D_3__o__Bacteroidales; D_4__f__Prevotellaceae; D_5__g__Prevotella; D_6__g__Prevotella_s__oris
2819	0	0	0	0	0	0	0	0	0	0	0	0	0	0	0	0	0	0	0	0	0	0	0	0	0	0	0	0	0	0	0	0	0	0	0	0	0	0	0	0	0	0	0	0	0	0	0	2	0	0	D_0__k__Bacteria; D_1__p__Firmicutes; D_2__c__Bacilli; D_3__o__Lactobacillales; D_4__f__Streptococcaceae; D_5__g__Streptococcus; D_6__g__Streptococcus_s__oralis_subsp._dentisani_clade_058
2820	0	0	0	0	0	0	0	0	0	0	0	0	0	0	0	0	0	0	0	0	0	0	0	0	0	0	0	0	0	0	0	0	0	0	0	0	0	0	0	0	0	0	0	0	0	0	0	2	0	0	D_0__k__Bacteria; D_1__p__Bacteroidetes; D_2__c__Bacteroidia; D_3__o__Bacteroidales; D_4__f__Porphyromonadaceae; D_5__g__Porphyromonas; D_6__g__Porphyromonas_s__pasteri
2821	0	0	0	0	0	0	0	0	0	0	0	0	0	0	0	0	0	0	0	0	0	0	0	0	0	0	0	0	0	0	0	0	0	0	0	0	0	0	0	0	0	0	0	0	0	0	0	2	0	0	D_0__k__Bacteria; D_1__p__Bacteroidetes; D_2__c__Bacteroidia; D_3__o__Bacteroidales; D_4__f__Prevotellaceae; D_5__g__Prevotella; D_6__g__Prevotella_s__oris
2822	0	0	0	0	0	0	0	0	0	0	0	0	0	0	0	0	0	0	0	0	0	0	0	0	0	0	0	0	0	0	0	0	0	0	0	0	0	0	0	0	0	0	0	0	0	0	0	2	0	0	D_0__k__Bacteria; D_1__p__Fusobacteria; D_2__c__Fusobacteriia; D_3__o__Fusobacteriales; D_4__f__Leptotrichiaceae; D_5__g__Sneathia; D_6__g__Sneathia_s__sanguinegens
2823	0	0	0	0	0	0	0	0	0	0	0	0	0	0	0	0	0	0	0	0	0	0	0	0	0	0	0	0	0	0	0	0	0	0	0	0	0	0	0	0	0	0	0	0	0	0	0	2	0	0	D_0__k__Bacteria; D_1__p__Bacteroidetes; D_2__c__Bacteroidia; D_3__o__Bacteroidales; D_4__f__Porphyromonadaceae; D_5__g__Porphyromonas; D_6__g__Porphyromonas_s__sp._HMT_278
2824	0	0	0	0	0	0	0	0	0	0	0	0	0	0	0	0	0	0	0	0	0	0	0	0	0	0	0	0	0	0	0	0	0	0	0	0	0	0	0	0	0	0	0	0	0	0	0	2	0	0	D_0__k__Bacteria; D_1__p__Proteobacteria; D_2__c__Betaproteobacteria; D_3__o__Burkholderiales; D_4__f__Burkholderiaceae; D_5__g__Lautropia; D_6__g__Lautropia_s__mirabilis
2825	0	0	0	0	0	0	0	0	0	0	0	0	0	0	0	0	0	0	0	0	0	0	0	0	0	0	0	0	0	0	0	0	0	0	0	0	0	0	0	0	0	0	0	0	0	0	0	2	0	0	D_0__k__Bacteria; D_1__p__Proteobacteria; D_2__c__Betaproteobacteria; D_3__o__Neisseriales; D_4__f__Neisseriaceae; D_5__g__Neisseria; D_6__g__Neisseria_s__cinerea
2826	0	0	0	0	0	0	0	0	0	0	0	0	0	0	0	0	0	0	0	0	0	0	0	0	0	0	0	0	0	0	0	0	0	0	0	0	0	0	0	0	0	0	0	0	0	0	0	2	0	0	D_0__k__Bacteria; D_1__p__Firmicutes; D_2__c__Negativicutes; D_3__o__Selenomonadales; D_4__f__Selenomonadaceae; D_5__g__Veillonellaceae_[G-1]; D_6__g__Veillonellaceae_[G-1]_s__bacterium_HMT_155
2827	0	0	0	0	0	0	0	0	0	0	0	0	0	0	0	0	0	0	0	0	0	0	0	0	0	0	0	0	0	0	0	0	0	0	0	0	0	0	0	0	0	0	0	0	0	0	0	2	0	0	D_0__k__Bacteria; D_1__p__Bacteroidetes; D_2__c__Flavobacteriia; D_3__o__Flavobacteriales; D_4__f__Flavobacteriaceae; D_5__g__Capnocytophaga; D_6__g__Capnocytophaga_s__leadbetteri
2828	0	0	0	0	0	0	0	0	0	0	0	0	0	0	0	0	0	0	0	0	0	0	0	0	0	0	0	0	0	0	0	0	0	0	0	0	0	0	0	0	0	0	0	0	0	0	0	2	0	0	D_0__k__Bacteria; D_1__p__Fusobacteria; D_2__c__Fusobacteriia; D_3__o__Fusobacteriales; D_4__f__Leptotrichiaceae; D_5__g__Leptotrichia; D_6__g__Leptotrichia_s__shahii
2829	0	0	0	0	0	0	0	0	0	0	0	0	0	0	0	0	0	0	0	0	0	0	0	0	0	0	0	0	0	0	0	0	0	0	0	0	0	0	0	0	0	0	0	0	0	0	0	2	0	0	D_0__k__Bacteria; D_1__p__Proteobacteria; D_2__c__Betaproteobacteria; D_3__o__Burkholderiales; D_4__f__Burkholderiaceae; D_5__g__Lautropia; D_6__g__Lautropia_s__mirabilis
2830	0	0	0	0	0	0	0	0	0	0	0	0	0	0	0	0	0	0	0	0	0	0	0	0	0	0	0	0	0	0	0	0	0	0	0	0	0	0	0	0	0	0	0	0	0	0	0	2	0	0	D_0__k__Bacteria; D_1__p__Bacteroidetes; D_2__c__Bacteroidia; D_3__o__Bacteroidales; D_4__f__Porphyromonadaceae; D_5__g__Porphyromonas; D_6__g__Porphyromonas_s__pasteri
2831	0	0	0	0	0	0	0	0	0	0	0	0	0	0	0	0	0	0	0	0	0	0	0	0	0	0	0	0	0	0	0	0	0	0	0	0	0	0	0	0	0	0	0	0	0	0	0	2	0	0	D_0__k__Bacteria; D_1__p__Firmicutes; D_2__c__Negativicutes; D_3__o__Veillonellales; D_4__f__Veillonellaceae; D_5__g__Veillonella; D_6__g__Veillonella_s__parvula
2832	0	0	0	0	0	0	0	0	0	0	0	0	0	0	0	0	0	0	0	0	0	0	0	0	0	0	0	0	0	0	0	0	0	0	0	0	0	0	0	0	0	0	0	0	0	0	0	2	0	0	D_0__k__Bacteria; D_1__p__Firmicutes; D_2__c__Bacilli; D_3__o__Lactobacillales; D_4__f__Aerococcaceae; D_5__g__Abiotrophia; D_6__g__Abiotrophia_s__defectiva
2833	0	0	0	0	0	0	0	0	0	0	0	0	0	0	0	0	0	0	0	0	0	0	0	0	0	0	0	0	0	0	0	0	0	0	0	0	0	0	0	0	0	0	0	0	0	0	0	0	2	0	D_0__k__Bacteria; D_1__p__Actinobacteria; D_2__c__Coriobacteriia; D_3__o__Coriobacteriales; D_4__f__Atopobiaceae; D_5__g__Olsenella; D_6__g__Olsenella_s__uli
2834	0	0	0	0	0	0	0	0	0	0	0	0	0	0	0	0	0	0	0	0	0	0	0	0	0	0	0	0	0	0	0	0	0	0	0	0	0	0	0	0	0	0	0	0	0	0	0	0	2	0	D_0__k__Bacteria; D_1__p__Proteobacteria; D_2__c__Betaproteobacteria; D_3__o__Neisseriales; D_4__f__Neisseriaceae; D_5__g__Neisseria; D_6__g__Neisseria_s__flavescens
2835	0	0	0	0	0	0	0	0	0	0	0	0	0	0	0	0	0	0	0	0	0	0	0	0	0	0	0	0	0	0	0	0	0	0	0	0	0	0	0	0	0	0	0	0	0	0	0	0	2	0	D_0__k__Bacteria; D_1__p__Firmicutes; D_2__c__Erysipelotrichia; D_3__o__Erysipelotrichales; D_4__f__Erysipelotrichaceae; D_5__g__Solobacterium; D_6__g__Solobacterium_s__moorei
2836	0	0	0	0	0	0	0	0	0	0	0	0	0	0	0	0	0	0	0	0	0	0	0	0	0	0	0	0	0	0	0	0	0	0	0	0	0	0	0	0	0	0	0	0	0	0	0	0	2	0	D_0__k__Bacteria; D_1__p__Bacteroidetes; D_2__c__Bacteroidia; D_3__o__Bacteroidales; D_4__f__Prevotellaceae; D_5__g__Prevotella; D_6__g__Prevotella_s__oris
2837	0	0	0	0	0	0	0	0	0	0	0	0	0	0	0	0	0	0	0	0	0	0	0	0	0	0	0	0	0	0	0	0	0	0	0	0	0	0	0	0	0	0	0	0	0	0	0	0	0	2	D_0__k__Bacteria; D_1__p__Actinobacteria; D_2__c__Actinomycetia; D_3__o__Corynebacteriales; D_4__f__Corynebacteriaceae; D_5__g__Corynebacterium; D_6__g__Corynebacterium_s__matruchotii
2838	0	0	0	0	0	0	0	0	0	0	0	0	0	0	0	0	0	0	0	0	0	0	0	0	0	0	0	0	0	0	0	0	0	0	0	0	0	0	0	0	0	0	0	0	0	0	0	0	0	2	D_0__k__Bacteria; D_1__p__Saccharibacteria_(TM7); D_2__c__Saccharibacteria_(TM7)_[C-1]; D_3__o__Saccharibacteria_(TM7)_[O-1]; D_4__f__Saccharibacteria_(TM7)_[F-1]; D_5__g__Saccharibacteria_(TM7)_[G-6]; D_6__g__Saccharibacteria_(TM7)_[G-6]_s__bacterium_HMT_870
2839	0	0	0	0	0	0	0	0	0	0	0	0	0	0	0	0	0	0	0	0	0	0	0	0	0	0	0	0	0	0	0	0	0	0	0	0	0	0	0	0	0	0	0	0	0	0	0	0	0	2	D_0__k__Bacteria; D_1__p__Proteobacteria; D_2__c__Betaproteobacteria; D_3__o__Neisseriales; D_4__f__Neisseriaceae; D_5__g__Neisseria; D_6__g__Neisseria_s__cinerea
2840	0	0	0	0	0	0	0	0	0	0	0	0	0	0	0	0	0	0	0	0	0	0	0	0	0	0	0	0	0	0	0	0	0	0	0	0	0	0	0	0	0	0	0	0	0	0	0	0	0	2	D_0__k__Bacteria; D_1__p__Bacteroidetes; D_2__c__Flavobacteriia; D_3__o__Flavobacteriales; D_4__f__Flavobacteriaceae; D_5__g__Capnocytophaga; D_6__g__Capnocytophaga_s__sp._HMT_336
2841	0	0	0	0	0	0	0	0	0	0	0	0	0	0	0	0	0	0	0	0	0	0	0	0	0	0	0	0	0	0	0	0	0	0	0	0	0	0	0	0	0	0	0	0	0	0	0	0	0	2	D_0__k__Bacteria; D_1__p__Proteobacteria; D_2__c__Betaproteobacteria; D_3__o__Neisseriales; D_4__f__Neisseriaceae; D_5__g__Neisseria; D_6__g__Neisseria_s__cinerea
2842	0	0	0	0	0	0	0	0	0	0	0	0	0	0	0	0	0	0	0	0	0	0	0	0	0	0	0	0	0	0	0	0	0	0	0	0	0	0	0	0	0	0	0	0	0	0	0	0	0	2	D_0__k__Bacteria; D_1__p__Proteobacteria; D_2__c__Gammaproteobacteria; D_3__o__Cardiobacteriales; D_4__f__Cardiobacteriaceae; D_5__g__Cardiobacterium; D_6__g__Cardiobacterium_s__hominis
