Rank,Taxon,n_pairs,n_plaque,n_abscess,median_plaque,median_abscess,mean_plaque,mean_abscess,p_value,difference_in_median,difference_in_mean,Enrichment,BH_adjusted_p_value
genus,Abiotrophia,25,25,25,0.006813134659240883,6.385236554371787e-9,0.014402316820773522,0.003301731074748753,9.559759062461871e-5,0.006813128274004328,0.01110058574602477,Plaque,0.006255177067059457
genus,Absconditabacteria (SR1) G-1,25,25,25,5.105287482875746e-9,4.755959008311282e-10,0.0015531439390379892,7.602663320739276e-4,0.09004973040401204,4.629691582044617e-9,7.928776069640616e-4,Plaque,0.12757045140568374
genus,Acidipropionibacterium,25,25,25,1.7612453764760188e-10,2.972474380194551e-10,4.3729608322733485e-10,7.913571196541616e-4,0.001130987310209616,-1.2112290037185321e-10,-7.913566823580784e-4,Abscess,0.010986733870607697
genus,Actinomyces,25,25,25,0.01601949111611592,0.003514192695231718,0.019536120902445244,0.0064758160326065855,0.00018397579608998401,0.0125052984208842,0.013060304869838658,Plaque,0.006255177067059457
genus,Aeriscardovia,25,25,25,3.522490752952038e-11,4.8966793692457115e-11,8.745921664546697e-11,7.734687724292416e-5,0.05963483009045978,-1.3741886162936737e-11,-7.734678978370752e-5,Abscess,0.09112738081238797
genus,Afipia,25,25,25,3.1411963284422735e-10,3.1947175825256867e-10,5.573245577033661e-4,0.002018550486411427,0.4352140532775755,-5.35212540834132e-12,-0.0014612259287080606,Abscess,0.46975485115674814
genus,Aggregatibacter,25,25,25,0.004770396369815854,6.933992785946766e-4,0.007312520317886653,0.005068547266320405,0.03828109212703915,0.004076997091221177,0.0022439730515662485,Plaque,0.08120755045454219
genus,Alloiococcus,25,25,25,3.522490752952038e-11,4.8966793692457115e-11,8.745921664546697e-11,0.002795136132112085,0.05963483009045978,-1.3741886162936737e-11,-0.0027951360446528684,Abscess,0.09112738081238797
genus,Alloprevotella,25,25,25,0.007695935768831318,0.0073257215507273425,0.011270438532413914,0.016740207863012665,0.9570834959029937,3.7021421810397564e-4,-0.005469769330598751,Plaque,0.9570834959029937
genus,Anaerococcus,25,25,25,7.044981505904076e-11,9.793358738491423e-11,1.7491843329093394e-10,1.1877640076763901e-4,0.05963483009045978,-2.7483772325873474e-11,-1.1877622584920571e-4,Abscess,0.09112738081238797
genus,Anaeroglobus,25,25,25,1.8545304227427851e-10,2.861066140191477e-10,6.617710801343504e-5,2.469342682039519e-4,0.10073067103920602,-1.006535717448692e-10,-1.8075716019051686e-4,Abscess,0.1412306315601239
genus,Anaerolineae G-1,25,25,25,3.522490752952038e-11,5.3025072869699766e-11,8.745921664546697e-11,3.8218549152061754e-5,0.03135383035982697,-1.7800165340179388e-11,-3.821846169284511e-5,Abscess,0.07351932636097358
genus,Arachnia,25,25,25,8.771932457678889e-4,7.617483789024159e-10,0.0019393969483014833,9.249591387473204e-4,0.013307365386794041,8.7719248401951e-4,0.0010144378095541628,Plaque,0.040217815391199764
genus,Bacteroidales G-2,25,25,25,1.0800591959896494e-9,4.027180606777442e-9,0.0013818334088432202,0.021687505969457597,0.03135383035982697,-2.947121410787793e-9,-0.020305672560614378,Abscess,0.07351932636097358
genus,Bacteroides,25,25,25,7.044981505904076e-11,1.0605014573939953e-10,1.7491843329093394e-10,7.768479986634549e-5,0.04086222382142676,-3.5600330680358776e-11,-7.76846249479122e-5,Abscess,0.08120755045454219
genus,Bacteroidetes G-3,25,25,25,3.8747398282472414e-10,1.113472703147696e-9,9.620513831001368e-10,0.0034649824318389415,4.689395123596076e-4,-7.259987203229718e-10,-0.0034649814697875585,Abscess,0.00911082481155809
genus,Bacteroidetes G-5,25,25,25,5.111727233363318e-10,1.0393464769960652e-9,8.15597477338392e-5,0.013836432726912495,0.010583547137015176,-5.281737536597334e-10,-0.013754872979178656,Abscess,0.03787795817458063
genus,Bifidobacterium,25,25,25,2.4284612901559166e-10,3.566969256233461e-10,3.7686713825863693e-4,0.002764781451087284,0.24727350200082499,-1.1385079660775446e-10,-0.0023879143128286468,Abscess,0.28499318874671353
genus,Bosea,25,25,25,1.0567472258856114e-10,1.5973587912628433e-10,8.571077703690812e-6,2.403507012427138e-4,0.1064375040898226,-5.4061156537723194e-11,-2.31779623539023e-4,Abscess,0.14621717733551387
genus,Brucella,25,25,25,3.522490752952038e-11,5.3025072869699766e-11,8.745921664546697e-11,1.7089126208195664e-4,0.013307365386794041,-1.7800165340179388e-11,-1.7089117462274e-4,Abscess,0.040217815391199764
genus,Bulleidia,25,25,25,1.0567472258856114e-10,1.7166396841148864e-10,2.6237764993640093e-10,7.123196530770566e-4,0.043589346935158674,-6.59892458229275e-11,-7.123193906994066e-4,Abscess,0.08120755045454219
genus,Butyrivibrio,25,25,25,2.1134944517712225e-10,3.4332793682297723e-10,5.247552998728019e-10,0.002406616905399346,0.010583547137015176,-1.3197849164585498e-10,-0.002406616380644046,Abscess,0.03787795817458063
genus,Campylobacter,25,25,25,0.012402252712773471,0.01596671951690183,0.015627714653176864,0.02331168834469467,0.29400806311173816,-0.00356446680412836,-0.007683973691517805,Abscess,0.3332091381933032
genus,Capnocytophaga,25,25,25,0.05279684551257877,0.01457010496816932,0.05049248418077903,0.025471475390548823,0.0077267098093745405,0.03822674054440946,0.025021008790230205,Plaque,0.033897823679836694
genus,Cardiobacterium,25,25,25,0.0068664596968829724,8.143685090544593e-4,0.011123102001830145,0.00795619174653928,0.5720430567000259,0.006052091187828513,0.003166910255290865,Plaque,0.6125815410330986
genus,Catonella,25,25,25,4.435676387072823e-9,0.00129474294821149,0.004129755490496284,0.002678842249503066,0.34632479159403856,-0.0012947385125351028,0.0014509132409932179,Abscess,0.38606698079335444
genus,Centipeda,25,25,25,1.1127182536456712e-10,1.4690038107737133e-10,9.676838870951409e-5,2.1085171675596257e-4,0.19651934789959508,-3.5628555712804214e-11,-1.1408332804644848e-4,Abscess,0.23863063673522258
genus,Cloacibacterium,25,25,25,1.1127182536456712e-10,1.5973587912628433e-10,9.935850448953026e-5,4.1164210926723885e-4,0.2584381791749451,-4.8464053761717216e-11,-3.122836047777086e-4,Abscess,0.2953579190570801
genus,Clostridiales F-1G-1,25,25,25,3.522490752952038e-11,5.3025072869699766e-11,8.745921664546697e-11,3.344763866047594e-5,0.04086222382142676,-1.7800165340179388e-11,-3.344755120125929e-5,Abscess,0.08120755045454219
genus,Clostridiales F-1G-2,25,25,25,7.044981505904076e-11,9.793358738491423e-11,1.7491843329093394e-10,4.6662301664847326e-5,0.05963483009045978,-2.7483772325873474e-11,-4.666212674641403e-5,Abscess,0.09112738081238797
genus,Clostridiales F-3G-1,25,25,25,1.4604934952466625e-10,2.288852912153182e-10,0.005900950498303471,0.001641059605497646,0.11239768319071032,-8.283594169065194e-11,0.004259890892805825,Abscess,0.15134737538551093
genus,Colibacter,25,25,25,1.8256168690583281e-10,2.861066140191477e-10,1.1212573872710747e-4,2.1834868046984924e-4,0.09004973040401204,-1.035449271133149e-10,-1.0622294174274177e-4,Abscess,0.12757045140568374
genus,Corynebacterium,25,25,25,0.010583096564517221,0.00124399427917465,0.013359069628080885,0.004000063982016725,4.2379392808617253e-4,0.009339102285342571,0.00935900564606416,Plaque,0.00911082481155809
genus,Cryptobacterium,25,25,25,1.2142306450779583e-10,1.7166396841148864e-10,0.0010367984641451577,0.0010143463097568124,0.31946605111818105,-5.024090390369281e-11,2.245215438834527e-5,Abscess,0.3590692805956415
genus,Cutibacterium,25,25,25,7.044981505904076e-11,9.793358738491423e-11,1.7491843329093394e-10,5.858223432850228e-4,0.05963483009045978,-2.7483772325873474e-11,-5.858221683665895e-4,Abscess,0.09112738081238797
genus,Desulfobulbus,25,25,25,1.0567472258856114e-10,1.5973587912628433e-10,2.6237764993640093e-10,4.6535147222567596e-4,0.012337440392892186,-5.4061156537723194e-11,-4.65351209848026e-4,Abscess,0.040217815391199764
genus,Desulfovibrio,25,25,25,7.044981505904076e-11,1.0605014573939953e-10,1.7491843329093394e-10,4.7474136739243395e-5,0.04086222382142676,-3.5600330680358776e-11,-4.74739618208101e-5,Abscess,0.08120755045454219
genus,Dialister,25,25,25,1.520158339602669e-9,0.01144103068433383,0.0015796418625640834,0.021230535668969697,5.729961568586517e-4,-0.011441029164175491,-0.019650893806405615,Abscess,0.00974093466659708
genus,Dietzia,25,25,25,3.522490752952038e-11,5.3025072869699766e-11,8.745921664546697e-11,6.927347543135982e-5,0.04086222382142676,-1.7800165340179388e-11,-6.927338797214318e-5,Abscess,0.08120755045454219
genus,Eggerthia,25,25,25,3.522490752952038e-11,5.3025072869699766e-11,8.745921664546697e-11,2.4277157957660307e-4,0.027358330156160644,-1.7800165340179388e-11,-2.4277149211738642e-4,Abscess,0.0676496891134154
genus,Eikenella,25,25,25,0.001012556508795792,1.1654985908992017e-8,0.0019911737725019406,0.002330085408019427,0.686504181787592,0.001012544853809883,-3.389116355174862e-4,Plaque,0.7237563466907947
genus,Enterobacter,25,25,25,3.522490752952038e-11,4.8966793692457115e-11,2.0421158677424647e-4,1.187697557656369e-10,0.07142542948962954,-1.3741886162936737e-11,2.042114680044907e-4,Abscess,0.10333891926159168
genus,Enterococcus,25,25,25,3.522490752952038e-11,5.3025072869699766e-11,8.745921664546697e-11,4.1559626187150375e-6,0.043589346935158674,-1.7800165340179388e-11,-4.155875159498392e-6,Abscess,0.08120755045454219
genus,Erysipelothrix,25,25,25,3.7090608454855704e-11,4.8966793692457115e-11,1.129108542424024e-5,1.187697557656369e-10,0.4352140532775755,-1.1876185237601411e-11,1.1290966654484474e-5,Abscess,0.46975485115674814
genus,Erysipelotrichaceae G-1,25,25,25,7.044981505904076e-11,1.0649058608418955e-10,1.7491843329093394e-10,4.797663346289273e-4,0.0071304167510327955,-3.6040771025148796e-11,-4.79766159710494e-4,Abscess,0.0334391957979469
genus,Fannyhessea,25,25,25,3.170241677656834e-10,4.79207637378853e-10,7.871329498092028e-10,0.006527389447280622,0.009792728891719199,-1.621834696131696e-10,-0.006527388660147672,Abscess,0.03787795817458063
genus,Fastidiosipila,25,25,25,3.522490752952038e-11,5.3025072869699766e-11,8.745921664546697e-11,2.4935181863511403e-5,0.043589346935158674,-1.7800165340179388e-11,-2.4935094404294756e-5,Abscess,0.08120755045454219
genus,Filifactor,25,25,25,1.0567472258856114e-10,1.757880874390191e-10,2.6237764993640093e-10,0.003549543068696889,0.013307365386794041,-7.011336485045795e-11,-0.003549542806319239,Abscess,0.040217815391199764
genus,Fretibacterium,25,25,25,9.158475957675304e-10,2.954208794589453e-9,2.3370169863579404e-5,0.006996136781048742,0.0018011458336810678,-2.0383611988219227e-9,-0.006972766611185162,Abscess,0.014409166669448543
genus,Fusobacterium,25,25,25,0.06336961340096954,0.10859739808461075,0.0870158991246085,0.1424053334079297,0.012337440392892186,-0.045227784683641206,-0.055389434283321215,Abscess,0.040217815391199764
genus,Gemella,25,25,25,0.007083013270044378,2.5716978564425236e-4,0.016203450975497538,0.011567670473170278,0.014344089427169355,0.006825843484400126,0.0046357805023272605,Plaque,0.04240861221945722
genus,Gracilibacteria (GN02) G-1,25,25,25,6.609384085228996e-10,5.302507286969977e-10,7.500256307352823e-4,1.055961875820278e-4,0.23645102010844776,1.3068767982590184e-10,6.444294431532545e-4,Plaque,0.27484904901494783
genus,Gracilibacteria (GN02) G-2,25,25,25,7.302467476233312e-11,1.0605014573939953e-10,3.600175914333033e-5,6.473951066747694e-6,0.19651934789959508,-3.302547097706641e-11,2.9527808076582635e-5,Abscess,0.23863063673522258
genus,Granulicatella,25,25,25,0.007756821572377622,0.002677952547320334,0.014158964355890816,0.010571597397249267,0.11239768319071032,0.0050788690250572885,0.0035873669586415496,Plaque,0.15134737538551093
genus,Haemophilus,25,25,25,0.03614598081461062,0.002154542888778405,0.05092423339643006,0.019243474369962738,0.0021593840822676834,0.033991437925832216,0.031680759026467324,Plaque,0.01631534639935583
genus,Janibacter,25,25,25,3.651233738116656e-11,4.8966793692457115e-11,1.8899956464761677e-5,1.187697557656369e-10,0.16998484708770295,-1.2454456311290553e-11,1.889983769500591e-5,Abscess,0.2160555065787626
genus,Johnsonella,25,25,25,3.1411963284422735e-10,4.4543420442688507e-10,1.9519151275819744e-4,0.001705517453726495,0.06729929952386755,-1.3131457158265772e-10,-0.0015103259409682977,Abscess,0.10057917291479107
genus,Kingella,25,25,25,0.006989014590900993,1.5817196855128804e-8,0.012658211573129765,0.0029561689833325186,0.0014982845247894579,0.006988998773704138,0.009702042589797247,Plaque,0.013584446358091085
genus,Klebsiella,25,25,25,1.408996301180815e-10,2.1210029147879906e-10,3.498368665818679e-10,0.003574178300456898,0.02381004514554109,-7.120066136071755e-11,-0.0035741779506200315,Abscess,0.06349345372144291
genus,Kocuria,25,25,25,3.522490752952038e-11,5.3025072869699766e-11,8.745921664546697e-11,3.4285830523669756e-5,0.043589346935158674,-1.7800165340179388e-11,-3.428574306445311e-5,Abscess,0.08120755045454219
genus,Lachnoanaerobaculum,25,25,25,0.0048602688120866116,9.06115636524924e-9,0.007511280542366237,0.003247685719118171,0.013307365386794041,0.004860259750930246,0.004263594823248066,Plaque,0.040217815391199764
genus,Lachnospiraceae G-2,25,25,25,2.833204838515236e-10,3.4276755584719984e-10,1.9545718358532577e-4,2.333186345095825e-5,0.9142910652076613,-5.944707199567623e-11,1.7212532013436752e-4,Abscess,0.9210635916166069
genus,Lachnospiraceae G-3,25,25,25,8.934253095032557e-9,8.322928264544746e-10,0.0020535872933804956,8.477163324665407e-4,0.3602782576952348,8.101960268578083e-9,0.001205870960913955,Plaque,0.3983564475329426
genus,Lachnospiraceae G-7,25,25,25,7.044981505904076e-11,1.144426456076591e-10,1.7491843329093394e-10,1.9725570633447262e-4,0.0018011458336810678,-4.399283054861834e-11,-1.9725553141603934e-4,Abscess,0.014409166669448543
genus,Lachnospiraceae G-8,25,25,25,1.408996301180815e-10,2.1210029147879906e-10,3.498368665818679e-10,2.477352868604687e-4,0.013307365386794041,-7.120066136071755e-11,-2.4773493702360215e-4,Abscess,0.040217815391199764
genus,Lacticaseibacillus,25,25,25,4.047435483593195e-10,1.1362341517651745e-9,1.448888291222699e-4,0.01657245940641164,0.03583990438424873,-7.31490603405855e-10,-0.01642757057728937,Abscess,0.0799053605943906
genus,Lactobacillus,25,25,25,4.3814804857399866e-10,1.3634809821182095e-9,7.31319601240099e-5,0.011589923632354941,0.001130987310209616,-9.253329335442108e-10,-0.01151679167223093,Abscess,0.010986733870607697
genus,Lancefieldella,25,25,25,7.916180558523452e-10,0.0017562263581980832,7.595661684442541e-4,0.0100563054997938,2.807613924458238e-4,-0.0017562255665800274,-0.009296739331349545,Abscess,0.007636709874526407
genus,Lautropia,25,25,25,0.023558793980175952,2.401870633556596e-8,0.04451938929926129,0.012009681839526151,0.00018397579608998401,0.023558769961469616,0.03250970745973514,Plaque,0.006255177067059457
genus,Lawsonella,25,25,25,3.522490752952038e-11,5.3025072869699766e-11,8.745921664546697e-11,1.1634744409463286e-4,0.04086222382142676,-1.7800165340179388e-11,-1.1634735663541622e-4,Abscess,0.08120755045454219
genus,Lentilactobacillus,25,25,25,7.044981505904076e-11,1.0649058608418955e-10,1.7491843329093394e-10,2.177525814282217e-4,0.02553090234439121,-3.6040771025148796e-11,-2.177524065097884e-4,Abscess,0.06677312920840778
genus,Leptotrichia,25,25,25,0.059193613066990655,0.006101431365040613,0.06612830410511136,0.025305227632410898,8.485353611475582e-4,0.05309218170195004,0.04082307647270046,Plaque,0.010490982646915266
genus,Ligilactobacillus,25,25,25,3.522490752952038e-11,4.8966793692457115e-11,8.745921664546697e-11,1.455086255492049e-4,0.05963483009045978,-1.3741886162936737e-11,-1.4550853808998823e-4,Abscess,0.09112738081238797
genus,Limosilactobacillus,25,25,25,5.261666128671154e-10,7.728433388505835e-10,5.899143360400575e-4,0.0023533242448346542,0.05963483009045978,-2.4667672598346813e-10,-0.0017634099087945967,Abscess,0.09112738081238797
genus,Listeria,25,25,25,3.522490752952038e-11,4.8966793692457115e-11,8.745921664546697e-11,4.259635320343159e-5,0.05963483009045978,-1.3741886162936737e-11,-4.259626574421494e-5,Abscess,0.09112738081238797
genus,Megasphaera,25,25,25,4.079966930034128e-10,1.249857566941692e-9,3.070292797901146e-4,0.0019099483427202435,0.02381004514554109,-8.418608739382792e-10,-0.001602919062930129,Abscess,0.06349345372144291
genus,Mesorhizobium,25,25,25,3.522490752952038e-11,4.8966793692457115e-11,8.745921664546697e-11,3.2813895091705995e-5,0.05963483009045978,-1.3741886162936737e-11,-3.281380763248935e-5,Abscess,0.09112738081238797
genus,Microbacterium,25,25,25,1.4604934952466625e-10,2.1210029147879906e-10,5.069652288355044e-4,3.515267819633542e-4,0.19651934789959508,-6.605094195413282e-11,1.5543844687215022e-4,Abscess,0.23863063673522258
genus,Mitsuokella,25,25,25,1.0567472258856114e-10,1.590752186090993e-10,7.957723603152085e-5,2.041620923269428e-4,0.06337137131277046,-5.3400496020538164e-11,-1.2458485629542195e-4,Abscess,0.09576118331707535
genus,Mogibacterium,25,25,25,2.023717741796597e-10,5.061239559762255e-10,2.972582196785846e-4,3.7908582864581395e-4,0.20600583969616187,-3.037521817965658e-10,-8.182760896722937e-5,Abscess,0.24793623184670813
genus,Mycolicibacterium,25,25,25,3.522490752952038e-11,5.3025072869699766e-11,8.745921664546697e-11,8.557855603997849e-5,0.05608292288228483,-1.7800165340179388e-11,-8.557846858076185e-5,Abscess,0.09112738081238797
genus,Mycoplasma,25,25,25,1.7612453764760188e-10,2.972474380194551e-10,4.3729608322733485e-10,0.0023816973082662067,0.0055813771699792705,-1.2112290037185321e-10,-0.0023816968709701237,Abscess,0.02811360352285855
genus,Neisseria,25,25,25,0.06628092183388136,0.005403727772689587,0.08404527483468727,0.02715479034926052,0.005136937937857957,0.06087719406119177,0.056890484485426746,Plaque,0.02794494238194729
genus,Olsenella,25,25,25,5.999570728228613e-10,1.087798684839255e-8,6.833012337388653e-4,0.00416651658132662,0.07142542948962954,-1.0278029775569688e-8,-0.0034832153475877546,Abscess,0.10333891926159168
genus,Oribacterium,25,25,25,4.321298351436234e-9,0.0024149393906301555,0.00189673582896828,0.00930317393219474,0.029297524005665328,-0.002414935069331804,-0.00740643810322646,Abscess,0.07115112972804437
genus,Paenibacillus,25,25,25,3.522490752952038e-11,4.8966793692457115e-11,8.745921664546697e-11,6.328383024780265e-5,0.05963483009045978,-1.3741886162936737e-11,-6.328374278858601e-5,Abscess,0.09112738081238797
genus,Paracoccus,25,25,25,3.522490752952038e-11,5.3025072869699766e-11,8.745921664546697e-11,2.805206475023085e-5,0.043589346935158674,-1.7800165340179388e-11,-2.8051977291014204e-5,Abscess,0.08120755045454219
genus,Parascardovia,25,25,25,7.044981505904076e-11,1.144426456076591e-10,1.7491843329093394e-10,0.0049217730475827,0.006575766114271244,-4.399283054861834e-11,-0.004921772872664267,Abscess,0.03193943541217461
genus,Parvimonas,25,25,25,5.315592489029512e-4,0.004945647240207623,0.016186618094918594,0.017754814776073095,0.22596783720051722,-0.004414087991304672,-0.0015681966811545017,Abscess,0.2649278091316409
genus,Pedobacter,25,25,25,3.522490752952038e-11,4.8966793692457115e-11,8.745921664546697e-11,3.983591506767035e-4,0.05963483009045978,-1.3741886162936737e-11,-3.983590632174869e-4,Abscess,0.09112738081238797
genus,Peptidiphaga,25,25,25,4.8569266277473155e-4,1.012247911952451e-9,0.012335447911150942,0.0012381688813694256,0.008367307824832016,4.856916505268196e-4,0.011097279029781517,Plaque,0.03556105825553607
genus,Peptococcus,25,25,25,9.253137719320594e-10,3.5237830309302623e-9,3.6036346536131274e-4,0.004033119839956756,0.0055813771699792705,-2.598469258998203e-9,-0.0036727563745954433,Abscess,0.02811360352285855
genus,Peptoniphilaceae G-3,25,25,25,3.522490752952038e-11,4.8966793692457115e-11,8.745921664546697e-11,6.363127514119738e-6,0.05963483009045978,-1.3741886162936737e-11,-6.363040054903093e-6,Abscess,0.09112738081238797
genus,Peptoniphilus,25,25,25,1.7612453764760188e-10,2.6622646521047387e-10,4.3729608322733485e-10,9.605104341614965e-4,0.02066802869910461,-9.010192756287199e-11,-9.605099968654133e-4,Abscess,0.05855941464746306
genus,Peptostreptococcaceae G-1,25,25,25,2.4284612901559166e-10,6.817404910591047e-10,0.0011636208952107976,0.0018438014098060874,0.05270896977071921,-4.38894362043513e-10,-6.801805145952898e-4,Abscess,0.09112738081238797
genus,Peptostreptococcaceae G-2,25,25,25,7.044981505904076e-11,1.144426456076591e-10,1.7491843329093394e-10,5.274924209076942e-5,0.009055004653889823,-4.399283054861834e-11,-5.274906717233613e-5,Abscess,0.037317594937242904
genus,Peptostreptococcaceae G-4,25,25,25,7.044981505904076e-11,1.4847806814229503e-10,1.7491843329093394e-10,5.454955218003348e-4,0.0010283872597180606,-7.802825308325428e-11,-5.454953468819016e-4,Abscess,0.010986733870607697
genus,Peptostreptococcaceae G-5,25,25,25,1.0567472258856114e-10,1.5973587912628433e-10,2.6237764993640093e-10,1.643412794524008e-4,0.0077267098093745405,-5.4061156537723194e-11,-1.6434101707475088e-4,Abscess,0.033897823679836694
genus,Peptostreptococcaceae G-6,25,25,25,3.522490752952038e-11,5.722132280382955e-11,8.745921664546697e-11,3.306646205940766e-4,0.016633281854241188,-2.199641527430917e-11,-3.3066453313486e-4,Abscess,0.04813034749312344
genus,Peptostreptococcaceae G-7,25,25,25,2.2556426964211946e-4,8.787331586182669e-9,7.2295639037269e-4,0.0034211752290905003,0.15384919853794518,2.2555548231053329e-4,-0.00269821883871781,Plaque,0.1973914245392504
genus,Peptostreptococcaceae G-9,25,25,25,1.4836243381942282e-10,4.5449366070606976e-10,2.8343899983882513e-4,0.0019167324175049982,0.03828109212703915,-3.061312268866469e-10,-0.001633293417666173,Abscess,0.08120755045454219
genus,Peptostreptococcus,25,25,25,1.0848735901110963e-8,0.0017142860292541097,0.010304235265005549,0.016885882608839387,0.07142542948962954,-0.0017142751805182086,-0.006581647343833838,Abscess,0.10333891926159168
genus,Porphyromonas,25,25,25,0.021352317817836034,0.02642839261618112,0.02750674636824732,0.027482441580604526,0.9142910652076613,-0.005076074798345084,2.4304787642794035e-5,Abscess,0.9210635916166069
genus,Prevotella,25,25,25,0.04652458845330191,0.12045090561673004,0.05402451906001759,0.13353274017403513,7.699877290820853e-4,-0.07392631716342812,-0.07950822111401754,Abscess,0.010490982646915266
genus,Propionibacteriaceae G-1,25,25,25,3.651233738116656e-11,4.8966793692457115e-11,1.3059178640182733e-5,1.187697557656369e-10,0.1389052348020827,-1.2454456311290553e-11,1.3059059870426967e-5,Abscess,0.18164530704887738
genus,Propionibacteriaceae G-2,25,25,25,3.522490752952038e-11,5.3025072869699766e-11,8.745921664546697e-11,3.803497977874364e-5,0.05608292288228483,-1.7800165340179388e-11,-3.803489231952699e-5,Abscess,0.09112738081238797
genus,Pseudoleptotrichia,25,25,25,0.0017296479165843654,2.5306197798811287e-9,0.0028358453675131146,0.0035539900638488576,0.8506035603712152,0.0017296453859645855,-7.18144696335743e-4,Plaque,0.8697901068457539
genus,Pseudoramibacter,25,25,25,7.044981505904076e-11,1.0605014573939953e-10,1.7491843329093394e-10,7.139196539041109e-4,0.027358330156160644,-3.5600330680358776e-11,-7.139194789856777e-4,Abscess,0.0676496891134154
genus,Ralstonia,25,25,25,3.522490752952038e-11,4.8966793692457115e-11,8.745921664546697e-11,1.0096520510651639e-4,0.05963483009045978,-1.3741886162936737e-11,-1.0096511764729975e-4,Abscess,0.09112738081238797
genus,Riemerella,25,25,25,0.002048894257275515,1.012247911952451e-9,0.004403809215210476,0.001697014627786957,0.00472473171731758,0.0020488932450276032,0.002706794587423519,Plaque,0.026773479731466286
genus,Roseomonas,25,25,25,1.408996301180815e-10,2.129811721683791e-10,3.498368665818679e-10,2.3734783812870425e-4,0.022190716370158223,-7.208154205029759e-11,-2.3734748829183766e-4,Abscess,0.061590559721255475
genus,Rothia,25,25,25,0.008394394190419664,1.7870978393787756e-8,0.01429693966785574,0.0033095442253919575,8.485353611475582e-4,0.00839437631944127,0.010987395442463781,Plaque,0.010490982646915266
genus,Ruminococcaceae G-1,25,25,25,1.9714117275879215e-9,2.129811721683791e-10,0.0025070303373137823,2.6712428143868164e-4,0.03583990438424873,1.7584305554195423e-9,0.002239906055875101,Plaque,0.0799053605943906
genus,Ruminococcaceae G-2,25,25,25,1.2142306450779583e-10,1.4690038107737133e-10,8.850483365054744e-5,3.5630926729691064e-10,0.7672483874902132,-2.5477316569575503e-11,8.850447734128014e-5,Abscess,0.7904983386262803
genus,Saccharibacteria (TM7) G-1,25,25,25,0.004058090451242382,2.564096899978243e-8,0.01350276506483853,0.004581554915618176,0.033532743949932386,0.004058064810273382,0.008921210149220354,Plaque,0.07729581656255602
genus,Saccharibacteria (TM7) G-2,25,25,25,3.651233738116656e-11,4.8966793692457115e-11,5.223723931603082e-6,1.187697557656369e-10,0.1389052348020827,-1.2454456311290553e-11,5.223605161847316e-6,Abscess,0.18164530704887738
genus,Saccharibacteria (TM7) G-3,25,25,25,5.948445676706096e-10,5.350453884350192e-10,9.994872513328487e-4,0.001933524987738526,0.40421659764097384,5.979917923559041e-11,-9.340377364056773e-4,Plaque,0.44333433289655194
genus,Saccharibacteria (TM7) G-4,25,25,25,7.302467476233312e-11,1.0605014573939953e-10,4.168753018153358e-4,8.831311025789723e-5,0.1785136580054106,-3.302547097706641e-11,3.2856219155743855e-4,Abscess,0.2247949767475541
genus,Saccharibacteria (TM7) G-5,25,25,25,7.302467476233312e-11,1.0649058608418955e-10,2.400590522227407e-4,5.2268142446724665e-5,0.14623118542852132,-3.346591132185643e-11,1.8779090977601604e-4,Abscess,0.18940420207884667
genus,Saccharibacteria (TM7) G-6,25,25,25,7.270322493751896e-10,5.832758015666975e-10,0.0020156927959913986,1.9994891610488247e-4,0.19651934789959508,1.4375644780849202e-10,0.0018157438798865162,Plaque,0.23863063673522258
genus,Scardovia,25,25,25,1.408996301180815e-10,2.377979504155641e-10,2.541943705095863e-4,0.004215168851004237,0.004342697474441258,-9.689832029748257e-11,-0.00396097448049465,Abscess,0.02567855897930483
genus,Schaalia,25,25,25,0.0022114315188860338,7.345032274902874e-4,0.0029376608940146977,0.0028370800819506234,0.1064375040898226,0.0014769282913957463,1.0058081206407426e-4,Plaque,0.14621717733551387
genus,Selenomonas,25,25,25,0.006351537466183369,0.01001374104663113,0.01462079325320961,0.014817527098709881,0.6281556537099864,-0.003662203580447762,-1.967338455002715e-4,Abscess,0.6674153820668606
genus,Serratia,25,25,25,3.522490752952038e-11,4.8966793692457115e-11,5.587979618174375e-6,1.187697557656369e-10,0.22596783720051722,-1.3741886162936737e-11,5.587860848418609e-6,Abscess,0.2649278091316409
genus,Shuttleworthia,25,25,25,1.7612453764760188e-10,2.861066140191477e-10,4.3729608322733485e-10,7.535516760932473e-4,0.003988882964141757,-1.0998207637154583e-10,-7.535512387971641e-4,Abscess,0.024658549232876314
genus,Simonsiella,25,25,25,1.7141630652081748e-10,1.9586717476982846e-10,1.822660251085879e-4,4.398723266024129e-4,0.7264964148055599,-2.4450868249010975e-11,-2.5760630149382504e-4,Abscess,0.7600270185658166
genus,Slackia,25,25,25,1.0953701214349968e-10,1.7834846281167306e-10,5.495111812370174e-5,2.634345184528203e-4,0.0033586245961058263,-6.881145066817338e-11,-2.0848340032911854e-4,Abscess,0.02283864725351962
genus,Sneathia,25,25,25,3.522490752952038e-11,4.8966793692457115e-11,3.428413589632995e-6,1.187697557656369e-10,0.22596783720051722,-1.3741886162936737e-11,3.4282948198772295e-6,Abscess,0.2649278091316409
genus,Solobacterium,25,25,25,1.0670837992658282e-9,9.379766776096672e-4,0.0014221089619973974,0.012918634663795012,0.0036614408124745223,-9.37975610525868e-4,-0.011496525701797615,Abscess,0.02371218811888262
genus,Stomatobaculum,25,25,25,9.959448793147729e-10,3.5237830309302623e-9,0.0023804641923845173,8.958444231978013e-4,0.7672483874902132,-2.5278381516154896e-9,0.001484619769186716,Abscess,0.7904983386262803
genus,Streptococcus,25,25,25,0.15256051858882844,0.08322196721602568,0.20729683645669109,0.12307374346485069,0.002820365595679961,0.06933855137280276,0.0842230929918404,Plaque,0.020187880053288143
genus,Tannerella,25,25,25,1.7249852616394318e-8,0.0024960391404024733,0.005373909877933218,0.018516403571403932,0.010583547137015176,-0.002496021890549857,-0.013142493693470713,Abscess,0.03787795817458063
genus,Treponema,25,25,25,4.682102853021324e-8,0.014783584697930677,0.0011486710965588865,0.03519206724880681,4.845772525697547e-5,-0.014783537876902147,-0.03404339615224792,Abscess,0.006255177067059457
genus,Veillonella,25,25,25,0.031377441198337595,0.011537431280314913,0.042522615210293525,0.03538960386005546,0.1186179505292976,0.019840009918022684,0.007133011350238062,Plaque,0.1581572673723968
genus,Veillonellaceae G-1,25,25,25,8.901746029165372e-10,1.4059730537892269e-8,1.5986282982832374e-4,0.0028073648619739316,0.010583547137015176,-1.3169555934975731e-8,-0.0026475020321456077,Abscess,0.03787795817458063
genus,Weeksellaceae G-1,25,25,25,7.65793122431362e-9,6.389435165051372e-10,0.0013967745455847494,1.4596541320881644e-4,0.027358330156160644,7.018987707808483e-9,0.001250809132375933,Plaque,0.0676496891134154
species,Abiotrophia defectiva,25,25,25,0.006813134659240883,6.385236554371787e-9,0.014402316820773522,0.003301731074748753,9.559759062461871e-5,0.006813128274004328,0.01110058574602477,Plaque,0.02011856296022116
species,Absconditabacteria (SR1) G-1 bacterium HMT 345,25,25,25,1.2142306450779583e-10,1.5973587912628433e-10,1.0716435313357308e-4,3.334260952726488e-4,0.10073067103920602,-3.8312814618488505e-11,-2.2626174213907573e-4,Abscess,0.1795280508037462
species,Absconditabacteria (SR1) G-1 bacterium HMT 874,25,25,25,3.304692042614498e-10,2.651253643484988e-10,0.0014459795859044161,4.268402368012788e-4,0.30656198305521637,6.534383991295097e-11,0.0010191393491031373,Plaque,0.39389650148373734
species,Acidipropionibacterium acidifaciens,25,25,25,1.7612453764760188e-10,2.972474380194551e-10,4.372960832273349e-10,7.913571196541616e-4,0.001130987310209616,-1.2112290037185321e-10,-7.913566823580784e-4,Abscess,0.02497260122162146
species,Actinomyces dentalis,25,25,25,3.2596037593920087e-10,3.711755100878984e-10,2.484818422610095e-4,1.0072066635498383e-4,0.9570834959029937,-4.5215134148697524e-11,1.477611759060257e-4,Abscess,0.9680341079842637
species,Actinomyces gerencseriae,25,25,25,4.979724396573865e-10,7.085735383667157e-10,0.004168731557330206,0.0014553628446906408,0.8086544789363024,-2.1060109870932912e-10,0.002713368712639565,Abscess,0.8390264781451776
species,Actinomyces graevenitzii,25,25,25,3.522490752952038e-11,4.8966793692457115e-11,8.745921664546699e-11,0.0013604613124338502,0.05963483009045978,-1.3741886162936737e-11,-0.0013604612249746334,Abscess,0.11611715814970583
species,Actinomyces israelii,25,25,25,1.0953701214349968e-10,1.590752186090993e-10,3.644161750392345e-5,1.6259351450114706e-5,0.33272043464084833,-4.9538206465599626e-11,2.0182266053808742e-5,Abscess,0.41898128806625345
species,Actinomyces johnsonii,25,25,25,7.302467476233312e-11,1.144426456076591e-10,4.331237472280732e-5,3.1732096614909877e-4,0.04646863371012922,-4.141797084532597e-11,-2.7400859142629147e-4,Abscess,0.11102235729663305
species,Actinomyces massiliensis,25,25,25,0.0013969731794367362,1.7166396841148864e-10,0.0034576360543775854,7.488905550110908e-4,0.003078784932796158,0.0013969730077727678,0.0027087454993664946,Plaque,0.029583107397736993
species,Actinomyces naeslundii,25,25,25,0.00198842389547799,3.1926182771858934e-9,0.003226579056551382,0.0011539865625790002,0.05963483009045978,0.0019884207028597126,0.002072592493972382,Plaque,0.11611715814970583
species,Actinomyces oris,25,25,25,3.190804676797341e-9,2.972474380194551e-10,0.0035481630853038204,3.5297799544823077e-4,0.01143066708051777,2.893557238777886e-9,0.0031951850898555897,Plaque,0.05655630289387467
species,Actinomyces sp. HMT 169,25,25,25,9.083075533381642e-4,2.288852912153182e-10,0.003378125400480611,4.82495101600442e-4,0.04086222382142676,9.083073244528729e-4,0.002895630298880169,Plaque,0.10439943889636202
species,Actinomyces sp. HMT 170,25,25,25,3.522490752952038e-11,4.8966793692457115e-11,1.6189829393589422e-5,1.187697557656369e-10,0.22596783720051722,-1.3741886162936737e-11,1.6189710623833656e-5,Abscess,0.31017945354853604
species,Actinomyces sp. HMT 171,25,25,25,4.0502219849611853e-10,3.5157617487803823e-10,8.569556513319112e-4,1.798425984412984e-4,0.40421659764097384,5.3446023618080306e-11,6.771130528906128e-4,Plaque,0.4828749625873255
species,Actinomyces sp. HMT 175,25,25,25,1.7141630652081748e-10,2.1210029147879906e-10,3.5097034997226686e-4,4.924422757052159e-5,1,-4.068398495798158e-11,3.0172612240174525e-4,Abscess,1
species,Actinomyces sp. HMT 448,25,25,25,1.0953701214349968e-10,1.590752186090993e-10,8.284223063751275e-5,5.0413899305496106e-5,0.22596783720051722,-4.9538206465599626e-11,3.242833133201665e-5,Abscess,0.31017945354853604
species,Actinomyces sp. HMT 525,25,25,25,1.0567472258856114e-10,1.7166396841148864e-10,2.6237764993640093e-10,2.0497000451665385e-4,0.01143066708051777,-6.59892458229275e-11,-2.0496974213900392e-4,Abscess,0.05655630289387467
species,Actinomyces sp. HMT 896,25,25,25,3.651233738116656e-11,4.8966793692457115e-11,3.627364277400294e-5,1.187697557656369e-10,0.5360092697932004,-1.2454456311290553e-11,3.6273524004247176e-5,Abscess,0.6059235223749222
species,Actinomyces sp. HMT 897,25,25,25,1.6189741934372776e-10,2.1210029147879906e-10,8.541785996773831e-5,2.8697095156431946e-6,0.7264964148055599,-5.02028721350713e-11,8.254815045209511e-5,Abscess,0.7812929813724027
species,Aeriscardovia bacterium HMT 407,25,25,25,3.522490752952038e-11,4.8966793692457115e-11,8.745921664546699e-11,7.734687724292416e-5,0.05963483009045978,-1.3741886162936737e-11,-7.734678978370752e-5,Abscess,0.11611715814970583
species,Afipia broomeae,25,25,25,3.1411963284422735e-10,3.1947175825256867e-10,5.57324557703366e-4,0.002018550486411427,0.4352140532775755,-5.35212540834132e-12,-0.0014612259287080608,Abscess,0.5102509590150884
species,Aggregatibacter actinomycetemcomitans,25,25,25,1.408996301180815e-10,2.1210029147879906e-10,1.1289443506220372e-4,6.863723243820729e-4,0.34632479159403856,-7.120066136071755e-11,-5.734778893198692e-4,Abscess,0.4324168301823871
species,Aggregatibacter aphrophilus,25,25,25,2.1427038315102185e-10,2.929801457316985e-10,3.8032641500934113e-4,0.001201054383085739,0.20600583969616187,-7.870976258067666e-11,-8.207279680763977e-4,Abscess,0.2937244553087211
species,Aggregatibacter paraphrophilus,25,25,25,1.8545304227427851e-10,2.6622646521047387e-10,0.00035875736191676307,0.0010661714872441746,0.1251049578534359,-8.077342293619536e-11,-7.074141253274115e-4,Abscess,0.20556279320155638
species,Aggregatibacter sp. HMT 458,25,25,25,0.0012474213273900104,9.110231207572059e-10,0.0026021565338941537,8.23605351848781e-4,0.05963483009045978,0.0012474204163668897,0.0017785511820453727,Plaque,0.11611715814970583
species,Aggregatibacter sp. HMT 512,25,25,25,3.9656304511373976e-10,3.4332793682297723e-10,0.0010822426002078946,1.2361973627140268e-4,0.3602782576952348,5.3235108290762524e-11,9.586228639364919e-4,Plaque,0.442341638614705
species,Aggregatibacter sp. HMT 513,25,25,25,2.6437536340915984e-10,4.048991647809804e-10,0.0025246680459768823,0.0011377901109459337,0.24727350200082499,-1.4052380137182054e-10,0.0013868779350309486,Abscess,0.32920146953121876
species,Aggregatibacter sp. HMT 898,25,25,25,1.4836243381942282e-10,1.9586717476982846e-10,2.0628131101496186e-4,4.750790230625476e-10,0.5360092697932004,-4.7504740950405644e-11,2.062808359359388e-4,Abscess,0.6059235223749222
species,Aggregatibacter sp. HMT 949,25,25,25,1.1127182536456712e-10,1.590752186090993e-10,4.5193614804448866e-5,2.993339746327815e-5,0.10073067103920602,-4.7803393244532186e-11,1.5260217341170715e-5,Abscess,0.1795280508037462
species,Alloiococcus otitis,25,25,25,3.522490752952038e-11,4.8966793692457115e-11,8.745921664546699e-11,0.002795136132112085,0.05963483009045978,-1.3741886162936737e-11,-0.0027951360446528684,Abscess,0.11611715814970583
species,Alloprevotella rava,25,25,25,3.6426919352338754e-10,9.110231207572059e-10,1.7873946876367466e-4,0.0045302032853372295,3.827330184225845e-4,-5.467539272338183e-10,-0.004351463816573555,Abscess,0.023305902266312493
species,Alloprevotella sp. HMT 308,25,25,25,6.402502795594969e-10,6.681513066403276e-10,9.289644126586892e-4,0.001365495833230188,0.33272043464084833,-2.7901027080830726e-11,-4.3653142057149873e-4,Abscess,0.41898128806625345
species,Alloprevotella sp. HMT 473,25,25,25,7.113900531775916e-4,7.133938512466924e-10,0.006401945881766255,7.060671156508107e-4,0.08029978979344914,7.113893397837403e-4,0.005695878766115444,Plaque,0.14788544620293548
species,Alloprevotella sp. HMT 912,25,25,25,1.1517719870955003e-9,1.3078887272856031e-9,0.00130995048610419,3.9278022564885254e-4,0.7467838959725029,-1.5611674019010289e-10,9.171702604553373e-4,Abscess,0.7915551127574252
species,Alloprevotella sp. HMT 913,25,25,25,3.2596037593920087e-10,3.7271705129466346e-10,3.928832619749455e-4,1.5194972893281736e-4,0.7672483874902132,-4.6756675355462595e-11,2.4093353304212813e-4,Abscess,0.8055196847284423
species,Alloprevotella sp. HMT 914,25,25,25,1.1382227192168834e-9,8.484011659151965e-10,0.0014647595466002969,2.955998084038415e-4,0.05608292288228483,2.89821553301687e-10,0.0011691597381964553,Plaque,0.11611715814970583
species,Alloprevotella tannerae,25,25,25,5.841973980986649e-10,0.0023631354581175107,5.931954745458674e-4,0.009298111865808971,1.8841157194807015e-5,-0.0023631348739201127,-0.008704916391263104,Abscess,0.0083277914801047
species,Anaerococcus prevotii,25,25,25,7.044981505904076e-11,9.793358738491423e-11,1.7491843329093397e-10,1.1877640076763898e-4,0.05963483009045978,-2.7483772325873474e-11,-1.1877622584920569e-4,Abscess,0.11611715814970583
species,Anaeroglobus geminatus,25,25,25,1.8545304227427851e-10,2.861066140191477e-10,6.617710801343503e-5,2.4693426820395197e-4,0.10073067103920602,-1.006535717448692e-10,-1.8075716019051694e-4,Abscess,0.1795280508037462
species,Anaerolineae G-1 bacterium HMT 439,25,25,25,3.522490752952038e-11,5.3025072869699766e-11,8.745921664546699e-11,3.821854915206175e-5,0.03135383035982697,-1.7800165340179388e-11,-3.82184616928451e-5,Abscess,0.09557512426926566
species,Arachnia propionica,25,25,25,8.530844024583744e-4,6.445563206097366e-10,0.0017903897881469495,8.837595487890518e-4,0.03828109212703915,8.530837579020538e-4,9.066302393578977e-4,Plaque,0.10439943889636202
species,Arachnia rubra,25,25,25,7.044981505904076e-11,9.793358738491423e-11,1.4900716015453386e-4,4.119958995826881e-5,0.23645102010844776,-2.7483772325873474e-11,1.0780757019626505e-4,Abscess,0.3196065776389416
species,Bacteroidales G-2 bacterium HMT 274,25,25,25,1.0800591959896494e-9,4.027180606777442e-9,0.0013818334088432204,0.0216875059694576,0.03135383035982697,-2.947121410787793e-9,-0.020305672560614378,Abscess,0.09557512426926566
species,Bacteroides zoogleoformans,25,25,25,7.044981505904076e-11,1.0605014573939953e-10,1.7491843329093397e-10,7.768479986634549e-5,0.04086222382142676,-3.5600330680358776e-11,-7.76846249479122e-5,Abscess,0.10439943889636202
species,Bacteroidetes G-3 bacterium HMT 280,25,25,25,3.522490752952038e-11,5.3025072869699766e-11,8.745921664546699e-11,4.855297022402699e-5,0.04086222382142676,-1.7800165340179388e-11,-4.8552882764810346e-5,Abscess,0.10439943889636202
species,Bacteroidetes G-3 bacterium HMT 281,25,25,25,1.0567472258856114e-10,1.7166396841148864e-10,2.6237764993640093e-10,2.1142395748432942e-4,0.0033586245961058263,-6.59892458229275e-11,-2.114236951066795e-4,Abscess,0.030927334822474485
species,Bacteroidetes G-3 bacterium HMT 365,25,25,25,7.044981505904076e-11,1.144426456076591e-10,1.7491843329093397e-10,0.0024380372710999993,0.004342697474441258,-4.399283054861834e-11,-0.002438037096181566,Abscess,0.03554578303153771
species,Bacteroidetes G-3 bacterium HMT 503,25,25,25,3.522490752952038e-11,5.3025072869699766e-11,8.745921664546699e-11,2.9590558839759357e-4,0.013307365386794041,-1.7800165340179388e-11,-2.9590550093837694e-4,Abscess,0.05655630289387467
species,Bacteroidetes G-3 bacterium HMT 899,25,25,25,1.408996301180815e-10,2.288852912153182e-10,3.4983686658186794e-10,4.710626446329911e-4,0.0018011458336810678,-8.798566109723668e-11,-4.7106229479612453e-4,Abscess,0.025680853499581678
species,Bacteroidetes G-5 bacterium HMT 505,25,25,25,3.522490752952038e-11,5.3025072869699766e-11,8.745921664546699e-11,2.2939596195839662e-6,0.013307365386794041,-1.7800165340179388e-11,-2.293872160367321e-6,Abscess,0.05655630289387467
species,Bacteroidetes G-5 bacterium HMT 511,25,25,25,4.746603859551653e-10,9.651074429249176e-10,8.155966027462257e-5,0.01383413876729291,0.010583547137015176,-4.904470569697524e-10,-0.013752579107018287,Abscess,0.05655630289387467
species,Bifidobacterium breve,25,25,25,3.522490752952038e-11,5.3025072869699766e-11,8.745921664546699e-11,2.0879586983430884e-4,0.04086222382142676,-1.7800165340179388e-11,-2.0879578237509218e-4,Abscess,0.10439943889636202
species,Bifidobacterium dentium,25,25,25,2.023717741796597e-10,2.861066140191477e-10,3.768670507994203e-4,0.0025559855812529748,0.3602782576952348,-8.373483983948801e-11,-0.0021791185304535546,Abscess,0.442341638614705
species,Bosea vestrisii,25,25,25,1.0567472258856114e-10,1.5973587912628433e-10,8.57107770369081e-6,2.4035070124271384e-4,0.1064375040898226,-5.4061156537723194e-11,-2.3177962353902303e-4,Abscess,0.18595010595929481
species,Brucella anthropi,25,25,25,3.522490752952038e-11,5.3025072869699766e-11,8.745921664546699e-11,1.7089126208195664e-4,0.013307365386794041,-1.7800165340179388e-11,-1.7089117462274e-4,Abscess,0.05655630289387467
species,Bulleidia extructa,25,25,25,1.0567472258856114e-10,1.7166396841148864e-10,2.6237764993640093e-10,7.123196530770566e-4,0.043589346935158674,-6.59892458229275e-11,-7.123193906994066e-4,Abscess,0.10585984255681391
species,Butyrivibrio sp. HMT 080,25,25,25,1.7612453764760188e-10,2.861066140191477e-10,4.372960832273349e-10,0.002403176025354848,0.010583547137015176,-1.0998207637154583e-10,-0.002403175588058765,Abscess,0.05655630289387467
species,Butyrivibrio sp. HMT 455,25,25,25,3.522490752952038e-11,5.3025072869699766e-11,8.745921664546699e-11,3.4408800444980655e-6,0.013307365386794041,-1.7800165340179388e-11,-3.44079258528142e-6,Abscess,0.05655630289387467
species,Campylobacter concisus,25,25,25,8.456232781725145e-4,9.110231207572059e-10,0.0028720419944348132,0.0016288017498225947,0.1186179505292976,8.456223671493938e-4,0.0012432402446122186,Plaque,0.20165051589980593
species,Campylobacter curvus,25,25,25,1.0953701214349968e-10,1.7166396841148864e-10,1.3799015331879732e-5,4.992382114952742e-4,0.014344089427169355,-6.212695626798896e-11,-4.854391961633945e-4,Abscess,0.05925315445615752
species,Campylobacter gracilis,25,25,25,0.004067108397867848,0.0012987016183841587,0.007609844011757998,0.012362683142119104,0.4352140532775755,0.002768406779483689,-0.004752839130361106,Plaque,0.5102509590150884
species,Campylobacter rectus,25,25,25,7.835460585170683e-4,1.3985983090790419e-8,0.005132029631652178,0.008820965241257696,0.8086544789363024,7.835320725339775e-4,-0.003688935609605518,Plaque,0.8390264781451776
species,Capnocytophaga endodontalis,25,25,25,9.248059593637176e-10,1.477104397294727e-9,0.004997243305389869,0.0022760719197075733,0.553882691983272,-5.522984379310095e-10,0.0027211713856822957,Abscess,0.6229418571414916
species,Capnocytophaga gingivalis,25,25,25,6.299958894538933e-4,4.611559733712957e-9,0.0031033234825374053,0.0021903964068146833,0.6091890876160863,6.299912778941596e-4,9.129270757227219e-4,Plaque,0.6748410444268425
species,Capnocytophaga granulosa,25,25,25,0.0030888437892473814,1.4171470767334315e-9,0.005622918047260769,0.00178344206881871,0.001643305863882038,0.0030888423721003046,0.0038394759784420593,Plaque,0.025680853499581678
species,Capnocytophaga haemolytica,25,25,25,1.408996301180815e-10,1.9586717476982846e-10,5.067800241588867e-4,4.750790230625476e-10,0.24727350200082499,-5.496754465174695e-11,5.067795490798636e-4,Abscess,0.32920146953121876
species,Capnocytophaga leadbetteri,25,25,25,0.003597789836114387,7.804178010898851e-9,0.006919591477742677,0.002756911792753075,0.013307365386794041,0.003597782031936376,0.004162679684989602,Plaque,0.05655630289387467
species,Capnocytophaga sp. HMT 323,25,25,25,8.592199310797695e-10,7.728433388505835e-10,0.001722675408522505,9.636359839195589e-4,0.5184309864979647,8.637659222918596e-11,7.590394246029461e-4,Plaque,0.5936437721038871
species,Capnocytophaga sp. HMT 324,25,25,25,1.6189741934372776e-10,2.1210029147879906e-10,4.263258015094593e-4,6.428781741262474e-4,0.16176518497788714,-5.02028721350713e-11,-2.1655237261678813e-4,Abscess,0.2457051950523234
species,Capnocytophaga sp. HMT 332,25,25,25,1.6189741934372776e-10,1.9586717476982846e-10,3.4662118854182194e-4,4.750790230625476e-10,0.9142910652076613,-3.3969755426100697e-11,3.466207134627989e-4,Abscess,0.9311443567322265
species,Capnocytophaga sp. HMT 335,25,25,25,1.408996301180815e-10,2.1210029147879906e-10,0.0017315298316923592,6.0719299257669886e-5,0.1251049578534359,-7.120066136071755e-11,0.0016708105324346892,Abscess,0.20556279320155638
species,Capnocytophaga sp. HMT 336,25,25,25,4.047435483593195e-10,5.944948760389103e-10,6.617666773640383e-4,0.0025799639146264247,0.02381004514554109,-1.897513276795908e-10,-0.0019181972372623863,Abscess,0.08221906214319658
species,Capnocytophaga sp. HMT 338,25,25,25,1.1127182536456712e-10,3.036743735857353e-10,4.997419329259601e-4,0.002244282076878676,0.06729929952386755,-1.9240254822116817e-10,-0.0017445401439527158,Abscess,0.12766648235858136
species,Capnocytophaga sp. HMT 412,25,25,25,3.725261439305153e-10,3.9173434953965697e-10,0.0019724722663178604,6.326683853916192e-4,0.29400806311173816,-1.9208205609141692e-11,0.0013398038809262413,Abscess,0.38221048204525965
species,Capnocytophaga sp. HMT 863,25,25,25,7.302467476233312e-11,9.793358738491423e-11,1.936871616510034e-5,2.375395115312738e-10,0.4352140532775755,-2.4908912622581107e-11,1.9368478625588806e-5,Abscess,0.5102509590150884
species,Capnocytophaga sp. HMT 864,25,25,25,2.999785364114306e-10,3.711755100878984e-10,0.005069810058336182,7.146084825412263e-4,0.7467838959725029,-7.119697367646779e-11,0.004355201575794956,Abscess,0.7915551127574252
species,Capnocytophaga sp. HMT 878,25,25,25,7.418121690971141e-11,1.0605014573939953e-10,8.758728210828302e-5,9.926384495713269e-5,0.1064375040898226,-3.1868928829688124e-11,-1.1676562848849669e-5,Abscess,0.18595010595929481
species,Capnocytophaga sp. HMT 901,25,25,25,1.0953701214349968e-10,1.4690038107737133e-10,7.717472748362548e-5,3.5630926729691064e-10,0.16998484708770295,-3.7363368933871654e-11,7.717437117435818e-5,Abscess,0.2512819478687783
species,Capnocytophaga sp. HMT 902,25,25,25,1.2142306450779583e-10,1.4690038107737133e-10,2.693380711900105e-4,6.326882305144198e-4,0.9785339807274146,-2.5477316569575503e-11,-3.6335015932440927e-4,Abscess,0.9874703641130532
species,Capnocytophaga sp. HMT 903,25,25,25,3.522490752952038e-11,4.8966793692457115e-11,8.745921664546699e-11,2.128413372488153e-4,0.05963483009045978,-1.3741886162936737e-11,-2.1284124978959864e-4,Abscess,0.11611715814970583
species,Capnocytophaga sputigena,25,25,25,0.006657508403702035,2.8405853794129356e-9,0.016458215794072993,0.007681101928986122,0.00472473171731758,0.006657505563116655,0.008777113865086872,Plaque,0.03663739331674334
species,Cardiobacterium hominis,25,25,25,0.005085640419841656,7.449442646767084e-9,0.009510400294758884,0.005698635554583547,0.2699475363986631,0.005085632970399009,0.0038117647401753373,Plaque,0.3572359613419434
species,Cardiobacterium valvarum,25,25,25,9.248059593637176e-10,7.438771964497839e-10,0.0016127017070712607,0.002257556191955736,0.6473709883196748,1.8092876291393372e-10,-6.448544848844753e-4,Plaque,0.7065135230550526
species,Catonella morbi,25,25,25,3.942823455175843e-9,9.748825905610696e-4,0.004129755403037068,0.002576044178456203,0.37457943471589183,-9.748786477376144e-4,0.001553711224580865,Abscess,0.45484645644072574
species,Catonella sp. HMT 451,25,25,25,3.522490752952038e-11,5.3245293042094776e-11,8.745921664546699e-11,1.0279807104686338e-4,0.0077267098093745405,-1.8020385512574398e-11,-1.0279798358764674e-4,Abscess,0.04878865336776495
species,Centipeda periodontii,25,25,25,1.1127182536456712e-10,1.4690038107737133e-10,9.676838870951409e-5,2.108517167559626e-4,0.19651934789959508,-3.5628555712804214e-11,-1.1408332804644851e-4,Abscess,0.28201802523253583
species,Cloacibacterium normanense,25,25,25,3.522490752952038e-11,5.3025072869699766e-11,8.745921664546699e-11,5.506504976846611e-5,0.043589346935158674,-1.7800165340179388e-11,-5.5064962309249464e-5,Abscess,0.10585984255681391
species,Cloacibacterium sp. HMT 206,25,25,25,7.418121690971141e-11,1.0605014573939953e-10,9.935841703031362e-5,3.5657705949877294e-4,0.3602782576952348,-3.1868928829688124e-11,-2.572186424684593e-4,Abscess,0.442341638614705
species,Clostridiales F-1G-1 bacterium HMT 093,25,25,25,3.522490752952038e-11,5.3025072869699766e-11,8.745921664546699e-11,3.344763866047594e-5,0.04086222382142676,-1.7800165340179388e-11,-3.344755120125929e-5,Abscess,0.10439943889636202
species,Clostridiales F-1G-2 bacterium HMT 402,25,25,25,7.044981505904076e-11,9.793358738491423e-11,1.7491843329093397e-10,4.666230166484732e-5,0.05963483009045978,-2.7483772325873474e-11,-4.6662126746414025e-5,Abscess,0.11611715814970583
species,Clostridiales F-3G-1 bacterium HMT 876,25,25,25,1.4604934952466625e-10,2.288852912153182e-10,0.005900950498303471,0.001641059605497646,0.11239768319071032,-8.283594169065194e-11,0.004259890892805825,Abscess,0.19181380683511182
species,Colibacter massiliensis,25,25,25,1.8256168690583281e-10,2.861066140191477e-10,1.1212573872710745e-4,2.1834868046984921e-4,0.09004973040401204,-1.035449271133149e-10,-1.0622294174274176e-4,Abscess,0.1644709952007162
species,Corynebacterium aurimucosum,25,25,25,7.302467476233312e-11,9.793358738491423e-11,9.36296904752583e-6,2.375395115312738e-10,0.553882691983272,-2.4908912622581107e-11,9.362731508014298e-6,Abscess,0.6229418571414916
species,Corynebacterium coyleae,25,25,25,3.651233738116656e-11,4.8966793692457115e-11,9.581183593951209e-5,1.187697557656369e-10,0.14623118542852132,-1.2454456311290553e-11,9.581171716975633e-5,Abscess,0.22838934261274355
species,Corynebacterium durum,25,25,25,5.876593316775697e-4,4.1614641322723713e-10,0.004596619264985175,3.7722159888756867e-4,0.0012429801513024257,5.876589155311564e-4,0.0042193976660976065,Plaque,0.02497260122162146
species,Corynebacterium matruchotii,25,25,25,0.0064290170494242255,1.3473908432146758e-8,0.008640021497468628,0.0035160405820566765,0.0018011458336810678,0.006429003575515793,0.005123980915411951,Plaque,0.025680853499581678
species,Corynebacterium simulans,25,25,25,3.522490752952038e-11,5.3025072869699766e-11,8.745921664546699e-11,4.5958909155616117e-05,0.05608292288228483,-1.7800165340179388e-11,-4.595882169639947e-5,Abscess,0.11611715814970583
species,Corynebacterium striatum,25,25,25,7.418121690971141e-11,9.793358738491423e-11,1.7253885721608882e-5,2.375395115312738e-10,0.34632479159403856,-2.3752370475202822e-11,1.725364818209735e-5,Abscess,0.4324168301823871
species,Corynebacterium tuberculostearicum,25,25,25,3.522490752952038e-11,5.3025072869699766e-11,8.745921664546699e-11,6.0842298068085985e-5,0.04086222382142676,-1.7800165340179388e-11,-6.084221060886934e-5,Abscess,0.10439943889636202
species,Cryptobacterium curtum,25,25,25,1.2142306450779583e-10,1.7166396841148864e-10,0.0010367984641451574,0.0010143463097568124,0.31946605111818105,-5.024090390369281e-11,2.2452154388345053e-5,Abscess,0.40692793831191937
species,Cutibacterium avidum,25,25,25,3.522490752952038e-11,4.8966793692457115e-11,8.745921664546699e-11,3.046276137574216e-4,0.05963483009045978,-1.3741886162936737e-11,-3.0462752629820496e-4,Abscess,0.11611715814970583
species,Cutibacterium sp. HMT 193,25,25,25,3.522490752952038e-11,4.8966793692457115e-11,8.745921664546699e-11,2.8119472952760116e-4,0.05963483009045978,-1.3741886162936737e-11,-2.8119464206838454e-4,Abscess,0.11611715814970583
species,Desulfobulbus sp. HMT 041,25,25,25,1.0567472258856114e-10,1.5973587912628433e-10,2.6237764993640093e-10,4.65351472225676e-4,0.012337440392892186,-5.4061156537723194e-11,-4.653512098480261e-4,Abscess,0.05655630289387467
species,Desulfovibrio fairfieldensis,25,25,25,3.522490752952038e-11,5.3025072869699766e-11,8.745921664546699e-11,2.805287738777913e-5,0.04086222382142676,-1.7800165340179388e-11,-2.8052789928562484e-5,Abscess,0.10439943889636202
species,Desulfovibrio sp. HMT 040,25,25,25,3.522490752952038e-11,5.3025072869699766e-11,8.745921664546699e-11,1.9421259351464254e-5,0.04086222382142676,-1.7800165340179388e-11,-1.9421171892247607e-5,Abscess,0.10439943889636202
species,Dialister invisus,25,25,25,5.587892158957729e-10,0.005607690321431174,0.0014698850400586667,0.015833088537198687,0.0019728131686076234,-0.005607689762641957,-0.01436320349714002,Abscess,0.02642374001589605
species,Dialister micraerophilus,25,25,25,3.522490752952038e-11,4.8966793692457115e-11,8.745921664546699e-11,6.575120912818348e-5,0.05963483009045978,-1.3741886162936737e-11,-6.575112166896684e-5,Abscess,0.11611715814970583
species,Dialister pneumosintes,25,25,25,2.5558636166816595e-10,7.953639062356221e-10,2.42550754253769e-5,0.00532117504006595,0.006060223136318077,-5.397775445674562e-10,-0.005296919964640573,Abscess,0.04251775597226333
species,Dialister sp. HMT 119,25,25,25,1.0953701214349968e-10,1.590752186090993e-10,8.550165962082342e-5,1.0520882576874444e-5,0.1251049578534359,-4.9538206465599626e-11,7.498077704394898e-5,Abscess,0.20556279320155638
species,Dietzia cinnamea,25,25,25,3.522490752952038e-11,5.3025072869699766e-11,8.745921664546699e-11,6.927347543135982e-5,0.04086222382142676,-1.7800165340179388e-11,-6.927338797214318e-5,Abscess,0.10439943889636202
species,Eggerthia catenaformis,25,25,25,3.522490752952038e-11,5.3025072869699766e-11,8.745921664546699e-11,2.4277157957660307e-4,0.027358330156160644,-1.7800165340179388e-11,-2.4277149211738642e-4,Abscess,0.08957319947424448
species,Eikenella corrodens,25,25,25,0.0010125564412920922,1.087798684839255e-8,0.0019702323761864424,0.002330085289249671,0.5720430567000259,0.001012545563305244,-3.5985291306322867e-4,Plaque,0.6401089393959782
species,Eikenella sp. HMT 011,25,25,25,3.522490752952038e-11,4.8966793692457115e-11,2.094139631549847e-5,1.187697557656369e-10,0.24727350200082499,-1.3741886162936737e-11,2.0941277545742704e-5,Abscess,0.32920146953121876
species,Enterobacter cancerogenus,25,25,25,3.522490752952038e-11,4.8966793692457115e-11,2.042115867742465e-4,1.187697557656369e-10,0.07142542948962954,-1.3741886162936737e-11,2.0421146800449073e-4,Abscess,0.1326472261950263
species,Enterococcus casseliflavus,25,25,25,3.522490752952038e-11,5.3025072869699766e-11,8.745921664546699e-11,4.1559626187150375e-6,0.043589346935158674,-1.7800165340179388e-11,-4.155875159498392e-6,Abscess,0.10585984255681391
species,Erysipelothrix tonsillarum,25,25,25,3.7090608454855704e-11,4.8966793692457115e-11,1.129108542424024e-5,1.187697557656369e-10,0.4352140532775755,-1.1876185237601411e-11,1.1290966654484474e-5,Abscess,0.5102509590150884
species,Erysipelotrichaceae G-1 bacterium HMT 905,25,25,25,7.044981505904076e-11,1.0649058608418955e-10,1.7491843329093397e-10,4.7976633462892734e-4,0.0071304167510327955,-3.6040771025148796e-11,-4.7976615971049403e-4,Abscess,0.04634770888171317
species,Fannyhessea sp. HMT 416,25,25,25,3.170241677656834e-10,4.79207637378853e-10,7.871329498092028e-10,0.006527389447280622,0.009792728891719199,-1.621834696131696e-10,-0.006527388660147672,Abscess,0.05655630289387467
species,Fastidiosipila sanguinis,25,25,25,3.522490752952038e-11,5.3025072869699766e-11,8.745921664546699e-11,2.4935181863511407e-5,0.043589346935158674,-1.7800165340179388e-11,-2.493509440429476e-5,Abscess,0.10585984255681391
species,Filifactor alocis,25,25,25,1.0567472258856114e-10,1.757880874390191e-10,2.6237764993640093e-10,0.0035495430686968885,0.013307365386794041,-7.011336485045795e-11,-0.0035495428063192385,Abscess,0.05655630289387467
species,Fretibacterium fastidiosum,25,25,25,3.5224907529520377e-10,1.012247911952451e-9,2.3368770516113072e-5,0.001565924653087327,0.002362005714419646,-6.599988366572471e-10,-0.001542555882571214,Abscess,0.02821639258847253
species,Fretibacterium sp. HMT 358,25,25,25,1.408996301180815e-10,2.343841165853588e-10,3.4983686658186794e-10,2.446366818886737e-4,0.009792728891719199,-9.348448646727729e-11,-2.446363320518071e-4,Abscess,0.05655630289387467
species,Fretibacterium sp. HMT 359,25,25,25,1.0567472258856114e-10,1.7834846281167306e-10,2.6237764993640093e-10,0.0038468177325913355,7.699877290820853e-4,-7.267374022311192e-11,-0.0038468174702136855,Abscess,0.02430961258959155
species,Fretibacterium sp. HMT 360,25,25,25,2.4657435270664265e-10,4.1614641322723713e-10,6.122145165182689e-10,0.0013227005899930982,0.0013651372044563726,-1.6957206052059448e-10,-0.0013226999777785817,Abscess,0.025680853499581678
species,Fretibacterium sp. HMT 361,25,25,25,3.522490752952038e-11,5.3025072869699766e-11,8.745921664546699e-11,2.2939596195839662e-6,0.013307365386794041,-1.7800165340179388e-11,-2.293872160367321e-6,Abscess,0.05655630289387467
species,Fretibacterium sp. HMT 362,25,25,25,3.522490752952038e-11,5.3025072869699766e-11,8.745921664546699e-11,1.3763163868724966e-5,0.013307365386794041,-1.7800165340179388e-11,-1.376307640950832e-5,Abscess,0.05655630289387467
species,Fusobacterium hwasookii,25,25,25,3.190804676797341e-9,5.061239559762255e-10,0.002696077348128804,5.762626696776123e-4,0.05963483009045978,2.6846807208211155e-9,0.0021198146784511913,Plaque,0.11611715814970583
species,Fusobacterium naviforme,25,25,25,2.700147989974124e-10,3.7274925278912505e-4,0.0042117415214720354,0.0041671059323613365,0.16176518497788714,-3.7274898277432606e-4,4.4635589110698926e-5,Abscess,0.2457051950523234
species,Fusobacterium nucleatum,25,25,25,0.0489978498960535,0.09093506081744285,0.06738212499660133,0.13247772328566185,0.014344089427169355,-0.04193721092138935,-0.06509559828906052,Abscess,0.05925315445615752
species,Fusobacterium periodonticum,25,25,25,0.0070779971537717,4.77225655827298e-10,0.009474829960331327,8.372064648078391e-4,0.0010283872597180606,0.0070779966765460445,0.008637623495523487,Plaque,0.02497260122162146
species,Fusobacterium sp. HMT 203,25,25,25,5.421382250866784e-9,8.166293747826226e-10,0.0020278216128890724,0.003512909557120607,0.38922638005384175,4.6047528760841616e-9,-0.0014850879442315345,Plaque,0.4713371506405426
species,Fusobacterium sp. HMT 204,25,25,25,3.651233738116656e-11,4.8966793692457115e-11,7.100713534404357e-5,1.187697557656369e-10,0.16998484708770295,-1.2454456311290553e-11,7.10070165742878e-5,Abscess,0.2512819478687783
species,Fusobacterium sp. HMT 248,25,25,25,1.3969730397394323e-10,1.590752186090993e-10,0.0011497091087444172,8.272585832547533e-4,0.8295682827366371,-1.9377914635156074e-11,3.224505254896639e-4,Abscess,0.8547067155468382
species,Fusobacterium sp. HMT 370,25,25,25,7.302467476233312e-11,9.793358738491423e-11,2.5874410973513775e-6,6.866796275971079e-6,0.11239768319071032,-2.4908912622581107e-11,-4.279355178619701e-6,Abscess,0.19181380683511182
species,Gemella haemolysans,25,25,25,0.0042355889463212195,2.7686866671594917e-9,0.01058726714908364,0.010077155624613615,0.049506374398531235,0.004235586177634552,5.101115244700253e-4,Plaque,0.11611715814970583
species,Gemella morbillorum,25,25,25,0.0019714186275289706,4.966295097844723e-9,0.005034243830164638,0.0013357404085959188,6.982359291750456e-4,0.0019714136612338728,0.0036985034215687197,Plaque,0.02374002159195155
species,Gemella sanguinis,25,25,25,1.7141630652081748e-10,2.1210029147879906e-10,5.819399962492572e-4,1.5477443996074025e-4,0.4841898201149805,-4.068398495798158e-11,4.2716555628851695e-4,Abscess,0.5587778080700297
species,Gracilibacteria (GN02) G-1 bacterium HMT 871,25,25,25,8.094870967186388e-11,9.793358738491423e-11,4.793699874346725e-4,2.375395115312738e-10,0.8295682827366371,-1.6984877713050348e-11,4.7936974989516094e-4,Abscess,0.8547067155468382
species,Gracilibacteria (GN02) G-1 bacterium HMT 872,25,25,25,4.188261771256365e-10,4.242005829575982e-10,2.7065564330060985e-4,1.0559595004251626e-4,0.46754050852235185,-5.374405831961697e-12,1.6505969325809357e-4,Abscess,0.5423960755036208
species,Gracilibacteria (GN02) G-2 bacterium HMT 873,25,25,25,7.302467476233312e-11,1.0605014573939953e-10,3.6001759143330334e-5,6.473951066747693e-6,0.19651934789959508,-3.302547097706641e-11,2.952780807658264e-5,Abscess,0.28201802523253583
species,Granulicatella adiacens,25,25,25,0.005877272784409821,0.0017736803680124711,0.008779144972199764,0.00886763082050241,0.29400806311173816,0.00410359241639735,-8.848584830264614e-5,Plaque,0.38221048204525965
species,Granulicatella elegans,25,25,25,0.00228070176731736,5.196732384980326e-10,0.005379819383691053,0.0017039665767468542,0.0036614408124745223,0.0022807012476441214,0.003675852806944199,Plaque,0.03236713678227478
species,Haemophilus aegyptius,25,25,25,7.418121690971141e-11,9.793358738491423e-11,5.626440397037256e-6,2.375395115312738e-10,0.31946605111818105,-2.3752370475202822e-11,5.626202857525725e-6,Abscess,0.40692793831191937
species,Haemophilus haemolyticus,25,25,25,4.467126547516277e-9,4.1614641322723713e-10,0.006297832262085439,0.002844001069762092,0.6281556537099864,4.05098013428904e-9,0.003453831192323347,Plaque,0.6923810447376907
species,Haemophilus influenzae,25,25,25,3.522490752952038e-11,5.3245293042094776e-11,8.745921664546699e-11,8.894123908684012e-5,0.02381004514554109,-1.8020385512574398e-11,-8.894115162762348e-5,Abscess,0.08221906214319658
species,Haemophilus parainfluenzae,25,25,25,0.02169425552771327,0.0018559783016668093,0.037499791161625835,0.009154922378800168,0.00018397579608998401,0.01983827722604646,0.028344868782825668,Plaque,0.02011856296022116
species,Haemophilus paraphrohaemolyticus,25,25,25,7.825281194616073e-10,6.445563206097366e-10,8.498042060419348e-4,5.206645218842704e-4,0.7467838959725029,1.3797179885187067e-10,3.2913968415766443e-4,Plaque,0.7915551127574252
species,Haemophilus pittmaniae,25,25,25,2.023717741796597e-10,2.448339684622856e-10,9.04777639128837e-5,4.4445015119647503e-4,0.5011554794782094,-4.246219428262589e-11,-3.5397238728359135e-4,Abscess,0.5768508383577307
species,Haemophilus sp. HMT 036,25,25,25,0.0018901044705299833,7.728433388505835e-10,0.004791771314084796,0.005615591494732295,0.15384919853794518,0.0018901036976866445,-8.23820180647499e-4,Plaque,0.23693848694693997
species,Haemophilus sp. HMT 908,25,25,25,4.467126547516277e-9,4.1614641322723713e-10,0.0012943063280578884,5.749030394216268e-4,0.16176518497788714,4.05098013428904e-9,7.194032886362617e-4,Plaque,0.2457051950523234
species,Haemophilus sputorum,25,25,25,7.418121690971141e-11,9.793358738491423e-11,9.462383276504909e-5,2.375395115312738e-10,0.686504181787592,-2.3752370475202822e-11,9.462359522553756e-5,Abscess,0.7455401679364021
species,Janibacter indicus,25,25,25,3.651233738116656e-11,4.8966793692457115e-11,1.889995646476168e-5,1.187697557656369e-10,0.16998484708770295,-1.2454456311290553e-11,1.8899837695005915e-5,Abscess,0.2512819478687783
species,Johnsonella ignava,25,25,25,3.1411963284422735e-10,4.4543420442688507e-10,1.9519151275819747e-4,0.0017055174537264949,0.06729929952386755,-1.3131457158265772e-10,-0.0015103259409682975,Abscess,0.12766648235858136
species,Kingella denitrificans,25,25,25,7.979391909230586e-4,6.681513066403276e-10,0.0034600112544695126,7.137075075396189e-4,0.14623118542852132,7.97938522771752e-4,0.0027463037469298937,Plaque,0.22838934261274355
species,Kingella oralis,25,25,25,0.0034200562866977123,3.272084243006672e-9,0.008926180913622819,0.001955141023975794,8.485353611475582e-4,0.0034200530146134694,0.0069710398896470245,Plaque,0.02497260122162146
species,Kingella sp. HMT 012,25,25,25,1.4836243381942282e-10,2.129811721683791e-10,2.701561227881047e-4,2.8732033304734874e-4,0.1251049578534359,-6.461873834895629e-11,-1.7164210259244057e-5,Abscess,0.20556279320155638
species,Kingella sp. HMT 932,25,25,25,3.651233738116656e-11,4.8966793692457115e-11,1.8632822493262348e-6,1.187697557656369e-10,0.22596783720051722,-1.2454456311290553e-11,1.8631634795704693e-6,Abscess,0.31017945354853604
species,Klebsiella pneumoniae,25,25,25,1.408996301180815e-10,2.1210029147879906e-10,3.4983686658186794e-10,0.0035741783004568975,0.02381004514554109,-7.120066136071755e-11,-0.003574177950620031,Abscess,0.08221906214319658
species,Kocuria rhizophila,25,25,25,3.522490752952038e-11,5.3025072869699766e-11,8.745921664546699e-11,3.428583052366975e-5,0.043589346935158674,-1.7800165340179388e-11,-3.42857430644531e-5,Abscess,0.10585984255681391
species,Lachnoanaerobaculum orale,25,25,25,2.225436507291342e-10,3.1947175825256867e-10,4.3663054022741133e-4,2.239989804015597e-4,0.5904816173489397,-9.692810752343446e-11,2.1263155982585163e-4,Abscess,0.6590729163339175
species,Lachnoanaerobaculum saburreum,25,25,25,0.0016642731520522959,1.3363026132806557e-9,0.004016799378561318,0.002115321056445791,0.19651934789959508,0.0016642718157496826,0.0019014783221155272,Plaque,0.28201802523253583
species,Lachnoanaerobaculum sp. HMT 089,25,25,25,3.522490752952038e-11,5.3025072869699766e-11,8.745921664546699e-11,1.0877565139631897e-4,0.03135383035982697,-1.7800165340179388e-11,-1.0877556393710233e-4,Abscess,0.09557512426926566
species,Lachnoanaerobaculum umeaense,25,25,25,0.002069813180300536,5.856982234630425e-10,0.00305785053611829,7.995900308745017e-4,0.022190716370158223,0.0020698125946023126,0.0022582605052437884,Plaque,0.08106030277363582
species,Lachnospiraceae G-2 bacterium HMT 088,25,25,25,1.6189741934372776e-10,1.9586717476982846e-10,1.1909466703682365e-4,2.3331507141690957e-5,0.9570834959029937,-3.3969755426100697e-11,9.57631598951327e-5,Abscess,0.9680341079842637
species,Lachnospiraceae G-2 bacterium HMT 096,25,25,25,1.1127182536456712e-10,1.4690038107737133e-10,7.636251654850213e-5,3.5630926729691064e-10,0.6281556537099864,-3.5628555712804214e-11,7.636216023923483e-5,Abscess,0.6923810447376907
species,Lachnospiraceae G-3 bacterium HMT 100,25,25,25,8.934253095032557e-9,8.322928264544746e-10,0.002053587293380496,8.477163324665406e-4,0.3602782576952348,8.101960268578083e-9,0.0012058709609139556,Plaque,0.442341638614705
species,Lachnospiraceae G-7 bacterium HMT 163,25,25,25,7.044981505904076e-11,1.144426456076591e-10,1.7491843329093397e-10,1.9725570633447265e-4,0.0018011458336810678,-4.399283054861834e-11,-1.9725553141603937e-4,Abscess,0.025680853499581678
species,Lachnospiraceae G-8 bacterium HMT 500,25,25,25,1.408996301180815e-10,2.1210029147879906e-10,3.4983686658186794e-10,2.477352868604687e-4,0.013307365386794041,-7.120066136071755e-11,-2.4773493702360215e-4,Abscess,0.05655630289387467
species,Lacticaseibacillus casei,25,25,25,2.596342591839899e-10,4.1614641322723713e-10,1.3947657971263117e-4,0.016538972351556904,0.043589346935158674,-1.5651215404324723e-10,-0.016399495771844273,Abscess,0.10585984255681391
species,Lacticaseibacillus paracasei,25,25,25,1.0953701214349968e-10,1.5973587912628433e-10,5.412249409638696e-6,3.3487054854738725e-5,0.05963483009045978,-5.0198866982784656e-11,-2.807480544510003e-5,Abscess,0.11611715814970583
species,Lactobacillus acidophilus,25,25,25,3.522490752952038e-11,5.3025072869699766e-11,8.745921664546699e-11,1.61178523577613e-4,0.04086222382142676,-1.7800165340179388e-11,-1.6117843611839635e-4,Abscess,0.10439943889636202
species,Lactobacillus crispatus,25,25,25,7.044981505904076e-11,1.0605014573939953e-10,1.7491843329093397e-10,1.195115893775904e-4,0.03828109212703915,-3.5600330680358776e-11,-1.195114144591571e-4,Abscess,0.10439943889636202
species,Lactobacillus gasseri,25,25,25,2.920986990493325e-10,4.755959008311282e-10,7.313161028714329e-5,0.008107624818241916,0.002820365595679961,-1.8349720178179566e-10,-0.008034493207954773,Abscess,0.02833185439296688
species,Lactobacillus ultunensis,25,25,25,3.522490752952038e-11,4.8966793692457115e-11,8.745921664546699e-11,0.003201608701157822,0.05963483009045978,-1.3741886162936737e-11,-0.0032016086136986053,Abscess,0.11611715814970583
species,Lancefieldella parvula,25,25,25,2.7939460794788646e-10,3.566969256233461e-10,4.812337463735998e-4,8.31644431225792e-4,0.14623118542852132,-7.730231767545966e-11,-3.504106848521922e-4,Abscess,0.22838934261274355
species,Lancefieldella rimae,25,25,25,2.833204838515236e-10,4.100754740218579e-9,2.783320722337877e-4,0.008140491876775622,0.003988882964141757,-3.817434256367055e-9,-0.007862159804541835,Abscess,0.03390550519520493
species,Lancefieldella sp. HMT 199,25,25,25,1.408996301180815e-10,2.377979504155641e-10,3.4983686658186794e-10,0.0010841691917923841,0.002820365595679961,-9.689832029748257e-11,-0.0010841688419555176,Abscess,0.02833185439296688
species,Lautropia mirabilis,25,25,25,0.023558793980175952,2.401870633556596e-8,0.04451938929926129,0.012009681839526153,0.00018397579608998401,0.023558769961469616,0.03250970745973514,Plaque,0.02011856296022116
species,Lawsonella clevelandensis,25,25,25,3.522490752952038e-11,5.3025072869699766e-11,8.745921664546699e-11,1.1634744409463286e-4,0.04086222382142676,-1.7800165340179388e-11,-1.1634735663541622e-4,Abscess,0.10439943889636202
species,Lentilactobacillus buchneri,25,25,25,7.044981505904076e-11,1.0649058608418955e-10,1.7491843329093397e-10,2.1775258142822172e-4,0.02553090234439121,-3.6040771025148796e-11,-2.1775240650978843e-4,Abscess,0.08680506797093011
species,Leptotrichia buccalis,25,25,25,0.00111002320745031,8.322928264544746e-10,0.004740498893720927,0.0012344954833456855,0.0025818996630628077,0.0011100223751574836,0.0035060034103752418,Plaque,0.02833185439296688
species,Leptotrichia hofstadii,25,25,25,6.383514621700792e-4,6.389435165051372e-10,0.002731604134439205,3.27341732072531e-4,0.043589346935158674,6.383508232265627e-4,0.0024042624023666737,Plaque,0.10585984255681391
species,Leptotrichia hongkongensis,25,25,25,0.010732421940616433,7.804178010898851e-9,0.012884828694155241,0.009253665847340647,0.21582066439530526,0.010732414136438422,0.0036311628468145944,Plaque,0.3037985148494424
species,Leptotrichia shahii,25,25,25,0.004794186129538421,2.3860917187068663e-9,0.018549303591665903,0.003196546630674905,0.049506374398531235,0.004794183743446703,0.015352756960990999,Plaque,0.11611715814970583
species,Leptotrichia sp. HMT 212,25,25,25,5.743448418235214e-9,9.110231207572059e-10,0.0027383160005617084,0.0025671189280729615,0.4195470302522532,4.832425297478009e-9,1.7119707248874688e-4,Plaque,0.4971576068940909
species,Leptotrichia sp. HMT 215,25,25,25,7.751409569859227e-4,5.324529304209477e-10,0.0025006734060181485,2.2936473836476424e-4,0.010583547137015176,7.751404245329923e-4,0.002271308667653384,Plaque,0.05655630289387467
species,Leptotrichia sp. HMT 217,25,25,25,3.651233738116656e-11,4.8966793692457115e-11,3.0093786349935133e-5,1.187697557656369e-10,0.22596783720051722,-1.2454456311290553e-11,3.0093667580179367e-5,Abscess,0.31017945354853604
species,Leptotrichia sp. HMT 218,25,25,25,7.044981505904076e-11,1.0605014573939953e-10,4.339496109628717e-4,6.616801272206186e-5,0.07142542948962954,-3.5600330680358776e-11,3.6778159824080983e-4,Abscess,0.1326472261950263
species,Leptotrichia sp. HMT 223,25,25,25,3.522490752952038e-11,4.8966793692457115e-11,1.98942521593894e-4,1.187697557656369e-10,0.24727350200082499,-1.3741886162936737e-11,1.9894240282413822e-4,Abscess,0.32920146953121876
species,Leptotrichia sp. HMT 225,25,25,25,3.664729049849319e-10,3.4276755584719984e-10,0.0022585748384903333,2.3972200994877265e-4,0.30656198305521637,2.370534913773207e-11,0.0020188528285415607,Plaque,0.39389650148373734
species,Leptotrichia sp. HMT 392,25,25,25,4.188261771256365e-10,4.2596234433675826e-10,0.002338115539369159,6.038670666339444e-4,0.16176518497788714,-7.136167211121778e-12,0.0017342484727352148,Abscess,0.2457051950523234
species,Leptotrichia sp. HMT 417,25,25,25,6.899941046557725e-9,8.010985192536134e-10,0.008707774203056667,0.003702187158439843,0.40421659764097384,6.098842527304112e-9,0.005005587044616824,Plaque,0.4828749625873255
species,Leptotrichia sp. HMT 463,25,25,25,3.651233738116656e-11,4.8966793692457115e-11,3.5437341844613576e-5,1.187697557656369e-10,0.16998484708770295,-1.2454456311290553e-11,3.5437223074857814e-5,Abscess,0.2512819478687783
species,Leptotrichia sp. HMT 498,25,25,25,0.0010237431013406578,5.324529304209477e-10,0.0030683113054566155,3.880048304942909e-4,0.014344089427169355,0.0010237425688877273,0.0026803064749623246,Plaque,0.05925315445615752
species,Leptotrichia sp. HMT 879,25,25,25,1.408996301180815e-10,2.288852912153182e-10,5.519956335614846e-4,8.67041511214893e-5,0.01143066708051777,-8.798566109723668e-11,4.6529148243999534e-4,Abscess,0.05655630289387467
species,Leptotrichia wadei,25,25,25,3.2861103643049903e-10,4.79207637378853e-10,0.0043598846038646775,0.0034100406868697204,0.6091890876160863,-1.5059660094835397e-10,9.498439169949571e-4,Abscess,0.6748410444268425
species,Ligilactobacillus salivarius,25,25,25,3.522490752952038e-11,4.8966793692457115e-11,8.745921664546699e-11,1.455086255492049e-4,0.05963483009045978,-1.3741886162936737e-11,-1.4550853808998823e-4,Abscess,0.11611715814970583
species,Limosilactobacillus fermentum,25,25,25,1.2142306450779583e-10,1.5973587912628433e-10,3.42833337652121e-4,3.980926121244566e-5,0.6473709883196748,-3.8312814618488505e-11,3.030240764396754e-4,Abscess,0.7065135230550526
species,Limosilactobacillus oris,25,25,25,2.4284612901559166e-10,3.1947175825256867e-10,2.284543413545441e-4,3.779674377561868e-5,0.1318652478093649,-7.662562923697701e-11,1.9065759757892542e-4,Abscess,0.21507173258944384
species,Limosilactobacillus reuteri clade 938,25,25,25,3.522490752952038e-11,5.3025072869699766e-11,8.745921664546699e-11,7.655251559957828e-4,0.03583990438424873,-1.7800165340179388e-11,-7.655250685365662e-4,Abscess,0.10439943889636202
species,Limosilactobacillus vaginalis,25,25,25,1.0567472258856114e-10,1.4690038107737133e-10,1.8626569574175697e-5,0.0015101930838508078,0.05963483009045978,-4.122565848881019e-11,-0.001491566514276632,Abscess,0.11611715814970583
species,Listeria monocytogenes,25,25,25,3.522490752952038e-11,4.8966793692457115e-11,8.745921664546699e-11,4.259635320343159e-5,0.05963483009045978,-1.3741886162936737e-11,-4.259626574421494e-5,Abscess,0.11611715814970583
species,Megasphaera micronuciformis,25,25,25,4.079966930034128e-10,1.249857566941692e-9,3.070292797901146e-4,0.0019099483427202437,0.02381004514554109,-8.418608739382792e-10,-0.0016029190629301292,Abscess,0.08221906214319658
species,Mesorhizobium japonicum,25,25,25,3.522490752952038e-11,4.8966793692457115e-11,8.745921664546699e-11,3.2813895091705995e-5,0.05963483009045978,-1.3741886162936737e-11,-3.281380763248935e-5,Abscess,0.11611715814970583
species,Microbacterium flavescens,25,25,25,1.4604934952466625e-10,2.1210029147879906e-10,5.069652288355044e-4,3.5152678196335427e-4,0.19651934789959508,-6.605094195413282e-11,1.5543844687215016e-4,Abscess,0.28201802523253583
species,Mitsuokella sp. HMT 131,25,25,25,7.044981505904076e-11,9.793358738491423e-11,8.376698460946023e-6,1.395696215932689e-4,0.21582066439530526,-2.7483772325873474e-11,-1.3119292313232286e-4,Abscess,0.3037985148494424
species,Mitsuokella sp. HMT 521,25,25,25,3.522490752952038e-11,5.3025072869699766e-11,7.120053757057484e-5,6.459247073367393e-5,0.07142542948962954,-1.7800165340179388e-11,6.608066836900911e-6,Abscess,0.1326472261950263
species,Mogibacterium timidum,25,25,25,7.044981505904076e-11,1.171920582926794e-10,1.7491843329093397e-10,2.250105104283909e-4,0.013307365386794041,-4.6742243233638645e-11,-2.2501033550995761e-4,Abscess,0.05655630289387467
species,Mogibacterium vescum,25,25,25,1.2142306450779583e-10,1.4690038107737133e-10,2.972580447601513e-4,1.5407531821742308e-4,0.3602782576952348,-2.5477316569575503e-11,1.4318272654272824e-4,Abscess,0.442341638614705
species,Mycolicibacterium neoaurum,25,25,25,3.522490752952038e-11,5.3025072869699766e-11,8.745921664546699e-11,8.557855603997848e-5,0.05608292288228483,-1.7800165340179388e-11,-8.557846858076184e-5,Abscess,0.11611715814970583
species,Mycoplasma faucium,25,25,25,3.522490752952038e-11,5.3025072869699766e-11,8.745921664546699e-11,6.042144502395994e-5,0.04086222382142676,-1.7800165340179388e-11,-6.042135756474329e-5,Abscess,0.10439943889636202
species,Mycoplasma salivarium,25,25,25,1.408996301180815e-10,2.377979504155641e-10,3.4983686658186794e-10,0.0023212758632422466,0.0055813771699792705,-9.689832029748257e-11,-0.00232127551340538,Abscess,0.040442109985751436
species,Neisseria cinerea,25,25,25,3.018481089637032e-4,1.0700907768700389e-9,0.0055059038575601465,0.005069293750774212,0.16998484708770295,3.018470388729263e-4,4.3661010678593473e-4,Plaque,0.2512819478687783
species,Neisseria elongata,25,25,25,9.309104445469189e-4,3.7271705129466346e-10,0.0030695854904624668,0.0022257912297167742,0.02381004514554109,9.309100718298675e-4,8.437942607456925e-4,Plaque,0.08221906214319658
species,Neisseria flava,25,25,25,0.04387572344842236,0.0013733148372433374,0.06289854967572572,0.011200524395568337,6.32739428044683e-4,0.04250240861117902,0.051698025280157385,Plaque,0.023305902266312493
species,Neisseria flavescens,25,25,25,3.304692042614498e-10,2.861066140191477e-10,0.0034447396438467993,0.0012537537285082893,1,4.4362590242302086e-11,0.00219098591533851,Plaque,1
species,Neisseria oralis,25,25,25,1.7793581447090374e-9,4.1017220402437794e-10,0.001957820139057526,5.049275232010987e-4,0.15384919853794518,1.3691859406846595e-9,0.001452892615856427,Plaque,0.23693848694693997
species,Neisseria perflava,25,25,25,2.7961342273999157e-9,5.832758015666975e-10,0.00291134500111001,0.005507672560529776,0.37457943471589183,2.2128584258332183e-9,-0.002596327559419766,Plaque,0.45484645644072574
species,Neisseria sp. HMT 018,25,25,25,7.044981505904076e-11,1.0605014573939953e-10,7.450697797043596e-6,1.131453429013186e-4,0.14623118542852132,-3.5600330680358776e-11,-1.05694645104275e-4,Abscess,0.22838934261274355
species,Neisseria sp. HMT 499,25,25,25,7.302467476233312e-11,9.793358738491423e-11,6.111240462233014e-4,2.375395115312738e-10,0.4512134700129799,-2.4908912622581107e-11,0.00061112380868378995,Abscess,0.524832509857203
species,Neisseria sp. HMT 523,25,25,25,7.044981505904076e-11,1.0605014573939953e-10,1.7491843329093397e-10,3.056323419541487e-4,0.013307365386794041,-3.5600330680358776e-11,-3.056321670357154e-4,Abscess,0.05655630289387467
species,Neisseria subflava,25,25,25,5.877303567330545e-5,5.832758015666975e-10,0.003618666318228812,9.740488822578284e-4,0.05963483009045978,5.8772452397503884e-5,0.002644617435970984,Plaque,0.11611715814970583
species,Neisseria weaveri,25,25,25,1.2142306450779583e-10,1.4690038107737133e-10,2.0089789757127663e-5,3.5630926729691064e-10,0.8506035603712152,-2.5477316569575503e-11,2.0089433447860365e-5,Abscess,0.8723126999630559
species,Olsenella profusa,25,25,25,2.1134944517712225e-10,3.181504372181986e-10,5.247552998728019e-10,0.0021557957883048644,0.009055004653889823,-1.0680099204107635e-10,-0.0021557952635495644,Abscess,0.055587667458601414
species,Olsenella sp. HMT 807,25,25,25,2.1427038315102185e-10,3.7119517035573756e-10,6.833004466059155e-4,8.286106412526474e-4,0.6473709883196748,-1.5692478720471571e-10,-1.4531019464673184e-4,Abscess,0.7065135230550526
species,Olsenella uli,25,25,25,1.0567472258856114e-10,1.7834846281167306e-10,2.6237764993640093e-10,0.0011821101517691078,0.002820365595679961,-7.267374022311192e-11,-0.0011821098893914578,Abscess,0.02833185439296688
species,Oribacterium asaccharolyticum,25,25,25,2.023717741796597e-10,2.651253643484988e-10,0.0010182002895899277,4.595938423463919e-5,0.4512134700129799,-6.275359016883913e-11,9.722409053552885e-4,Abscess,0.524832509857203
species,Oribacterium parvum,25,25,25,3.651233738116656e-11,4.8966793692457115e-11,4.309508835640473e-5,1.187697557656369e-10,0.1389052348020827,-1.2454456311290553e-11,4.309496958664897e-5,Abscess,0.22244968761782807
species,Oribacterium sinus,25,25,25,2.0941308856281824e-10,2.288852912153182e-10,5.190319167439089e-4,9.221067723382914e-5,0.7878764949099475,-1.9472202652499948e-11,4.268212395100797e-4,Abscess,0.8232657464543659
species,Oribacterium sp. HMT 078,25,25,25,2.596342591839899e-10,0.0011476939420200613,3.1640853427803876e-4,0.009165003751956514,0.0021593840822676834,-0.0011476936823858021,-0.008848595217678475,Abscess,0.0272699361246376
species,Paenibacillus glucanolyticus,25,25,25,3.522490752952038e-11,4.8966793692457115e-11,8.745921664546699e-11,6.328383024780265e-5,0.05963483009045978,-1.3741886162936737e-11,-6.328374278858601e-5,Abscess,0.11611715814970583
species,Paracoccus yeei,25,25,25,3.522490752952038e-11,5.3025072869699766e-11,8.745921664546699e-11,2.805206475023085e-5,0.043589346935158674,-1.7800165340179388e-11,-2.8051977291014204e-5,Abscess,0.10585984255681391
species,Parascardovia denticolens,25,25,25,7.044981505904076e-11,1.144426456076591e-10,1.7491843329093397e-10,0.004921773047582701,0.006575766114271244,-4.399283054861834e-11,-0.004921772872664268,Abscess,0.0433804272016103
species,Parvimonas micra,25,25,25,4.656576799131441e-10,3.938561985138422e-4,0.009709924145877968,0.010244384630929743,0.23645102010844776,-3.938557328561623e-4,-5.344604850517753e-4,Abscess,0.3196065776389416
species,Parvimonas sp. HMT 110,25,25,25,5.914235182763764e-9,7.133938512466924e-10,0.006476693949040628,0.007510430145143351,0.7467838959725029,5.200841331517072e-9,-0.001033736196102723,Plaque,0.7915551127574252
species,Pedobacter sp. HMT 318,25,25,25,3.522490752952038e-11,4.8966793692457115e-11,8.745921664546699e-11,3.9835915067670347e-4,0.05963483009045978,-1.3741886162936737e-11,-3.9835906321748684e-4,Abscess,0.11611715814970583
species,Peptidiphaga gingivicola,25,25,25,1.1127182536456712e-10,1.590752186090993e-10,7.247207079971375e-4,2.984823744134328e-4,0.15384919853794518,-4.7803393244532186e-11,4.2623833358370467e-4,Abscess,0.23693848694693997
species,Peptidiphaga sp. HMT 183,25,25,25,4.979724396573865e-10,4.1614641322723713e-10,0.011610727203153806,9.396865069559926e-4,0.07142542948962954,8.182602643014941e-11,0.010671040696197813,Plaque,0.1326472261950263
species,Peptococcus sp. HMT 167,25,25,25,2.9672486763884563e-10,2.013590303388721e-9,2.0665726918792367e-4,0.0037259997556046693,6.32739428044683e-4,-1.7168654357498755e-9,-0.003519342486416746,Abscess,0.023305902266312493
species,Peptococcus sp. HMT 168,25,25,25,3.1411963284422735e-10,3.1947175825256867e-10,1.537061961733891e-4,3.071200843520865e-4,0.686504181787592,-5.35212540834132e-12,-1.534138881786974e-4,Abscess,0.7455401679364021
species,Peptoniphilaceae G-3 bacterium HMT 929,25,25,25,3.522490752952038e-11,4.8966793692457115e-11,8.745921664546699e-11,6.363127514119739e-6,0.05963483009045978,-1.3741886162936737e-11,-6.3630400549030935e-6,Abscess,0.11611715814970583
species,Peptoniphilus lacrimalis,25,25,25,3.522490752952038e-11,5.3245293042094776e-11,8.745921664546699e-11,2.0298846940628769e-4,0.02381004514554109,-1.8020385512574398e-11,-2.0298838194707103e-4,Abscess,0.08221906214319658
species,Peptoniphilus sp. HMT 187,25,25,25,3.522490752952038e-11,4.8966793692457115e-11,8.745921664546699e-11,1.0817126742394328e-4,0.05963483009045978,-1.3741886162936737e-11,-1.0817117996472664e-4,Abscess,0.11611715814970583
species,Peptoniphilus sp. HMT 375,25,25,25,7.044981505904076e-11,9.793358738491423e-11,1.7491843329093397e-10,5.623894590552023e-4,0.05963483009045978,-2.7483772325873474e-11,-5.623892841367691e-4,Abscess,0.11611715814970583
species,Peptoniphilus sp. HMT 386,25,25,25,3.522490752952038e-11,4.8966793692457115e-11,8.745921664546699e-11,8.696123827606339e-5,0.05963483009045978,-1.3741886162936737e-11,-8.696115081684675e-5,Abscess,0.11611715814970583
species,Peptostreptococcaceae G-1 Eubacterium infirmum,25,25,25,7.044981505904076e-11,2.024495823904902e-10,1.7491843329093397e-10,0.0017425546614036256,6.32739428044683e-4,-1.3199976733144945e-10,-0.0017425544864851923,Abscess,0.023305902266312493
species,Peptostreptococcaceae G-1 Eubacterium sulci,25,25,25,1.6189741934372776e-10,2.129811721683791e-10,0.0011636207202923641,1.0124674840246146e-4,0.28180362857627694,-5.108375282465134e-11,0.0010623739718899027,Abscess,0.37070596378188814
species,Peptostreptococcaceae G-2 bacterium HMT 091,25,25,25,7.044981505904076e-11,1.144426456076591e-10,1.7491843329093397e-10,5.274924209076943e-5,0.009055004653889823,-4.399283054861834e-11,-5.2749067172336133e-5,Abscess,0.055587667458601414
species,Peptostreptococcaceae G-4 bacterium HMT 369,25,25,25,7.044981505904076e-11,1.4847806814229503e-10,1.7491843329093397e-10,5.454955218003349e-4,0.0010283872597180606,-7.802825308325428e-11,-5.454953468819017e-4,Abscess,0.02497260122162146
species,Peptostreptococcaceae G-5 Eubacterium saphenum,25,25,25,3.522490752952038e-11,5.3025072869699766e-11,8.745921664546699e-11,1.2947545824228089e-5,0.04086222382142676,-1.7800165340179388e-11,-1.2947458365011443e-5,Abscess,0.10439943889636202
species,Peptostreptococcaceae G-5 bacterium HMT 493,25,25,25,7.044981505904076e-11,1.0605014573939953e-10,1.7491843329093397e-10,1.5139373362817274e-4,0.013307365386794041,-3.5600330680358776e-11,-1.5139355870973946e-4,Abscess,0.05655630289387467
species,Peptostreptococcaceae G-6 Eubacterium nodatum,25,25,25,3.522490752952038e-11,5.722132280382955e-11,8.745921664546699e-11,3.3066462059407666e-4,0.016633281854241188,-2.199641527430917e-11,-3.3066453313486003e-4,Abscess,0.06564205874620184
species,Peptostreptococcaceae G-7 Eubacterium yurii subsps. yurii & margaretiae,25,25,25,2.255642445794646e-4,8.201509480437157e-9,7.229563029134734e-4,0.0031464293982235354,0.18735684085687884,2.2555604306998418e-4,-0.002423473095310062,Plaque,0.27421100549251803
species,Peptostreptococcaceae G-7 bacterium HMT 081,25,25,25,3.522490752952038e-11,4.8966793692457115e-11,8.745921664546699e-11,2.7474583086696476e-4,0.05963483009045978,-1.3741886162936737e-11,-2.7474574340774813e-4,Abscess,0.11611715814970583
species,Peptostreptococcaceae G-9 Eubacterium brachy,25,25,25,1.4836243381942282e-10,4.5449366070606976e-10,2.8343899983882513e-4,0.0019167324175049982,0.03828109212703915,-3.061312268866469e-10,-0.001633293417666173,Abscess,0.10439943889636202
species,Peptostreptococcus stomatis,25,25,25,1.0848735901110963e-8,0.0017142860292541097,0.010304235265005549,0.016885882608839387,0.07142542948962954,-0.0017142751805182086,-0.006581647343833838,Abscess,0.1326472261950263
species,Porphyromonas asaccharolytica,25,25,25,3.522490752952038e-11,4.8966793692457115e-11,8.745921664546699e-11,3.499655997097743e-4,0.05963483009045978,-1.3741886162936737e-11,-3.4996551225055766e-4,Abscess,0.11611715814970583
species,Porphyromonas catoniae,25,25,25,0.001259991582034152,1.619596659123922e-9,0.003177571637836564,0.0013436132942277767,0.03583990438424873,0.001259989962437493,0.0018339583436087874,Plaque,0.10439943889636202
species,Porphyromonas endodontalis,25,25,25,3.170241677656834e-10,1.022610736588657e-9,7.871329498092028e-10,0.011267862805928643,3.827330184225845e-4,-7.055865688229735e-10,-0.011267862018795694,Abscess,0.023305902266312493
species,Porphyromonas gingivalis,25,25,25,3.522490752952038e-11,5.3025072869699766e-11,8.745921664546699e-11,0.0013121662285622616,0.03135383035982697,-1.7800165340179388e-11,-0.0013121661411030449,Abscess,0.09557512426926566
species,Porphyromonas pasteri,25,25,25,0.007540726724173498,4.2788793947010324e-9,0.016958832365491328,0.0025593360791508805,0.003078784932796158,0.007540722445294103,0.014399496286340447,Plaque,0.029583107397736993
species,Porphyromonas sp. HMT 275,25,25,25,2.999785364114306e-10,3.7271705129466346e-10,9.995646965781269e-4,3.5782740404291725e-4,0.34632479159403856,-7.273851488323286e-11,6.417372925352097e-4,Abscess,0.4324168301823871
species,Porphyromonas sp. HMT 277,25,25,25,3.522490752952038e-11,5.722132280382955e-11,2.094218344844828e-6,8.443579993653115e-4,0.04086222382142676,-2.199641527430917e-11,-8.422637810204667e-4,Abscess,0.10439943889636202
species,Porphyromonas sp. HMT 278,25,25,25,1.5251641240363178e-9,3.566969256233461e-10,0.0015066520880699197,5.704375263489245e-4,0.33272043464084833,1.1684671984129718e-9,9.362145617209951e-4,Plaque,0.41898128806625345
species,Porphyromonas sp. HMT 284,25,25,25,2.1907402428699938e-10,3.181504372181986e-10,0.0013853852298715318,0.002408120657957116,0.15384919853794518,-9.907641293119923e-11,-0.0010227354280855842,Abscess,0.23693848694693997
species,Porphyromonas sp. HMT 930,25,25,25,0.0016541354961727118,6.445563206097366e-10,0.003476644820166779,0.002961919361179455,0.04646863371012922,0.0016541348516163912,5.14725458987324e-4,Plaque,0.11102235729663305
species,Porphyromonas uenonis,25,25,25,1.408996301180815e-10,2.288852912153182e-10,3.4983686658186794e-10,0.0035068346241314717,0.029297524005665328,-8.798566109723668e-11,-0.003506834274294605,Abscess,0.09452193876280346
species,Prevotella aurantiaca,25,25,25,3.522490752952038e-11,4.8966793692457115e-11,8.745921664546699e-11,5.0482661938136074e-5,0.05963483009045978,-1.3741886162936737e-11,-5.048257447891943e-5,Abscess,0.11611715814970583
species,Prevotella baroniae,25,25,25,1.0567472258856114e-10,1.7166396841148864e-10,2.6237764993640093e-10,0.0016636323219975594,0.015451411063142588,-6.59892458229275e-11,-0.0016636320596199094,Abscess,0.0626561806413672
species,Prevotella bivia,25,25,25,3.522490752952038e-11,4.8966793692457115e-11,8.745921664546699e-11,8.435839510432919e-4,0.05963483009045978,-1.3741886162936737e-11,-8.435838635840753e-4,Abscess,0.11611715814970583
species,Prevotella buccae,25,25,25,2.920986990493325e-10,4.577705824306363e-10,1.0447972618506032e-5,9.118591927734583e-4,0.012337440392892186,-1.6567188338130378e-10,-9.014112201549523e-4,Abscess,0.05655630289387467
species,Prevotella buccalis,25,25,25,3.522490752952038e-11,4.8966793692457115e-11,8.745921664546699e-11,1.3574430531618716e-4,0.05963483009045978,-1.3741886162936737e-11,-1.357442178569705e-4,Abscess,0.11611715814970583
species,Prevotella dentalis,25,25,25,7.044981505904076e-11,1.0649058608418955e-10,1.7491843329093397e-10,1.4446098024994928e-4,0.0077267098093745405,-3.6040771025148796e-11,-1.44460805331516e-4,Abscess,0.04878865336776495
species,Prevotella denticola,25,25,25,5.587892158957729e-10,5.260266003038008e-4,0.006839445807984281,0.011348732116257266,0.09004973040401204,-5.260260415145849e-4,-0.004509286308272986,Abscess,0.1644709952007162
species,Prevotella enoeca,25,25,25,1.408996301180815e-10,2.288852912153182e-10,3.4983686658186794e-10,7.51339955619238e-5,0.002820365595679961,-8.798566109723668e-11,-7.51336457250572e-5,Abscess,0.02833185439296688
species,Prevotella fusca,25,25,25,1.0567472258856114e-10,1.590752186090993e-10,2.6237764993640093e-10,6.296266015470795e-4,0.03583990438424873,-5.3400496020538164e-11,-6.296263391694295e-4,Abscess,0.10439943889636202
species,Prevotella histicola,25,25,25,2.3282883995657205e-10,5.681170758825872e-10,3.0360453193537776e-4,0.003451068517304439,0.027358330156160644,-3.352882359260152e-10,-0.003147463985369061,Abscess,0.08957319947424448
species,Prevotella intermedia,25,25,25,2.5558636166816595e-10,3.7271705129466346e-10,1.1753794277385995e-5,0.006023461365749862,0.06337137131277046,-1.1713068962649751e-10,-0.006011707571472476,Abscess,0.12231504856001985
species,Prevotella jejuni,25,25,25,7.302467476233312e-11,9.793358738491423e-11,5.580135834404815e-4,2.375395115312738e-10,0.37457943471589183,-2.4908912622581107e-11,5.5801334590097e-4,Abscess,0.45484645644072574
species,Prevotella koreensis,25,25,25,7.044981505904076e-11,1.0605014573939953e-10,1.7491843329093397e-10,7.9964739630776e-4,0.03135383035982697,-3.5600330680358776e-11,-7.996472213893267e-4,Abscess,0.09557512426926566
species,Prevotella loescheii,25,25,25,7.044981505904076e-11,1.0605014573939953e-10,1.7491843329093397e-10,2.3889834076336244e-4,0.04646863371012922,-3.5600330680358776e-11,-2.3889816584492915e-4,Abscess,0.11102235729663305
species,Prevotella maculosa,25,25,25,1.4939173189721598e-9,1.912827978907018e-4,7.400568494998282e-4,0.003065619272012382,0.016633281854241188,-1.9128130397338283e-4,-0.002325562422512554,Abscess,0.06564205874620184
species,Prevotella marshii,25,25,25,2.023717741796597e-10,2.861066140191477e-10,1.2023041033688912e-4,3.746701228465181e-4,0.23645102010844776,-8.373483983948801e-11,-2.5443971250962896e-4,Abscess,0.3196065776389416
species,Prevotella melaninogenica,25,25,25,0.007724415728049671,1.8179746428242796e-9,0.012580989768975811,0.005047660131414524,0.04086222382142676,0.007724413910075028,0.007533329637561287,Plaque,0.10439943889636202
species,Prevotella micans,25,25,25,2.3282883995657205e-10,5.061239559762255e-10,8.383582042285907e-4,0.0011221501091180528,0.23645102010844776,-2.732951160196534e-10,-2.837919048894621e-4,Abscess,0.3196065776389416
species,Prevotella multiformis,25,25,25,1.408996301180815e-10,2.129811721683791e-10,3.4983686658186794e-10,7.428810451162813e-4,0.019237250787199386,-7.208154205029759e-11,-7.428806952794147e-4,Abscess,0.07330055903398387
species,Prevotella nanceiensis,25,25,25,6.381609353594683e-9,5.324529304209477e-10,0.001361561452525305,0.003487450013573048,0.5360092697932004,5.8491564231737355e-9,-0.0021258885610477432,Plaque,0.6059235223749222
species,Prevotella nigrescens,25,25,25,3.382498321727573e-4,0.01893095509868428,0.005716442966369484,0.034255538127202514,0.0019728131686076234,-0.018592705266511522,-0.02853909516083303,Abscess,0.02642374001589605
species,Prevotella oralis,25,25,25,7.044981505904076e-11,1.0605014573939953e-10,7.931435820708086e-6,2.0781594639911673e-6,0.09527036954999807,-3.5600330680358776e-11,5.853276356716918e-6,Abscess,0.17257993172581618
species,Prevotella oris,25,25,25,2.9571175913818868e-8,0.008935065833703857,0.0037817829521809266,0.016434583412003382,0.0012429801513024257,-0.008935036262527942,-0.012652800459822455,Abscess,0.02497260122162146
species,Prevotella oulorum,25,25,25,1.9144828060784056e-8,2.3309971817984027e-8,0.0023489919400306626,0.004123705334183622,0.14623118542852132,-4.165143757199972e-9,-0.0017747133941529592,Abscess,0.22838934261274355
species,Prevotella pallens,25,25,25,8.10044396992237e-10,6.363008744363973e-10,9.473035706407306e-4,7.403139997258872e-4,0.935664046257304,1.7374352255583964e-10,0.00020698957091484337,Plaque,0.9507207090706399
species,Prevotella pleuritidis,25,25,25,1.408996301180815e-10,2.377979504155641e-10,9.252911703823576e-5,0.002102262749833816,0.0025818996630628077,-9.689832029748257e-11,-0.00200973363279558,Abscess,0.02833185439296688
species,Prevotella saccharolytica,25,25,25,3.0503282480726353e-9,6.389435165051372e-10,0.0014011717001010168,0.005857121203690315,0.22596783720051722,2.411384731567498e-9,-0.004455949503589299,Plaque,0.31017945354853604
species,Prevotella salivae,25,25,25,6.402502795594969e-10,6.681513066403276e-10,0.0018885854791953034,0.003896960346692491,0.7063989674926868,-2.7901027080830726e-11,-0.002008374867497188,Abscess,0.7633944832072557
species,Prevotella scopos,25,25,25,3.522490752952038e-11,5.3025072869699766e-11,8.745921664546699e-11,2.0780406942354018e-6,0.043589346935158674,-1.7800165340179388e-11,-2.0779532350187564e-6,Abscess,0.10585984255681391
species,Prevotella shahii,25,25,25,3.651233738116656e-11,4.8966793692457115e-11,1.5065017553918725e-4,1.187697557656369e-10,0.16998484708770295,-1.2454456311290553e-11,1.5065005676943147e-4,Abscess,0.2512819478687783
species,Prevotella sp. HMT 292,25,25,25,7.047215606422585e-10,4.3038561978847215e-4,3.8623565494436504e-4,0.005242109581170223,0.0014982845247894579,-4.3038491506691153e-4,-0.004855873926225858,Abscess,0.025680853499581678
species,Prevotella sp. HMT 293,25,25,25,7.302467476233312e-11,1.0605014573939953e-10,1.9192843207259105e-6,6.473951066747693e-6,0.1064375040898226,-3.302547097706641e-11,-4.554666746021782e-6,Abscess,0.18595010595929481
species,Prevotella sp. HMT 300,25,25,25,2.833204838515236e-10,3.4276755584719984e-10,9.675875934717211e-5,9.349037239184886e-4,0.5720430567000259,-5.944707199567623e-11,-8.381449645713165e-4,Abscess,0.6401089393959782
species,Prevotella sp. HMT 301,25,25,25,7.418121690971141e-11,1.0649058608418955e-10,4.0890193732712195e-5,8.432785841711527e-5,0.029297524005665328,-3.2309369174478144e-11,-4.3437664684403076e-5,Abscess,0.09452193876280346
species,Prevotella sp. HMT 304,25,25,25,3.522490752952038e-11,5.3025072869699766e-11,8.745921664546699e-11,8.329669780811496e-5,0.03135383035982697,-1.7800165340179388e-11,-8.329661034889832e-5,Abscess,0.09557512426926566
species,Prevotella sp. HMT 306,25,25,25,1.1127182536456712e-10,1.590752186090993e-10,8.94734188718015e-5,0.0010572366031824155,0.1251049578534359,-4.7803393244532186e-11,-9.67763184310614e-4,Abscess,0.20556279320155638
species,Prevotella sp. HMT 309,25,25,25,3.522490752952038e-11,4.8966793692457115e-11,4.188349230473011e-6,1.187697557656369e-10,0.24727350200082499,-1.3741886162936737e-11,4.188230460717245e-6,Abscess,0.32920146953121876
species,Prevotella sp. HMT 314,25,25,25,4.190919119218297e-10,4.79207637378853e-10,8.693779976028205e-4,5.897249289110674e-4,0.4512134700129799,-6.011572545702331e-11,2.7965306869175306e-4,Abscess,0.524832509857203
species,Prevotella sp. HMT 315,25,25,25,7.044981505904076e-11,1.1889897520778204e-10,1.7491843329093397e-10,3.8868018449395307e-4,0.005136937937857957,-4.844916014874128e-11,-0.00038868000957551977,Abscess,0.037842109475553616
species,Prevotella sp. HMT 317,25,25,25,8.465570853493985e-4,1.3473908432146758e-8,0.006828126087597678,0.004345462941501527,0.5184309864979647,8.465436114409664e-4,0.0024826631460961503,Plaque,0.5936437721038871
species,Prevotella sp. HMT 376,25,25,25,3.522490752952038e-11,5.3025072869699766e-11,8.745921664546699e-11,4.899810643937884e-5,0.03135383035982697,-1.7800165340179388e-11,-4.899801898016219e-5,Abscess,0.09557512426926566
species,Prevotella sp. HMT 396,25,25,25,7.044981505904076e-11,1.0605014573939953e-10,8.134226153370358e-5,6.69511789162517e-6,0.1251049578534359,-3.5600330680358776e-11,7.464714364207841e-5,Abscess,0.20556279320155638
species,Prevotella sp. HMT 443,25,25,25,1.7612453764760188e-10,2.6622646521047387e-10,4.372960832273349e-10,4.4235921765381996e-4,0.016633281854241188,-9.010192756287199e-11,-4.423587803577367e-4,Abscess,0.06564205874620184
species,Prevotella sp. HMT 472,25,25,25,1.0210574965751495e-8,1.619596659123922e-9,0.004581075415100335,0.00728117362093353,1,8.590978306627573e-9,-0.002700098205833195,Plaque,1
species,Prevotella sp. HMT 475,25,25,25,1.0953701214349968e-10,1.590752186090993e-10,2.0475120466990393e-5,0.0010397732032969994,0.09527036954999807,-4.9538206465599626e-11,-0.001019298082830009,Abscess,0.17257993172581618
species,Prevotella sp. HMT 942,25,25,25,1.408996301180815e-10,1.9586717476982846e-10,9.418624492965913e-4,4.750790230625476e-10,0.5360092697932004,-5.496754465174695e-11,9.418619742175682e-4,Abscess,0.6059235223749222
species,Prevotella veroralis,25,25,25,1.8256168690583281e-10,2.972474380194551e-10,3.82939469079611e-4,0.004410119672810693,0.11239768319071032,-1.1468575111362228e-10,-0.004027180203731082,Abscess,0.19181380683511182
species,Propionibacteriaceae G-1 bacterium HMT 915,25,25,25,3.651233738116656e-11,4.8966793692457115e-11,1.3059178640182733e-5,1.187697557656369e-10,0.1389052348020827,-1.2454456311290553e-11,1.3059059870426967e-5,Abscess,0.22244968761782807
species,Propionibacteriaceae G-2 bacterium HMT 192,25,25,25,3.522490752952038e-11,5.3025072869699766e-11,8.745921664546699e-11,3.803497977874364e-5,0.05608292288228483,-1.7800165340179388e-11,-3.803489231952699e-5,Abscess,0.11611715814970583
species,Pseudoleptotrichia goodfellowii,25,25,25,7.65793122431362e-9,7.133938512466924e-10,0.001559885569099455,0.002916437495988398,0.6473709883196748,6.944537373066928e-9,-0.0013565519268889429,Plaque,0.7065135230550526
species,Pseudoleptotrichia sp. HMT 219,25,25,25,2.023717741796597e-10,2.6622646521047387e-10,3.9767232339194626e-4,4.7370760296466824e-4,0.7672483874902132,-6.385469103081418e-11,-7.603527957272197e-5,Abscess,0.8055196847284423
species,Pseudoleptotrichia sp. HMT 221,25,25,25,3.725261439305153e-10,4.242005829575982e-10,8.782874750217139e-4,1.6384496489578983e-4,0.40421659764097384,-5.16744390270829e-11,7.144425101259241e-4,Abscess,0.4828749625873255
species,Pseudoramibacter alactolyticus,25,25,25,7.044981505904076e-11,1.0605014573939953e-10,1.7491843329093397e-10,7.139196539041108e-4,0.027358330156160644,-3.5600330680358776e-11,-7.139194789856775e-4,Abscess,0.08957319947424448
species,Ralstonia pickettii,25,25,25,3.522490752952038e-11,4.8966793692457115e-11,8.745921664546699e-11,1.0096520510651637e-4,0.05963483009045978,-1.3741886162936737e-11,-1.0096511764729973e-4,Abscess,0.11611715814970583
species,Riemerella sp. HMT 322,25,25,25,0.002048894257275515,1.012247911952451e-9,0.004403809215210476,0.0016970146277869571,0.00472473171731758,0.0020488932450276032,0.002706794587423519,Plaque,0.03663739331674334
species,Roseomonas mucosa,25,25,25,1.408996301180815e-10,2.129811721683791e-10,3.4983686658186794e-10,2.3734783812870425e-4,0.022190716370158223,-7.208154205029759e-11,-2.3734748829183766e-4,Abscess,0.08106030277363582
species,Rothia aeria,25,25,25,0.0018496122744220357,5.061239559762255e-10,0.005329527678490619,3.873784689255315e-4,0.0021593840822676834,0.0018496117682980798,0.004942149209565087,Plaque,0.0272699361246376
species,Rothia dentocariosa,25,25,25,0.0014661175876291219,2.377979504155641e-10,0.006013100905402905,0.0019626126629076657,0.006575766114271244,0.0014661173498311715,0.004050488242495239,Plaque,0.0433804272016103
species,Rothia mucilaginosa,25,25,25,2.2853455273509786e-4,7.454341025893267e-10,0.002954311083962222,9.595530935587591e-4,0.1251049578534359,2.2853380730099526e-4,0.001994757990403463,Plaque,0.20556279320155638
species,Ruminococcaceae G-1 bacterium HMT 075,25,25,25,1.9714117275879215e-9,2.129811721683791e-10,0.0025070303373137823,2.6712428143868164e-4,0.03583990438424873,1.7584305554195423e-9,0.002239906055875101,Plaque,0.10439943889636202
species,Ruminococcaceae G-2 bacterium HMT 085,25,25,25,1.2142306450779583e-10,1.4690038107737133e-10,8.850483365054743e-5,3.5630926729691064e-10,0.7672483874902132,-2.5477316569575503e-11,8.850447734128013e-5,Abscess,0.8055196847284423
species,Saccharibacteria (TM7) G-1 bacterium HMT 346,25,25,25,5.758859935477501e-10,1.249857566941692e-9,0.004315385624303361,0.003307627185198019,0.8295682827366371,-6.739715733939419e-10,0.0010077584391053425,Abscess,0.8547067155468382
species,Saccharibacteria (TM7) G-1 bacterium HMT 347,25,25,25,1.2856222989061312e-10,1.4690038107737133e-10,0.0011336827861440457,3.5630926729691064e-10,0.7672483874902132,-1.8338151186758212e-11,0.0011336824298347785,Abscess,0.8055196847284423
species,Saccharibacteria (TM7) G-1 bacterium HMT 348,25,25,25,1.9714117275879215e-9,2.129811721683791e-10,0.005846514856233038,5.739077101237305e-4,0.11239768319071032,1.7584305554195423e-9,0.005272607146109307,Plaque,0.19181380683511182
species,Saccharibacteria (TM7) G-1 bacterium HMT 349,25,25,25,1.4836243381942282e-10,2.1210029147879906e-10,7.817347464040592e-4,2.821921319706412e-4,0.19651934789959508,-6.373785765937625e-11,4.995426144334179e-4,Abscess,0.28201802523253583
species,Saccharibacteria (TM7) G-1 bacterium HMT 352,25,25,25,3.651233738116656e-11,5.3025072869699766e-11,2.294512207300958e-4,4.1558557259348486e-5,0.4841898201149805,-1.6512735488533204e-11,1.878926634707473e-4,Abscess,0.5587778080700297
species,Saccharibacteria (TM7) G-1 bacterium HMT 869,25,25,25,7.302467476233312e-11,9.793358738491423e-11,1.7698224629010616e-4,2.375395115312738e-10,0.28180362857627694,-2.4908912622581107e-11,1.7698200875059463e-4,Abscess,0.37070596378188814
species,Saccharibacteria (TM7) G-1 bacterium HMT 952,25,25,25,1.7141630652081748e-10,2.1210029147879906e-10,8.196756228647125e-4,1.2927281042710988e-4,0.5360092697932004,-4.068398495798158e-11,6.904028124376026e-4,Abscess,0.6059235223749222
species,Saccharibacteria (TM7) G-1 bacterium HMT 957,25,25,25,1.4604934952466625e-10,2.1210029147879906e-10,1.9933796186911607e-4,2.4699592679055024e-4,0.04086222382142676,-6.605094195413282e-11,-4.765796492143417e-5,Abscess,0.10439943889636202
species,Saccharibacteria (TM7) G-2 bacterium HMT 350,25,25,25,3.651233738116656e-11,4.8966793692457115e-11,5.223723931603082e-6,1.187697557656369e-10,0.1389052348020827,-1.2454456311290553e-11,5.223605161847316e-6,Abscess,0.22244968761782807
species,Saccharibacteria (TM7) G-3 bacterium HMT 351,25,25,25,5.948445676706096e-10,5.350453884350192e-10,9.994872513328487e-4,0.001933524987738526,0.40421659764097384,5.979917923559041e-11,-9.340377364056773e-4,Plaque,0.4828749625873255
species,Saccharibacteria (TM7) G-4 bacterium HMT 355,25,25,25,7.302467476233312e-11,1.0605014573939953e-10,4.168753018153358e-4,8.831311025789723e-5,0.1785136580054106,-3.302547097706641e-11,3.2856219155743855e-4,Abscess,0.26213633501126743
species,Saccharibacteria (TM7) G-5 bacterium HMT 356,25,25,25,7.302467476233312e-11,1.0649058608418955e-10,2.400590522227407e-4,5.2268142446724665e-5,0.14623118542852132,-3.346591132185643e-11,1.8779090977601604e-4,Abscess,0.22838934261274355
species,Saccharibacteria (TM7) G-6 bacterium HMT 870,25,25,25,7.270322493751896e-10,5.832758015666975e-10,0.0020156927959913986,1.999489161048825e-4,0.19651934789959508,1.4375644780849202e-10,0.0018157438798865162,Plaque,0.28201802523253583
species,Scardovia inopinata,25,25,25,7.044981505904076e-11,1.0605014573939953e-10,1.7491843329093397e-10,6.489893115458916e-4,0.027358330156160644,-3.5600330680358776e-11,-6.489891366274584e-4,Abscess,0.08957319947424448
species,Scardovia wiggsiae,25,25,25,7.044981505904076e-11,1.144426456076591e-10,2.541941955911531e-4,0.0035661795394583457,0.01143066708051777,-4.399283054861834e-11,-0.0033119853438671925,Abscess,0.05655630289387467
species,Schaalia georgiae,25,25,25,3.522490752952038e-11,5.3025072869699766e-11,8.745921664546699e-11,5.3370451487589284e-5,0.04086222382142676,-1.7800165340179388e-11,-5.337036402837264e-5,Abscess,0.10439943889636202
species,Schaalia lingnae,25,25,25,3.522490752952038e-11,5.3025072869699766e-11,8.745921664546699e-11,2.0384256936870987e-4,0.012337440392892186,-1.7800165340179388e-11,-2.0384248190949322e-4,Abscess,0.05655630289387467
species,Schaalia sp. HMT 172,25,25,25,7.302467476233312e-11,1.0605014573939953e-10,3.166658936389812e-5,1.78975435575275e-4,0.30656198305521637,-3.302547097706641e-11,-1.473088462113769e-4,Abscess,0.39389650148373734
species,Schaalia sp. HMT 178,25,25,25,1.0167760826908787e-9,2.288852912153182e-10,6.739689116718001e-4,9.847334865213822e-5,0.11239768319071032,7.878907914755605e-10,5.754955630196618e-4,Plaque,0.19181380683511182
species,Schaalia sp. HMT 180,25,25,25,8.488414817741709e-4,4.2788793947010324e-9,0.0021667455722615874,0.0022632196491917016,0.1785136580054106,8.488372028947762e-4,-9.647407693011423e-5,Plaque,0.26213633501126743
species,Schaalia sp. HMT 877,25,25,25,7.044981505904076e-11,1.0605014573939953e-10,6.527964579897931e-5,3.9198627675209984e-5,0.1251049578534359,-3.5600330680358776e-11,2.6081018123769327e-5,Abscess,0.20556279320155638
species,Selenomonas artemidis,25,25,25,5.691113596084417e-10,4.2596234433675826e-10,7.563495346306252e-4,3.7835545530083277e-4,0.40421659764097384,1.4314901527168346e-10,3.779940793297924e-4,Plaque,0.4828749625873255
species,Selenomonas dianae,25,25,25,1.0953701214349968e-10,1.4690038107737133e-10,8.827929488311043e-5,3.5630926729691064e-10,0.16998484708770295,-3.7363368933871654e-11,8.827893857384313e-5,Abscess,0.2512819478687783
species,Selenomonas flueggei,25,25,25,4.190919119218297e-10,5.273642623170573e-10,4.340124733534153e-4,3.737354426326027e-4,0.8086544789363024,-1.0827235039522757e-10,6.027703072081258e-5,Abscess,0.8390264781451776
species,Selenomonas infelix,25,25,25,4.190919119218297e-10,9.110231207572059e-10,0.001643766886830188,4.5851767307825814e-4,0.6091890876160863,-4.919312088353762e-10,0.0011852492137519298,Abscess,0.6748410444268425
species,Selenomonas noxia,25,25,25,0.002006247162670985,1.464555264363778e-8,0.005820860729909241,0.0018010472966307953,0.02553090234439121,0.0020062325171183414,0.004019813433278446,Plaque,0.08680506797093011
species,Selenomonas sp. HMT 126,25,25,25,2.4657435270664265e-10,4.1017220402437794e-10,1.4754820943414313e-4,1.8401108153681412e-4,0.20600583969616187,-1.635978513177353e-10,-3.6462872102670994e-5,Abscess,0.2937244553087211
species,Selenomonas sp. HMT 133,25,25,25,7.302467476233312e-11,9.793358738491423e-11,1.3195075004325573e-4,2.375395115312738e-10,0.21582066439530526,-2.4908912622581107e-11,1.319505125037442e-4,Abscess,0.3037985148494424
species,Selenomonas sp. HMT 134,25,25,25,1.0567472258856114e-10,3.036743735857353e-10,2.6237764993640093e-10,0.0014860763199747644,0.001643305863882038,-1.9799965099717414e-10,-0.0014860760575971144,Abscess,0.025680853499581678
species,Selenomonas sp. HMT 136,25,25,25,5.948445676706096e-10,9.110231207572059e-10,2.7372809873914825e-4,9.806171426302043e-4,0.31946605111818105,-3.161785530865962e-10,-7.068890438910561e-4,Abscess,0.40692793831191937
species,Selenomonas sp. HMT 137,25,25,25,5.758859935477501e-10,5.856982234630425e-10,8.647482935766093e-4,2.9617115705838634e-4,0.11239768319071032,-9.81222991529236e-12,5.68577136518223e-4,Abscess,0.19181380683511182
species,Selenomonas sp. HMT 138,25,25,25,1.3218768170457992e-9,5.033975758471803e-9,7.643043153952139e-4,7.959408926035881e-4,0.1318652478093649,-3.712098941426004e-9,-3.163657720837423e-5,Abscess,0.21507173258944384
species,Selenomonas sp. HMT 146,25,25,25,1.7141630652081748e-10,2.288852912153182e-10,7.793422803913009e-4,8.20318221585019e-5,0.7467838959725029,-5.7468984694500705e-11,6.973104582327991e-4,Abscess,0.7915551127574252
species,Selenomonas sp. HMT 442,25,25,25,3.522490752952038e-11,5.3025072869699766e-11,8.745921664546699e-11,2.050021160600361e-5,0.04086222382142676,-1.7800165340179388e-11,-2.0500124146786964e-5,Abscess,0.10439943889636202
species,Selenomonas sp. HMT 478,25,25,25,3.522490752952038e-11,5.3025072869699766e-11,8.745921664546699e-11,2.9271620089784725e-6,0.04086222382142676,-1.7800165340179388e-11,-2.927074549761827e-6,Abscess,0.10439943889636202
species,Selenomonas sp. HMT 919,25,25,25,1.8256168690583281e-10,2.861066140191477e-10,9.509906449152461e-5,2.563837519456746e-4,0.1389052348020827,-1.035449271133149e-10,-1.6128468745415e-4,Abscess,0.22244968761782807
species,Selenomonas sp. HMT 920,25,25,25,3.651233738116656e-11,4.8966793692457115e-11,2.5873536381347326e-6,1.187697557656369e-10,0.21582066439530526,-1.2454456311290553e-11,2.587234868378967e-6,Abscess,0.3037985148494424
species,Selenomonas sp. HMT 936,25,25,25,5.691113596084417e-10,4.577705824306363e-10,9.568137350496502e-4,7.701264794785919e-4,1,1.1134077717780545e-10,1.866872555710583e-4,Plaque,1
species,Selenomonas sp. HMT 937,25,25,25,3.651233738116656e-11,4.8966793692457115e-11,3.838306263801884e-6,1.187697557656369e-10,0.16998484708770295,-1.2454456311290553e-11,3.838187494046118e-6,Abscess,0.2512819478687783
species,Selenomonas sputigena,25,25,25,1.0167760826908793e-8,0.0026379181242228533,0.0018575634892841542,0.006931084378677554,0.015451411063142588,-0.0026379079564620264,-0.0050735208893934,Abscess,0.0626561806413672
species,Serratia marcescens,25,25,25,3.522490752952038e-11,4.8966793692457115e-11,5.5879796181743745e-6,1.187697557656369e-10,0.22596783720051722,-1.3741886162936737e-11,5.5878608484186085e-6,Abscess,0.31017945354853604
species,Shuttleworthia satelles,25,25,25,1.7612453764760188e-10,2.861066140191477e-10,4.372960832273349e-10,7.535516760932472e-4,0.003988882964141757,-1.0998207637154583e-10,-7.53551238797164e-4,Abscess,0.03390550519520493
species,Simonsiella muelleri,25,25,25,1.7141630652081748e-10,1.9586717476982846e-10,1.8226602510858792e-4,4.3987232660241287e-4,0.7264964148055599,-2.4450868249010975e-11,-2.57606301493825e-4,Abscess,0.7812929813724027
species,Slackia exigua,25,25,25,1.0953701214349968e-10,1.7834846281167306e-10,5.495111812370175e-5,2.634345184528202e-4,0.0033586245961058263,-6.881145066817338e-11,-2.0848340032911846e-4,Abscess,0.030927334822474485
species,Sneathia sanguinegens,25,25,25,3.522490752952038e-11,4.8966793692457115e-11,3.4284135896329955e-6,1.187697557656369e-10,0.22596783720051722,-1.3741886162936737e-11,3.42829481987723e-6,Abscess,0.31017945354853604
species,Solobacterium moorei,25,25,25,1.0670837992658282e-9,9.379766776096672e-4,0.0014221089619973974,0.012918634663795012,0.0036614408124745223,-9.37975610525868e-4,-0.011496525701797615,Abscess,0.03236713678227478
species,Stomatobaculum longum,25,25,25,6.402502795594969e-10,6.681513066403276e-10,0.0022694748181501406,6.676314520207945e-4,0.8506035603712152,-2.7901027080830726e-11,0.001601843366129346,Abscess,0.8723126999630559
species,Stomatobaculum sp. HMT 373,25,25,25,1.0567472258856114e-10,1.5973587912628433e-10,2.6237764993640093e-10,2.0194182231465002e-4,0.019237250787199386,-5.4061156537723194e-11,-2.0194155993700008e-4,Abscess,0.07330055903398387
species,Stomatobaculum sp. HMT 910,25,25,25,7.044981505904076e-11,1.0649058608418955e-10,1.1098911185672696e-4,2.6271148862356808e-5,0.1251049578534359,-3.6040771025148796e-11,8.471796299437014e-5,Abscess,0.20556279320155638
species,Streptococcus anginosus,25,25,25,3.0503282480726353e-9,1.2146974943429411e-9,0.030405311838292908,0.013591517350799826,0.7063989674926868,1.8356307537296941e-9,0.01681379448749308,Plaque,0.7633944832072557
species,Streptococcus constellatus,25,25,25,2.225436507291342e-10,6.073487471714706e-10,3.261739824425718e-4,0.004437774312844151,0.010583547137015176,-3.8480509644233633e-10,-0.004111600330401579,Abscess,0.05655630289387467
species,Streptococcus cristatus clade 578,25,25,25,0.0020569960639364995,1.022610736588657e-9,0.0031253795234435305,0.0020127491353072575,0.00472473171731758,0.002056995041325763,0.001112630388136273,Plaque,0.03663739331674334
species,Streptococcus downei,25,25,25,3.522490752952038e-11,5.3025072869699766e-11,8.745921664546699e-11,3.329753848062661e-5,0.027358330156160644,-1.7800165340179388e-11,-3.329745102140996e-5,Abscess,0.08957319947424448
species,Streptococcus gordonii,25,25,25,0.0033300684470327197,6.817404910591047e-10,0.007343333005600378,0.0060077380620527625,0.29400806311173816,0.003330067765292229,0.0013355949435476158,Plaque,0.38221048204525965
species,Streptococcus intermedius,25,25,25,2.8455567980422086e-10,2.3432884229820453e-9,0.0032017107045458817,0.009624224228277325,0.3602782576952348,-2.0587327431778246e-9,-0.006422513523731443,Abscess,0.442341638614705
species,Streptococcus lactarius,25,25,25,3.556945997552761e-10,2.448339684622856e-10,9.753179330044992e-4,5.938487788281844e-10,0.049506374398531235,1.108606312929905e-10,9.753173391557204e-4,Plaque,0.11611715814970583
species,Streptococcus mutans,25,25,25,2.033552165381757e-9,9.014266629854788e-4,0.006537717041582282,0.018719903152798482,0.017893807863200467,-9.014246294333134e-4,-0.0121821861112162,Abscess,0.06999170863304961
species,Streptococcus oralis subsp. dentisani clade 058,25,25,25,0.09682843756531012,0.017367124146285072,0.10755905536893927,0.053416761945890866,0.006060223136318077,0.07946131341902504,0.0541422934230484,Plaque,0.04251775597226333
species,Streptococcus parasanguinis clade 411,25,25,25,5.400295979948247e-10,4.577705824306363e-10,7.509289850676118e-4,0.002542039810221442,0.9142910652076613,8.22590155641884e-11,-0.00179111082515383,Plaque,0.9311443567322265
species,Streptococcus parasanguinis clade 721,25,25,25,1.4836243381942282e-10,2.129811721683791e-10,0.0029249847007829593,2.7785676380448184e-4,0.1064375040898226,-6.461873834895629e-11,0.0026471279369784774,Abscess,0.18595010595929481
species,Streptococcus peroris,25,25,25,7.418121690971141e-11,9.793358738491423e-11,7.312408348737636e-6,2.375395115312738e-10,0.4195470302522532,-2.3752370475202822e-11,7.312170809226105e-6,Abscess,0.4971576068940909
species,Streptococcus pneumoniae,25,25,25,1.1127182536456712e-10,1.590752186090993e-10,1.1726547080637874e-4,3.1172391959867514e-6,0.29400806311173816,-4.7803393244532186e-11,1.1414823161039199e-4,Abscess,0.38221048204525965
species,Streptococcus salivarius,25,25,25,1.2709701033635983e-9,2.972474380194551e-10,0.0032555437239230973,0.0019087887114777105,0.30656198305521637,9.737226653441431e-10,0.0013467550124453868,Plaque,0.39389650148373734
species,Streptococcus sanguinis,25,25,25,0.024642655466201795,4.530578182624623e-9,0.03962604375578493,0.005880072420449955,2.2758555384865564e-4,0.024642650935623612,0.033745971335334975,Plaque,0.02011856296022116
species,Streptococcus sobrinus,25,25,25,3.651233738116656e-11,5.722132280382955e-11,3.546451830143456e-4,0.00461270656320131,0.013307365386794041,-2.0708985422662986e-11,-0.004258061380186964,Abscess,0.05655630289387467
species,Streptococcus sp. HMT 056,25,25,25,1.1127182536456712e-10,1.590752186090993e-10,3.566078987741098e-4,3.117239195986751e-6,0.9142910652076613,-4.7803393244532186e-11,3.5349065957812305e-4,Abscess,0.9311443567322265
species,Streptococcus sp. HMT 074,25,25,25,7.418121690971141e-11,1.0605014573939953e-10,4.295048448783547e-4,2.0781594639911673e-6,0.33272043464084833,-3.1868928829688124e-11,4.2742668541436357e-4,Abscess,0.41898128806625345
species,Tannerella forsythia,25,25,25,3.5224907529520377e-10,7.423903407114751e-10,8.745921664546698e-10,0.011516236521218673,0.0010283872597180606,-3.9014126541627136e-10,-0.011516235646626507,Abscess,0.02497260122162146
species,Tannerella sp. HMT 286,25,25,25,9.364205706042627e-9,6.739971918503553e-9,0.0053547579429280194,0.005638424998283443,0.7878764949099475,2.6242337875390743e-9,-2.8366705535542384e-4,Plaque,0.8232657464543659
species,Tannerella sp. HMT 808,25,25,25,2.1907402428699938e-10,3.566969256233461e-10,1.915106041302982e-5,0.0013617420519018194,0.006575766114271244,-1.3762290133634673e-10,-0.0013425909914887896,Abscess,0.0433804272016103
species,Treponema amylovorum,25,25,25,7.302467476233312e-11,1.0605014573939953e-10,2.3989042447091035e-5,4.7008359484270376e-5,0.08029978979344914,-3.302547097706641e-11,-2.301931703717934e-5,Abscess,0.14788544620293548
species,Treponema denticola,25,25,25,2.1907402428699938e-10,4.4543420442688507e-10,4.658696889001233e-5,0.0080513377249565,0.006575766114271244,-2.2636018013988568e-10,-0.008004750756066487,Abscess,0.0433804272016103
species,Treponema lecithinolyticum,25,25,25,1.4604934952466625e-10,4.5449366070606976e-10,5.394617473966369e-5,0.007937658077330838,0.0018011458336810678,-3.0844431118140354e-10,-0.007883711902591175,Abscess,0.025680853499581678
species,Treponema maltophilum,25,25,25,3.651233738116656e-10,1.012247911952451e-9,4.658861567440429e-6,0.003188609349621663,4.2379392808617253e-4,-6.471245381407853e-10,-0.0031839504880542225,Abscess,0.023305902266312493
species,Treponema medium,25,25,25,7.302467476233312e-11,9.793358738491423e-11,3.262503475740783e-5,5.750515402497388e-5,0.14623118542852132,-2.4908912622581107e-11,-2.488011926756605e-5,Abscess,0.22838934261274355
species,Treponema parvum,25,25,25,3.522490752952038e-11,5.3245293042094776e-11,8.745921664546699e-11,9.176482414529746e-5,0.019237250787199386,-1.8020385512574398e-11,-9.176473668608081e-5,Abscess,0.07330055903398387
species,Treponema pectinovorum,25,25,25,1.0567472258856114e-10,1.590752186090993e-10,2.094157123393176e-5,5.324693282345885e-5,0.06337137131277046,-5.3400496020538164e-11,-3.230536158952709e-5,Abscess,0.12231504856001985
species,Treponema socranskii,25,25,25,6.880640322108432e-10,0.0021309311612699453,4.5019212431254e-4,0.005350803152098095,0.0014982845247894579,-0.002130930473205913,-0.004900611027785555,Abscess,0.025680853499581678
species,Treponema sp. HMT 226,25,25,25,7.044981505904076e-11,1.0605014573939953e-10,1.7491843329093397e-10,7.26875099338882e-5,0.03135383035982697,-3.5600330680358776e-11,-7.26873350154549e-5,Abscess,0.09557512426926566
species,Treponema sp. HMT 228,25,25,25,3.522490752952038e-11,5.3025072869699766e-11,8.745921664546699e-11,1.6515665995738617e-4,0.013307365386794041,-1.7800165340179388e-11,-1.6515657249816952e-4,Abscess,0.05655630289387467
species,Treponema sp. HMT 230,25,25,25,3.651233738116656e-11,5.3245293042094776e-11,4.3180049010800575e-5,1.225461700296655e-4,0.02066802869910461,-1.6732955660928214e-11,-7.936612101886492e-5,Abscess,0.07741753122884946
species,Treponema sp. HMT 231,25,25,25,2.596342591839899e-10,2.4831475489223616e-9,2.9612075498358957e-4,0.005381644915225478,6.32739428044683e-4,-2.2235132897383717e-9,-0.0050855241602418885,Abscess,0.023305902266312493
species,Treponema sp. HMT 234,25,25,25,1.0567472258856114e-10,1.7166396841148864e-10,2.6237764993640093e-10,7.497117193716347e-4,0.005136937937857957,-6.59892458229275e-11,-7.497114569939847e-4,Abscess,0.037842109475553616
species,Treponema sp. HMT 235,25,25,25,3.522490752952038e-11,5.3025072869699766e-11,8.745921664546699e-11,2.9820049817522373e-5,0.013307365386794041,-1.7800165340179388e-11,-2.9819962358305726e-5,Abscess,0.05655630289387467
species,Treponema sp. HMT 236,25,25,25,3.522490752952038e-11,4.8966793692457115e-11,8.745921664546699e-11,1.4695712756593733e-4,0.05963483009045978,-1.3741886162936737e-11,-1.4695704010672067e-4,Abscess,0.11611715814970583
species,Treponema sp. HMT 237,25,25,25,3.3381547609370136e-10,6.681513066403276e-10,3.304766227540896e-5,0.0011138981193398619,0.002362005714419646,-3.3433583054662627e-10,-0.0010808504570644529,Abscess,0.02821639258847253
species,Treponema sp. HMT 238,25,25,25,3.522490752952038e-11,4.8966793692457115e-11,8.745921664546699e-11,3.7501577423413174e-5,0.05963483009045978,-1.3741886162936737e-11,-3.7501489964196526e-5,Abscess,0.11611715814970583
species,Treponema sp. HMT 247,25,25,25,7.044981505904076e-11,9.793358738491423e-11,1.7491843329093397e-10,3.3651048956555047e-4,0.05963483009045978,-2.7483772325873474e-11,-3.3651031464711716e-4,Abscess,0.11611715814970583
species,Treponema sp. HMT 251,25,25,25,3.522490752952038e-11,5.3025072869699766e-11,8.745921664546699e-11,3.4408800444980655e-6,0.013307365386794041,-1.7800165340179388e-11,-3.44079258528142e-6,Abscess,0.05655630289387467
species,Treponema sp. HMT 252,25,25,25,3.522490752952038e-11,5.3025072869699766e-11,8.745921664546699e-11,1.0207603658711068e-4,0.013307365386794041,-1.7800165340179388e-11,-1.0207594912789404e-4,Abscess,0.05655630289387467
species,Treponema sp. HMT 253,25,25,25,1.0567472258856114e-10,1.590752186090993e-10,2.6237764993640093e-10,5.94426777310576e-4,0.012337440392892186,-5.3400496020538164e-11,-5.944265149329261e-4,Abscess,0.05655630289387467
species,Treponema sp. HMT 257,25,25,25,7.044981505904076e-11,1.0649058608418955e-10,1.7491843329093397e-10,1.3316785248640168e-4,0.012337440392892186,-3.6040771025148796e-11,-1.331676775679684e-4,Abscess,0.05655630289387467
species,Treponema sp. HMT 262,25,25,25,1.408996301180815e-10,2.1210029147879906e-10,3.7802421696504317e-5,2.430143545180818e-4,0.022190716370158223,-7.120066136071755e-11,-2.0521193282157748e-4,Abscess,0.08106030277363582
species,Treponema sp. HMT 268,25,25,25,7.044981505904076e-11,1.0605014573939953e-10,2.266581362655518e-5,3.6154909825820064e-4,0.10073067103920602,-3.5600330680358776e-11,-3.3888328463164546e-4,Abscess,0.1795280508037462
species,Treponema sp. HMT 270,25,25,25,3.522490752952038e-11,5.3025072869699766e-11,8.745921664546699e-11,1.5105450333306812e-5,0.04086222382142676,-1.7800165340179388e-11,-1.5105362874090167e-5,Abscess,0.10439943889636202
species,Treponema sp. HMT 271,25,25,25,3.522490752952038e-11,5.3025072869699766e-11,8.745921664546699e-11,2.1580232788344866e-6,0.04086222382142676,-1.7800165340179388e-11,-2.1579358196178412e-6,Abscess,0.10439943889636202
species,Treponema sp. HMT 517,25,25,25,7.044981505904076e-11,9.793358738491423e-11,1.7491843329093397e-10,2.0719927907789955e-4,0.05270896977071921,-2.7483772325873474e-11,-2.0719910415946627e-4,Abscess,0.11611715814970583
species,Treponema sp. HMT 951,25,25,25,1.408996301180815e-10,2.288852912153182e-10,3.4983686658186794e-10,5.463408009437797e-4,0.005136937937857957,-8.798566109723668e-11,-5.463404511069131e-4,Abscess,0.037842109475553616
species,Treponema vincentii,25,25,25,3.651233738116656e-11,4.8966793692457115e-11,8.291225561909338e-5,4.922078325268113e-5,0.22596783720051722,-1.2454456311290553e-11,3.369147236641225e-5,Abscess,0.31017945354853604
species,Veillonella atypica,25,25,25,6.402502795594969e-10,5.273642623170573e-10,0.002723375742916324,0.0010953496915557517,0.2584381791749451,1.1288601724243964e-10,0.0016280260513605723,Plaque,0.3430320576436208
species,Veillonella denticariosi,25,25,25,3.651233738116656e-11,4.8966793692457115e-11,8.118068007199785e-6,1.187697557656369e-10,0.1389052348020827,-1.2454456311290553e-11,8.11794923744402e-6,Abscess,0.22244968761782807
species,Veillonella dispar,25,25,25,0.006332946402581006,5.366256183226299e-4,0.01384952703510396,0.010415615354583055,0.02381004514554109,0.005796320784258376,0.003433911680520905,Plaque,0.08221906214319658
species,Veillonella parvula,25,25,25,0.009737710345829044,0.009419864605308104,0.020382071560201585,0.022584181878977913,0.4195470302522532,3.1784574052094033e-4,-0.0022021103187763284,Plaque,0.4971576068940909
species,Veillonella rogosae,25,25,25,3.522490752952038e-11,4.8966793692457115e-11,4.5342478480443863e-4,2.128413372488153e-4,0.06729929952386755,-1.3741886162936737e-11,2.4058344755562334e-4,Abscess,0.12766648235858136
species,Veillonella sp. HMT 780,25,25,25,6.428118779723683e-4,1.0106412892661478e-9,0.0051060980192600405,0.0010816154789201385,0.06729929952386755,6.42810867331079e-4,0.004024482540339902,Plaque,0.12766648235858136
species,Veillonellaceae G-1 bacterium HMT 129,25,25,25,3.522490752952038e-11,5.722132280382955e-11,8.745921664546699e-11,4.238049165982793e-4,0.02066802869910461,-2.199641527430917e-11,-4.2380482913906265e-4,Abscess,0.07741753122884946
species,Veillonellaceae G-1 bacterium HMT 135,25,25,25,1.0567472258856114e-10,1.7166396841148864e-10,2.6237764993640093e-10,1.5435191789322757e-4,0.002820365595679961,-6.59892458229275e-11,-1.5435165551557764e-4,Abscess,0.02833185439296688
species,Veillonellaceae G-1 bacterium HMT 145,25,25,25,1.7612453764760188e-10,2.929801457316985e-10,4.372960832273349e-10,4.10928970834031e-4,0.004342697474441258,-1.1685560808409663e-10,-4.109285335379478e-4,Abscess,0.03554578303153771
species,Veillonellaceae G-1 bacterium HMT 150,25,25,25,3.170241677656834e-10,1.022610736588657e-9,1.4659703332347093e-5,0.0013971062751604905,0.0012429801513024257,-7.055865688229735e-10,-0.0013824465718281435,Abscess,0.02497260122162146
species,Veillonellaceae G-1 bacterium HMT 155,25,25,25,2.225436507291342e-10,3.566969256233461e-10,1.452023393630268e-4,4.211727814879032e-4,0.1064375040898226,-1.341532748942119e-10,-2.7597044212487637e-4,Abscess,0.18595010595929481
species,Weeksellaceae G-1 sp. HMT 900,25,25,25,3.304692042614498e-10,2.651253643484988e-10,4.500774483967731e-4,4.726329040774335e-5,0.37457943471589183,6.534383991295097e-11,4.028141579890298e-4,Plaque,0.45484645644072574
species,Weeksellaceae G-1 sp. HMT 907,25,25,25,1.8626307196525764e-10,1.9586717476982846e-10,8.744873246723934e-4,4.750790230625476e-10,0.23645102010844776,-9.60410280457082e-12,8.744868495933703e-4,Abscess,0.3196065776389416
species,Weeksellaceae G-1 sp. HMT 931,25,25,25,1.2856222989061312e-10,1.590752186090993e-10,7.220977251558297e-5,9.870164772205e-5,0.7467838959725029,-3.0512988718486184e-11,-2.6491875206467033e-5,Abscess,0.7915551127574252
