pathway	description	100-A	100-P	71-A	71-P	72-A	72-P	73-A	73-P	74-A	74-P	75-A	75-P	76-A	76-P	77-A	77-P	78-A	78-P	79-A	79-P	80-A	80-P	81-A	81-P	82-A	82-P	83-A	83-P	84-A	84-P	85-A	85-P	86-A	86-P	87-A	87-P	88-A	88-P	89-A	89-P	90-A	90-P	91-A	91-P	92-A	92-P	93-A	93-P	94-A	94-P	95-A	95-P	96-A	96-P	97-A	97-P	99-A	99-P	PCR-Blank1	PCR-Blank2	Positive1	Positive2	Reagent-Blank1	Reagent-Blank2
12DICHLORETHDEG-PWY	1,2-dichloroethane degradation	0.0	0.0	0.0	0.0	0.0	0.0	0.0	2.664855687606112	0.0	0.0	177.2575124783539	0.0	0.0	0.0	0.0	0.0	4.660194174757282	0.0	0.0	48.99348124649399	0.0	0.0	0.0	6.719449225473322	165.68221595099715	0.0	0.0	0.0	0.0	0.0	0.0	0.0	0.0	15.491170924052804	0.0	0.0	64.07766990291262	0.0	0.0	4.642857142857142	0.0	0.0	0.0	0.0	0.0	0.0	24.96421236649183	0.0	0.0	0.0	0.0	0.0	0.0	0.0	0.0	15.147980345861782	0.0	0.0	0.0	0.0	0.0	0.0	0.0	0.0
14DICHLORBENZDEG-PWY	1,4-dichlorobenzene degradation	101.16141071095352	0.0	158.11554089865146	0.0	0.0	0.0	156.7156344315631	0.0	42.637015564439785	0.0	600.4539693290117	0.0	2.6565384177143074	0.0	0.0	6.601232774527895	25.124884366327475	2.6615812960067124	0.0	50.14906084004162	0.0	14.05726373045252	0.0	16.64978006977097	264.6423287175154	0.0	0.0	0.0	0.0	1.985943210570706	0.0	13.313317040070618	0.0	44.24328147100424	0.0	0.0	99.78163999693744	0.0	91.6549322992174	31.85699442501704	0.0	0.0	0.0	0.0	0.0	2.666033096140368	0.0	0.0	1537.7547424108536	0.0	9.263607257203844	0.0	145.09204735959767	0.0	0.0	44.64513363635552	0.0	2.6567164179104474	0.0	0.0	0.0	0.0	0.0	0.0
1CMET2-PWY	folate transformations III (E. coli)	18874.913169446383	21962.271446567083	17425.275806193276	12249.55015226157	17619.82875168227	15376.341901728534	9704.467023101352	21170.008427225723	25699.0190241682	11903.518400156756	16972.235055344514	20823.80665539384	1901.8648629619051	5139.74236800953	3141.9646939034146	10924.65938537819	3512.799874441666	19305.034562845263	12819.646660129498	23212.410207328187	27523.96981348725	2398.53307921074	19847.790369168983	1650.5944646608582	16791.6650456477	21290.645550291527	16409.77682017539	19255.283667933218	8831.187580987777	17619.34611054275	16652.897350190928	16757.069741273786	0.0	13195.03982180693	23921.248072670667	3.863375042272574	16846.04757908485	21434.12380518655	4968.8561003156055	8383.026344615917	9927.863256146942	7181.977536820378	8153.333357867422	7932.946053291355	222.39536039969755	14156.535450174304	15972.56853641936	17043.772799196977	9649.504433759486	16170.254857716682	19218.93900289207	22278.412772583117	5888.703134168335	9953.585604626882	8478.967305881624	20664.402905778534	159.3108612437442	19371.41733638498	25345.693550163214	26197.2412329212	7120.805405432343	4147.366185994283	26282.09367388563	6490.622259907577
3-HYDROXYPHENYLACETATE-DEGRADATION-PWY	4-hydroxyphenylacetate degradation	0.0	3.795726226270199	0.0	2.592546558971999	0.0	23.112578072692536	33.57821312319641	0.0	0.0	0.0	329.2145755403708	0.0	0.0	0.0	0.0	0.0	0.0	0.0	12.917640776756212	0.0	0.0	0.0	0.0	0.0	0.0	9.028521070216476	0.0	0.0	0.0	0.0	643.5254497798666	0.0	0.0	0.0	524.3165792304758	0.0	138.6164725210988	90.534079526245	0.0	0.0	0.0	0.0	0.0	0.0	0.0	0.0	0.0	0.0	0.0	0.0	6.633507476093339	0.0	40.87787394649644	4.683994091747649	0.0	61.19923428544537	0.0	0.0	0.0	0.0	0.0	0.0	9.993076481189023	0.0
AEROBACTINSYN-PWY	aerobactin biosynthesis	0.0	39.13567839195979	0.0	0.0	0.0	0.0	0.0	1.0906420097697138	0.0	0.0	90.64057334598812	54.2560553633218	0.0	1.6452861721489642	0.0	0.0	4.285714285714286	0.0	3.3995584988962477	18.242338761379663	0.0	0.0	0.0	1.100026026604974	0.0	41.94915254237288	0.0	0.0	0.0	0.0	0.0	4.646134506599624	0.0	0.0	0.0	0.0	33.074475873544095	0.0	0.0	0.0	0.0	0.0	0.0	0.0	0.0	0.0	25.015729205989683	0.0	0.0	0.0	0.0	0.0	0.0	0.0	19.914285714285715	0.0	0.0	0.0	0.0	0.0	0.0	0.0	0.0	0.0
ALLANTOINDEG-PWY	superpathway of allantoin degradation in yeast	11.50258367899681	11.775962042889589	957.786744434066	21.99710421674933	193.66754584681453	1587.9450093955725	493.61661860160086	19.25251106105891	4634.932727087915	1386.497959390338	2710.17004685862	0.0	6.992792266733282	125.80983240652768	15.279258541313304	21.444277600447062	42.27694002553628	16.859805669001815	105.03446636757744	180.33214618644456	51.34626772251687	54.53372521236158	0.0	116.5030789154535	2601.708499868921	9.845436368592331	1921.2547369463575	4968.136304088749	3.198891198891199	16.642850742315083	164.77480267066665	409.8729560700115	0.0	123.13024604018176	3987.600674046452	0.0	636.869885833177	242.00307982567028	227.96523861243972	69.60502555343973	61.02048381473281	6.895816090922465	20.53173347685323	60.347492818496455	48.10678255471053	540.7588719281471	288.201890507661	666.7152824119111	1821.002543968354	1.7167432308671078	66.47904970195712	7.375059558962691	481.6961728697726	40.03553939279266	150.3554516613493	133.7204626302394	0.0	20.88009083171718	6320.145367183125	502.79327084294914	2334.079712630365	1062.761762816407	7362.975335345764	0.0
ANAEROFRUCAT-PWY	homolactic fermentation	19331.757974155244	24998.311026817148	17132.345274870124	17031.332603593688	17793.235436499246	18424.10543406568	11106.138560136147	22865.3522115228	12428.827411378295	16576.01131594385	19448.80848549338	23324.089799222947	2046.1038913889472	9158.875627203008	594.8947936011639	10123.17988244984	2014.03057560285	17519.614917082334	22765.97067407553	32498.216075621247	28700.31140918909	2565.250322922178	13653.906967589592	1034.4448409482147	17008.807276347517	19276.76535845771	15780.448012687506	15992.441453154504	9257.11908718725	16899.37210723786	10604.953927902325	16786.684120473234	0.0	12392.22742995417	18908.109336104884	27.00033468192036	16577.22524571529	22894.811635452832	5682.0471216885135	10023.74710807191	10543.356182307682	7582.312654289016	6844.20471771728	6542.495181092379	175.02815377144256	16626.491537103266	11408.350323375991	15544.532870347652	6685.113547184265	17678.475695479832	20151.506167826108	22508.634921046785	6550.450430078382	12193.433732687	10028.997470286517	19503.278700219147	211.14194955463017	21968.57091379002	9631.91297684123	1421.979582932577	17558.226867840935	12704.830770330373	6071.746263233908	1902.4159285556243
ANAGLYCOLYSIS-PWY	glycolysis III (from glucose)	25720.768439548392	29509.65041124873	25398.31360099608	19922.095130343117	24441.11735621475	22706.88862130896	13501.763666500505	26766.801283618985	24934.46755505122	19192.29215672351	24880.36564251663	28566.229555652924	103353.67323759376	82847.28119795746	38483.43182878571	25763.75083068584	45762.40508636055	40339.0789191179	42754.05072164286	43012.12326952664	45730.0768736302	47098.59731560048	44123.41421241812	50967.97725556082	23420.940154728007	27763.28074551632	19204.721810079325	22141.130795705125	12923.197250779736	20414.40932257952	19896.73509218812	20725.53884334421	0.0	15885.110416424255	27481.39010839743	38.97421585246947	21992.847154476516	27201.198292798726	7195.591196023972	12485.816743779578	12986.955011520156	9098.992955344616	10435.976661305844	9388.742904254652	240.9395229984464	17894.200988471017	20184.46383281128	21710.007813010077	11824.621601711142	21744.23078925957	25020.28885551314	25153.690519344997	8158.461191037142	14264.988060814418	13706.077161797202	25946.41869515183	275.30598816376886	24167.22923353688	24353.225796544644	24187.02364071939	17165.659349761176	12291.96657511292	25637.779726465407	8537.452687347673
ARG+POLYAMINE-SYN	superpathway of arginine and polyamine biosynthesis	5984.866823909159	3243.149299188363	4521.20555350413	2325.5086589283155	6741.511943367265	4230.963430057192	2101.5859140885027	5017.029504082425	11958.09367663768	5264.656509626682	4861.796391835917	3521.8790925880967	329.7470642583136	749.7196187764422	63.80879221401328	1710.818667757285	486.4585631363072	3655.839477022053	3175.1047098979657	3812.50403358278	6295.467342289638	426.9463510013057	2758.747026541072	360.4890790589248	5924.179813603098	3523.7613069341355	5850.194250598284	10778.740179855018	298.67931879441653	673.6614987590974	5000.622795686615	5928.934148540582	0.0	2786.8029265121904	9196.412242549064	0.0	3165.538841015402	5435.362074219381	4346.134203276351	3250.9530418467234	3127.965644081449	1278.6946486777902	954.6710700169574	1394.3364515150583	151.29064252392268	6188.440474586379	2074.4185388495225	3923.933344079269	3112.8615344976824	3241.249225842574	3731.34781391657	1776.7115478461096	1862.3189353754956	2136.867950006548	2055.706870141212	5382.109110458599	48.02554964973978	3120.939889475426	9811.044004532112	9645.033948562716	9749.973933586802	7139.463921635816	11856.816125523525	6643.0229009302575
ARGDEG-PWY	superpathway of L-arginine, putrescine, and 4-aminobutanoate degradation	0.0	0.0	0.0	0.0	0.0	0.0	0.0	0.0	32.501725057049875	0.0	0.0	0.0	0.0	0.0	0.0	0.0	0.0	0.0	0.0	0.0	0.0	0.0	0.0	0.0	0.0	0.0	0.0	23.303051094778176	0.0	0.0	0.0	0.0	0.0	23.434768676457217	0.0	0.0	0.0	0.0	29.95350631859228	0.0	0.0	0.0	0.0	0.0	0.0	0.0	0.0	0.0	0.0	0.0	0.0	0.0	0.0	0.0	0.0	0.0	0.0	0.0	0.0	26.40380949885679	0.0	0.0	32.484150132083926	23.28911811677068
ARGININE-SYN4-PWY	L-ornithine biosynthesis II	8089.752595966303	8225.113677655889	6802.792383107128	7086.349140194449	9999.763707760909	9956.460451956236	4092.355922326744	9718.852085863817	10847.763555341926	4898.813594933169	8470.740615094272	10702.228899727032	472.7739943105995	2611.9882661149068	535.4229009857567	4995.421837559119	1133.798060068191	9330.78647083252	5052.254900734823	24427.727314694665	11272.043678457234	927.9683026348462	8710.384323461158	323.1329141400815	6765.601995596639	9606.089384856974	6077.429374533983	7865.379351177007	2571.6057440317168	6810.855030424878	5490.280196245486	7507.745576693417	0.0	6525.525240550564	14937.923577544398	11.16279069767442	7728.016538879447	10276.080876215943	816.4878528177478	2986.1449988430027	4950.736369302665	2871.2149982083865	3274.211184037348	3070.055838831314	64.59432992806624	6494.196684766585	5986.415487608532	5846.940132284126	1876.237306888372	8400.017977440757	11231.854994919384	14115.81446320928	3107.0145140861605	4167.159644107135	5083.990934794076	6431.782094975656	75.70867934061769	8875.639925498606	9150.794658006143	18461.53486787821	8823.726364415077	6796.952959937467	13472.699787213727	0.0
ARGSYN-PWY	L-arginine biosynthesis I (via L-ornithine)	11217.411148247766	24304.69949625636	9297.075574830444	10423.33914942126	12104.939751979262	10070.567750680502	8194.453698031914	17058.494882346025	22749.62660987313	12730.256712966844	10335.689697524818	13160.398948371922	87399.18436855802	69871.56182459611	32189.282119596253	17734.228008214166	37785.90290683113	27758.03010876407	27170.580253588363	36406.76581719094	28323.06482644857	39599.87238641652	30658.041263658764	43010.86373955815	8998.939987235111	12458.513696746322	13445.967090522268	18366.667309655128	3974.210448079449	21798.876153177363	9790.627200757011	11933.742531074571	0.0	7799.731760363598	17757.135894981824	22.637562443180222	9648.516737572145	17759.1621521939	5101.340941736264	8628.404734734548	6520.569209190765	5561.792382935577	3518.430308214528	4298.78890896232	260.48613055317867	15119.472768822909	7763.514619089045	12742.262506380634	7718.396926239483	9749.419460178431	13839.743691690694	15447.289221684934	4049.484631756794	12171.063772492476	4656.731752499658	15588.376397097045	101.17002680251868	17625.221763206286	22433.67440424768	22758.165229342067	15283.620643969038	10816.048709539831	23701.169629878168	7106.140852330812
ARGSYNBSUB-PWY	L-arginine biosynthesis II (acetyl cycle)	11074.365820714354	26862.312735665106	9415.858590128964	10969.249254383112	12301.611738227031	8841.162059348158	8736.726831818309	18605.928879373525	22979.422866206784	13485.427298673192	10957.409795307154	13787.832362634812	90057.59950903832	72184.50865733842	33103.30059914284	18476.581314553638	38931.55215000328	28776.81319186778	27891.43038167517	38158.19734397689	28524.68087817601	40832.709549061175	31778.221861677768	44358.41418406255	9828.013774546593	13486.932247666236	14029.805153835994	19641.321907629208	3469.4756404043205	23485.9483091756	10220.14819092285	12218.619764124742	0.0	8161.664901365435	18368.156965719227	25.71611089817299	10037.434916775042	18757.01113343807	5789.573840873874	9546.384901446409	6871.100673625365	6025.630616329959	3626.717322652898	4439.025191099964	277.75637682781826	15927.88825045278	7729.896212465728	13108.525197943094	7607.515099247556	9589.343764383648	14854.897728731868	16817.241195639635	4365.64409492312	13618.143437740458	4358.272267523541	16905.478439805862	106.74523860122083	19050.098453572897	21903.13632369961	24511.04946001125	16161.44387734524	11216.591045626756	23611.39033086392	8099.377805737185
ARO-PWY	chorismate biosynthesis I	24037.43395230677	37540.18910491971	25158.66184603361	19013.45314062675	26252.929808896464	20238.076817185265	13170.404280297236	28268.30319337535	26239.405859018854	18930.02880905188	22922.4511536215	27275.58831026788	86193.37302434338	69527.40171348608	32054.50316854073	23005.28974432441	38316.385459985046	35323.72102309456	35769.29060940393	44698.62958311387	38982.538842099326	39444.83884737216	38212.87210479489	42548.755575447714	20910.646333872348	27858.15762733566	17461.30133518408	21756.17262683769	11600.188700860715	30490.620142937085	18371.48683813916	20779.82757577328	0.0	15897.08095261122	26691.373469543447	83.5404365960674	22250.192718499213	30077.605985752576	5731.747147440553	15891.966426895297	12900.53357153202	9893.12308692345	10122.746486269052	9270.6681794641	294.34492060445655	19077.407283925717	26656.012567327067	25094.88190959364	10783.645383316696	24359.89460490812	24652.511568992795	23738.056982978444	7663.8833871156285	17546.99925389828	14190.876717934709	33682.31333602987	299.2214669660398	26083.89468942125	25236.95786489802	26515.189118561277	15914.326763787843	10868.18640412434	26836.7999788634	7450.982528205379
ASPASN-PWY	superpathway of L-aspartate and L-asparagine biosynthesis	10575.762638800416	17506.62057416766	13988.852386365792	12169.17410960883	14086.28202778563	15298.345508716267	7155.5125929983	14439.226512678446	17129.521194119505	11037.901843508916	14454.318244240532	18000.997911814935	546.0530465143037	1237.193167174673	700.8227288025445	5911.605228496166	1267.9214553009976	10085.283776285922	8562.99929746961	14366.021159027729	14268.34757374194	654.4659039575718	8426.118706425465	402.0875056777813	12953.45279273791	16754.375301656226	9997.453387301724	11719.96631892104	8165.200204065749	13944.78635190678	14241.094677600622	11468.41590741436	0.0	8854.415591017067	15310.494792090378	26.05332897104531	13453.194033132404	15325.884892601469	4348.956712761011	8610.515182349012	7542.39845991847	5596.839890726018	6597.543481703971	5792.000108912664	196.9218378937377	6915.970394231998	11971.70580187342	13673.97130216673	8590.541977998686	11630.967069926432	13720.829438616169	9805.277558662738	4238.384175026202	6867.631612898732	6891.902559256546	18989.45439733545	157.53881625647043	11477.0285113324	20127.40315045939	5986.025608608162	9029.075357107582	6629.844239704716	19899.12523835171	5586.891993908455
AST-PWY	L-arginine degradation II (AST pathway)	648.20570764206	1.7444444444444445	352.68635562906985	17.17663421418637	76.99338267505937	943.1275876839808	388.3355851207877	2.9832104107852144	8075.02615291643	2501.624680774019	1395.2542575488403	14.997860602798706	40.03385545905707	5.038037748117066	2.0045831213867835	1.992499111269108	20.533055454874955	11.18244999191008	23.217130845527343	111.71812348247416	0.979487798985262	34.20436848462824	1.1111111111111112	63.92898297355555	1925.046065189672	0.0	2112.3100955639675	6737.871064221205	0.0	15.709837210927128	1537.8666666666668	606.4388932568249	0.0	94.11004033375411	2694.0008062189045	0.0	478.2230001494111	250.3251071347904	3382.960467077242	991.2750427432876	15.223048327137546	7.239248961496977	23.82767801079995	90.42622277545622	102.00289187241412	593.9065166822855	210.94424650107223	640.013318565824	2563.2963267106343	159.05555555555557	0.0	6.344444444444444	397.97421496508673	9.53757225433526	220.3434050745229	80.57277332002988	2.3777777777777778	0.0	5550.746105518551	6119.515578197547	3130.0874311838643	1669.1802567822724	6022.388796158939	6174.444444444443
BRANCHED-CHAIN-AA-SYN-PWY	superpathway of branched chain amino acid biosynthesis	11339.1696699305	34125.79741379025	14478.60581860003	15974.800414908845	18043.94665426189	13442.961644837182	11051.33243277646	23937.51009658721	30032.435713851068	19065.92756082512	13528.718028368394	20103.218073177988	106816.91698440709	85642.96774511396	39466.20476020768	23531.26190673049	46566.71072613643	37233.62416292439	33073.12264106353	48374.03234600608	38096.96991972543	49011.39153678906	40806.91998717652	52784.2616018287	14704.087145430673	22099.178424875216	17014.2658983877	21982.455636339106	5336.029535469562	30236.356030470844	16890.419036559117	19664.14871987548	0.0	12540.54585264878	27257.267114213493	88.59919362452837	17850.288255011616	28213.28909201013	5094.267468419839	14920.586452099002	9065.890923812232	8885.11131726544	6861.7224391794	6522.281798487468	286.6233283898068	20045.837518078515	27271.42175101772	26345.807283653587	9778.971048608935	24497.844242990235	17984.87126337538	20532.87820324111	5571.10488123897	15758.86023719073	5774.191201989445	33049.95378974008	126.89719448572552	23866.55631213778	28378.06324895677	36574.58979376371	11617.3563803641	8293.492484959466	30229.11733272929	6823.189639883387
CALVIN-PWY	Calvin-Benson-Bassham cycle	33374.752610853335	39685.68495036944	30597.769664444422	23240.56554749948	33441.78975450835	29736.51814488425	17042.9449458503	33364.58263106985	30065.594741384622	22392.6975333966	32419.948319754807	35378.67410652848	94325.78108214337	76163.77159571667	35076.872436646656	26274.667649043127	41928.14771496382	39746.70539782219	44006.43436098954	47613.79882272034	48062.12910900625	43057.11217369157	41423.90765524388	46536.87036019831	26049.417700475315	33873.64246707466	22368.885037097916	25787.51040322568	16052.273787745478	32161.297206408828	19124.89722804669	25081.119187365475	0.0	19282.424247314004	31324.135332971568	58.88622964216916	26473.76899310313	33841.53403487375	7870.025857648567	17708.419066144572	16638.730184629858	11645.022608090334	12330.284928418736	11214.068718687538	319.3667665351305	21315.51314500773	25040.214097200693	24526.244069340737	14553.78296857691	25820.641735480545	31443.68142366406	32158.700096308865	10338.312172321755	19584.16974447955	19238.728606167737	34706.9521691976	358.5668611791283	29204.929460091906	26253.728237047035	17346.859406180523	21667.83401719609	15636.259268108022	25794.679111625977	8641.994947809999
CARNMET-PWY	L-carnitine degradation I	703.7175678839435	2.303242121115243	197.2827665364504	6.979591836734694	101.44137809821562	19.65316142901751	153.47335499220392	213.63785230875655	3474.9057618917864	1546.6964198870078	356.70328492732017	28.534315016459864	22.96695923136848	9.596140117572494	1.43	366.17829332981046	15.148192523338452	10.519177273645104	40.65479471076282	214.90409927821648	19.51054869008277	71.60362411802437	104.0	8.669745945861589	574.228321996488	201.2462688537414	670.4243115026071	1885.347440921001	0.0	18.76971580981748	1509.8356853389118	330.79453461364085	0.0	85.3979429668056	2364.435243688739	0.0	256.6601516598185	352.9244390155217	2944.8076852727745	839.8941788570795	15.16352270270096	13.62	110.85051236577844	28.937187593616294	54.60493306132858	289.93239138792774	93.61307831871788	348.76315095932915	1266.8690212390327	691.006697065048	6.832814122533748	24.380000000000003	158.09637997481587	56.09815950920245	148.33616733876687	291.46424870466313	2.14	22.22005624296963	1954.7362487279408	3921.486493147543	1267.7259267981678	855.7958558714249	2787.674153548996	5552.0
CATECHOL-ORTHO-CLEAVAGE-PWY	catechol degradation to &beta;-ketoadipate	135.23150535291887	0.0	720.4546517326635	21.051136363636363	62.00473163188433	1117.767220902613	339.2624084322193	1.399403762618317	5385.200277160103	1575.0180243806758	1940.247032088669	6.2356440140220295	7.253305737301994	8.29845042295222	4.48221232256743	9.889917806944595	18.95850902230465	14.014378615213849	17.99772561940904	197.7354796144037	0.0	45.91459998554196	0.0	113.88262894620752	2359.448936743652	0.0	2689.981184339016	5369.05962560708	0.0	17.14667563046991	2391.2310811443326	541.7170241134522	0.0	76.84394071490846	4684.751722607226	0.0	768.7058399147493	249.2287521565276	289.0398015092747	127.50959937602578	10.25119028074208	5.880112379105442	0.0	55.657807991867614	54.19438858565546	762.7500827973653	299.7532557300165	651.2601689544226	1972.9669071082235	84.24573375441865	15.838695838695838	0.0	440.619902277429	21.473684210526315	94.99193948407618	160.8717835377529	0.0	3.187434064001876	8403.826038634468	12398.600738802794	0.0	0.0	10501.325090281138	0.0
CHLOROPHYLL-SYN	3,8-divinyl-chlorophyllide a biosynthesis I (aerobic, light-dependent)	0.0	8.970141369235208	0.0	0.0	0.0	29.69184762738932	0.0	0.0	0.0	23.87258682386894	369.031521571246	0.0	0.0	0.0	0.0	0.0	16.713563251999275	0.0	5.97738534176623	0.0	0.0	0.0	0.0	0.0	320.0985474752205	0.0	0.0	0.0	0.0	0.0	0.0	0.0	0.0	0.0	0.0	0.0	106.178447769386	0.0	0.0	0.0	0.0	0.0	0.0	8.94764136531097	0.0	0.0	0.0	0.0	0.0	0.0	0.0	0.0	5.9871394415770025	0.0	0.0	0.0	0.0	0.0	0.0	0.0	0.0	0.0	0.0	0.0
CITRULBIO-PWY	L-citrulline biosynthesis	4153.0096825594055	7427.8465448328925	8375.319827557636	1271.8327074784995	11023.733274163116	1123.2565720537034	1467.2580447330008	7651.000188978433	5828.831060303803	1331.6658597936153	2987.236478328883	5770.025272767499	764.1706151891763	4973.232003743544	1760.0014984052948	8343.230898761703	2290.000197783527	14059.358844998118	6642.603249741407	28172.71996290184	17110.705599452587	1965.4550840792228	9314.860585805078	828.3219925792837	4246.845671213835	7419.339315518049	2255.648300711687	7740.30011188894	135.07234982154043	7160.0090494050055	4804.740222106492	5449.742449261005	0.0	5414.598092460686	9895.406542181683	0.0	3689.538739982651	3614.36588485893	568.3884454871076	1762.8611245407983	3555.026994559711	1853.534325450897	2190.098398004612	3328.2308726780966	0.0	5029.098840979181	1404.8738221701954	2597.804754197545	1393.5878979013382	3084.0269782496075	7735.475704113493	11997.56530304747	1138.000772536041	2897.258166422452	4744.832005544685	4523.669101237716	30.26752423334677	6374.701030360114	7263.353069488633	18796.38279381644	7862.197191704588	5234.177552191971	9692.164198107985	0.0
COA-PWY	coenzyme A biosynthesis I (prokaryotic)	25223.0785874411	38765.166043549776	26472.908299260696	20815.844422753384	27941.44658558646	22101.08503705526	12294.254998269254	29228.17697249049	20713.83369722328	19138.94072880683	23334.524857455803	28532.065725101893	86208.61731354918	69453.77473189913	32048.92411212848	22776.341406987554	38330.30276297019	35635.5368928582	37279.36209108239	44183.54746786749	41049.69471447543	39325.5402183273	38809.07839215388	42498.31008639307	22069.670916218853	28686.43313630953	17432.5999511826	19093.493060566245	11956.673552969994	32069.807070459745	18256.14639650997	22435.73223216401	0.0	15905.55944582678	24654.70579741443	95.12287334593572	22934.717307103176	32470.93684687451	5191.367305096938	16374.586896468823	12296.267818733482	10643.224930864826	10230.60992968506	9450.46507311094	160.45210361593922	20389.923908853278	29946.17657886119	26248.738746328803	7940.008345159617	26275.42842790045	26447.11236679269	25930.801159686027	8142.002458415488	18365.231209598573	14827.77744682668	35277.49370260784	294.32357027874275	27867.893876555667	16784.033530761484	21797.45	17572.952709140365	12486.944378175647	19691.51420118992	5689.0
COA-PWY-1	superpathway of coenzyme A biosynthesis III (mammals)	24879.304055100078	36472.59555582896	25579.00727297254	20000.64571687778	27497.527867038352	22349.616491021967	11851.404007464776	28000.86443565138	21455.0051751054	17781.136215713293	23583.580717145804	27678.60303984173	86181.09472242022	69350.77708632423	32049.47925123649	22473.356855851656	38261.73259498443	34970.385274103995	36910.46841322536	42522.08842857431	40754.013458490284	39270.04191577715	37845.85772582173	42490.97103655395	21228.36110172728	27429.75279103467	15623.082566207811	17755.654015578053	11497.751942800489	29708.3410980186	17360.55226452117	20860.32979538763	0.0	14985.087980477958	24544.93010051537	85.0	21757.36308895148	29853.564220041462	5142.157731644866	15176.304424654903	12240.41017901362	10163.507935107576	9761.400313458042	8972.493695560997	171.4728238666906	18677.94405288682	27161.54754210131	23713.189223464724	8320.913381079732	24046.447507558045	25491.402451156297	25746.64944069913	8047.397898973342	17584.088275752238	14876.395829386322	32625.842703773724	282.64893320322966	26067.33132869908	17649.710995901314	21797.45	17979.161853702888	12888.558908393248	20846.368412989024	5689.0
COBALSYN-PWY	superpathway of adenosylcobalamin salvage from cobinamide I	10652.60949995584	9331.785618148131	16265.717805990422	5999.283705869546	9742.10869918947	11086.105492170622	3625.8305994898	10911.068939190098	8998.002346009818	7186.6685473635	10804.991764217932	11633.352026170514	461.9605374578175	964.7002031987322	317.53	3185.580981866773	507.8408012282579	5387.376399003637	5435.589983790223	6460.059021929951	12293.308750858943	411.5697354729025	5815.320578129727	358.511074238098	9132.744757855053	9147.528791643494	5385.393088084008	9260.02962539554	8510.811023957389	10014.879004872162	6078.85681095917	5842.423280977837	0.0	5854.275882347287	8699.638435956233	1.1538461538461535	9344.822777597512	9260.198124983544	3579.549046797616	5069.474051494886	6052.462716481652	2529.6483734446388	4049.122452176648	3406.8033675480697	94.72445927363908	9269.789700963622	2669.564843420625	4238.4714157189	3410.46	5738.4654506260085	7602.187763981016	6510.354655338885	4361.359217978561	4056.679316679143	7790.854670443846	5230.459510638316	117.83114880442692	11142.770509967084	10585.33037716728	14501.553366738866	3176.4608863683493	1733.9195920131383	12246.21	5629.250319612457
CODH-PWY	reductive acetyl coenzyme A pathway I (homoacetogenic bacteria)	327.06279595560494	0.0	863.5036293438163	34.64375548175736	1032.450446862765	74.8225245280309	0.0	135.65049291660668	0.0	0.0	1094.3694900844253	203.3936178234564	13.549993168868864	0.0	0.0	0.0	23.901876373059466	21.96768926049092	410.9709251608159	0.0	460.7590014903248	0.0	0.0	0.0	0.0	45.63720961043124	0.0	0.0	0.0	44.09651980144224	0.0	0.0	0.0	76.65848146541681	2522.386367146524	0.0	0.0	0.0	0.0	0.0	314.00873996010864	23.27787858265808	331.54030125775347	0.0	0.0	153.62406825446723	0.0	0.0	0.0	0.0	0.0	0.0	0.0	0.0	94.50318376317011	5.521288811971938	0.0	0.0	0.0	0.0	0.0	0.0	0.0	0.0
COLANSYN-PWY	colanic acid building blocks biosynthesis	19326.084120916592	13431.176241936617	21288.26564436553	9053.787432319894	19922.04185794216	13676.084826867353	8553.662492143816	16685.552130102937	22223.1150441804	8887.106196861385	17566.967038759358	19592.87416213752	913.1975492324042	1512.057748255152	1997.9367559541224	8702.1794390064	2695.6584457798804	11697.61768787023	16664.215629059006	5119.215008006793	23293.20548779424	936.1877473636528	12822.016618873511	533.1510292470225	16777.44511371969	18321.96071912009	10807.950698956463	13524.097688196289	8758.306706466294	5243.19503072386	16313.104806458046	10652.70721940246	0.0	11488.930621229603	20325.8679969031	0.0	13121.311160433896	9736.744784418332	5094.454931138891	6141.297191650868	10017.055764227753	4142.019428802748	7305.212663779267	7220.27884818759	263.5892922976107	6050.621499074913	5532.154850328952	7660.815990503641	11127.165192681365	7067.935624336685	16099.708198186832	9686.604547229175	5570.412779337144	5900.172851154147	12672.02241404615	9338.496866176522	268.70276810011643	9517.427435176412	23302.094300633617	14073.500295012173	6451.512298329357	3535.979894539945	23305.09518124624	6496.454314684223
COMPLETE-ARO-PWY	superpathway of aromatic amino acid biosynthesis	24041.592953390104	40179.87689643409	23860.585413318888	20111.575400067664	26502.68987359213	20409.14497870225	13589.390212777971	30220.16391653353	27843.22593777952	20273.9197247886	23268.404689645853	28825.683112754054	95060.92306018846	76663.33817234937	35224.133783967656	24778.41641800853	42119.95443836012	38110.19631012217	38032.62289941193	48615.23441652002	40443.32681145242	43493.010029729085	41241.85716668408	46931.571161312895	21469.021633863827	29699.89696031308	17733.379937687834	22589.467586559265	10930.817684293212	32779.6820488899	18352.139106032275	22226.474023509792	0.0	17105.033549163843	28378.420889029185	90.6247943625302	22912.08109404641	32190.68581998333	6082.530537708458	17102.936501527056	13228.997959389608	10553.340097895803	10197.57566559855	9797.863755284689	301.4108710743235	20478.873826636194	28760.92853973085	26973.089354721844	10571.30712306516	26114.40185585716	25869.76182914218	25019.897600010543	7807.093169205501	18715.8819650356	13244.978779055496	36232.01941531463	288.8073891218272	27842.974656902283	26325.494846279955	28578.167813982207	15534.807149427566	10814.0230486769	28031.27115704957	8015.6396346720285
CRNFORCAT-PWY	creatinine degradation I	0.0	0.0	114.5856055181643	0.0	118.46929873944435	0.0	441.8036194257406	0.0	0.0	0.0	0.0	0.0	0.0	0.0	0.0	0.0	0.0	0.0	5.421441902260318	0.0	0.0	0.0	0.0	0.0	78.84264459916093	0.0	0.0	0.0	0.0	0.0	0.0	0.0	0.0	0.0	0.0	0.0	240.21682585540904	0.0	0.0	2.847573620904189	23.22502397180397	0.0	17.687156383917916	0.0	0.0	0.0	0.0	0.0	0.0	0.0	0.0	0.0	109.2391029133067	0.0	0.0	0.0	0.0	0.0	0.0	0.0	0.0	0.0	936.2148834873288	0.0
DAPLYSINESYN-PWY	L-lysine biosynthesis I	17571.472475557403	35600.44731215475	14786.642549287166	15731.07383023412	16696.857062605726	13632.894935628374	10807.713338611768	24641.600417473765	24534.942231196568	17979.609916523426	16179.948618843586	20162.88673676232	96487.97851405988	77708.28877263205	35652.502086897875	22398.507018452245	42240.69600202602	34845.248061528495	32971.132797078375	44730.89670748778	32042.37608633217	44326.52966037635	37443.61814377345	47732.80236404775	14791.707314924706	22108.96983432209	16483.791099608865	20764.35518780179	5461.266002162393	29691.949361981537	13550.320235070252	19784.31924973668	0.0	13008.363821754034	25253.35395182696	62.941305664681735	16842.241551074436	26308.156428384827	6316.764589057469	14555.682631204145	9430.0243613806	8838.334898826082	7351.214216566518	7385.652217231562	285.21403363086785	18773.60448463725	17947.110662711584	20469.931688791825	8021.468550617225	17733.722349852196	21056.069630983307	22547.79593712009	6211.082962617768	17101.141405435836	6832.508888960618	28314.735483827662	145.57029108154748	24513.951524312084	22051.71789437137	28381.68458739241	20276.315847017704	14388.034954053595	23699.76530975439	7858.188106958688
DARABCATK12-PWY	D-arabinose degradation I	1728.2328637129033	5974.487089562961	2986.690089084906	1998.004197956521	1117.1024942002905	1802.2681769516937	2375.898372475417	5399.167724555196	7355.059938296652	3929.407585432422	2124.784176307785	2174.069810258087	59.92099275192564	313.73611144765414	129.56145569998245	398.1364055147623	105.03572014811624	912.8651440743504	1196.5200189369275	5388.074581523921	3634.82896721982	120.43738144629374	594.8317276775393	38.416026382334046	978.1500931428636	2064.505559033755	3461.805129495592	5730.137889952957	1013.1964058447126	6916.0426348770125	3949.779245102941	2653.114947345958	0.0	1195.3088389832951	4724.11946470721	0.0	1725.2718895433427	4900.177054792712	3209.539482661532	3274.341168554937	1549.311542203248	1598.7125738929076	583.0877343097347	704.0587394293352	122.95371397628357	3926.929369556098	1049.8745397074028	2348.122763280533	2994.2235784241125	1300.646561143163	1826.2167999583348	952.0421483927216	814.3644023058838	3221.559940123453	911.7167688074746	2530.411369580412	4.116449828017777	5019.474043167598	9483.7958004376	5644.833870647083	1153.6986999079834	804.2967191421184	11123.627417924516	5553.24915627953
DENITRIFICATION-PWY	nitrate reduction I (denitrification)	2535.8849653483444	16954.866684067147	1305.9932847301268	4400.009514513748	1500.428267475138	636.2327963310508	3187.7533769899064	10295.540851123043	6229.68911916516	3969.850641995293	3862.293081011257	4227.232730254983	107.04512823276669	1197.1856638108236	16.961263936287125	3193.7842468952776	378.918882038896	4444.722428921508	870.3258902914939	12314.891644233836	1421.5314925948935	477.9210861209132	2076.912263245807	311.7950512794823	2244.8460433322143	6746.555009145834	1789.4297093615546	6141.263953953966	610.9602075412545	11357.847995515407	1116.3437305584523	6032.313450311164	0.0	2484.285667681825	5956.728665759808	15.238095238095235	5264.697441144562	8558.304824242305	135.3853383453325	5200.873855173531	2412.5389256574144	3311.0578947288627	1908.5399651413045	1688.5763224129005	91.88754847709124	5412.784733275987	2711.091222116451	5396.494041070956	581.6047346331565	1983.903391736384	10017.92482310053	14743.900195693122	1857.1751414708276	9889.170210657032	489.76304075922513	9891.354622828308	33.94125226059679	9985.627445433423	4131.5298424125085	6564.760250651385	11.99388706226516	0.0	3930.22746243931	210.86984172099548
DENOVOPURINE2-PWY	superpathway of purine nucleotides de novo biosynthesis II	20761.70730537627	34048.80744472276	13056.81469114423	15611.943489126235	13936.48083891168	11602.664051900483	9729.026424391684	25667.23906018309	22861.13645327087	15142.050922255878	18222.319489533107	21930.918919552994	8824.234001454832	17518.104942210968	7026.905398452885	20346.49744262449	12487.981731709708	31006.798545344784	31010.863704891686	41672.38329686839	34524.9660820201	14210.069621807495	33379.089695361065	8381.836838461508	16066.354551997132	24028.244982112235	12906.603883471264	19369.76021412749	6792.314128512442	27161.761209383367	15322.50333120756	19097.703851131704	0.0	12869.00621174438	24201.05632022048	53.21917808219176	16922.154303137537	24863.94958932462	5449.443205349667	13736.732565901915	9629.242109386156	9303.372869261157	8058.238962201179	7785.033858296806	217.78702261105352	16148.821978751346	20472.85925210777	20775.80123971659	6590.457544342759	17168.02484592662	23639.89892741917	25695.035179812847	6711.998335907692	17374.66903269008	6136.69572921561	29336.106382381484	176.40459118179726	22744.500124583883	19806.4425999352	13667.295296041935	17988.08430118046	12785.754940023053	20850.55381949175	6578.641310035488
DHGLUCONATE-PYR-CAT-PWY	glucose degradation (oxidative)	7.457021643601972	3.69322675372008	409.2534413197265	3.5519032279271583	65.0814252144926	35.41244800071733	237.90982766998465	0.0	5352.705598972319	1502.6060200114628	925.96333761676	10.753721868483565	23.23950742443056	3.392386057476425	0.0	0.0	21.417148371233488	0.0	18.48857256724789	54.64713126626746	0.0	12.463302748507555	0.0	36.99866525500224	427.0030036149196	3.89551184153541	1765.021529792144	5466.892380488411	0.0	0.0	7.483428880598094	445.4471412767692	0.0	118.66137571938836	3035.551671198139	0.0	451.15556036440177	229.3763284183865	372.9561044208883	113.46930537622954	10.919147610144302	3.201442956996342	4.410597723719721	64.39053671105087	58.74283816324835	465.481871608996	180.1689251184393	400.99018403325374	1673.0353490263017	125.65407128465397	4.253019707565162	5.273867683514987	283.45263536750787	10.526949594122526	83.37276369855437	132.11932276359076	0.0	0.0	4835.414574408167	56.42446684905432	685.9472828322743	410.125425206229	6316.285002046334	11.102235622414142
DTDPRHAMSYN-PWY	dTDP-&beta;-L-rhamnose biosynthesis	21008.757199844807	34334.208095423666	24165.81602067552	16311.030978848392	23711.591527161203	17938.262199356766	12183.456827512322	25682.38084144813	30744.33382894999	17885.510101543212	23088.870063931998	24141.374589022555	1090.265947637757	2664.0960447734988	1013.4884485226564	9238.903415248264	1679.4226397787197	13096.58791420046	12059.723977114578	22441.8211255134	20247.936276830136	1084.4086369785937	13585.66899821546	889.146743737303	20048.322023711356	24492.24700156956	17394.8650913246	23553.198995232004	9585.10382583341	28022.041664952016	17414.622851536667	20861.44872608225	0.0	13789.233039379158	25439.09082549696	79.24764890282133	18695.23061754064	25351.202866193515	5384.650590707206	14689.322613647277	11573.769805946817	8330.541335220301	9300.387196148926	7979.101523400971	270.493766880222	18857.08274906264	22198.551110094773	20241.664884775648	11450.988991205646	19413.926549190743	22018.72832402214	19577.125894243552	7374.073215069829	16560.59441103092	11334.21823815603	29534.80206017803	277.5537614466814	24570.01293280293	23861.44105432159	28812.551175349377	12656.661274708576	8591.626906489948	25342.4897475504	6392.826283145466
ECASYN-PWY	enterobacterial common antigen biosynthesis	1014.2739774145184	3.3383809062715373	282.46825101654764	8.368821368026468	46.87497095027842	20.72311600353901	212.91398085036585	9.476813841872442	4597.821378532191	1637.874022785853	460.1995927226485	15.440656290081034	35.52502223425397	6.589618053678501	3.0543169840379982	3.361492825099095	26.481854064310017	16.30568827577369	7.638558935412641	141.87578913178777	1.521349640111579	19.24622328236197	2.1406330305190204	12.010874255640845	651.5613646785658	6.418687922717366	863.9878629945104	2513.776591430992	0.0	32.864374489897415	2146.0947037074466	463.1352060242484	0.0	138.3329966446182	1884.344382053427	0.0	270.27348874997426	272.90118091945345	3369.640069222574	1411.710524069317	6.409850759748461	4.8550261087182	29.74658813939225	42.21376532113728	59.30546157767508	490.5571866446778	144.51325518493977	489.1713536806908	1674.703289503132	283.163786439384	0.0	10.66438075531803	193.13330017352	4.1348009100675736	266.38803727086344	82.42906652996152	3.878516622625484	0.0	2362.6096834873483	5627.138016161564	1820.199241130911	1266.6414918286623	3355.693398091099	5609.058053298322
FAO-PWY	fatty acid &beta;-oxidation I (generic)	3640.515833223368	756.6463283158301	2903.3914679258896	129.65653017002052	1069.967527668551	2813.84997059049	1353.046984079222	455.1291070060853	22184.79589734999	5601.895033722951	5067.512669557594	426.7619865822053	435.3003793105351	945.8803806717252	437.9509088402106	788.7880459599072	627.7086566906097	301.98736828282813	2829.685523680597	2980.987517773609	6443.875040694002	607.2958149047525	11.995041902896752	950.0201068681388	7209.508932426255	685.0963872949877	7142.833057751147	17849.299075251194	7.393419475617617	200.27663382352108	7704.973382970382	2664.3327209108256	0.0	914.8882156299918	14555.751964577112	0.0	2057.116170745195	1110.2750772278998	7133.416216413508	2310.039542261788	981.4743076683236	377.105941941402	150.63195262469227	339.3133437378744	223.1951164450735	2551.389149401926	997.6782413761842	2326.144507600485	5123.825052490031	929.704870890886	353.2983207166432	63.862318634662834	1155.9891534118185	124.85838831214262	979.587152302175	1111.1306399908149	5.786684262619598	0.0	21622.384145655284	39045.75724198667	10423.127339203958	6282.878992216868	26617.99362810613	12529.88577432046
FERMENTATION-PWY	mixed acid fermentation	22785.943419432908	37236.85882474671	18067.960479303685	16637.19076813377	20227.333304567044	14341.39354226356	11764.778056511544	28190.446977389078	24491.102360093915	17019.764074146697	20065.198557022275	24370.678868112656	93692.6804780798	74795.0702942711	34657.97824929316	21794.627464513927	41333.04867813339	33537.39928220342	36255.40603467205	40634.412199485705	35882.034055192664	42426.24627917085	36257.93626312912	46208.8594148661	17866.535965660438	26388.41411214104	14118.90430986682	17919.73098537295	8602.196372508179	28157.861841345028	18176.80727511077	18671.409873714438	0.0	13631.020265162077	26628.314193283582	43.194985918219245	20063.173709022827	26473.996953662485	7955.786149826093	14630.240028265016	11140.742446476565	10083.171639947184	8847.313743318851	8321.209549372661	265.6054287410047	17258.504993033865	17860.073404514063	20765.750956962514	10026.553158685305	18449.40591537001	25830.001018347524	28933.538554703293	6926.183181596862	19253.55354877393	10379.585853461112	30158.62631052768	250.4947948797912	25852.136202740312	16584.162300348577	27200.97966887639	15800.678882411585	11688.449706629788	19036.227749254653	11798.228223344278
FOLSYN-PWY	superpathway of tetrahydrofolate biosynthesis and salvage	25107.12445632387	38280.75641835966	24369.829436102194	19669.120699466384	25277.178906225257	20217.720963529035	11669.801979351983	28517.973919334385	28072.388734227345	20378.542685417688	22971.45376035672	27121.345361477684	87431.68896077179	70457.9809917034	32488.805276245337	22769.8041399266	38879.77364572311	35686.35256989874	36484.62175704501	45454.75659049104	38695.081118695736	39973.738921215365	38498.883160203535	43151.55385564119	22980.80186396727	27654.9953859962	16625.212325501496	21919.7235689705	9955.137156864776	32264.159818099262	19236.241068106425	23139.833865143	0.0	14874.767295221349	27498.551834513917	91.0535143759778	22382.86474584676	31291.810763766654	5747.721720485834	16631.900648517953	12049.087357368911	10465.082074238711	10003.981852463758	9205.895204615785	240.6725756418517	20948.43750660749	29827.884209334123	26237.108864945832	9815.831222945371	25799.719958397785	25593.59068850981	23718.710783194096	7842.148795940577	17982.113264556036	14184.98934795082	35148.36493843714	289.1089261089643	27210.32777941625	25298.444211148	27259.08693505053	18340.76187397085	13066.269038427386	27155.76673220789	6934.917484602507
FUC-RHAMCAT-PWY	superpathway of fucose and rhamnose degradation	2381.432319157353	732.5510449441668	2284.697982033579	1981.747469179408	1554.2725834556236	2573.601556802871	978.8805711476734	1693.4046643178488	4681.692674099073	3635.092798398236	1802.4547063072907	2692.478068707498	94.07515198823656	374.1383946612633	11.851334807096132	588.7497346905413	90.71641653040514	870.7831942597085	1016.696457326442	610.2411849409544	3109.3575061974293	180.83324694900907	790.6709575644302	58.99758526188696	1134.2711140943902	1482.5643554877122	1537.2529031802708	2840.874805432487	366.0768484898407	184.12897370413936	2201.8655302850066	1775.1174780488518	0.0	1300.048012912219	3414.199800863806	0.0	1068.4115500475757	2490.010355239621	3313.487668965641	1677.0145814808338	1370.3225166613968	635.9047621094961	585.5261763320902	665.3801800866265	86.10678315166142	2189.1065729277643	694.5410423819094	1126.9826054586254	2718.042643436266	772.635642775705	1922.5577095952808	324.2652690844353	827.8721348227504	471.8412441513091	853.3438300863938	1300.4873998560215	6.458481950283275	768.2230772045035	3402.1897961262803	4235.059857682032	2082.2470728653925	1444.063340191963	5630.573205361406	5554.776666399936
FUCCAT-PWY	fucose degradation	2088.4110388512727	5094.152079240181	2986.690089084906	1754.0362346100587	4660.940136774763	2099.378675145808	2402.2152075211648	6356.231591917855	4530.125013050614	5546.982567624549	2874.9368957634047	3396.035653613622	91.61751490547132	574.4895242755126	129.56145569998245	514.4362220740767	102.2232952547412	1255.2008208187417	1196.520018936928	5225.543882981431	3634.82896721982	85.64280956356735	867.785374548359	27.372864320632434	1062.8188794338944	1998.4879635055447	1179.8686237873212	2653.080163977229	1042.854337800882	10440.86678459065	2290.3447132144347	2941.2050500357245	0.0	2026.6688870769103	3080.220230967196	0.0	1720.7971914065397	4363.486593195727	3217.7023287066404	3208.671383639893	1797.6741370342554	1441.6181709691605	595.8072955259355	812.2004593241219	106.4898622318569	8117.188986715276	838.9948456479542	1745.0965050069635	2884.0573126300687	1750.7978179285078	5153.159575228174	5939.935966054028	851.609920851508	2791.3992336113206	1024.8262975148912	2086.921574505179	48.54860828089853	8407.736040504253	2818.410075200465	4340.036509062062	1247.4570111575138	860.5404513275981	4696.91333977013	5552.0
GALACTARDEG-PWY	D-galactarate degradation I	1995.6793156908557	94.77164789261836	2755.853107302619	2034.5171350155204	527.5347613697472	2164.552765221248	1461.0324043934734	21.2913425570439	9404.47105684586	3493.2639080774966	4129.931276036224	1660.7692956004298	54.074177001578754	52.84464755167404	50.68744688952228	157.4423200265312	118.08220418555456	47.13444430190128	304.9060855745511	471.2278813168409	1016.9976877240568	62.46954608218068	151.71224417487994	224.6845718471174	3782.87420705191	436.3729408592993	4727.373561327113	7705.318199187767	100.43594008925596	77.99308478095104	6710.175961704308	1809.570705300357	0.0	427.0213701989892	10834.45383491762	0.0	1871.089082259372	1001.0740737266772	4553.866982664754	2558.287560750492	216.8598726841805	62.51663412862568	151.14005814170284	142.0142091861365	149.7241263615949	3457.8152304409205	1174.90331055444	2489.808934843901	4610.109831786395	563.8304046359491	945.38544439367	142.42805538563763	1339.3795979275712	94.57699284378036	561.0678545290838	515.3567296412959	7.62139133703682	94.98597730106326	15596.754536669889	25356.268914990196	4430.079406077452	2490.8729132574576	20579.85860739136	7851.2633273985475
GALACTITOLCAT-PWY	galactitol degradation	4050.730067316918	6287.709305671954	1227.4150305975086	3188.920567660418	4660.760151244384	2387.9444625333117	4696.847379942109	7320.715745659271	6059.289811353741	4044.953455183039	2442.366743675743	5258.245713638192	97300.67360495556	76837.3654199312	35402.417485286605	17029.02922789321	41866.484335666384	28606.954447366898	26464.138835365604	30574.16731140789	20171.840730841173	42549.33509924021	32777.082721423976	47200.684495909656	2369.9637553938064	6809.497864806411	10356.595209635958	4247.627776531112	311.70958859825873	8752.10952384888	4390.703284587761	4198.963252279908	0.0	4251.3268422775645	2909.2939405890697	0.0	7726.935158914036	5230.127759184502	4072.135179781267	5065.847787890246	1080.2723787398847	3231.369145619461	521.3418017836296	1534.221350679967	64.57333333333334	8071.978480611444	803.5523707340534	3501.180534308293	2560.520603669906	2569.2069169639635	4787.731921780238	1936.119164672604	1590.1798748567028	5352.456051841035	1399.056159277355	2864.7926763109267	42.47325745422216	9805.261937394289	2273.9894141407767	5849.445722974364	3329.279086977523	2035.3142099059687	3134.645280652496	7459.0972510972515
GALLATE-DEGRADATION-I-PWY	gallate degradation II	7.7974683544303796	26.5	421.42854347119857	6.5	0.9934210526315788	189.0302480483205	28.80254777070064	0.0	32.0	0.0	549.2007820793771	0.25	27.473684210526315	0.0	0.0	0.6470588235294118	0.0	1.75	2.3529411764705883	46.53237410071942	0.0	0.0	5.0	0.0	241.85542102305905	2.0	901.714285714286	0.0	1.5441176470588232	0.6578947368421053	2169.382085143124	113.64451313755796	0.0	18.776840490797547	2452.60357766393	0.0	399.2235851664232	107.68750693164198	68.98550724637681	24.95556837853433	7.75	2.75	7.91304347826087	14.451612903225806	0.0	479.9999999999999	162.2857142857143	269.55042527339003	0.0	30.285714285714285	0.6649076517150396	4.837209302325582	100.48653589256836	11.034482758620689	0.0	69.77905812846366	0.0	4.25	4139.428571428571	12146.285714285714	0.0	0.0	6202.285714285715	0.0
GALLATE-DEGRADATION-II-PWY	gallate degradation I	7.7974683544303796	7.693548387096775	529.6102409514928	6.5	0.9934210526315788	218.64097831377288	54.337899543379	0.0	32.0	0.0	845.2832826474997	0.25	27.473684210526315	0.0	0.0	0.6470588235294118	0.0	1.75	2.3529411764705883	0.0	0.0	0.0	0.0	0.0	198.7149740346889	2.0	1052.0	0.0	1.5441176470588232	0.6578947368421053	2415.7594268890784	18.198198198198195	0.0	21.73124978457933	2776.554938185452	0.0	408.0541885799346	99.45042000146655	47.54716981132075	24.95556837853433	7.75	2.75	7.91304347826087	14.451612903225806	0.0	559.7773359840953	189.33333333333331	313.99668525665066	621.4987951807229	0.0	0.6649076517150396	4.837209302325582	138.58757137272318	12.307692307692308	0.0	55.15155417666686	0.0	4.25	4829.333333333334	14170.666666666666	0.0	0.0	7236.0	0.0
GLCMANNANAUT-PWY	superpathway of N-acetylglucosamine, N-acetylmannosamine and N-acetylneuraminate degradation	7203.115986725665	17789.905680001564	6913.558236997891	11131.728328037394	6684.108686137028	8769.96248832774	5950.495113068781	15334.841477505995	8474.355859919358	13491.357052142925	9530.504777885364	14785.507279668203	85567.68033701667	68081.72296832588	31429.658620002545	17744.838916053337	37257.04784064189	29355.011624956773	26550.01623692809	33394.702526182125	23180.87713417446	38838.18379997401	31249.34283570528	42132.47313859525	9095.24845183378	15469.836113829291	10643.0663093005	11230.397615138329	6810.5983304777965	20178.090957259403	7787.18321367008	12796.35617748912	0.0	8273.889964517704	10194.1030140547	68.0	13591.327333016963	18996.179343718588	4111.672055418662	10922.943592523405	4351.882797868264	5794.83927556216	5270.570748631162	5200.160053533377	133.1500188797193	12632.027830136893	23479.77226328672	18267.95054074979	5337.727325433846	18078.715394700608	11191.721823591592	11123.364674966238	2787.765022525649	7030.31270075048	2779.780480268368	22508.933311490604	96.28470533715786	14761.576913102304	3878.815826713681	4824.878304308264	3273.225845528022	2077.1736835620604	4394.43932124698	6340.814452681282
GLUCARDEG-PWY	D-glucarate degradation I	1599.832419824513	6.278650710059032	1756.9331084444427	15.97151642552591	672.9984606626042	706.1785017994608	1413.461827708279	9.714039079906684	9397.610750197658	3448.718784165901	3742.397307743251	29.002802956406345	48.03379056582847	13.636568388375418	15.844038774008194	26.03911513000299	79.2747347165256	22.633263548438794	43.46239030251871	543.7949232677292	26.7646498721649	83.90953598366349	3.989129457675752	231.48215370670573	3302.3059216391894	0.0	4475.342812730285	7706.306468225517	0.0	101.79073332833288	6353.397413794397	1458.629410389265	0.0	332.02713131446166	9208.088803986822	0.0	1420.7379369970847	923.6118225489716	4535.052316217122	2518.5773773428846	57.37934792788485	9.14634902868744	74.67569481524035	142.0142091861365	149.7241263615949	2468.345013220062	931.559870747692	2172.959043214136	4128.735497698266	532.8886065858195	87.53654470724351	22.819257354064494	918.3672759097263	43.86644636415265	436.80955255837154	408.9971142561829	7.62139133703682	0.6599772285282856	14589.636571144536	23897.02013015427	4286.285655862864	2443.9423227808534	18940.396620611544	7851.88746200528
GLUCARGALACTSUPER-PWY	superpathway of D-glucarate and D-galactarate degradation	1995.6793156908557	94.77164789261836	2755.853107302619	2034.5171350155204	527.5347613697472	2164.552765221248	1461.0324043934734	21.2913425570439	9404.47105684586	3493.2639080774966	4129.931276036224	1660.7692956004298	54.074177001578754	52.84464755167404	50.68744688952228	157.4423200265312	118.08220418555456	47.13444430190128	304.9060855745511	471.2278813168409	1016.9976877240568	62.46954608218068	151.71224417487994	224.6845718471174	3782.87420705191	436.3729408592993	4727.373561327113	7705.318199187767	100.43594008925596	77.99308478095104	6710.175961704308	1809.570705300357	0.0	427.0213701989892	10834.45383491762	0.0	1871.089082259372	1001.0740737266772	4553.866982664754	2558.287560750492	216.8598726841805	62.51663412862568	151.14005814170284	142.0142091861365	149.7241263615949	3457.8152304409205	1174.90331055444	2489.808934843901	4610.109831786395	563.8304046359491	945.38544439367	142.42805538563763	1339.3795979275712	94.57699284378036	561.0678545290838	515.3567296412959	7.62139133703682	94.98597730106326	15596.754536669889	25356.268914990196	4430.079406077452	2490.8729132574576	20579.85860739136	7851.2633273985475
GLUCONEO-PWY	gluconeogenesis I	26086.038621522144	26916.73954314517	24604.84560827209	16052.88075961526	22954.16099889699	23014.70341688049	11938.065158418582	22669.09320932956	27570.780302078783	16552.650869930192	23943.428104942563	25159.97573697092	98384.70178864828	78622.31713808823	36580.50928382336	24036.757076638776	43349.09390070663	36781.68896851366	40585.88212162331	36258.764930293626	42483.48192138416	45001.90780602476	40515.57109865904	48630.84495629342	20536.862841183567	23990.379841972663	16852.017554528207	20514.3147928556	11623.90729857752	19646.97706384605	18740.6876266502	16952.059658554215	0.0	14087.014405247655	25602.989544895405	25.00930405656866	18355.876324903616	21018.54199285988	6619.501345211918	9738.083696238116	12220.164972199833	7520.089995299176	9139.474543962093	8414.899730196747	287.4903788024892	15660.719730363156	13562.581533344486	15999.366586075585	11892.146583020052	15558.871084276969	23856.7994025224	24746.268113636863	7614.512724733691	12811.992946772854	14377.854442959984	20411.7359618922	298.4069087340296	22375.726868024667	26575.913837515684	25520.893818949386	19427.7310306185	14127.035312465212	27687.22832907943	8388.017095388937
GLUCOSE1PMETAB-PWY	glucose and glucose-1-phosphate degradation	28506.680000000004	37401.2	30971.250000000004	21991.46	29390.95	29248.76	13771.61	28017.84	32597.689999999995	22756.85	31348.459999999995	32997.15	86315.79000000001	69888.27	32161.7	22786.68	38482.27	34913.51	43805.33	39172.51	45410.84	39326.72	37665.5	42586.8	25392.6	29385.45	19331.35	28002.14	14672.96	28702.669999999995	17568.18	22436.41	0.0	16969.09	31633.870000000006	0.0	22407.72	28856.7	5602.83	15655.1	15567.250000000004	9380.61	10631.73	9887.57	360.43	20381.94	23869.34	22077.03	13400.31	24043.13	28175.22	30177.84	8352.61	17703.190000000002	17885.260000000002	30800.79	408.55	27301.49	30313.929999999997	21797.45	19728.57	13851.7	30765.17	5821.0
GLUDEG-I-PWY	GABA shunt	3258.292514911612	352.03948737071926	1269.514170473027	1007.2184376319832	806.2225631336134	2083.0067106186266	1531.3841703039795	2398.4577161062034	8490.535478982962	2613.5402002087094	1222.6258140763605	2938.4491742193454	33.83246752213616	440.4957386075831	18.993778291993465	764.3280254468598	213.71631823514372	2028.946096868232	1037.6175167858237	3735.697807841145	1329.9124869184884	159.76679995785625	643.5311880905127	89.62012084203954	1696.5936090793978	2752.511995869517	2593.4860313204967	6885.696306554775	81.94016744431376	245.67029810223627	2647.810137437385	1831.3174696831263	0.0	2013.98309775746	5871.932857765434	0.0	1612.9529663583098	1716.1767064667297	812.7475491716165	2002.903906110998	1313.5604756620307	525.0082143178352	393.9800291053269	1030.3893734499272	67.40368956676119	1945.4494937834163	851.44099415697	2141.8185084297043	1767.879827839709	662.0948626197073	836.6357203857053	70.89703894438343	892.2539889050732	998.671662342763	1262.4953012173478	980.5317868567424	3.8765730294866287	130.6736640609416	6765.101660392584	6058.126960869447	1123.931852162324	747.6879535518111	7634.317107544737	0.0
GLUTORN-PWY	L-ornithine biosynthesis I	6706.965534725357	21218.731386077987	6956.188733516811	7688.191049737251	8181.458057538125	6527.634645054837	6123.946058458418	14993.690658596632	23658.290690234597	10946.118094395077	7174.579132653761	9583.03405091532	85275.87505621027	68146.26353775834	31295.741586153566	16641.783914170217	36589.103803719605	25346.591627144564	24300.32754609392	31256.431511299736	24256.15488815834	38539.04605071656	28925.290249493355	42013.84292431251	6028.049903787239	9244.64309589882	11208.900468924645	18697.513071985708	2194.734114908991	17984.9565872662	10397.13973741909	9780.848980520856	0.0	5891.784523893593	17779.694412949055	18.25503355704698	6304.254326858849	13397.218909580237	4958.305965359731	7058.903413703212	5288.907840133805	4255.785754311901	2501.108312772515	3303.2341326114915	255.11635690475828	14176.961243856937	3848.313856181827	8415.896565085986	7658.611052093197	5239.230927163497	10865.765084228466	13106.829820563027	3056.0067249101685	11631.72405506141	2527.0718705539507	10967.490142402152	71.07556735852509	15751.528242575365	24556.448390156656	28455.96245723032	9302.339342820142	6568.557866345402	27371.77528755488	7735.417420845412
GLYCOCAT-PWY	glycogen degradation I	4929.612224073912	22196.872911613857	2310.2494165574053	9051.301068042552	2036.2104660649304	1436.6145762165352	5780.187366452682	16397.32038507491	8174.852906484316	9796.022472630331	5657.667250195023	9099.750657927894	328.391655927447	2275.594797631716	19.10689001722273	4410.6796263900815	1119.7237823790715	7145.6653961534	1720.919463229791	20028.42788891811	63.01906510005857	843.4338377076643	2087.382415595611	143.6783218089399	3166.172118167382	11734.77979069541	2263.428619851882	4483.712129478015	498.61941421199873	18251.0352687513	6058.423046855688	9100.80671130025	0.0	3863.4406604011274	9421.735906876536	32.137163102619255	9536.554713309011	15037.827441113512	4916.634733985077	7871.01664605178	4156.116939380463	5872.701264290267	2805.2924722690004	2965.1497786338764	147.99580880214512	8886.210888085354	11788.378115288191	12561.835103415471	3210.842661412072	9358.215509998005	15530.824987069054	18587.06763742199	2935.5572624015103	10742.549662850468	1059.9814066968866	20029.376590205524	76.36848555632054	15126.061032498705	4261.100255980085	10123.061908221893	1932.0192840087116	1358.2089643493728	6290.176814593614	7850.924488608541
GLYCOGENSYNTH-PWY	glycogen biosynthesis I (from ADP-D-Glucose)	20293.285395506635	33115.5040004212	24771.045763196333	20539.56339641092	25180.51248395408	21699.46628007394	13366.692030347422	27390.615805103906	26601.48574005301	19109.427230303398	22688.618017291297	29542.086405259583	1247.3523086570492	3462.6791251606437	1282.6809671718008	9233.444138635152	2516.564749963479	15826.95450672179	15595.45403992247	26601.97720160075	24559.050756960987	1380.5744580119117	15341.196376215285	831.4825093685909	20739.404684430112	27076.159454811484	18008.326177132003	21552.51579082505	13901.607351373344	30329.3055938168	16116.421325191774	21840.951795165063	0.0	17327.0197313371	22623.47679902913	92.56252562525624	21732.960609051035	30387.518875235677	4777.378920493272	15208.450372861416	12186.70211682064	9403.681446212046	9875.463673040378	9457.604650953655	254.34513880434184	20142.73685672461	28361.03828147613	24480.364171750847	10860.886710376715	23880.769609155705	24702.94331412371	24794.248668124328	6449.020224850812	14333.231170429255	12768.130300114948	33687.888761491544	313.94664271769966	27294.72997026632	20366.00559372381	14096.4387327501	8115.154445487222	6556.16722365951	19723.897653308934	5755.463797236215
GLYCOL-GLYOXDEG-PWY	superpathway of glycol metabolism and degradation	1111.2221020969969	2449.6147510250294	964.0157041250246	388.667429142815	359.70210979585966	916.6674660677317	1045.4951102974792	1745.275194575364	5608.865687359351	1983.8053544784284	2039.3378395241173	647.8981505211162	29.287240630450743	275.2308454686202	1.791720067453625	48.93666138610297	81.88630620605613	244.4128155965251	199.2845495678184	1270.532161413607	11.36607683952908	166.0636690097656	56.12931445483622	140.29275680627885	1105.0314000346375	757.1303816699146	2726.900652499556	3411.5647131190067	66.50140897873342	2830.8401226594938	2177.9882544458465	2084.536476284294	0.0	557.8196664266161	4307.274382331383	1.3114754098360657	1273.4929971881345	1836.28074711206	3046.859173840345	1641.6426140456877	346.2331904129112	414.6067089358732	139.2270026475022	333.0616226082381	95.99012205084406	2333.2276995067086	838.2982522530447	1792.813537419663	1776.8166964160034	579.0443950483813	1570.051378177618	954.074778360338	736.009498618926	1110.1447208492973	239.97732008440423	1382.7802766999685	3.914460214327125	3599.884625996415	3421.7377289638684	5734.904446481343	1580.5505578903085	1052.2796740448962	3755.435915860903	5554.49887478621
GLYCOLYSIS	glycolysis I (from glucose 6-phosphate)	25519.66961044449	36679.81389856738	25047.077233545857	20017.119810605644	23888.800047823737	24340.29644376984	13300.1863560757	28139.958480776968	24697.022260375456	19645.660967390377	24953.254217508624	28449.07295213593	100064.36693966288	80275.90852868956	37244.89635474968	25240.16675732333	44337.586802591424	39413.05513837239	42006.94722829192	42474.51170207807	44696.44147414064	45619.979425145575	42885.86853240123	49343.28482457359	23373.0921215472	27692.44104747596	19015.85386248713	22217.414922802207	12744.914556936	30658.864625847425	19516.25516426193	20686.668440006884	0.0	15775.285190298226	27420.618578049765	61.29959734596317	21719.919584896503	29584.599492056743	6969.8372319996415	15278.068738168193	12875.506624676878	9840.129332626157	10303.412127289585	9343.250180910743	296.97201020071805	20178.24987885606	20313.10495615605	21831.137165281387	11711.814870422806	21694.400311707963	24830.507299902183	25592.752548296867	8040.752473391532	17984.85504868858	13590.399879589271	27933.68771049713	282.0674643011395	26831.092524828488	24905.184862799462	24650.8467809746	18138.2094870116	13171.820144738846	26872.765923189945	8294.121269162024
GLYCOLYSIS-E-D	superpathway of glycolysis and the Entner-Doudoroff pathway	6102.203517105715	25664.87075393865	3487.979302403219	10142.044166747271	1742.1428228884888	5588.168527856984	6848.795218265418	14039.897748728336	17027.6147318139	8607.982959386578	9624.660690063874	6075.447295405175	282.22968583838195	1631.0723277131738	46.52655293359545	2524.508015384152	776.2887108797686	4213.779137385847	1490.1056034888434	20205.067329099544	4.614414881564886	643.5037186300373	1503.7915868549771	659.367542036742	10992.6838887161	9406.878223601045	8851.84319864167	14340.581740764406	307.24809833049324	17391.204937512444	9548.352173962774	8208.51377165394	0.0	1659.7591988301438	14732.141397464296	34.209341138819575	6882.3577606497465	14336.566177452278	5306.244225041493	8648.534147884417	4553.132680103647	5884.514488544114	1372.3285970943095	1270.7927173601547	212.25949772864635	9713.506894647478	5624.484275301509	10391.23779906829	6078.954378452633	1691.6667814145724	7021.861189329445	3616.271694655567	3005.3458180646708	13022.767758125005	1068.32654068347	16242.573806928924	13.061823269603703	13809.882228496988	17812.538422890782	19480.075831403185	9534.630785842872	5768.896851354128	20323.721665351022	7233.951442831619
GLYOXYLATE-BYPASS	glyoxylate cycle	974.476006856546	1945.1301888430696	970.0801152602062	274.5428438175015	355.4228612491314	1577.8441013143172	715.9821428511698	1398.121201924537	8239.010318391802	2726.930213173885	3513.7895181134577	495.8025079983858	105.87389518686798	688.8421602700904	6.824911521140648	34.5187721298422	84.93743964162475	178.50421533723605	178.47851066769826	1004.2463201623472	7.612841028758486	184.4297979107621	41.43976519126405	178.25192456590895	4184.530065712976	560.3254924776668	3081.732114230609	6550.6993261150565	111.19105497727736	2753.6947518441043	4019.251770802178	2364.851087645401	0.0	764.7604568425161	6232.185083431356	1.3061224489795915	1063.031955817821	1470.2543856486657	3226.197948574614	1494.777890531313	262.82676761717465	309.419417806543	109.54820399479271	311.863971089336	98.80073957340758	2401.969356874565	735.927665072801	1790.5691006133022	2848.799642610687	484.4137854391686	5709.055736595724	10202.677233907683	832.8494099617318	874.3569777943491	252.66699389580884	1208.7352629796464	24.13127386648794	4475.185678585923	9713.293155131	17862.32430688097	3509.8785860274647	1959.674378892391	12267.600340396666	5620.729278887924
GOLPDLCAT-PWY	superpathway of glycerol degradation to 1,3-propanediol	1656.370982654431	875.4696079902055	1668.1136480050584	992.6295868288208	4401.844839709013	1158.878270174424	1888.6840050331343	1741.1421754678863	0.0	1367.4684001248256	3301.55430554877	1780.6096536612197	396.6735319292108	426.323796796776	21.18392046929931	1327.3418350591833	326.38672100645056	1528.6253793511514	3991.007363113863	1102.491798998669	3352.558697492522	66.44075816193107	2271.6365260127536	599.5111463656434	907.950355098432	1952.6361711252343	521.6270887826274	0.0	1833.8481219336263	683.2292317365661	925.283468858826	1382.9883687448432	0.0	667.5421787472649	3743.1140146207854	0.0	2451.765678687037	1189.79642332255	290.6982946294024	359.6370082042211	802.003100871908	303.23002955918884	803.9755460169564	438.0678645146308	0.0	1014.0462523159408	779.8451376140686	1106.5164221153263	2081.5205795381385	126.41720627595932	600.7257699298431	24.36421967462917	1143.134600640371	83.80328327566596	981.8471739455946	1177.7411074049785	4.099219434187948	74.92831187671467	1630.1972308379518	0.0	2195.635313461656	1435.7548303988583	2607.281414310084	0.0
HCAMHPDEG-PWY	3-phenylpropanoate and 3-(3-hydroxyphenyl)propanoate degradation to 2-hydroxypentadienoate	0.0	1.4680851063829785	191.71867413853747	1.4285714285714286	0.0	4.449909393551193	0.0	4.489445364238411	0.0	0.0	93.96503728111908	0.0	0.0	0.0	0.0	0.0	0.0	0.0	0.0	2.23972602739726	0.0	0.0	0.0	0.0	79.80817438692098	2.9347826086956523	0.0	0.0	0.0	12.461538461538463	0.0	0.0	0.0	24.55813953488372	2.998257690542648	0.0	0.0	0.0	0.0	0.0	0.0	0.0	0.0	0.0	0.0	0.0	0.0	0.0	0.0	0.0	17.973053892215567	0.0	0.0	3.4859154929577465	0.0	0.0	0.0	7.200000000000001	0.0	0.0	0.0	0.0	7.4954693438869615	0.0
HEME-BIOSYNTHESIS-II	heme b biosynthesis I (aerobic)	4546.382557242703	18215.7442678024	4081.311500267272	6483.706885901573	3190.445774592575	5142.828143511304	3359.8139551482136	8518.326074433015	11507.2347696633	6778.900805932965	4028.017961012208	7535.618762219599	85503.4748614796	68141.51410003635	31098.47583363836	16688.118620509413	36898.93240786506	27192.444770462807	23756.374580274223	29123.221023952185	19001.62191283985	39056.92215317155	29504.135321229835	42195.79528044134	6453.505923019608	8574.148505348334	5180.844387483272	6363.070620692455	2566.53330610883	11686.907125597836	8113.521919689479	6476.995612150127	0.0	2574.1591783143863	10745.424755221096	27.824594033908006	9439.651124984135	7859.369027404839	3452.817609183936	5322.926634168011	2225.641083260385	3441.7656700881303	3057.3846060061387	2609.7990473760287	121.43000000000002	6157.190643130632	6503.930566837057	6978.193062011638	2829.2795004565746	8327.942454065107	8560.058994562376	12664.780078791104	2268.384800527025	10141.983764936718	688.9702108877265	10751.902907934573	41.66061455366473	11056.955000575608	10214.545987716214	16673.76669610248	6912.332256850212	5226.518432175874	11307.547886315808	5622.225324559844
HEME-BIOSYNTHESIS-II-1	heme b biosynthesis V (aerobic)	2924.334831654643	18215.7442678024	1664.1731272613015	4966.933648846972	905.0010043060068	1942.5801351809732	3359.8139551482136	8518.326074433015	11507.2347696633	4733.896889661987	4028.017961012208	6460.457427179173	163.36397076380342	1287.7364812344413	8.858739044044146	1813.5707163726836	790.0046523078602	4851.367941400296	883.5301895419108	12150.1490889962	377.9201456254722	565.8557498447952	1283.109515086183	217.81994526231583	4602.003862875029	7475.164410761808	3723.825136955192	6363.070620692455	228.39101573857	11686.907125597836	5571.391133605574	5324.730965793958	0.0	4753.2991354188	10745.424755221096	27.824594033908006	3885.210098284312	7749.348729446958	3452.817609183936	5215.841555262308	2129.220236986671	3441.7656700881303	1891.115158804172	2962.720930741161	121.43000000000002	6157.190643130632	7677.686938404201	6932.888953879918	2372.384772180237	6036.097531355791	8560.058994562376	12664.780078791104	1724.1107196851322	10141.983764936718	1448.7803598350206	10751.902907934573	35.84686447193743	11056.955000575608	8971.01061272761	16673.76669610248	4120.8478688054265	2335.052643635758	11307.547886315808	5622.225324559844
HEMESYN2-PWY	heme b biosynthesis II (oxygen-independent)	2924.334831654643	6783.05558276486	1664.1731272613015	2435.010487416461	702.0928254868896	1400.4190735527525	1612.8318313452785	7837.548056491297	12179.342109604288	5497.019991843406	3818.233211045638	6460.457427179173	108.79082655111768	1287.7364812344413	14.856453269110157	1813.5707163726836	790.0046523078602	4851.367941400296	883.5301895419108	12150.1490889962	377.9201456254722	565.8557498447952	1283.109515086183	304.62350355275623	5070.447260081342	7475.164410761808	4216.224013517841	7533.176651677872	215.0028791366852	9155.830384283794	2711.366567614694	4864.641686529043	0.0	4753.2991354188	7180.855599253979	0.0	3885.210098284312	5968.621515805198	3431.21396187697	3445.50219804419	1659.6670568916118	2736.360515956293	1891.115158804172	2962.720930741161	123.1074747395011	3403.5954627100546	7677.686938404201	7411.456289864485	2247.7826408321826	6036.097531355791	5893.217849134883	6609.170359609756	777.2885549133957	2080.6996558096102	1448.7803598350206	8856.396296033334	18.24996264667561	3750.257031798599	8725.718312013625	5835.400973665053	4120.8478688054265	2335.052643635758	9538.506169077644	5622.225324559844
HEXITOLDEGSUPER-PWY	superpathway of hexitol degradation (bacteria)	6627.651407567667	2926.305052801593	3007.754494198005	2465.2821200573444	7224.820562270032	1959.4271526983125	3343.624632545685	6343.969514606426	9605.433843673354	6231.668460893548	4248.321126114227	3896.8486824112806	2377.5353031939435	10443.479641600828	691.7914158326355	10366.5991490532	2327.8197968601185	17854.89587678765	22153.52787373772	29116.918385540903	24819.999915725937	2957.9989856554485	14525.00850412294	1201.7712408627624	3296.426939439635	3114.73097965102	6045.236193765544	6931.211659969871	279.7291782956814	802.0884647148227	6415.7746427594775	5900.896651700684	0.0	3792.957566809232	5277.224388542111	0.0	5768.006081594471	3922.767012087472	5273.589219905279	4725.0544352970655	2359.371977559309	1332.6906178737495	1083.620526527949	1628.078456892565	115.25643945500968	5822.25133920582	1916.0575430656093	3927.312410791996	4551.146529343636	3336.3940302361884	4434.22190503528	563.484062699557	2407.207139484225	3031.1145171823014	1262.4062768414983	5043.970339050928	47.19493047536227	1618.331729778038	5330.012288827444	10277.059260365984	5998.25337796614	3977.812945123427	7164.1901274016745	7770.162103959346
HISDEG-PWY	L-histidine degradation I	12227.621084942934	14783.67343358024	17667.848645602546	7261.300840485799	14984.973918930027	8474.566960648746	4080.29903046748	11447.573814539404	17549.06387440118	12048.704962268588	10862.81486972313	14087.637502083053	85868.72852413313	67804.36237863818	31943.118745675016	16914.09805648093	37440.230727149945	28278.302438899027	30752.68727192547	26190.385218907013	30532.746199209305	38484.651239083534	31489.247662712864	42256.64793338995	15688.544341326358	13368.746108098412	7522.629374752348	11118.897093955366	4407.722195735745	13734.583630897272	11065.45904786343	11752.68584460844	0.0	8395.36313484913	15675.709108678013	63.0	10873.328753283282	13423.39881569882	4110.973687899071	8198.862961646611	6471.493502740366	3654.736912936354	5630.614121864273	5365.148532399762	116.9312560230027	10430.048355012288	17604.676175023338	12713.07676875479	4102.25869227958	14411.081908537257	8818.354935455805	2869.239640467421	3245.752180004742	5313.91144235239	9525.625752627742	17126.60746607162	202.14889892357635	11447.5406647319	11791.720205502175	20974.556820312275	9086.551006117115	6271.86603387437	14253.304083604124	6479.725961415285
HISTSYN-PWY	L-histidine biosynthesis	8679.807968403053	21447.232012399403	8248.907239055581	8626.312626726747	12741.768348831183	8024.548003250504	7085.990612821985	17690.230692690016	23493.038538019	12156.266381768197	7618.236984631765	13560.451504888308	2617.581403921856	8278.909097648659	2399.624022078891	13024.253972734989	3644.073708956497	19624.34124739838	13070.642571600798	27825.07090675649	24285.171207247706	3613.275502274231	20239.001295533653	2379.602853983747	8091.9243712537	13307.840048049748	12936.130266019714	16739.098448197718	3017.070814938801	20780.44901238169	10030.26559873386	12453.649115026465	0.0	8924.322133968231	19875.95285431884	3.404728789986092	8855.185895218616	17064.43789604316	4191.499385870404	7339.661286613079	6169.562662877866	5535.455877488103	3358.0569143289144	5675.9760921237485	204.88702135677835	15234.881242934687	8376.481557181662	12281.40561221862	7386.091164079295	9692.18306140084	12883.219732147096	13364.437705377051	3418.590161027068	9450.197212403482	4132.657705272544	14125.214919080505	89.09735487185856	15394.998739638446	22217.61460977494	17454.917851776954	8816.850303234123	6167.175033316059	23133.37608975297	5737.792428311531
HOMOSER-METSYN-PWY	L-methionine biosynthesis I	9278.862667906576	17641.87268148004	7346.409992168916	10084.197935949393	6585.30393424909	8384.547478433746	7422.51520759771	16154.02204949989	15834.723985654762	10005.27344937427	10112.027224925983	15209.618225227405	843.6858970771956	1732.7697201058672	936.927188613583	7359.000843324182	1223.3331078835672	11725.277544340384	7230.8481237705955	16036.504230314971	13419.376952495377	758.9835225391533	15131.733250817277	268.57701848843874	9757.009930209571	16154.49121917742	9244.472852722072	10803.957871809029	4688.010837891156	15283.588046750092	9758.924972255623	12792.743438029464	0.0	10234.003859405124	13292.73321215458	3.855446158845992	12743.164711711555	18147.550303018583	4492.239827131665	7328.28995947613	5277.696325132999	5616.174304593439	5480.300351489429	5655.477121892291	173.07040204168507	12026.853894001772	15070.182548840474	15360.396139080904	4968.125878376764	14764.800452835296	11829.910622431456	12500.732603699586	3821.720822912726	7724.945642748216	2949.6626328476614	17931.706070213124	110.30192861512448	16012.294023364351	13129.82296936328	6285.488453152075	6371.120389556788	3902.8077354789466	14839.22264267288	6393.240071791503
HSERMETANA-PWY	L-methionine biosynthesis III	11578.147960582031	25185.153966122765	8582.88467651228	9622.118602513374	7571.794719570003	10985.467060899196	8512.665904491663	17521.94111889472	15618.292798911396	8599.980180793265	13391.93708599058	16318.21243955018	102390.34766815545	81741.50553764215	37743.90250640962	21761.14763828778	44373.71664124582	33546.225601278136	30864.289411705056	38709.55864490712	28935.02568299444	46631.56992614189	35271.156341958995	50479.42327311135	11211.478265864016	16332.37812659453	11564.588926214285	11654.182959143383	5434.115886184902	18543.37022485265	12682.803020131076	12234.555661860437	0.0	10453.005503849556	17727.756706223987	12.47906523855891	11628.097959014936	15981.859101505592	1879.8240229157807	7288.894892472946	6134.160967952813	6112.312336671913	6092.39819064423	6034.337497258516	173.86695527679302	11344.161782134215	10251.106170400764	12283.72870609862	6120.0055594149	12105.271644591649	16118.098468263615	19456.87318918956	4366.28272021138	12850.687302501345	3653.4664126582375	17780.773587108895	119.36449739716566	15775.307084465056	16595.831696444304	26964.85160377036	3921.9029427516393	1918.7064108125408	19078.90811161306	196.8311270125224
ILEUSYN-PWY	L-isoleucine biosynthesis I (from threonine)	13877.800763317338	36614.826785807294	17325.341244952182	17233.660767176745	20367.49612014069	14766.226194741512	11903.398789978626	25675.65363739121	33733.98787379538	20295.50494424712	17932.443090740675	21798.69892917257	113995.53431619944	91362.94739078646	42101.99472634694	25221.0591873122	49706.98388441753	39746.38465857101	35910.1989757576	51887.39915080228	41376.69018713468	52401.11897708597	44311.335175139815	56553.02865462319	16153.946992868472	23677.02917649308	18669.267442801545	25275.632534743832	5896.416866427904	31926.80156515278	20514.26647188818	21291.276380253144	0.0	13496.178425399936	32331.422081295328	93.15856236786468	19908.93188027787	29732.76927730753	5631.673119811713	15765.20674063441	10111.122551853468	9451.136719811197	7809.503160816081	7035.31931259879	302.6882645911835	21535.97471710167	28899.21940273667	27473.28089012094	11935.614296094653	25702.03415210965	19440.00681317363	22084.28826218454	6452.295156954981	17232.711229334334	6509.034797217674	34812.4772666815	138.3290512630957	25171.391245288785	30343.94939476018	39858.1209859542	12565.661787169433	9061.019773220767	33242.34763705279	7180.110768884048
KDO-NAGLIPASYN-PWY	superpathway of (Kdo)2-lipid A biosynthesis	5023.620105248229	10458.119086858957	3039.7281312522387	4217.618844799049	1136.3218159153826	305.24868648289123	3533.960146751756	10262.001255776113	17153.15174572056	5794.096608464588	5788.25345384036	5764.441217577236	140.13014725921246	1041.4983957678364	11.300061369728205	2630.7631033565717	1145.7656757287762	5979.336083281202	1891.5073847624535	12885.204770713875	5.677932923475808	553.5074027538949	1416.7434344550725	234.1414340410932	4914.070988650404	7937.81264643468	5995.694805044462	11890.281649295544	526.444909159115	11146.010370561937	7676.947620779002	6987.303344259245	0.0	3513.939533419485	10969.621328832409	0.0	8523.17104778723	10012.323353711372	3982.6910604957066	5145.288912032446	1447.169367200761	4351.125599690401	3159.726442084948	2999.1504280958693	176.20870649062098	4951.141474278829	8090.232870220767	9422.26294888211	5311.535472107836	7057.785508574459	12256.137820973529	13584.299614812928	2343.039667265375	3977.8028841418	2238.213849910649	12278.487071977705	78.14018446586427	8465.091242935778	15392.608805993155	12648.285566309203	2424.5508067687456	1385.9124851529878	16260.00647351112	6011.300687497125
KETOGLUCONMET-PWY	ketogluconate metabolism	1395.955717310584	46.63121880405829	914.4493028263644	54.554554293053975	1095.169422209333	389.6862526500866	661.2141439994796	160.22713925913706	6774.422888635419	4357.571742454574	1779.3257660435604	234.6948190565604	63.6273071205398	8.46984642562623	2.856969848903217	7.131853903440277	53.67171559604655	7.4101887379106115	551.3604527504311	209.0164477965276	560.7832783934616	20.04521831359377	11.978857435161547	63.95340673371401	1446.308041701091	53.56923676909851	3563.987597746096	2672.7830727233336	0.0	84.63890536554335	4384.526817509214	1183.9925374768156	0.0	282.5074250531844	6240.714404291559	0.0	1324.6885810956103	626.9948796645367	4762.979099404355	1505.7162347556466	346.279459856288	37.68818799506285	404.8421927934695	189.19302196544007	76.78927520109534	1559.0493898545658	744.4904357725211	1299.6433144799398	2695.213898747126	274.9820288142099	5.991344141482746	27.859294426279718	906.5795434787284	21.76571097039217	448.2966882977087	238.39687117338275	3.899862734541983	0.0	3768.576027726036	6045.692032380303	5568.881690939972	3681.428186391181	3962.3861087860464	8345.020004475275
LACTOSECAT-PWY	lactose and galactose degradation I	5015.098195663818	21002.3394546372	1669.114487821054	9995.98989378475	3740.5333995693823	4416.09262751529	4106.688130319128	9198.37853947774	6559.147087760935	15976.509424155263	2299.69548169271	10670.86277352422	500.4850842582157	2979.8017688539653	16.855414220877407	6038.113378354168	1641.9675980763736	14356.916957275447	1890.7613478050228	25485.99789843102	142.05152509862776	1200.0581411091468	16375.41715131121	336.7391246395842	9962.925297658858	12307.01421394702	10505.12497825271	6911.042521041222	3390.713980423612	21667.71487968893	5828.805161042035	15313.275375985057	0.0	8185.244435419666	6563.166678432596	144.0	10926.838777750016	23116.4401347852	1562.4003516213982	12884.803240915304	1268.20110581377	4738.643222058369	3771.6951107494574	3992.928808544152	0.0	12771.879244413783	35475.113178009866	24907.67559038703	2009.9892137676684	26132.08879709323	4518.29232858537	1696.9504333895752	1594.5192920414663	7035.451620733965	1267.4628905132954	30493.96659020625	43.92133798563367	14332.86730894044	1793.934079186386	4403.673573162917	2599.897998324436	1577.2031443508786	0.0	0.0
LIPA-CORESYN-PWY	lipid A-core biosynthesis (E. coli K-12)	0.0	0.0	0.0	0.0	0.0	0.0	0.0	0.0	0.0	0.0	0.0	0.0	0.0	0.0	0.0	0.0	0.0	0.0	0.0	0.0	0.0	0.0	0.0	0.0	0.0	0.0	0.0	0.0	0.0	0.0	0.0	0.0	0.0	0.0	0.0	0.0	0.0	0.0	0.0	0.0	0.0	0.0	0.0	0.0	0.0	0.0	0.0	0.0	0.0	1.7097589782039455	0.0	0.0	0.0	0.0	0.0	0.0	0.0	0.0	0.0	0.0	0.0	0.0	0.0	0.0
LIPASYN-PWY	phospholipases	2102.2200000000003	13249.66	4679.09	3427.5900000000006	2103.08	460.0700000000001	2580.51	7218.269999999999	0.0	1940.47	2161.9500000000003	2534.88	49.43	386.76	0.0	2405.13	175.41	2534.8	856.73	6135.530000000001	5356.54	113.46	1758.43	78.35	1045.88	5141.360000000001	1322.0	1538.8100000000002	533.35	6910.81	3545.58	3030.0600000000004	0.0	1573.82	4892.53	0.0	2770.61	5699.62	2962.3100000000004	3714.42	2885.73	2627.46	1938.88	993.39	0.0	2839.99	0.0	0.0	3115.0	764.4000000000001	0.0	3408.630000000001	1129.77	7696.74	2999.53	6707.200000000001	0.0	5340.93	5253.15	0.0	1145.6	753.71	7797.400000000001	0.0
LPSSYN-PWY	superpathway of lipopolysaccharide biosynthesis	0.0	0.0	0.0	0.0	0.0	0.0	0.0	0.0	0.0	0.0	0.0	0.0	0.0	0.0	0.0	0.0	0.0	0.0	0.0	0.0	0.0	0.0	0.0	0.0	0.0	0.0	0.0	0.0	0.0	0.0	0.0	0.0	0.0	0.0	0.0	0.0	0.0	0.0	0.0	0.0	0.0	0.0	0.0	0.0	0.0	0.0	0.0	0.0	0.0	7.68799068937192	0.0	0.0	0.0	0.0	0.0	0.0	0.0	0.0	0.0	0.0	0.0	0.0	0.0	0.0
M-CRESOL-DEGRADATION-PWY	m-cresol degradation	0.0	0.0	102.8315725568186	0.0	0.0	0.0	0.0	0.0	0.0	0.0	0.0	0.0	0.0	0.0	0.0	0.0	0.0	0.0	0.0	0.0	0.0	0.0	0.0	0.0	0.0	0.0	0.0	0.0	0.0	0.0	0.0	0.0	0.0	0.0	0.0	0.0	0.0	0.0	0.0	0.0	0.0	0.0	0.0	0.0	0.0	0.0	0.0	0.0	0.0	0.0	0.0	0.0	0.0	0.0	0.0	0.0	0.0	0.0	0.0	0.0	0.0	0.0	0.0	0.0
MET-SAM-PWY	superpathway of S-adenosyl-L-methionine biosynthesis	13313.582826987964	21995.2923208522	10058.896726543848	12566.854933988983	9301.343000925624	11956.104807699065	9355.89020235841	20161.90239498585	20232.060432757906	12209.234224336777	14165.958939129436	19834.947056185283	1376.226339670675	2938.1471877874865	1612.8389267327486	9989.615696662171	2059.1983048504644	16240.39094654535	10557.46031679578	21209.70583650161	19557.693831316574	1301.123928876546	19500.631062618584	495.4718568747391	13693.034111150542	20476.028481435485	12144.829013194105	14410.253616641789	6435.34167764304	18282.993398242936	12994.639321497853	16084.816104273908	0.0	12504.551170246226	18002.12816335373	5.066708728675775	15891.657226677076	21735.694245269344	5412.783381120902	8980.294376320824	7123.153549069903	6946.353042419893	7225.377299590818	7176.393114489443	210.823694112392	14278.544147566825	17486.895305629958	17778.890671980655	6698.9273858714805	17160.885041854228	16008.059906618484	16924.706917950592	5255.691121258529	9831.981631679077	4320.144263186044	21513.194124473703	150.27529381464305	19125.38138759837	16886.24407363818	10050.275169215627	8035.493056816102	4911.639072639876	18555.78186904184	7398.98362497088
METH-ACETATE-PWY	methanogenesis from acetate	356.1214607279308	0.0	935.6504165106204	37.52601485533901	1124.821145165355	81.0292664771585	0.0	147.60171762472106	0.0	0.0	1185.1424628940658	220.364007607122	14.644881583784915	0.0	0.0	0.0	28.354776794540413	23.82727127867068	444.9596350347716	0.0	496.6573809142615	0.0	0.0	0.0	0.0	49.52201215806719	0.0	0.0	0.0	53.96129575689287	0.0	0.0	0.0	82.47792703732057	2750.7442942257967	0.0	0.0	0.0	0.0	0.0	340.1554689245802	25.38229389386692	364.8933431455702	0.0	0.0	172.06147403841902	0.0	0.0	0.0	0.0	0.0	0.0	0.0	0.0	102.19517507458691	5.983013945178543	0.0	0.0	0.0	0.0	0.0	0.0	0.0	0.0
METHGLYUT-PWY	superpathway of methylglyoxal degradation	2198.9351256327086	16373.080389098415	1942.9671207099884	5487.531161690799	750.0955215232864	1045.6848306380275	3340.9334903008557	8059.347687965869	5323.790107743067	3112.668030203913	2989.5629522670733	3025.51287716755	33.949473004591326	475.58660378505687	3.1997971644110312	725.2915229699855	215.363795829966	1540.2241302823952	516.116569143827	10526.519991180856	1260.4910017683208	871.0349105590639	756.0660449716639	249.0612128872848	1604.4324164538325	5327.289499424716	3902.336637576323	3125.631669123864	94.04044512533336	9370.052988725163	6528.344455202114	3909.01895200577	0.0	840.8207643126233	7350.012418801506	24.154262516914752	3519.9848455143097	7934.397443106396	3669.987946384913	5209.937625812766	2029.7176520553835	3690.57345511709	670.4057039732983	674.8288769486358	114.6628459206462	4728.188070085199	5464.7474360632805	6819.417881748905	3035.6565372800947	2039.522687152658	2457.035359978984	1232.7872262192873	1270.1155985155904	9252.060781488966	357.68391070354954	9944.654128069304	5.165758973170051	6752.328220577821	11777.848176867685	20447.21838405576	1741.4006652669227	1218.8785211497734	14826.47747478978	6182.507469183436
METHYLGALLATE-DEGRADATION-PWY	methylgallate degradation	0.0	8.966165413533835	402.7473809845003	6.5	0.9328665568369028	180.12658782150945	0.0	0.0	0.0	0.0	443.4820625873405	0.25	27.377622377622377	0.0	0.0	0.6111111111111112	0.0	1.6935483870967742	0.0	0.0	0.0	0.0	0.0	0.0	196.25600715979195	2.0	876.6666666666667	0.0	1.4747191011235954	0.6188118811881188	1997.521068343929	22.192978219925628	0.0	15.850646810573757	2294.190259613196	0.0	249.3480291465242	74.52695327535393	7.042809232590256	0.0	7.75	2.75	7.711864406779662	14.35897435897436	0.0	465.6763925729442	157.77777777777777	261.1069083183106	0.0	0.0	0.6237623762376238	0.0	77.25388499577569	10.81081081081081	0.0	38.08441350786679	0.0	3.135245901639344	4024.444444444443	11808.888888888889	0.0	0.0	6030.0	0.0
METSYN-PWY	superpathway of L-homoserine and L-methionine biosynthesis	12963.94514583775	23118.98474090031	10305.988038501431	12963.361153560683	9630.703578603152	11461.092951086704	9244.473196289626	20262.210250137457	20713.36174935208	12797.482900620447	13476.395104529984	19134.04466557104	1467.4559037022138	2985.5784591835904	1610.1180169165632	10641.03691514212	2098.4766531046694	16874.13573417374	11108.952600704197	22533.0594256872	19054.785488352187	1312.3563623699367	21026.457507325456	468.15585298418034	12951.184720209563	20155.243535980517	12024.747368512237	14432.244990086008	6431.515889414847	19697.306307376228	12601.514395297434	16125.633831621117	0.0	12377.479058644289	17566.71702062281	6.525057189644612	15730.31176935737	22422.21427527771	5746.251524465363	9733.547972019667	7097.5145625571495	7123.567500100186	6961.857114162533	7021.498080699988	219.0819809073458	14768.600820607222	18969.78578213449	18698.50779978643	6602.07675730856	18109.83988982197	15730.58952363838	16517.865273865198	5028.22257994619	10370.799346097128	4370.899300329234	22802.91849979808	146.2158828089076	19629.9470319448	17100.26209753923	9531.399388025691	9071.160559242198	5706.722730151295	18843.2015918421	8115.460619304565
NAD-BIOSYNTHESIS-II	NAD salvage pathway III (to nicotinamide riboside)	1045.5632256243648	6025.485355163091	1079.0841944262174	2441.860184529051	330.5664308862612	153.3830627027493	1293.8087535345835	5970.96685060359	4572.501591824948	2043.7704451346249	1996.252539261213	3150.062034263563	75.09563236867524	721.5411976425142	2.380154895856583	1898.0357677155428	600.0059567978234	4267.364983229121	503.700635662002	7872.467144448648	1.7735940565982808	397.15571208505946	3913.76242736777	134.974023349737	1651.7014250937495	4542.095583101938	1736.7664869102448	2435.413269194144	124.1437576704641	6713.2625314378965	3119.075090523584	2814.530790392576	0.0	3454.5544659246148	3984.523288189116	0.0	5776.198288341671	7335.185129642045	3712.302273060384	3107.3807132117804	952.3523065333746	2202.8738813793143	1812.128643364503	2378.907500870935	71.42446127131821	2257.997417773679	5881.894948625556	6045.766433803708	1836.308114565462	4417.9574116627855	5163.6996613628	6853.43125830502	876.4597549088508	1777.917958971149	687.0551777530668	6687.064103309191	18.03607021280764	4247.867799962643	3375.426337731953	7013.621640694052	1572.454262065769	1061.1946372436712	4669.75079672939	6578.101685346483
NADSYN-PWY	NAD de novo biosynthesis II (from tryptophan)	75.09902440953967	0.0	383.5047299895734	8.573644579521376	0.0	90.41009448796612	84.85648686614043	9.811617626925337	5089.331637021393	0.0	165.91364172496495	0.0	0.0	0.0	0.0	0.0	0.0	0.0	13.328523531050756	0.0	5.332604247768808	0.0	0.0	0.0	838.8114391046646	2.619151002342296	0.0	4201.508438205824	0.0	10.252293228139177	0.0	2183.166528663888	0.0	113.18073959409824	7.996360558865717	0.0	280.7053949408632	7.691104829439357	0.0	73.07038848956583	0.0	0.0	36.04024782154034	118.05748809000352	0.0	1180.682745350629	0.0	0.0	0.0	322.2530010870535	14.21123507092451	7.108494632070197	0.0	9.343077938183256	0.0	313.8896340838334	0.0	4.836229506987709	0.0	9165.07519384402	0.0	0.0	0.0	0.0
NAGLIPASYN-PWY	lipid IVA biosynthesis (E. coli)	19701.789464242505	24474.386670722408	20406.002617620725	9996.172598488847	19307.30809347596	11102.01050670848	7370.896212676394	19205.420912188027	21877.69421684929	6899.075186899003	15486.943409591182	17042.774422371134	665.8564997981338	1680.21015200786	965.786518138908	7369.041725870601	1723.2871028063105	10644.89144548295	10793.199361892832	15695.582651730096	17416.410051910294	751.7771352985059	9695.864792786777	546.0136382938314	14513.490703033123	19680.135258075145	8956.99803049543	14198.773380564757	7525.776205301277	14862.638465099146	15277.46801653967	13483.067646763631	0.0	9329.52382006862	17578.749901032643	17.0	14175.319574443942	15374.951915337846	3939.6857848417817	6858.438969690442	10072.85946961855	6793.94359610761	7369.089414194163	6540.238497101684	201.4805504842407	9007.815301812445	9258.18643724809	11414.171202771817	8109.989520483015	9815.97175086679	20101.175872462125	20853.25158725845	6172.069749690279	12292.600130386823	12309.635410275148	16412.64084467662	242.25209624259776	15914.390258328222	22282.35389264436	19841.186924871203	2716.7200000000003	1446.7099999999998	22845.776950749707	5578.5729662961
NONMEVIPP-PWY	methylerythritol phosphate pathway I	21359.211939892582	24122.30240293725	26804.804996916148	14363.192118109522	27270.02210415153	21642.47074589597	11424.872739648024	20402.427351883856	24202.340303968904	10303.53742718226	24213.65069194653	23142.367837673588	92695.15308002997	73899.16179384677	34525.9472807101	21468.685374608645	40925.29170532621	33333.17995672963	39428.32430841485	36447.16250239675	42814.99552561672	40997.00428212321	36011.46020088477	45145.88559218622	18184.179515401567	20996.855025423272	13894.823476002144	18265.18896143096	11624.526980666302	16091.366335860444	16083.557914610024	13821.168360886722	0.0	11139.427602770678	22470.908566355425	20.437343984023965	15274.929353921763	16581.223205153183	4741.203597923335	8188.463816783862	12763.080008852528	6860.16929325568	7561.656021252014	6789.904135258753	263.330455955258	10546.610417710566	10569.846475556498	13207.716107060822	11598.713521328364	11840.315471412405	19528.205683708373	19530.955371544987	7160.053724511062	12162.399658425997	15358.5110547679	17699.923479593643	298.601148462581	16037.929165307796	25042.91189672871	22035.364430686783	10966.11144342518	7906.28118319457	25355.949260324534	5916.910635682217
NONOXIPENT-PWY	pentose phosphate pathway (non-oxidative branch) I	32950.287742645785	42189.36854215915	31494.99059702168	22917.385751444737	38575.1386174047	28153.361686379303	16601.57638287929	35071.57173238001	36728.57967562336	22042.93913902816	31356.93823623593	35298.08625087212	98847.07472126512	79810.02376718225	36887.67718257313	27940.20725881685	43962.2290109589	41951.12502116485	45857.89543393812	47698.942697541504	51869.82946971188	45090.88046007197	43358.39283625617	48908.80681051048	25156.73195490055	35408.81534514161	23036.554598134	29971.804801744547	14368.796500697894	33202.910980605855	22738.678914397384	25968.7815973936	0.0	20760.91422951728	36922.73123920745	36.79134321336157	26380.85495024252	33937.708471944	11055.376497894991	17903.132649818777	17353.71868603821	11833.063775391189	12494.33935241389	12378.172209631914	367.6248889494564	22822.99093208456	19334.82497928805	20995.80270599551	16051.705177987003	21666.588291186898	33063.38942799468	32064.80763860125	10447.642990523467	20652.874150204418	19304.15115474618	31136.846120009817	352.1615978681851	29535.64830905295	33728.94552539348	42621.13128013055	22798.38969223701	16218.84825301656	36892.08693588524	16907.94788254199
OANTIGEN-PWY	O-antigen building blocks biosynthesis (E. coli)	18601.935284920844	33187.90529322769	16191.976305246102	16574.432984275973	16882.68793889035	16661.658555351056	10348.862207854514	23469.349273855936	18811.95615958881	17037.741494697697	19052.489131887723	21817.81450817154	1634.6325432000722	5017.23101776513	1913.025498274504	12067.836926473528	3064.3168988726643	18024.607299960546	16381.592059077033	28199.82621541489	23766.448151179626	2041.1286479030507	18727.855810072702	1239.8389075881985	16539.771874990984	21851.651521006737	15035.809032563093	17057.622158576938	7978.872668878525	27900.4476460602	11725.799449753958	18083.946928673053	0.0	12223.433401021632	21211.560171708134	83.20039648736972	17758.443906317352	26353.41247556009	4911.828882117621	14109.64552791118	8822.825573135005	8499.360941516992	7194.536523832096	6751.992783437506	184.78279220884943	17707.189717519224	23544.12774187876	21263.49122491296	7275.009767639841	20581.7790959007	19535.333096607577	20178.55877501281	6414.61072754987	16141.963197714276	9053.022783784054	29782.39704655957	187.9966567037893	23415.719780969637	16722.53370644634	22381.821593981014	14289.65895266845	9982.834749879596	18810.646182673336	5964.552958300547
ORNARGDEG-PWY	superpathway of L-arginine and L-ornithine degradation	0.0	0.0	0.0	0.0	0.0	0.0	0.0	0.0	32.501725057049875	0.0	0.0	0.0	0.0	0.0	0.0	0.0	0.0	0.0	0.0	0.0	0.0	0.0	0.0	0.0	0.0	0.0	0.0	23.303051094778176	0.0	0.0	0.0	0.0	0.0	23.434768676457217	0.0	0.0	0.0	0.0	29.95350631859228	0.0	0.0	0.0	0.0	0.0	0.0	0.0	0.0	0.0	0.0	0.0	0.0	0.0	0.0	0.0	0.0	0.0	0.0	0.0	0.0	26.40380949885679	0.0	0.0	32.484150132083926	23.28911811677068
ORNDEG-PWY	superpathway of ornithine degradation	1256.5908263090737	3.1382004482635266	398.22521075735847	17.850863060989642	88.69785387026766	1059.919447428022	379.03569577898526	5.610137510376375	5965.398084016552	1790.3611408429335	2334.1785719551253	27.25606102888707	32.14123262966601	6.805745117480228	10.21605550049554	5.033008164525839	37.92283325543958	16.0204904314011	50.431009027864405	180.12521024819293	2.830644267004236	26.152350798510785	1.9965763390793776	123.86541646489104	2923.8908875777493	0.0	1992.676203857453	5704.5421783877455	0.0	40.729952765685134	1969.9724663979337	490.3273213092852	0.0	166.62168250963995	2030.972160748371	0.0	392.7611496957098	280.86412019086055	4004.88289221476	1222.9981683091216	13.907302307983354	7.944241119297346	49.50443047640797	73.22307792716356	71.54330832748664	476.494138377954	195.95628746752396	544.3703109158565	1720.9078603746202	278.91023741306844	17.61718974706032	14.877130535658742	319.47121774877934	11.924190576467492	297.64996987385456	76.79768348918029	4.038459915611814	0.0	4380.454164429844	5134.5700985237245	2746.8540699680384	1707.990498960505	4297.322750158346	7403.777444331074
P101-PWY	ectoine biosynthesis	128.12008966275548	233.65713067171657	31.46870157583751	115.30510782226877	102.97501113287814	510.4683181317747	172.1063576951873	153.02791763070968	79.77661142633556	0.0	1657.9695445575792	203.950347279212	17.789592510080464	354.2078345602138	4.999765490888723	89.78199961793335	40.61651519740064	129.86848012090414	63.622367450129005	144.58934800221112	12.433975454285626	35.43059133119128	3.521452231196063	123.9344117625375	1478.8826618050884	0.0	1285.7841381870924	0.0	26.379135122517543	43.408117228545485	0.0	169.29646121059923	0.0	113.7994455156288	789.1234464337169	0.0	924.1447192603076	169.46133768246457	7.448882051622237	61.454818071202375	36.24348653455092	46.404997521347134	41.34430570806394	0.0	0.0	4.992998613411183	0.0	0.0	0.0	82.51356599905637	15.771351767129737	0.0	413.9116810431455	23.5023492562536	65.02413998864797	101.85662429012936	0.0	8.83950654295786	0.0	0.0	0.0	0.0	0.0	0.0
P105-PWY	TCA cycle IV (2-oxoglutarate decarboxylase)	512.4580215200874	2563.716226795164	948.5460688108354	2247.448405074212	480.176633558216	748.1066327566689	569.3726286512838	4776.672628939382	1697.7836634248597	5344.876134577401	3615.200320757374	3150.917411912993	263.19212563775875	1215.4703411616945	0.0	2999.4897351833547	30.331011726593992	3031.38144332517	260.04674719954096	6907.703787012734	4.654584144426983	695.7099132921261	1620.7680019719696	241.859950731776	716.1807878446804	3844.995889124317	556.3751715470814	643.3477928927475	147.58244215148326	4275.111812834548	0.0	2156.367064379393	0.0	1208.9023645966572	6878.193644762861	0.0	3201.5671821009228	3381.008965393525	113.92054444365252	4071.301447636145	1135.1516836839496	1096.021099261933	1096.6758083187965	1104.789024868508	0.0	2710.5652969217613	978.520539887621	1567.0497490368784	338.97546867090136	2747.7822801776897	260.8116677501137	278.60130262555384	1214.985307697214	2649.985578727438	227.88676473617437	5550.103469709929	0.0	498.7673640770112	0.0	859.2291630633663	13.987626535645196	0.0	0.0	446.1657501419653
P108-PWY	pyruvate fermentation to propanoate I	2662.1590561995395	516.2004693603391	2480.115175341627	1388.4054656166402	2009.6812025261431	337.4568740354163	2201.616565677266	4440.121743292257	0.0	902.8133232770866	1879.3816166990407	3505.6276641591453	199.80605403901976	412.9697334856293	0.0	1644.3467205697566	27.991487863677428	1614.6307898100931	114.84568069671997	2620.336808247751	315.8639065665385	572.4837109919645	1505.3033943593136	0.0	864.9286923404311	5550.01539405805	397.09844887360265	0.0	0.0	524.2521487544205	696.7535903426328	915.7719722236836	0.0	2453.85377581981	0.0	0.0	7175.159221877252	2545.301339377343	255.5340445826844	5056.887193755402	2558.71863522416	1093.3260950096371	1345.0431278644917	1715.6975530983375	0.0	791.9593561232613	0.0	2184.951280287853	0.0	2539.440155424521	566.4589207870172	15.99602382108734	1662.4600878150331	1880.377671108311	637.7441291135243	2752.3985170789188	17.532135372312837	171.3787251060101	0.0	0.0	0.0	0.0	0.0	1009.7088875493798
P125-PWY	superpathway of (R,R)-butanediol biosynthesis	2084.806596489432	24811.36709521085	1467.1425258265522	8606.838208233243	1421.0529213813095	2599.273956274586	3640.302868159492	11805.82909556414	2027.5535758888943	10264.270757250122	1613.6906353299553	7730.6337784758225	93113.47887836836	73656.51370250963	33944.188106373884	16756.143398533848	40001.19193476085	27511.214914570537	25173.44357015793	33890.09376221431	20524.05642905282	42123.98525221526	30884.64616733907	45772.64978952426	5894.974444382337	9643.67005449824	4867.107332918113	0.0	466.3769121848487	20027.967613421373	5377.192750519012	9608.216426944837	0.0	5620.585069472744	9080.394088204335	85.37837837837839	7380.45840745087	18111.760805648748	353.3822043850051	9421.849094616104	2041.3606221585892	4977.876257722202	2511.63647787588	2775.8172103977627	39.30473801938589	11304.289249254169	18721.08359648314	15189.90265675488	0.0	14393.439979333169	4905.567051178099	2028.493625008557	1306.3054477542064	11808.155604417663	398.88141155017456	21944.671597397257	27.173902537253323	14333.327807781856	5017.912941297183	15138.32178312971	6315.484577279817	5276.525203896125	7617.516943258735	0.0
P163-PWY	L-lysine fermentation to acetate and butanoate	1971.9533782068677	954.039427846061	10688.98616429822	1027.8871688006182	10955.96842821988	2715.310153422813	720.2145582371937	2160.122451077939	0.0	542.5674778544886	3587.666333842534	2440.57825686385	289.4668263668966	212.21657834182315	231.9278050142545	934.3577119117348	245.58242114830568	1232.2372059480504	2118.638924617719	489.62105617042846	7087.80039653298	54.8684158771269	1117.0957443497873	222.31662072938155	2944.603539987337	2252.7560083963617	239.200862658068	0.0	1105.375919025068	267.4197617713088	3554.1952079638613	954.0512104675668	0.0	1040.976416468422	1454.1978456003928	0.0	1235.412831748662	905.346237774548	56.019212671113	178.02231398319898	2030.718074831717	308.49946716280334	1111.1074211453683	605.1677143066787	0.0	442.0543464640131	478.0113449221696	727.650638946342	1212.3574451354025	285.4782224024505	796.6643498574842	0.0	775.9376510988129	60.86150425835808	4102.893424203246	735.8471203230911	25.00914281942107	483.8623877456559	979.2328488333168	481.7582278555536	0.0	0.0	1587.6779561819333	0.0
P164-PWY	purine nucleobases degradation I (anaerobic)	5991.1543027224925	5377.963387089878	6834.657630750941	4483.899260653726	2839.7092895825813	8200.680388077888	3339.5177962975104	5868.137891032724	11633.098834455632	4777.845715281756	10087.423730391009	8135.330091356421	466.1731311100134	557.6085508047672	965.1210592734544	2521.199761107981	1295.8736000416548	5853.158788008786	9714.143331280671	3332.060471580336	9160.206059245076	326.25758179168525	6164.46260176656	354.58953654816804	9639.58405854953	7313.415704928035	6857.06072716749	8004.859333457671	2461.9147659769155	1529.159579601865	0.0	6470.600328519673	0.0	3909.848795480776	11947.012211480976	0.0	6256.207385813703	4215.701321113887	1201.1203508234562	1299.328834995636	2812.8347448479744	1972.031827166623	2464.5125057022547	2772.662975147362	0.0	5678.135352624287	5816.322671599512	6427.532962348631	3435.3408787988865	6181.408223592253	6651.406951087764	3427.658785472502	2374.139748048633	1764.1903843178677	2835.759601150708	4298.199330819469	98.54650703732172	5157.615797785709	3852.21137022692	0.0	0.0	0.0	6016.490971880436	0.0
P184-PWY	protocatechuate degradation I (meta-cleavage pathway)	0.0	8.619285535848116	425.9676421325729	7.0	0.9511097780443912	195.53901345081147	0.0	0.0	0.0	0.0	462.05807432680206	0.2692307692307692	29.3887399463807	0.0	0.0	0.6260162601626016	0.0	1.771084337349398	0.0	0.0	0.0	0.0	0.0	0.0	65.48120875849227	2.1538461538461537	978.7594936708862	0.0	1.524896265560166	0.631768953068592	2199.4238248482684	21.302701867467217	0.0	20.19750007498352	2532.9810264289235	0.0	255.288511658231	77.91648766731606	6.665258993365415	0.0	8.346153846153847	2.961538461538461	2.739195871855515	15.372549019607844	0.0	520.0947350127512	176.1518987341772	291.26315461620766	0.0	0.0	0.6354466858789626	0.0	81.63098631005874	12.017167381974248	0.0	38.84009469223714	0.0	3.635790494665373	4493.113924050633	13184.101265822785	0.0	0.0	6732.227848101265	0.0
P185-PWY	formaldehyde assimilation III (dihydroxyacetone cycle)	1940.3907996096607	1673.0324509516695	1920.2582195168525	1233.0807250376586	6447.428752161373	1273.3517337055189	3662.225962611084	2664.979900936098	5492.327645432399	5210.426096403114	4037.516406643239	2187.5857732618288	90778.92010489423	72039.65757443992	33350.72011983255	17960.07755207212	39352.454906660096	27719.84093898077	29183.32033206143	27027.192982666067	25532.754674022668	40966.97594359968	30421.182205893936	44652.50715898189	1619.761373437897	2546.843990121483	7213.624920618814	7272.285952048837	2539.0659116072807	2759.5311988909657	5295.58384603272	1955.564682218648	0.0	856.0070686110704	9497.24436839154	0.0	4698.650918742268	1989.7857295748188	4437.234811173787	2726.0361966922114	973.3751343189851	370.8005500706516	939.485139972419	591.1263013033248	82.94842037922403	2922.552317633323	1040.9201641843429	1843.435819368488	3590.9106707196315	3590.4694586872147	919.2230533671252	194.7723956735221	1661.2015829859383	1149.7466243492072	1255.2638777862785	2821.633329775859	4.251989629086608	379.84028936958026	9998.84837020868	17347.912760727944	2757.1444482168945	1791.3104834007372	12956.263493487311	6861.255542568476
P221-PWY	octane oxidation	1535.0890347146335	1239.670659912147	2481.068675232332	1165.1243318717482	429.437571923917	5179.019566066463	2360.9452536676795	761.559114428191	13527.490618648264	4030.854174585358	7912.271256587596	2297.961924715621	45.99382612707412	153.39375239241951	17.997458378566105	469.7191355652523	199.7321113218848	488.76776743761513	853.9498051716465	265.28273448941064	3626.924693771079	94.94185230937552	659.7009567859661	435.355300264692	6803.662603666284	1041.4686031885235	5799.472672843303	13642.891563399928	335.41654368104383	70.65040785631274	3067.7403121465063	2567.6628972058456	0.0	1884.681129206879	8313.226753632322	0.0	1586.7065987279534	703.3096026812746	291.4941213124625	219.17456601379104	874.3142694644063	114.26805211294428	504.50040005592274	237.63413465666144	171.2034237401473	1400.8098940383543	722.9918672409322	1496.337326750704	2604.989789226913	317.335681651007	188.21554519621915	7.993244243639895	1006.2563333053264	133.37262825452515	793.0245977868386	385.1773111214597	15.830238506571598	573.2903315599075	16979.474761877886	19204.42601833894	5713.434889714798	2559.124928126094	19875.056648351663	0.0
P23-PWY	reductive TCA cycle I	14890.189533506566	20823.564309541307	8823.182349296314	12012.547528512016	11093.905117830973	9942.083387216551	9399.434868079985	21793.473445988035	21745.30777915716	10539.814433429352	13368.90791401876	17784.821760593186	1774.4572156464976	5719.880360117042	65.92263410870567	11049.117627562387	2341.717024921579	19141.78069452955	8111.53965096426	14314.711279705243	3874.783560032221	2034.567137974947	14971.089187847248	1204.864431763153	14562.341458295798	18114.00040252477	12166.102734161594	17353.610984746825	2230.1158577236606	7722.863850865909	12058.40593925	13730.602669517984	0.0	10657.868518912645	22697.5920613346	5.436835704087568	12757.350640578776	15801.840708028702	5278.3130637634085	7371.801309939405	8090.616109298286	6466.979652680333	6197.509738833914	6172.022092527113	236.7821016984624	10710.719041844675	7463.955469440307	10748.28440088085	7181.301681135463	9150.64667546808	19837.96810142094	12225.226083017003	5149.024446016007	8771.870527382427	5762.650020309725	13975.877111048549	129.59163074514692	14641.352015898825	22058.92668899077	13683.686037848149	2312.291734718663	1206.316387586908	25696.877411656977	864.206820491853
P261-PWY	coenzyme M biosynthesis I	0.0	0.0	0.0	0.0	0.0	0.0	0.0	0.0	0.0	0.0	421.8306554823099	0.0	0.0	0.0	0.0	0.0	0.0	0.0	0.0	0.0	0.0	0.0	0.0	0.0	0.0	0.0	0.0	0.0	0.0	0.0	0.0	0.0	0.0	0.0	0.0	0.0	0.0	0.0	0.0	0.0	0.0	0.0	0.0	0.0	0.0	0.0	0.0	0.0	0.0	0.0	0.0	0.0	0.0	0.0	0.0	173.73744531408457	0.0	0.0	0.0	0.0	0.0	0.0	0.0	0.0
P341-PWY	glycolysis V (Pyrococcus)	0.0	0.0	0.0	0.0	0.0	0.0	0.0	0.0	0.0	0.0	0.0	0.0	0.0	4.999819896866594	0.0	0.0	14.997054210815676	0.0	0.0	0.0	0.0	0.0	0.0	0.0	0.0	0.0	0.0	0.0	0.0	0.0	0.0	0.0	0.0	0.0	0.0	0.0	0.0	0.0	0.0	0.0	0.0	0.0	0.0	0.0	0.0	0.0	0.0	0.0	0.0	0.0	0.0	0.0	0.0	0.0	0.0	0.0	0.0	0.0	0.0	0.0	0.0	0.0	0.0	0.0
P381-PWY	adenosylcobalamin biosynthesis II (aerobic)	867.3280207002072	834.8017560675222	2892.571874425352	1004.2717945175496	708.099717494237	4442.354256484497	1278.0300487838133	2590.1194427843207	8135.626718577463	4586.526862105744	6052.794071045773	1816.3350365323915	23.99830020743968	626.1597965535333	0.0	575.4594681260946	68.56443894496988	1004.0761903740802	145.43035612699242	2646.091399833023	0.0	300.2952424034094	448.0916219971076	166.35389138498775	5165.275717514434	2602.193958512046	4545.463593162062	7407.362952668287	23.7954578843064	775.2310696990924	3791.982859701272	2973.2518152664074	0.0	1353.062337072945	7459.434267108968	0.0	4322.191701403441	3082.4615597587663	836.6363898177226	2863.892788094244	1064.433938052338	726.7824030879834	937.5869037575982	1188.0717229622771	83.55279763568595	4076.9437965099473	1354.0097775649926	2959.2417276565848	2771.049002318923	2096.8681780665675	316.28641047956995	51.615663083043486	1968.720470854944	1334.7369543571567	464.5644245893747	2315.236059304821	0.0	153.4790458992252	9832.828123558806	11214.593929772644	0.0	0.0	11702.682539842188	0.0
P4-PWY	superpathway of L-lysine, L-threonine and L-methionine biosynthesis I	14780.650221265829	27839.73218992444	11401.65555381081	13891.91453830078	12027.15874262604	11926.606854770656	9855.437574332504	21969.11869496883	20984.31604143318	14344.824294723892	14591.561431105089	19167.338723733534	1998.6553170011227	5120.192615735738	2551.327833964456	13337.82445578778	3293.689552276024	20174.76242410206	12243.843652673411	28676.245422216067	22266.70604120741	2229.6021884700726	19783.519730466545	902.2784133000948	13052.849587005228	20744.211233501857	13273.86961142306	16948.00757037301	5660.367560316236	23296.18860698967	12291.549629779656	17132.428434618094	0.0	12340.489648761197	20914.57645904321	13.53492785481431	15612.61932137179	23533.166427877924	5592.689001233793	11442.594246121143	7867.886977863401	7804.715987566514	6747.287327892919	7000.9066092812855	221.32409875921505	15747.489877399354	16884.31083863558	19149.157897912373	6494.84883170975	15764.838339361471	17719.512821939054	17964.767485172582	5390.914982835251	13077.30239961202	5352.026337655008	25303.60052019864	138.90951865826975	20984.27726887335	18039.57406699525	15391.821969962244	12773.179519097092	8429.056380535214	19938.490694075583	7108.829202544644
P42-PWY	incomplete reductive TCA cycle	25835.09607171037	17894.018091998012	25518.687487983607	13268.469276869964	24455.994444822096	18284.2123961867	10505.204577222969	20193.19248950345	26206.26400286745	9933.0203772287	23274.15727134696	24025.47192092475	109153.48367619397	87098.25579616871	40772.92355851984	24987.392737862127	48429.953296656015	38317.71116884813	43779.54100227621	35116.53328050042	42397.567312755134	49482.568107749976	41727.570769542544	53707.91055688703	19484.34084339262	23556.033277574246	13437.83137497597	18174.792171692054	11055.47276277131	6950.499718783172	19144.741777647545	13432.743812827408	0.0	12630.82378173624	26185.26607911248	3.1460481625409256	17188.000893033346	14415.527172059225	5397.548220479216	5977.916277921565	13168.341408188202	5983.755797789342	9034.24033379366	7842.581973968529	250.03107215879456	8575.868614237528	6776.724918020123	10444.717845926296	10707.05898751808	11248.902168940347	20081.167371307456	20136.984710736844	7325.939020695442	7519.252629126317	15476.277590336134	11140.527718754123	331.62336622116	14507.965937019711	28175.59219958296	9108.626363544572	6936.837640878637	4716.831278867845	27525.821853074845	864.1903233370424
P441-PWY	superpathway of N-acetylneuraminate degradation	8014.008955637442	13905.974064354388	3993.716092522645	5438.4367905188365	1928.0980179013927	784.0925459494089	4499.405267379914	13957.284045969736	10506.163364556978	6673.889825310119	5067.895280328533	13217.23712699032	140.72820889404565	2536.243108478002	11.912166619792773	3557.3610288830246	2148.0733490486045	10624.649933792012	2721.6001591481186	21887.916271555358	1516.063571554325	1580.6781521134478	2588.485715581984	367.94013762842087	5486.71094485128	14322.311198077385	3596.6244027527705	7609.137157113892	512.8847066075963	14224.896368715596	7538.436544718151	10149.78987469047	0.0	9189.820676370464	11291.547115851376	0.0	9034.52302597336	13120.621693087063	5518.419412164137	6827.093254043501	3855.023669199372	5306.550478397538	4332.1848021521	5577.8394443036495	142.3009215029871	6054.212726690778	13826.119166725355	13744.827695701002	4800.506830650509	11757.040027645422	12203.460429347277	13019.71733392698	864.347745637648	4153.481628235093	3765.6062920176782	15754.292706213551	58.89312745306904	9720.65163618928	5795.375224475878	8335.12200094374	4810.177234107614	3288.9293485755875	7360.702058320168	8103.458301840072
P461-PWY	hexitol fermentation to lactate, formate, ethanol and acetate	4407.5579733696895	1233.6131951104474	2292.6633652250043	1180.9963116399365	4311.586704828372	1000.9188322814872	1512.749440208654	2816.562679388593	8209.638865288569	3236.5835553632764	2442.5359254756263	1919.0102665275035	113694.75231918268	89610.61285267047	41487.27670052196	19532.50788657223	48730.57545015151	30556.053243539707	31015.75075248753	27685.13245298687	28518.83740656412	51110.974179935634	34260.160263172744	55850.57620043339	1484.2206688858591	1399.606584982852	2684.588929306198	4997.598797978587	137.003784259575	346.36192841903005	4262.779344301937	2996.4001411509475	0.0	1888.2219527718048	3481.7549836992503	0.0	2746.0426482729936	1556.1921035881078	5158.0439806171335	2272.727334199324	1721.5619434227212	477.3711847172287	593.2497433853412	807.3614981175624	87.62079374458364	2426.5148890306405	1200.922779709719	1736.7574475580975	3712.472138694749	1502.52730849282	2325.570003773138	254.77074190607345	1555.667468379436	1174.393824171007	626.5513316713045	2532.2044421861747	24.636291703274814	712.3000229827162	4305.712199588104	8621.18963757891	4492.8849805851	3068.194099726217	6500.402628432896	8381.286564670412
P562-PWY	myo-inositol degradation I	777.5300278854295	1163.0304471656775	1275.4433234096953	818.726454284771	1127.7408243644152	529.0499259814973	877.3163478551745	2216.6828200918826	4762.42629652507	3573.564140320974	1808.483934528313	1787.5184863556308	77.93043896049717	391.7499052800054	12.782608695652176	819.8513664806935	81.30993922906507	1347.512576266316	364.9731706262325	2176.8804112335183	88.91983893495916	60.33237912102573	307.3015426482691	44.69350921335764	571.7563991901578	1999.4889909743104	2663.5266519780384	4849.467673870341	71.06599675280161	1825.447190003402	246.81859168226188	1146.4152100756187	0.0	894.2252655630106	4353.390213181986	0.0	2339.2771958346552	1167.391580159167	516.159249768626	1071.9655559718913	657.123560032502	249.9568248501945	821.9081048820883	961.2653900309888	48.19672131147541	2007.0272722709915	683.020220692277	816.262860283164	1371.9705338499343	1164.84424500781	1640.827248434115	320.2142179451234	852.9605226638762	654.3366195500671	273.2854413614319	2368.1451302822124	10.374058577405858	209.7819675690828	4364.440314072634	11.335905066084672	6679.792218006459	5409.030893270038	4820.833283295579	137.69261880687566
PANTO-PWY	phosphopantothenate biosynthesis I	14902.40016643891	21171.96706290684	18442.74086634797	11410.996858466497	16699.35707339314	14298.763497974913	7101.268253370207	14823.175674945482	15139.258258885522	8530.616006482172	16782.732536641142	14344.109434436354	85797.18028226028	68251.61327745454	31922.37629984395	19465.762692776403	37629.24828069488	29445.962556098344	32994.46836952843	30065.03322636138	31963.890306700298	39706.75623936438	32888.70748451132	42701.16632792276	14734.273021476649	14412.513187434324	7462.70441325165	11642.419877710015	8351.156041613092	12184.9659310858	12203.762500309764	10023.363220783574	0.0	7205.14535714797	19947.91169971389	27.75510204081633	11629.688955701407	13240.049908819286	4386.142497014581	8830.724154929201	8330.913414278977	5261.555719619142	5867.526040556468	4273.31722931869	157.97533934011426	8577.675714528159	7153.802185632031	8300.948825404243	4605.653762831236	8112.396558979271	13485.66696183855	10915.704763539114	5332.451115525121	11708.87474712589	10312.608153083784	15489.27429747066	189.1578681268919	11060.68099944469	14553.755169828948	24936.20114509261	12554.131450204712	8959.421042691478	19934.22734882049	5623.445345660655
PANTOSYN-PWY	superpathway of coenzyme A biosynthesis I (bacteria)	18414.907927224907	26367.315086866707	21037.69000727792	13941.211589834473	19867.55954149266	16595.999071305716	8415.814389642592	19018.136836903708	16737.931128098688	10275.144911672898	18534.43536311892	18726.74601152728	85953.24494216121	68746.14031474925	31973.709664330305	20705.929199643368	37923.12469972107	31818.747957884552	34644.168561868835	34627.65704898619	35177.21909832091	39410.07838998283	34995.52707106324	42546.66971145731	16823.295223793124	18697.0797178476	8064.577434287332	12924.329127568972	9582.67505870686	16039.972020572968	13669.391963498576	12869.012405913558	0.0	9702.381697335071	20804.98693312391	36.73588578844905	13987.526063700148	16859.22226435141	4577.752630707147	10121.7659013223	9742.855728087216	6685.979152706603	7216.635505218513	5830.254879545703	153.88518334724455	10420.416705736068	9572.713215425136	10277.575721947767	5372.049663613741	10915.03838268916	16900.892085501466	13870.79789469691	6253.834635539532	13790.255320873	12031.64417188804	19405.204356144928	222.27326454322008	14830.442897468409	14484.82169776981	23057.697202049763	13563.113060692602	9654.97250346067	19046.919262608568	5644.855128803862
PCPDEG-PWY	pentachlorophenol degradation	0.0	0.0	269.10283419310315	0.0	0.0	0.0	49.1808495746919	0.0	84.81560463744032	0.0	920.5907125953024	0.0	0.0	0.0	0.0	0.0	9.515995835979655	0.0	0.0	45.05865480874594	0.0	0.0	0.0	0.0	307.1596585038908	0.0	0.0	0.0	0.0	0.0	0.0	26.136093187147917	0.0	60.75253830623032	0.0	0.0	183.5809949209205	0.0	118.51615120541436	0.0	0.0	0.0	0.0	0.0	0.0	5.3237890947083	0.0	0.0	1023.169731432034	0.0	0.0	0.0	224.98131151901995	0.0	0.0	94.62763293065755	0.0	0.0	0.0	0.0	0.0	0.0	0.0	0.0
PENTOSE-P-PWY	pentose phosphate pathway	16749.89857098157	34354.427240817065	10249.246280127369	17784.38337703427	8670.998822770449	17790.128014069385	9639.090342708714	24551.0075689044	25054.4709438096	18438.77868509927	16582.414898015824	22172.78550366896	92640.24079201792	74450.74003229542	34167.238012278016	21573.36656681925	40667.45466687116	34358.10462882991	33056.680654452466	43619.08680394268	31851.22434386287	42209.92490223765	35467.76321557041	45759.44165311213	17129.00740637565	22554.060978851037	14224.875549755488	20060.838599867093	7529.011243842864	29232.481893955344	12478.711856041224	18615.500342270927	0.0	11155.842240530526	23751.23201013534	48.51157569568116	18364.01660735835	27564.727858786315	7153.379259520957	15636.267555249742	7399.623319733892	9481.558983457577	6768.616961138039	6585.553943444882	250.4841209446332	18657.87240705916	21073.262734666	20500.678602390763	8297.146188873727	20944.354411294844	18783.173162361465	18719.935069429128	5284.793528225051	17122.08543495013	5593.214888236355	29311.12106138356	115.34010252666678	23268.94432618897	19436.65991767162	20854.69570784964	20347.9963398943	14719.566157960257	22243.65144469639	9211.464989479697
PEPTIDOGLYCANSYN-PWY	peptidoglycan biosynthesis I (meso-diaminopimelate containing)	29542.35334979485	40044.68577638248	28235.623274003472	21831.81210752221	30043.469795189445	24109.795972663607	13713.723280047328	30959.03874094358	28064.33423526053	21257.937524749374	26559.631929633044	30722.669358179115	101448.66756508844	81646.1177376965	37869.22927529321	26713.23400265505	45013.16808624158	41063.45922725176	42900.98592741703	48843.63532256772	47777.11115296537	46243.1689561124	44172.73422726626	50000.327180924105	23530.76035789997	30721.423997016507	19837.78287899527	21827.82184832102	12663.32820299887	32864.814462261806	19841.524720093366	24452.32633243317	0.0	17155.068235616673	29043.42159394949	93.02813510352894	24565.001743687782	33551.25199216753	5694.0675796392825	17184.040991994832	14181.126061772458	11228.860426651518	11108.917440824893	10283.26753346872	246.35164996565044	21526.184099403083	30147.61784483804	26550.91202749367	10935.79718624963	27024.66094492682	28071.23405761306	28564.390504999767	8990.488209371653	19306.982368248584	16844.107356099765	36338.18058763943	319.47158929114454	28714.773025576647	25914.82426383168	26449.171741166905	19003.657411648845	13534.875906409796	26374.79279928516	6017.007038085435
PHOSLIPSYN-PWY	superpathway of phospholipid biosynthesis I (bacteria)	27077.92877623357	44632.26620007979	25010.357593488952	24279.94581020571	26537.46331949087	23280.043005911502	15325.398202825594	35328.95193755443	32519.4271103137	24372.40422462929	27332.62312472229	28894.287324010023	143173.0257250463	114687.90045804792	52715.64838530003	33073.80765302533	62679.0626722138	51480.84892361206	52124.06402160872	65493.26300777993	53125.61890269042	64525.80469076842	54431.878457259925	70276.9380864017	22914.386897518547	31192.78349761514	19983.271033933263	25688.7698920934	11883.937613433169	41909.56288843326	18422.768913361087	26016.11289751669	0.0	16174.734827529894	32665.31645110813	108.86844475508408	25094.84438472425	38524.60293305175	7374.863718248811	19766.66697772737	14049.67527713752	13194.749130462842	10961.713713816522	9799.8815285708	337.4228717808299	24290.94143448964	32608.010351057677	31214.186038788124	11961.73247808452	27748.81198618085	32352.42903227975	34716.125086338754	8645.362599580987	22130.76350923845	14937.384483915112	43690.23539296007	301.3023112312578	33805.46063250635	27862.636705927787	27464.328722726244	21619.71380967383	15294.779842826318	28700.57689538028	9106.718034336176
POLYAMINSYN3-PWY	superpathway of polyamine biosynthesis II	889.9503938961986	3899.458099655208	3178.375843850902	948.076074118351	5316.811300760238	1112.8495103823218	1003.2721749416518	3930.0286314084647	5205.81092486626	1098.1105147032474	3077.020669763862	2187.67366007002	169.11325828748872	521.6540808915332	32.24835176826495	963.560823665599	344.35025445799096	2487.5932735600395	1771.8348025239602	3108.6142146863576	3641.117757601374	212.3041479073654	1546.0250861723655	174.80126337627345	4592.729396675466	2250.8391589017447	2279.9934640185893	6519.530541951419	169.8145174698075	1512.2241121982088	3443.2066005624542	4069.82511274567	0.0	1515.8096421382938	6321.682839336671	0.0	2000.085100963863	2795.0284361037743	574.8858779347246	1434.9040251876222	2197.26819779746	774.5426934497883	584.4554357239476	769.3722616138688	0.0	4014.02655913617	1306.9151322690093	2392.0547536840845	1284.7610333132382	3165.919329537476	3745.961288961748	3872.75122149783	1261.8200436437849	2012.1064506453065	666.0387086857505	3345.001073276773	34.931971541865785	4996.340818412515	4290.77941976058	5983.11975692728	3394.763287741708	1618.3442862576828	4609.309548572535	0.0
POLYAMSYN-PWY	superpathway of polyamine biosynthesis I	4182.000754028784	3912.568185267	3021.2991331927124	1337.4497532606204	5165.226847172414	2691.7649695405235	1212.6265747412583	3941.8563961844743	8132.987407543399	3349.7047333687274	3185.17902621052	2093.843930601088	173.43612442299735	671.7686254442107	32.008631059676624	959.346540495202	349.58408567159523	2548.477057354021	1754.7946963966729	7848.137492529352	3606.415769416035	225.8426300948622	1527.0514458994296	188.78386800084263	4419.454103757784	2178.8974567893515	3745.609645905134	7627.53335878226	155.26956702375142	5419.645970331932	3361.1406365411563	4023.527379703941	0.0	1820.8191310880727	6241.324499232133	0.0	1934.258423928869	3771.893550086038	3795.481330939824	2078.9612995905136	2096.706823843292	760.0297526836005	557.3904831396126	883.0423510100803	106.60284980107292	4078.590609975621	1259.4586729130092	2372.0454816869837	1951.641008969027	3039.135411321989	3755.206516965356	6869.5191285573455	1240.0790140337278	2081.428939168537	1324.009168587595	3461.3358504299813	32.17148724157644	5308.821500324494	6377.991448934073	6123.872867763816	7185.442553583579	5344.897295005993	8042.657579075456	6243.349897230423
POLYISOPRENSYN-PWY	polyisoprenoid biosynthesis (E. coli)	23979.527116937323	35522.56091384899	25485.19667337429	16675.062491263583	26525.53330603327	17247.326197308994	11355.882636804245	26976.75826170989	27927.160277019542	20856.941568033253	21711.759390349747	25380.469466064435	105809.17502624042	84834.72499347932	39150.9109304754	24556.80022441958	46386.26064159785	38624.39044242708	38186.853244406426	44115.89452487429	37021.75890868325	48067.848029554974	41981.29383392824	52141.16710222314	20541.325852406328	26641.597761505454	15439.780146852932	20306.151092176493	10702.672323917195	28288.295357595835	18895.59632625102	21076.63799068264	0.0	14250.535344772416	23814.21560865563	94.0575838527753	19958.507151614987	28677.27922658181	6716.613008288367	16377.328806127956	13138.964234552031	9873.91772700284	9576.77593172883	8696.151047022297	260.48958669896354	19138.84745845163	28440.45218538414	23612.067348175133	10634.015332810548	23836.17218867545	25762.525183034435	25705.366392940017	7532.089442910767	17695.922646694995	14885.000827515563	31528.709495362054	300.96888807882453	24508.85221666376	25652.864839706683	21549.4738705724	19979.73993294593	14345.574118811544	25122.576952796568	8006.966112016362
PPGPPMET-PWY	ppGpp metabolism	25551.982347899004	32914.89215339319	21482.000832859867	14546.70967776187	23371.2345879206	15595.223326360763	11757.702436686664	26072.84948212384	25873.6868266589	11984.854291835873	22057.832460229554	23963.22620423988	1895.675045681246	4768.764675217028	2397.721789814173	11929.042334928632	4142.619713211313	23389.43786917917	21513.3749422061	28855.51100031295	25633.085052316444	2448.1355246568573	18951.35527908557	1404.7958181249148	16989.556943667314	26497.40381309988	12577.222261687548	17328.678151130254	10878.453680065884	21677.87661782349	14716.005525662527	18059.78758095033	0.0	13798.77598851618	26229.016776635308	26.339814032121723	18613.13922969896	21673.15605187796	6219.835959814073	11214.375411750483	13570.83890620858	9074.366911617784	9813.123758016663	9325.812921157263	238.73051605700127	13616.291755126009	13162.716604159255	17059.763482202383	10417.468535364986	13783.044966007756	21522.977416249865	23639.75198813028	7833.205286611143	16068.710090668796	14343.327446194542	25602.804648093803	291.9994809465639	21501.382273245905	24909.0225585994	28918.067948966363	6055.64703197493	3312.9907789581766	27304.9103873093	8086.465026921815
PROTOCATECHUATE-ORTHO-CLEAVAGE-PWY	protocatechuate degradation II (ortho-cleavage pathway)	311.3718018688876	241.74799008288667	1387.3375132393944	98.41658501863886	300.43379881383146	2052.376526212673	754.9179034539444	385.8979176230048	11013.475581636145	3169.9282257942546	2737.8976779909776	317.8979101132916	98.76665217102229	620.7372300750772	2.8471982225073926	669.4448369102103	51.166159666474144	84.30980764316003	110.8509955828533	1352.9339142305669	29.37265294554004	185.5521306001648	1.9993055938193212	126.12722356242983	3733.684467231124	289.3691500783393	4421.975712869742	10981.522404930616	15.617118288390444	101.93774009488924	3215.418319398837	2060.4598458400933	0.0	282.16267484622256	7879.425289344269	0.0	1802.908635806397	649.0571644809928	557.9644659010919	221.51977986309865	288.6179845666764	81.4654271408801	149.92465064461106	208.79528247349063	98.80210947207	1567.1133144212818	516.6431901383303	1269.6606464359272	2899.82637108533	555.1819062306638	139.75365163532726	37.26933235194629	868.8373531612124	140.49102782409346	288.16141030658787	748.0317183120491	0.0	49.02932325465598	12834.98895585198	15577.756483238927	4676.274482924164	2137.3078273064225	16166.864054149728	0.0
PWY-1042	glycolysis IV	32881.06387020786	39247.09113168524	34009.63839986882	24144.69113899781	35756.8621607665	29463.060952131407	17610.34004955176	35416.09731292631	40538.928883029206	24559.03213956665	33977.99284630451	36838.21143899632	129259.71876229538	103734.63634239916	48473.09734052168	33393.22806273598	57387.28464736893	51812.69437368954	55623.28059483996	54289.77897692807	62381.71449887052	58903.86020273706	56219.9478786038	63731.69226698509	29915.215658471163	35926.85661249634	23912.482634024884	29049.646630054234	15583.115585112091	31273.742804691323	24673.16139247757	25790.16076867837	0.0	21375.17710702762	35636.24929691917	83.84275017018379	27623.159167122696	34930.89374109673	11671.653309350571	18861.10967683855	17760.76356914462	11669.82739459029	13054.94316586527	12411.504689489711	424.4211840554498	21508.96521262305	29200.586104468337	26624.571974051367	16774.30739196778	27053.8323000483	30088.262916793137	27412.84099264285	10439.458200836429	18842.62031045672	19131.28528427508	37189.08347268467	375.1878992229964	28425.163127328047	32998.39598483565	31340.336930173715	17348.147188731742	12481.350506387418	34063.12031723961	16932.620916615837
PWY-1269	CMP-3-deoxy-D-manno-octulosonate biosynthesis	18673.76630654816	23601.06799588766	14958.342068128988	9536.652672825052	12027.400904569358	10276.302355426937	7033.2573727227655	18128.293102920583	21247.94499850706	6731.468754171585	14758.96477727602	16302.620928168695	634.9500863407474	1612.0023578681892	769.2068810873765	6826.775182426854	1535.4732845692715	9999.822042705307	9272.0335301491	15421.84520540148	12214.137381326002	721.0624877618989	9296.3599798319	520.9027088165393	11912.076011301053	18840.9936270365	8584.18571843915	13385.613986760343	7031.832757688149	14556.04408531566	12556.32524158328	12595.745392902403	0.0	8978.374897163676	16800.072864247246	17.0	13636.851126275338	15125.80894043589	4327.08080665411	6885.395104900315	9129.082262412332	6594.421069209764	6878.910681792252	6094.054067852069	202.61500879771808	8690.449477279484	9028.730673753244	11231.633827101849	7868.67797644989	9374.768625613216	18593.950500613184	20218.337197680103	5860.883895930552	12037.5999377004	9770.17577289494	15873.331643412988	228.88126589985	15328.673274625517	21641.29476240391	22332.94958432385	2924.220777354679	1582.1975569988456	22649.40420223722	6350.4488221376405
PWY-1361	benzoyl-CoA degradation I (aerobic)	10.27765717749305	0.0	388.6766051793696	0.0	0.0	332.6819707558005	22.353242978427467	0.0	76.57410687834141	0.0	449.1077602331157	0.0	13.64927273460423	0.0	0.0	0.0	0.0	0.0	0.0	63.80097380810308	0.0	0.0	0.0	0.0	159.01485735722284	0.0	1442.850510275207	0.0	0.0	0.0	522.0690939999638	231.09583954764005	0.0	53.51485609072256	2763.2825709686585	0.0	467.6300505685719	156.33913652120208	75.60048636186963	44.66238584780057	0.0	0.0	11.38163794248244	0.0	0.0	765.1600970290722	187.34430347706075	400.1840089633359	4.789400871143585	57.93589718127597	0.0	0.0	137.6701239130834	11.771599171290424	0.0	152.97425511206183	0.0	3.4232545687256053	5405.089991401343	10458.131623064888	0.0	0.0	6350.662117094719	0.0
PWY-1501	mandelate degradation I	0.0	0.0	0.0	0.0	0.0	0.0	0.0	0.0	0.0	0.0	368.5740598954308	0.0	0.0	0.0	0.0	0.0	0.0	0.0	0.0	0.0	0.0	0.0	0.0	0.0	0.0	0.0	0.0	0.0	0.0	0.0	0.0	0.0	0.0	0.0	0.0	0.0	0.0	0.0	0.0	0.0	0.0	0.0	0.0	0.0	0.0	0.0	0.0	0.0	0.0	0.0	0.0	0.0	0.0	3.130434782608696	0.0	36.62863345796647	0.0	0.0	0.0	0.0	0.0	0.0	0.0	0.0
PWY-1541	superpathway of taurine degradation	17.6388292739482	0.0	689.2489390192736	24.95108134601579	215.1117520777209	147.55679654201032	0.0	20.24095436432271	0.0	0.0	1181.1131257877466	91.78572402656924	0.0	0.0	0.0	0.0	0.0	0.0	60.81847105336304	0.0	0.0	0.0	0.0	0.0	0.0	24.439835753351133	0.0	0.0	0.0	63.59625666507889	0.0	0.0	0.0	125.05798535820958	0.0	0.0	27.835787702743776	0.0	0.0	0.0	53.40059528019722	6.256801625013276	38.02107459205215	0.0	0.0	0.0	0.0	0.0	0.0	0.0	43.17365672943278	0.0	0.0	0.0	0.0	0.0	0.0	0.0	0.0	0.0	0.0	0.0	0.0	0.0
PWY-1622	formaldehyde assimilation I (serine pathway)	4232.473745697221	151.5676090534511	5737.547698468934	172.9956794036988	2067.693683820348	1870.3081362323508	1184.1095169811474	283.4147265700166	9682.01572872603	4282.158251419546	8628.038487013437	730.4264109356251	298.7072533334026	38.437657448207744	29.28451518391146	25.677475724078217	269.58973202253225	37.07011517841454	1520.7625016137358	900.1769820501975	1394.5084493207803	102.74278017121668	34.976109900672434	445.0489903857161	5045.157907585982	130.4899781793396	6570.697076959142	10423.984417044216	0.0	117.6133995633138	6750.206007436589	1561.3509689692996	0.0	928.4988404577856	12532.501223687172	0.0	3667.002203601649	764.3340424173598	1174.5386908949015	233.56751365349209	866.5475910601299	123.04264898936955	910.525661265302	274.1062944682837	101.02867725725515	2581.98692912419	1065.55396790786	1923.8519229514784	4446.857181035886	956.9242812291697	29.873967797156723	5.756072644001951	2073.3507191280178	116.60204631476476	1636.0576277643456	568.3308549840665	19.09110559733453	8.796747011092675	14616.065022207173	20715.844079664483	9710.292563644713	7621.957712339476	17246.748184214262	0.0
PWY-181	photorespiration	5351.072546015255	70.93639958091752	2042.7386255749968	98.0273004341152	332.2105769992129	157.00837664788224	954.045392712327	22.487928815698226	10734.955434743646	4196.908859914377	3160.810746109338	236.00235030496964	270.2774226041396	54.66622044314198	22.784867741705543	25.08385559118739	198.36209691457924	59.22475504445571	72.93458202293037	1164.4167172418672	11.355367509902251	160.5206830057273	15.990949470904734	92.39893703759134	4926.798426412702	31.77445046869173	4067.3442292667455	8953.28677603237	0.0	126.96937139049548	5167.626190922473	1710.673203476611	0.0	699.8053901595455	8292.958576612727	0.0	1664.9879096050272	896.7649058609104	954.0709361444729	353.8513091440069	109.73919158540194	33.84689155653496	239.175687787	329.89242245044755	122.0684750920744	2022.7928378416063	710.2313053165419	1749.5948059134391	3619.940840483012	1355.9684090530702	0.0	8.684317504355317	1089.7827306196384	29.56258561450146	1541.541488180525	434.3402669084922	28.34832010605366	0.0	11033.644400032312	0.0	4751.495065929231	2830.564067613805	14067.573877442124	0.0
PWY-1861	formaldehyde assimilation II (assimilatory RuMP Cycle)	6454.534509237836	4176.28367450648	1554.9136699541257	2353.874016941662	6041.809760475711	1885.29933571347	3330.162903610196	3898.3703580418223	9247.905916553182	4632.1973767379695	3768.505880733345	1855.6003405216272	98252.49120152168	78600.72223130584	36439.6377113705	21928.70784091009	43078.90750690457	33962.25653487351	35952.1768448233	33608.28708652987	35679.47708592897	45041.03408636886	36490.68047379404	48686.24406877568	2656.836459176636	2738.298660447013	6961.637801996113	15497.688736646202	4140.744917484548	5064.425493077396	4790.784940458697	4062.533764993809	0.0	1989.8998374824337	5537.725337227506	0.0	3539.2428208581464	3446.275697366625	6895.320484161245	4216.052230232144	1815.2753731980529	2217.60583773141	836.8604465569549	390.2312003725551	139.24788188067012	5410.313638973484	2244.596444038047	3638.1843357082953	4593.461920022173	1996.940463817508	6334.951521549135	12845.621624493371	1710.5320081391571	3600.4771330456147	1242.8885361168495	1246.7198193589345	25.224669972585144	6630.78089357258	7929.661904200863	11076.54854446907	13514.621496409118	10042.968313609668	7466.551286260583	11197.462344986265
PWY-1882	superpathway of C1 compounds oxidation to CO2	0.0	0.0	19.314150363246608	0.0	0.0	0.0	27.521102318356508	2.069287020935493	0.0	0.0	0.0	0.0	0.0	0.0	0.0	0.0	0.0	0.0	0.0	0.0	0.0	0.0	0.0	0.0	26.50199048791062	0.0	0.0	0.0	0.0	0.0	0.0	0.0	0.0	12.11693636333806	0.0	0.0	85.76809979138145	0.0	0.0	0.0	0.0	0.0	0.0	0.0	0.0	0.0	0.0	0.0	0.0	0.0	0.0	0.0	0.0	4.762092895869997	0.0	0.0	0.0	0.0	0.0	0.0	0.0	0.0	6.246815585554544	0.0
PWY-241	C4 photosynthetic carbon assimilation cycle, NADP-ME type	10896.58648521735	21012.197330262246	4627.916050849117	10496.18522699514	5662.969452732178	6326.374277217347	6944.43533923962	16069.074921910898	14976.12024508269	9563.346882898282	8508.969306990379	13829.50666611864	421.4971155146644	1795.1823860622835	23.312989904894053	3904.810168052495	1257.6183566763032	8232.492497745028	2958.5806418029115	14772.52462591048	1418.3856174154882	1038.296064450174	7304.154911944255	391.5439497764109	11065.87323605303	15679.826546746255	9817.919604672685	12427.769775741075	3256.905979548758	18427.400710489816	10630.420938506077	13819.096219907073	0.0	8449.24881174212	16130.462364026096	31.20488282721724	11513.601280478912	16173.202735210696	2594.8305221296337	8683.853684642201	4724.780749004528	5572.835343856278	4843.193265691357	5411.17392511985	151.77155067333166	11509.373395161132	13548.751939701968	14575.4457157343	5440.474109035124	10389.76027163752	12612.855077591788	3686.8736232672095	3336.5288933862766	8139.266307326505	3171.974960087948	20087.20174943224	82.97567563209127	15365.417668024003	13060.297807149997	5868.575473583826	875.9209663516433	553.7093092799511	15131.315862554931	322.3447991822781
PWY-2941	L-lysine biosynthesis II	7789.996733593531	22722.86874085018	6502.1878980917945	12137.223566222568	4437.714302572486	12285.354845146772	6274.743786763308	13912.782634465802	5447.629909206589	12902.589390222036	9637.872359242006	15352.429797554578	97917.66287077469	78134.46275243655	36127.77506239857	20319.68662323016	42727.438279212256	32486.013865986715	32924.96808218768	36027.2443389819	28941.7173237411	44422.07331360877	36733.71684543288	48152.28920136859	11876.82044075722	13829.975350341489	11572.8635512046	12072.06938308822	6891.379616714663	20812.91592587315	7082.957097616321	13496.66058356176	0.0	9468.456715327777	12114.876430391892	73.63196906219788	12654.889853713565	20443.18973833173	2914.8961683483194	10656.259007130118	2758.962101409849	5335.652535510928	4662.739113750708	5141.581178020592	0.0	12927.5381398397	21573.063549943552	17536.42401539091	3756.7937546913695	18160.783685376085	10420.51162710584	3745.327745245117	2978.5221927472703	9074.2713568027	4120.895311698764	22826.00307443719	95.27821325430196	16272.218473562662	3197.1155698735506	0.0	18095.76099033624	12994.176801790169	1419.4315736590806	0.0
PWY-2942	L-lysine biosynthesis III	25980.723039135843	37694.57002615036	21913.877654333697	19434.42757827927	24580.2012407812	21252.851838350307	13208.952998366614	28802.46212103139	31199.30418697912	19587.62220234889	22776.00977404448	27976.373267847423	103140.6842583681	83092.91337961993	38437.13916976751	26201.433700748214	45699.070170488056	40700.794697087615	40754.964458631344	48477.43661652424	44232.41474153964	47126.11293051048	43775.14511841157	50779.01032082972	22471.32696848095	28508.072258971657	19919.81064017202	24559.8697581153	12361.75191913618	30634.67513684029	18997.907378894237	22689.73802625753	0.0	16568.51738052355	29837.861746198327	81.60000000000001	21819.792815434663	30317.94489918967	6873.780094762788	15892.78365188287	12730.17764354176	10098.835216300977	10144.127120620366	9930.895461248998	315.5680823752303	19809.17595156933	26804.863151494184	25060.144106738164	10767.715846091656	24864.33734510489	26134.449233138144	25369.488231783485	8327.450025365433	17862.337230174784	12646.506000435676	34073.519272287675	244.2416226485875	26822.883078321654	28435.148147407508	27739.78496822177	19854.466200796563	13991.81850671382	28881.06679181104	8170.2683134353665
PWY-3001	superpathway of L-isoleucine biosynthesis I	18171.52110785748	36309.4267062643	17280.25546898287	18591.32867514733	21057.891871441152	17773.098003148985	12112.572915729505	26797.593333846635	31415.675256020164	19393.348666798523	19848.04366414307	24344.70618708444	100840.82407402524	80908.44927701417	37183.59161083646	23287.33494111801	44078.43374951777	36668.22025870589	33600.602636162774	46500.295821297725	36990.16274096894	46095.90707065679	39662.82171317243	49746.69791019716	17803.911463798027	25485.45226718394	18535.86498167437	24123.65545675319	8283.6270222202	30815.044960501626	17893.420595102623	21876.392674571547	0.0	14290.021268839	28506.747190234662	87.39784082349988	20009.669669524363	29776.401839893984	6115.458086830504	15594.729895787284	10646.3456444735	9811.734752826496	8579.284459351347	8023.024760175319	299.47396187970554	20517.048719176848	27865.3324336323	26013.29059697665	10544.38195183581	24803.015427391587	21527.64834641021	22778.55032911047	7076.050312859546	17428.1235670738	8078.781771010198	34085.64072845947	171.094351902998	25313.096424394666	27799.405971765693	31479.28809892536	15739.714284801188	11323.4783264406	28814.58361632113	7568.199488060753
PWY-3481	superpathway of L-phenylalanine and L-tyrosine biosynthesis	0.0	5.991515538789684	0.0	0.0	0.0	0.0	0.0	0.0	0.0	0.0	0.0	0.0	0.0	0.0	0.0	0.0	0.0	0.0	1.9775114010621069	0.0	0.0	0.0	0.0	0.0	0.0	0.0	0.0	0.0	0.0	0.0	0.0	0.0	0.0	0.0	0.0	0.0	0.0	0.0	0.0	0.0	0.0	0.0	0.0	5.9508808659559165	0.0	0.0	0.0	0.0	0.0	0.0	0.0	0.0	0.0	0.0	0.0	0.0	0.0	0.0	0.0	0.0	0.0	0.0	0.0	0.0
PWY-3661	glycine betaine degradation I	7.49520705728035	0.0	633.5386053459844	0.0	0.0	0.0	222.1030612993952	0.0	0.0	0.0	451.7495960506168	19.74323544398905	0.0	0.0	0.0	7.117717838105816	9.582370019373307	0.0	9.984334436104024	0.0	7.488790591284207	0.0	0.0	0.0	0.0	4.963517264581771	0.0	0.0	0.0	0.0	0.0	0.0	0.0	0.0	0.0	0.0	93.94057727999429	0.0	79.77412417400625	0.0	243.98302123746083	0.0	14.9020347546845	17.19828618536401	0.0	0.0	0.0	0.0	1405.0790951790725	0.0	0.0	0.0	127.51104759664445	0.0	0.0	0.0	0.0	0.0	0.0	0.0	1.8747843442505876	0.0	4476.219842731787	0.0
PWY-3801	sucrose degradation II (sucrose synthase)	0.0	0.0	0.0	0.0	0.0	0.0	0.0	0.0	0.0	0.0	0.0	0.0	0.0	0.0	0.0	0.0	0.0	0.0	0.0	0.0	7.334463709656791	0.0	0.0	0.0	0.0	0.0	0.0	0.0	0.0	0.0	0.0	0.0	0.0	0.0	0.0	0.0	0.0	0.0	0.0	0.0	0.0	0.0	0.0	0.0	0.0	0.0	0.0	0.0	0.0	0.0	0.0	0.0	0.0	0.0	0.0	0.0	0.0	0.0	0.0	0.0	0.0	0.0	0.0	0.0
PWY-3841	folate transformations II (plants)	24844.44778876184	36255.71180319746	23025.648785264337	18832.381230513794	24213.00786958996	19600.812401737097	11773.455400977373	27574.91348693886	27062.05648389268	19393.668984937183	23092.629832556373	26262.268555251856	86118.05813787525	69304.50474879121	32039.408890416675	22046.617095823724	38187.772882489975	34850.56393981029	35741.44952911026	42603.52075733186	37976.30164756755	39284.64642364189	37102.18737470807	42476.90743580957	21999.393081129263	26824.128674129275	17898.172584860884	21368.82292458503	11173.035015429436	29643.023289376484	19155.265394614264	21419.31902115605	0.0	14728.401159176572	25775.426680019867	85.0	21643.49872778717	29599.76442369144	5767.478530381451	15291.699637519949	11972.097272139885	10116.959590643251	9759.171855001705	9054.432160109338	255.80013169244276	19243.520516877124	27346.339629306814	24412.928281339413	10863.573285152866	23718.20219147289	25003.888351888	25850.402261266918	8027.475835804366	17632.694721515058	14334.520862736868	32791.99788340857	281.48080334904927	26217.871363918817	27195.380483599063	25896.30897251954	18176.81056816436	12733.6394380498	27265.48067460291	6490.830547594289
PWY-4321	L-glutamate degradation IV	0.0	0.0	232.75334061067116	0.0	156.97089256909436	33.762129536096744	262.8993581225032	0.0	409.9263447328329	401.03643094939673	234.7049583229128	0.0	0.0	0.0	0.0	0.0	11.683209639642408	0.0	39.55255256406497	61.20974092947058	0.0	0.0	0.0	28.234158840287236	656.7644027819708	0.0	676.4288748865985	527.1376813063064	0.0	0.0	0.0	32.942251272316184	0.0	44.917454322965206	2257.569648048074	0.0	491.6849350926819	65.92816229512836	80.93484904820197	60.81855292293582	37.93005700175559	0.0	0.0	93.10048596804496	0.0	233.2592291616196	170.02969071905318	8.889530661344228	0.0	0.0	0.0	0.0	148.33571823899402	0.0	105.86342316820192	72.09124937049722	0.0	0.0	0.0	0.0	0.0	0.0	1590.5429132458216	0.0
PWY-4702	phytate degradation I	0.0	0.0	186.3954207920792	4.906015037593985	0.0	0.0	0.0	0.0	0.0	0.0	0.0	0.0	0.0	0.0	0.0	0.0	0.0	0.0	0.0	0.0	0.0	0.0	0.0	0.0	449.50690909090906	0.0	0.0	0.0	0.0	0.0	0.0	0.0	0.0	98.0248864309698	0.0	0.0	0.0	0.0	7.423672931091329	0.0	0.0	0.0	23.46765249537893	0.0	0.0	0.0	0.0	0.0	0.0	1.7148254390260966	55.04680851063829	0.0	0.0	0.0	0.0	0.0	0.0	0.0	0.0	0.0	0.0	0.8599069552111874	0.0	0.0
PWY-4984	urea cycle	696.9753023970597	3697.907380088661	3149.2536999579397	791.934540475644	6725.137746643538	1015.7571395411628	883.6984826702478	4669.366335915796	5504.382734398148	962.7161154699946	2997.194088020924	1935.7895777348303	85494.61294145594	67906.08725187539	31380.001421118573	15666.353605835253	36784.58509481539	24722.070549479948	25444.67585518157	27053.159162165637	23632.23011173981	38590.61323852013	27356.175005940644	42025.97144241856	4666.22590399785	1911.584750449929	2466.90535768115	8380.466433199388	133.38249076877418	6644.220323482205	3954.39010315004	4818.502988932119	0.0	1733.912413038914	9637.955325852325	0.0	1689.7895649502389	2715.54257282166	487.2078365695258	1354.0624973120937	2242.3098770095958	657.9980597074255	516.6397987591347	725.6439463166449	0.0	5378.442726240495	1206.9906113768989	2312.367595608063	1385.1252420696185	2984.7943827967656	7321.829837815786	11576.741601607546	1111.8196757701423	2066.3580849345963	532.3421542467358	3391.470402162556	33.6183735810253	6113.128445306155	8044.147378641648	18591.03691601101	9283.580698560028	7149.323042230364	10635.021197333012	0.0
PWY-5005	biotin biosynthesis II	8279.811188512562	4106.621066633813	1446.8540677737549	1706.9086510138254	4196.614034023891	3166.523296314788	697.2642305865735	1454.776272423706	5641.141493299084	1798.328803060973	3945.353201290629	3140.8400082399817	247.3140679017431	340.9691015396375	0.0	819.0073885395394	85.04442233080086	1049.8955471648037	2353.2473447215248	3192.44506874284	1529.0413588727831	57.10222941899896	1634.5400664357248	79.93620472300111	1790.1572913129055	5057.1116236385205	3490.694997300241	3257.149205945296	2749.764164213388	1445.5490215777843	894.7239118881399	3771.9055280124576	0.0	886.5672785386562	3638.396087685904	2.567832167832168	5755.267469177845	3714.4186279026994	806.3058903236305	1427.116036555297	2089.4771197805385	1373.4629445529697	916.9925563738816	856.8760076731783	0.0	3222.3652454669527	2343.6404763897926	2738.939414212941	0.0	6140.154953964618	811.2931460626082	5191.276787884836	3115.211832828992	1767.1841435111617	4627.521506313652	710.0343576818861	63.04189496563303	3820.418936142281	2173.8934816391147	0.0	6489.238598550304	4994.347554206898	0.0	307.5158780671536
PWY-5022	4-aminobutanoate degradation V	3207.5367694546244	356.6947542605333	3167.8395430553496	848.1107678398845	2678.402394979279	2610.1431721604904	1651.74703960666	2508.2523788526973	6405.563086538552	4453.753182968197	4936.018966288249	3163.886217601121	113576.86133440562	89100.81622313963	41348.10343080652	18576.26117333006	48459.25020156891	28456.187117548456	30808.21497062194	24739.129265576037	25078.27590900132	50938.7739708012	32819.914355635054	55893.813947481576	4521.205188422782	2748.5406112380388	4028.0955610561255	7412.138063843392	32.34332912083348	248.66864795450823	4407.410125639565	1887.6901490771452	0.0	1813.7744742493876	8325.514919752963	0.0	2695.024689788979	1848.847041802794	802.233877223384	2571.8337620789857	1406.7342933801824	548.9059000675343	428.060491899192	953.4709405662956	0.0	2163.787650130067	992.178507217558	2492.723243193595	3457.053640079572	827.2296017104603	915.4302587630364	72.55890543162339	1322.1346062542875	1078.7670405594472	2024.5047049315945	1036.4086340401243	19.57526489590811	131.3568452869306	11478.635156427226	15252.351931576688	0.0	0.0	13652.98986041568	0.0
PWY-5028	L-histidine degradation II	29.95635313992216	0.0	2677.0561729045435	6.246794830148911	112.01459772654889	1209.2150981492234	410.6059455864423	0.0	7040.590736615541	2337.832365848802	2754.050883785795	39.93335725415384	67.46817942482919	0.0	0.0	0.0	7.499099231553649	0.0	32.479452980061005	122.15631971803946	0.0	0.0	0.0	39.97730133824869	1846.7733349937369	9.995646291219437	5257.632977374302	6588.353374185709	0.0	7.497519205432391	7682.162862720034	870.5970504977357	0.0	155.8049673895708	10861.017117468984	0.0	2011.622870410172	601.9057912965501	491.5397470571673	205.53272707801617	270.720405235959	0.0	54.68918738261378	169.3488414736287	63.65052816584282	3129.101126148803	1258.8230256415054	2171.74141191382	1853.6335225663013	66.06883053266422	7.4963457805729234	19.906646460027773	807.4057348694122	57.1213811910392	101.85070033942895	378.6884612208838	0.0	4.998707781423866	11235.960687454472	21054.834108318755	2.499565040087317	1.0748845638383142	14012.280154586648	12.483542526112524
PWY-5030	L-histidine degradation III	12516.554737861414	15728.3707467437	18026.003740126307	8377.507324912902	15548.57856788598	9944.172146810277	4337.562104595309	12304.326863249673	8381.425489004787	10892.489416882316	11931.685491329708	15497.106552010417	1745.4468561252063	2695.7448945318247	2318.86720064074	6656.6223356530045	3065.588609097229	13569.976460211485	18383.732294238544	15542.117363008703	20865.643778483733	924.7748683089249	15315.599492871404	905.2067457899548	15722.996007767986	14324.809124977097	6263.060387231522	4837.963444601746	5247.042959046052	14538.906362893322	10153.164424154156	11700.90758923439	0.0	8804.014803919275	10995.519024324016	65.84016393442623	11011.259700207043	14048.953811381458	1279.011369223333	8076.650519718316	6829.159217201399	3859.847699200531	5912.935085775395	5572.370122037651	0.0	10470.854158772829	18537.012613676616	13360.579472034486	2362.355829363797	15214.380544401612	9710.49473172201	2261.779900873566	3313.5331028606493	5347.4247378847085	10023.974573519536	18059.625120384648	212.32625134122677	12357.219824361202	1561.8107638288018	9989.598018026209	0.0	0.0	2492.864894255755	0.0
PWY-5097	L-lysine biosynthesis VI	22372.18318072025	31321.27539208156	18600.43705430232	13506.649876147252	23479.41226939156	15401.078835118373	10599.79252072066	24711.76425746393	27007.347293542527	13622.083369425747	17933.22391589033	20940.69904645605	1283.395436536277	5856.561379631657	2234.731166576444	13801.305907692931	2964.184133759202	18097.07068627899	11605.524642991892	31381.60691071213	26430.732716450155	2447.193625938188	15510.060498859988	1230.2262819855443	14245.46555520777	23391.19849337833	14093.593043628432	22150.126893686487	9943.651792572253	24081.44090177732	15656.994597761764	17130.2911231618	0.0	13882.627102292963	25380.31933362907	39.17695473251029	17275.60678002347	23185.07197591509	6065.089886927023	12099.830651042974	10450.184214350627	8540.28952803472	7825.409970380649	8062.976750096834	285.487941389881	14085.597015534491	16207.274937802553	17356.87748119126	7979.146159040263	16732.047850848547	22174.50037508565	23717.829276750097	6983.182284825554	15833.077527526528	9897.427722991417	25813.155587598656	171.92947287938185	20812.52909071453	21983.00673907679	26592.1918420875	19276.081577492485	13639.619084360012	23144.70291625461	7691.058326202144
PWY-5100	pyruvate fermentation to acetate and lactate II	22685.8637646171	11322.69480218308	12678.304693277303	11408.9874652636	20171.433918352704	13681.241139674446	9199.994500171691	14179.830888688864	6481.256610062624	7122.2467648675765	15198.198585411004	19013.200983201517	2020.60432272886	1710.4880230436977	2027.9337404441624	9050.965152510416	2584.2043424219	12598.386590971257	22880.42493553184	5331.457690320797	31914.643858391948	598.0786125279946	15586.350429967477	1121.0943373748555	12232.895138648948	17623.956709204	12247.330323033546	10223.20460724917	6430.765653812633	3733.55324313792	7189.976906671157	9307.52169691756	0.0	10770.360549897978	12100.036160607217	1.9766073776731956	13874.354880625991	11819.386009117106	4304.740861284175	4538.340129584136	9032.105392344823	4203.988372834821	5906.078385395787	5776.895014893705	112.34897842559997	6661.361137957234	5487.521764474773	8022.246020737577	4688.591747396624	10542.88576000486	11030.109676611337	5526.869496881786	5680.791052543827	4025.327827565747	8270.818743994896	7955.77627583669	180.65767568906315	8145.100682457372	4516.26802211558	478.7289751350455	5797.804670023251	3822.240243878205	2423.9363159397008	752.3811081237343
PWY-5101	L-isoleucine biosynthesis II	1986.7320367153252	449.8745395385629	5137.248777693329	3412.552728900402	1594.380800644345	7117.529305485966	841.2715521512224	1692.1789395994194	15070.894356160914	4245.63978287057	214.46898376172803	3671.14811059862	38.992589146339085	23.99649764602501	512.5108216103088	448.5407588869021	213.987150734116	1320.7196937829715	884.7260423978893	89.91297222897659	7832.517721893296	80.93060129157098	2059.844092186124	0.0	720.7635578947632	1792.268609141725	8580.724876438153	9543.319857681365	2298.9462826667063	0.0	9663.290454809818	5130.154822911328	0.0	402.733761149537	7779.955396051944	0.0	385.6944112300202	0.0	740.9299929998365	86.73007592361043	1732.1957882642384	514.8939850969704	1009.4267555175056	616.8261715410107	152.7917370196	3281.292936397077	672.0142958325569	4127.276969804443	8164.479810352724	306.9178477821733	2280.397864763784	779.5149037108207	364.0136573331906	129.94881749472486	1271.2704516108936	564.806108520751	0.0	714.4555223148215	20384.17533750225	0.0	0.0	0.0	20054.02604376804	0.0
PWY-5103	L-isoleucine biosynthesis III	12142.01378593674	34757.560723003946	17224.74987523574	15953.106293490348	19203.43720153206	13279.690011293587	10891.627692390022	23833.4405321905	30019.38109430243	18931.854384962626	14452.193270024049	20007.18234986996	106809.82250453522	85612.43609475612	39461.18640776149	23442.411792642368	46558.925460276965	37132.77390984888	32989.43748471739	48910.11139456439	37756.31986059589	49004.20997255414	40733.72392460992	52768.64651251533	14365.43746422922	21948.99081193177	16765.159105460396	21594.748591839358	5354.560168892544	30478.126835016505	16313.482219337897	19636.65125432443	0.0	12349.2579300435	26489.97149849336	90.19158342885213	17656.714200147446	27932.88453226862	5056.197750960421	14885.116884798756	8915.066666389339	8851.515490892638	6761.109132031136	6428.554019036335	286.6233283898068	19953.90327064768	27230.825523601925	26225.78080887972	9570.052830039986	24408.96575248853	17953.175788729226	20531.54419293164	5495.189595451033	16319.182759925225	6696.74219697915	33094.53075819221	150.4298732339289	23851.00731492828	27523.2808925076	33776.14896467641	11347.812414806898	8171.335062994979	28813.71653180414	6822.471108477939
PWY-5104	L-isoleucine biosynthesis IV	0.0	8.7294294404847	11.954508681680077	0.0	10.997381889653427	0.0	0.0	7.817843992876548	0.0	0.0	0.0	0.0	0.0	0.0	0.0	0.0	0.0	7.127036112953056	0.0	0.0	0.0	0.0	0.0	0.0	0.0	7.960369373291431	0.0	0.0	0.0	0.0	1424.1452861491048	0.0	0.0	136.50768188321825	0.0	0.0	0.0	0.0	0.0	0.0	0.0	0.0	0.0	0.0	0.0	0.0	0.0	0.0	0.0	0.0	73.33288904949805	16.99209682640506	0.0	8.411181857927222	0.0	0.0	0.0	0.0	0.0	0.0	0.0	0.0	0.0	0.0
PWY-5109	propanoate fermentation to 2-methylbutanoate	0.0	0.0	682.1564119142812	0.0	0.0	418.1010335716396	0.0	0.0	0.0	0.0	483.1413827356328	0.0	0.0	0.0	0.0	0.0	0.0	0.0	0.0	0.0	0.0	0.0	0.0	0.0	0.0	0.0	1141.050613056559	0.0	0.0	0.0	2510.234472032688	0.0	0.0	27.13038647735497	3712.301791051521	0.0	333.1716846034486	106.88622284758048	0.0	0.0	0.0	0.0	0.0	0.0	0.0	700.9903359259634	286.1741077621821	481.1584469333504	0.0	0.0	0.0	0.0	124.02113054505492	14.349870043589586	0.0	53.46932268840105	0.0	0.0	4012.4470250226814	7216.899105172686	0.0	0.0	6267.513947578575	0.0
PWY-5121	superpathway of geranylgeranyl diphosphate biosynthesis II (via MEP)	21983.35748892182	25139.25939315349	25742.11326137733	15038.25953836479	26572.31811155177	21416.406133091787	11240.97779780572	20937.889034619107	24113.09233540893	11876.617528800796	23930.79481887681	23429.87914214924	90203.61061076884	72056.16672151479	33588.617331820846	21349.24656404636	39819.00388561287	33131.56069617223	38257.75515333427	36353.79956645539	41116.75455909596	40236.39489050975	35938.708523091474	44094.55578769357	18656.293816326717	21689.69795018648	14312.692504047876	18232.578018654996	11445.011125835506	17727.484917109094	15919.854020623252	14998.9282337613	0.0	11586.44354910621	22209.71708085064	26.360114119835323	16136.15060253801	18637.51494272409	4931.592119216844	9416.156630043331	12434.497860692923	7187.862059523352	7874.237915338643	7043.489977176806	245.13559628099705	11842.33418273084	12736.470593028662	14744.783882573553	10851.502326793969	13760.468084408163	19583.987543698884	18597.90908618016	7220.524600206229	12312.574509891903	15130.368264241675	19769.00848031356	290.51214734755064	17056.10468905915	23448.748152117387	18725.109050823976	12137.677863922238	8731.300125492557	23255.670879759167	5969.33218630679
PWY-5130	2-oxobutanoate degradation I	7856.035419974926	5352.212096140449	10094.783403667132	2035.677255665437	12901.688922257626	1464.409908267556	1507.2514540003758	7362.796929280172	7860.207457286506	1002.7595430510934	3569.8339919315745	8613.71896994378	205.12406228210975	569.3222193114353	690.7421574796109	1991.7761123360588	386.7327726222032	3134.286969033602	1903.920188011064	2878.4253932778597	8905.799336825095	419.98065828952616	1779.078931714379	89.51440262793345	2308.7507011219195	9966.346646571948	1753.2503035284733	1015.904159432434	161.8579545744312	1212.610607404497	4178.08107902712	5422.630791681307	0.0	6521.570602616495	6977.845441776818	0.0	4914.423739355009	4050.611096631576	392.9919524470629	2970.5846188074825	5168.652171076866	1958.899051422478	2576.749020929517	4082.83224168696	0.0	2762.802905264768	1294.0773633703018	1673.0834574836354	0.0	4697.364457874	2377.251741336211	4508.63383782149	1816.1774637892763	2437.711802502315	6156.723392999827	3028.212269274454	23.37334840107124	2623.729315012172	937.9726433643224	12293.18087057123	2979.1836259464644	1962.4110241525784	648.6667405942761	209.2998909487459
PWY-5136	fatty acid &beta;-oxidation II (plant peroxisome)	4249.4909691278135	1249.9822835078396	3744.740061243292	325.26676689480973	808.8589852082421	3349.5381965188462	1505.1939097613056	608.5024801944788	24111.221731122565	5644.869446177147	6395.756405281239	542.3421776880375	85288.08209193895	67116.70893212387	31050.603485971325	13651.078831507197	36493.95276702453	21766.60092310557	23248.415260867278	18844.05579133918	19429.82374353561	37816.490717317065	24234.803119511715	41931.922224645794	8156.326514460047	859.9605459691334	8504.460894655482	18873.532271099182	15.626408899903518	334.5622395637095	10550.168272841063	3345.757803302342	0.0	1237.458832168742	18907.602450358823	0.0	2675.465851046673	1344.817721500932	7015.672529706272	2393.626859468296	1049.7707196763686	500.4481809918325	179.67319308244828	395.6327976299556	222.80963744262644	3795.500100371955	1265.7870768837204	2838.9730785887955	5578.597982734782	1115.8822922085612	503.8423725012674	824.916752102735	1374.1143708130903	793.7836847038543	1027.8081529080423	1545.2048733131458	6.1780345191969	527.3795781828494	28002.28485675001	60144.0433432066	12509.946493765756	8055.668781433325	36911.50913207052	12162.634466992098
PWY-5138	fatty acid &beta;-oxidation IV (unsaturated, even number)	1590.6304324924945	389.1490311224949	1555.4227112308515	40.43906818037368	260.4017917380184	2076.103018331596	819.7718771941325	16.5851379628165	17234.929813781204	4335.104048446086	3769.687598171547	164.03414573306696	119.12643600130664	202.38344122760708	16.71284588829302	13.913598359826494	74.37350986236932	71.66738943488465	91.89745126455298	421.7465443791976	22.74259160792138	100.39911555329049	2.666525389213864	231.6032028451891	5058.418897330764	122.5295885702874	4932.301333980312	12710.664353454	0.0	44.77168609798005	5027.831784093689	1465.4113887747008	0.0	320.4935265826928	10754.525312808057	0.0	1242.0971787539293	727.8583870765485	5118.477077030023	1881.797820822629	139.3890511532162	23.991469619562395	45.766880614405935	165.80670491935683	168.77813903399505	1565.267795299305	655.7983707685032	1591.6898761643238	3361.412022294168	831.6003631861589	11.752995983417083	15.21367420314111	774.6127205708538	35.02119919883946	563.8643780201809	426.7107620754956	5.335190874524715	0.0	14298.478588593032	23394.28078765288	5890.001460031454	3195.903496478779	17199.891227655105	8933.141121395132
PWY-5154	L-arginine biosynthesis III (via N-acetyl-L-citrulline)	5866.066279721481	1478.881939744682	6516.513206485105	3761.459489829621	5225.926978300134	8137.805919552904	5279.602756439029	2898.921382614622	24699.19700834118	8743.56695699074	8383.57371679283	4408.260770318203	360.23952387764047	416.1285406678332	1404.6359812846188	1368.3769403968486	312.46792818185327	2167.983134140737	3850.362148345275	1673.5757178716133	11732.681589777743	445.3914159168694	2549.6704524201377	452.7810541263216	6943.339685291259	2704.287465537313	11214.837229543931	18471.66637399049	3072.9441656550925	256.965287172984	9754.946294575402	7109.850646353871	0.0	1846.567244470536	15008.419842284557	0.0	4138.961505237916	2168.2036374792806	4841.748430446153	3397.616728900324	3979.619657765848	1152.0337018466362	1965.9309687289312	1058.317775631994	273.4470744044433	5513.987443582759	1677.8497103344278	5208.77432875201	7873.323479934131	1818.0350337515445	2159.156139848796	730.7809325863528	2070.432582217992	1068.8980064424156	3205.108532127558	3870.3459183354544	55.56486463782722	1450.20262634787	23117.96407445169	21979.560151434565	11119.063906447034	8058.756528923686	24490.787801039365	6943.287499626568
PWY-5178	toluene degradation IV (aerobic) (via catechol)	0.0	0.0	143.08316077812898	3.827131578341068	0.0	6.182190088681461	0.0	3.113688069891817	0.0	0.0	0.0	0.0	0.0	0.0	0.0	0.0	0.0	0.0	3.9079805036920616	6.708264317806852	0.0	0.0	0.0	0.0	24.28354191848677	0.0	0.0	0.0	0.0	0.0	0.0	0.0	0.0	0.0	4.964316786700347	0.0	0.0	0.0	0.0	0.0	0.0	0.0	0.0	0.0	0.0	0.0	0.0	0.0	0.0	0.0	21.01627722422233	0.0	0.0	5.193728193177397	0.0	0.0	0.0	4.656454513640634	0.0	0.0	0.0	0.0	0.0	0.0
PWY-5179	toluene degradation V (aerobic) (via toluene-cis-diol)	0.0	0.0	191.75261222013816	0.0	0.0	0.0	0.0	0.0	0.0	0.0	106.82515397782753	0.0	0.0	0.0	0.0	0.0	0.0	0.0	0.0	0.0	0.0	0.0	0.0	0.0	172.78378789482198	0.0	0.0	0.0	0.0	0.0	0.0	0.0	0.0	0.0	0.0	0.0	0.0	0.0	0.0	0.0	0.0	0.0	0.0	0.0	0.0	0.0	0.0	0.0	0.0	0.0	0.0	0.0	0.0	0.0	0.0	0.0	0.0	0.0	0.0	0.0	0.0	0.0	0.0	0.0
PWY-5180	toluene degradation I (aerobic) (via o-cresol)	868.0127599579404	89.74816951781673	687.5947917845864	176.04738777057494	0.0	83.85480338135793	138.17764790496332	237.02095637376547	63.58257401402299	0.0	1367.7722101190268	292.971673030503	0.0	154.0083591546418	0.0	118.23181470451244	0.0	0.0	556.0847166607485	650.9933309529433	0.0	132.68383145652103	95.99807747939845	0.0	948.02596757219	426.52667292832456	0.0	0.0	0.0	103.69527380185193	0.0	19.98122940166657	0.0	265.39569329787975	608.3054678519649	0.0	234.80205065113125	0.0	109.96360000748824	1302.2866075651589	472.6297276086573	104.75073016582262	387.53253366050575	27.86660854748109	0.0	210.04407642465728	0.0	416.1821286330125	786.6792729670101	0.0	116.97353298981945	0.0	328.4961940774369	125.79247905776836	0.0	0.0	0.0	16.989334121223255	0.0	0.0	0.0	0.0	4.988667155347728	0.0
PWY-5181	toluene degradation III (aerobic) (via p-cresol)	0.0	0.0	0.0	12.662174321628727	94.84870585904402	26.52397095839944	370.514385610338	19.11793482087636	0.0	0.0	0.0	0.0	0.0	0.0	0.0	0.0	0.0	0.0	4.261840833127789	24.71742461400406	9.747502798843795	0.0	0.0	0.0	0.0	6.509752243521037	0.0	0.0	0.0	0.0	0.0	0.0	0.0	33.174509625823895	17.941464764049243	0.0	123.84245297764068	0.0	0.0	0.0	15.964786145934994	0.0	0.0	0.0	0.0	0.0	0.0	0.0	0.0	0.0	11.62442198417858	0.0	151.03109172022823	17.700729988646273	0.0	0.0	0.0	6.937792993471624	0.0	0.0	0.0	0.0	44.81244311034489	0.0
PWY-5182	toluene degradation II (aerobic) (via 4-methylcatechol)	0.0	9.5459992559221	0.0	9.852983129323288	0.0	12.764541289862354	95.0430153662829	23.73082785566521	0.0	0.0	0.0	0.0	0.0	0.0	0.0	0.0	0.0	0.0	2.350314048713266	13.910383004334662	0.0	0.0	0.0	0.0	0.0	25.325052187044413	0.0	0.0	0.0	0.0	0.0	0.0	0.0	21.89127056027323	10.53177642267838	0.0	65.37377592788295	0.0	0.0	0.0	17.246192537822125	0.0	0.0	0.0	0.0	0.0	0.0	0.0	0.0	0.0	48.50339059914726	0.0	81.9221742288478	12.96796552076994	0.0	0.0	0.0	13.885800516773935	0.0	0.0	0.0	0.0	4.439961626461841	0.0
PWY-5188	tetrapyrrole biosynthesis I (from glutamate)	12430.740834054795	27026.915885429986	10879.131581309426	10316.477219813714	9290.242637297451	9213.488364484814	7073.692965312723	22158.445591181284	15356.273850613725	11720.305431471386	14186.14647780308	15777.379985315714	93609.47707051093	75111.00024049962	34119.61884818023	20572.914512777803	40556.81433472844	31608.22853388284	29575.557225052195	40221.79382858997	28079.358603794237	42460.70271286587	32010.67649062883	46222.46895399154	9398.730650982872	17186.175720521802	6787.242540355579	11912.0632715984	4480.209160109533	24474.88624361752	6358.723407249553	12321.842486271114	0.0	9122.07404915196	17423.436225848836	18.494505494505493	14816.698815424672	19423.8593895713	4030.407554294544	10332.071802200642	7394.714995727215	7396.3501650634225	5724.189417223325	4974.073843616881	157.18220882657843	14052.744125272173	9050.74431921187	11784.348752058402	4245.385763298406	9950.325172727744	20254.50520502895	22794.49273072808	5758.06528244693	14214.334795125456	5716.979178739441	18766.47570080428	147.0219588418074	20794.23582891644	13601.608694638371	18347.924807998705	10357.53114496708	7376.740940898297	15788.802085849124	6264.368894255728
PWY-5189	tetrapyrrole biosynthesis II (from glycine)	11198.749259748683	27099.99605702061	11338.497152509484	10563.126671524882	9214.957344681234	10664.11499295166	6542.990023897403	21506.493483878305	15144.759919419706	12304.554814530047	14188.183807800324	15026.326879372356	85874.25745458662	69024.78713597018	31350.91422225894	19415.55221484161	37297.53433578749	29881.90355141152	28525.051573440243	38527.32628621893	26803.048003965578	38991.85943524594	29941.28678332114	42417.24731042688	9018.44700837711	15863.378348826616	6423.235884940717	11800.836614845026	5611.756264968006	24894.76561439045	6190.0559691468725	11688.576526354009	0.0	8437.753708400167	16789.065923248534	17.0	14727.311577422872	18993.384727367516	4126.151923636246	10346.832954852674	6864.157029560185	7077.619036547143	5426.3951481164495	4499.372005355844	152.52317554239153	14590.447757004013	8839.719190445596	11318.505932553282	3911.6159639367033	9325.953521878071	19589.78821656792	21851.95289887229	5494.133405200603	14176.176914988147	5377.654933703105	18104.38724124096	135.5702321977235	20687.042574707844	13092.082813266732	19380.90270424842	10014.573065222745	7145.197070225082	15525.488068791989	6554.922766835035
PWY-5209	methyl-coenzyme M oxidation to CO2	0.0	1.2941176470588236	0.0	1.3176470588235294	0.0	1.9782608695652173	0.0	4.604562737642586	0.0	0.0	0.0	0.0	0.0	0.0	0.0	0.0	3.846153846153846	0.0	0.0	1.7999999999999998	0.0	0.0	0.0	0.0	7.384615384615385	3.25	0.0	0.0	0.0	0.0	0.0	0.0	0.0	24.53344412131284	1.3330484939115574	0.0	27.23612978095837	0.0	0.0	0.0	0.0	0.0	0.0	0.0	0.0	0.0	0.0	0.0	0.0	0.0	18.46273291925466	0.0	0.0	1.7999999999999998	0.0	0.0	0.0	7.280898876404494	0.0	0.0	0.0	0.0	3.325993905338993	0.0
PWY-5265	peptidoglycan biosynthesis II (staphylococci)	12135.023305690074	34523.4804280936	6229.076607224244	18580.54887044229	11022.303013637673	14317.908573836005	7554.293811494055	22275.34419557133	10866.643012859846	20750.71571756209	10883.412652860688	22663.772892428897	118721.15304656827	95166.86072501488	44127.089258408494	28571.15816009192	52357.65712165855	44554.60800098692	45881.44179856835	51555.31419786831	46533.73944371558	53886.16571319592	48842.0495299277	58430.64546671806	18370.874061238323	22617.05013301572	15834.800404642414	13625.438957898084	8153.181461239764	31542.77244658379	12201.449103997522	21884.69596316469	0.0	13872.490475256454	15698.43927839638	103.0979127883707	19189.919858484514	31925.675865146328	2185.003510968307	16358.266643967372	4033.11682833971	8907.933805259538	8177.231644688363	7856.4355865927555	0.0	20714.687652515702	32061.837764811087	26918.53978668216	2460.61965447168	27662.550888052705	15103.944559828367	5392.268389077392	4035.4687901107113	14430.398404051632	2857.3774566938127	35283.01778679303	159.96470811044605	25467.524855029653	6846.881757002207	0.0	3842.344664011403	2026.5820483022455	0.0	0.0
PWY-5345	superpathway of L-methionine biosynthesis (by sulfhydrylation)	8042.815759849037	25019.35346119502	6904.570616511223	9442.634494758928	7090.708947261212	4661.402007799204	7028.146969149902	18356.828868305194	19212.33154771037	8380.336336409266	9973.60474895961	11732.627119932062	15677.135323602351	26018.91565977176	13047.141807851194	20111.15559884532	15135.445823145246	31148.434193028625	27866.707581484137	36592.76931321217	29303.01636289093	11702.315641525603	32319.861654176613	9856.786981746678	10173.1253996345	15602.519745383066	6073.222492243917	13527.524411537805	951.127299979326	18893.33710858162	7977.580980757886	12477.906646408746	0.0	8611.43671021354	19563.715966890857	7.777352598443566	9112.884831982352	15448.50941688684	3583.48345506872	8257.629582412503	6509.072993368909	6912.1076988694	4529.6325381614215	4873.63432772684	178.07933075425674	10173.26406997456	9657.303935397533	12395.006703700192	4855.843440216142	9281.465134472928	15691.520365571623	16183.722890991385	3465.044018584605	12313.975093062074	3779.7077760307247	19323.13696297423	36.69762178725248	15336.356378257473	16785.906860471903	28965.55471152508	8934.378958493693	4988.03320194595	19759.159913861466	679.0880127437354
PWY-5347	superpathway of L-methionine biosynthesis (transsulfuration)	13994.057802042778	24316.545652307872	11214.584964530217	13823.323281195471	10530.08069269818	12546.894289868616	9799.592027389388	21253.126727407875	22206.572172294687	13552.289569996796	14511.573915977737	20366.394595599944	1489.104600193464	3027.0301285121964	1625.2796131533548	10889.106989619097	2086.997474828321	17126.0546160344	11441.012046574042	23136.00164030641	19818.6816700634	1321.16958021971	20764.63171482633	504.1991326662938	13769.382236294752	21216.44400585257	12845.699640994177	15476.858150728827	7051.439677341153	20546.57121587343	13436.494901294274	16921.453617545376	0.0	12932.490979478129	19012.835709839568	7.370243907517564	16324.51784653536	23036.09646566937	5667.596339505942	10219.2100386975	7611.0669327249	7431.055249877618	7388.328545663943	7408.953458528849	229.68845494553773	15344.690052144848	19682.49537560182	19360.18429636536	7120.737554729989	18666.961973036046	16475.041107605677	16342.553148366467	5331.106313577235	10974.888577249902	4748.056174493326	23940.200562676368	155.158734664996	20176.160246593878	18333.763656017687	10461.889925944954	9777.2442380047	6205.82427301342	20125.76869361267	7673.828701624279
PWY-5367	petroselinate biosynthesis	141.67228647837288	29.989886915590667	0.0	53.94272238904427	0.0	43.96615808903718	0.0	3.999795222251055	5229.186004754744	0.0	513.7940574463106	15.996375648539978	81.97396972622577	0.0	0.0	39.97512355422341	0.0	71.94787858174094	3.999847233179892	311.1728927384345	0.0	87.93397501518297	0.0	31.99197089668901	61.93717731969478	19.99453617731742	0.0	0.0	0.0	77.92567377811174	0.0	0.0	0.0	139.54475713900675	4183.2151189923525	0.0	9.998229442386773	0.0	0.0	2.999786714530216	53.91931669121707	0.0	19.98445111599681	0.0	0.0	0.0	0.0	0.0	0.0	638.6543205502719	67.93280671891193	5.9994738983572296	0.0	5.999180421012247	0.0	0.0	0.0	37.98077378566589	0.0	0.0	0.0	0.0	0.0	0.0
PWY-5384	sucrose degradation IV (sucrose phosphorylase)	25173.6345838264	37492.45400964908	22959.877890951582	19973.05047557756	22973.05958055911	21523.73869310713	13632.277469331666	27617.293396868776	27955.78890386247	19621.317230522207	22774.91224366518	25356.81006473146	86166.91122794134	69403.27749055967	32035.36418310147	22627.7995109516	38339.43350983033	34643.345365893045	36610.485609284864	41007.71886917917	39281.27187185929	39314.6470875101	39131.99436981144	42375.51412745165	20115.367762826805	25587.81823562672	19246.732259898545	21100.99778831591	12316.697928216778	29978.89865922136	21981.6046279842	20928.686696888723	0.0	13355.652470190424	27928.36529496725	87.2199041879153	20555.180603950885	29191.47902385223	7385.908472316551	15746.800352464175	11319.337402885838	9659.02379885284	9779.354577752274	8465.190846098596	323.3623900136556	20107.97422903487	25021.319069527646	23393.314223604862	13322.516973085192	23213.602555934	26026.097370314856	25898.456810242616	7882.54689648464	18332.55791950872	9777.075531289183	32229.06989587676	310.9861771343889	27491.71096338102	32315.720471977365	26712.47547053661	21509.45426372989	15474.29043237614	34839.52262188257	8629.013960519296
PWY-5392	reductive TCA cycle II	3066.442124510354	221.99918961131323	653.435202837504	696.5152832887555	708.242357872368	0.0	700.0024081528178	3537.796883521941	0.0	0.0	862.4552299402775	3193.86890766526	0.0	99.97672666361908	0.0	1443.2266880334696	48.11316554386135	826.0676376083175	100.08487055541222	0.0	80.27781531366014	0.0	1483.5481056945282	0.0	536.3663901207599	4258.286112397453	343.27338381370924	0.0	0.0	135.09461005468222	1182.0825294403012	0.0	0.0	2632.8233389136926	0.0	0.0	1561.9123099393307	952.1227227260686	79.70634596978891	0.0	1151.1479295762783	675.2121949405781	363.8380194299661	1066.1831626827836	0.0	0.0	0.0	497.9931808311626	0.0	499.2281345366606	337.37242282278373	0.0	465.9001075398852	1035.7765945435417	379.0035232951967	805.3984421031433	15.131187248903828	130.5124735731622	0.0	0.0	0.0	0.0	0.0	0.0
PWY-5415	catechol degradation I (meta-cleavage pathway)	421.7720627180899	45.74420874399438	424.5574425450026	55.60710174559193	0.0	39.45202962988613	91.05286445957933	40.70715630596551	53.10092472971496	0.0	1170.8108490474228	153.4022066873672	0.0	64.24215294566439	0.0	14.265395958471103	0.0	0.0	12.3823539268633	35.448479830371824	0.0	7.325708870033653	11.878117801494504	0.0	543.1135820418936	280.41470472047416	0.0	0.0	0.0	59.623235502840416	0.0	16.656235293096042	0.0	155.7189140616566	520.5109038423346	0.0	195.31986529192912	0.0	77.06408485604958	62.42862813088527	56.26163749733686	48.29588308404854	29.032497771213865	4.663690122661799	0.0	9.81143097316368	0.0	123.194808074932	580.1719613343505	0.0	53.92677793101387	0.0	154.14844187338426	26.84374404983148	0.0	0.0	0.0	13.594537836351062	0.0	0.0	0.0	0.0	4.160365881471862	0.0
PWY-5417	catechol degradation III (ortho-cleavage pathway)	128.53647444285403	0.0	759.614681853231	23.247650317715987	70.20267121696124	988.1199044319316	341.38659597992233	2.0053046638352496	6097.514607709159	1420.7383056091503	1843.7491674470425	4.311566522677874	8.373432171296823	11.921129086637972	4.8750770392947125	12.81660277616192	18.12387215553992	15.9274184983362	23.724933221239173	128.5602282439933	0.0	40.376323559732384	0.0	104.5264688141212	2499.215877648028	0.0	2178.311993335765	5362.813572714772	0.0	18.212118825280573	2355.7776310618488	730.3378498110362	0.0	79.46457875812034	4753.398221227653	0.0	639.2938828166459	210.91294336079912	160.4916728597624	70.3987368101604	11.248889499190016	6.444193101002937	0.0	71.7818013075592	48.46198636783998	838.7933103403535	289.91819096207774	578.07774379767	1443.8780097569968	107.6995846777502	13.660521968946153	0.0	376.0459586605036	20.353430911776552	100.83990767738672	201.01782104038145	0.0	3.416479545455028	7887.803598153631	13371.782177180765	0.0	0.0	10120.28841594444	0.0
PWY-5419	catechol degradation to 2-hydroxypentadienoate II	279.18930986538174	377.7965507052125	546.4938563871121	495.35880259223353	511.1617282212373	1113.4585802133288	129.39282997077058	566.2055983509537	3371.278333899413	0.0	394.2947105704667	739.2788779694074	25.996035960645983	8.499462716405798	20.992892238599	108.59620837603823	20.99396571129847	435.0273992137488	217.47406569029812	176.8817580280001	454.4004080512099	2.999884547578768	412.4448636722377	31.987862546825404	1118.9715815938064	528.3623219832737	0.0	2810.2032369315853	79.80581631086436	23.979172563065408	0.0	2110.2516269558605	0.0	448.8430569289153	7.991597244437558	0.0	123.385851498475	336.7296859911705	19.22604733963528	116.53417617714024	180.631040202675	46.18038558967585	163.92177552062967	133.98630186617834	0.0	1031.7958066618369	0.0	135.3139772567547	3.988262176094848	266.9996869451198	241.25503660756348	21.96142872574685	120.31830645953364	42.35809848672683	254.5100834693528	332.4052123032976	0.0	568.0104054782432	0.0	6319.0601626937605	0.0	0.0	4.990309212422466	0.0
PWY-5420	catechol degradation II (meta-cleavage pathway)	335.1953535091868	61.09608137017516	482.01883847689845	74.50673010527454	0.0	54.497476875003976	101.43295109460308	55.403626560643694	73.92464326618241	0.0	559.1432333743744	198.4549260278268	0.0	13.561276513207387	0.0	18.97470405119626	8.656572019047596	0.0	16.9493299055187	45.94507726724407	0.0	4.1603422866589606	16.440025037495808	0.0	636.932266755642	324.20859599468133	0.0	0.0	0.0	32.0600571967076	0.0	23.245567817392978	0.0	191.6132891507574	13.81590881360926	0.0	141.79040071483377	170.22019194345	28.22890989611909	106.27008755070597	70.67600773642734	47.38411423636244	37.98313820323381	6.439872818983809	0.0	13.684154506413218	0.0	126.44617209118582	6.955293068846389	0.0	69.32308044442703	0.0	136.36414412804572	29.98968854562834	0.0	99.1143822611454	0.0	18.852103658751968	0.0	0.0	0.0	0.0	4.369851694023277	0.0
PWY-5430	meta cleavage pathway of aromatic compounds	0.0	3.824715385359644	162.10053718441782	4.0658712405347295	0.0	6.20926105545447	92.29892059362506	10.13118304134601	79.15508171400478	0.0	500.2987278632446	0.0	0.0	0.0	0.0	0.0	0.0	0.0	12.7194374420722	6.744379669625384	0.0	0.0	0.0	0.0	305.9963483563359	7.066756355859304	0.0	0.0	0.0	0.0	0.0	24.58779457779936	0.0	28.85368245826754	4.429106334598611	0.0	79.12928596495348	0.0	12.07259260047364	0.0	0.0	0.0	0.0	0.0	0.0	7.871865642683852	0.0	0.0	6.631840520026553	0.0	34.418036498370846	0.0	0.0	5.648028210097067	0.0	0.0	0.0	12.885381604845756	0.0	0.0	0.0	0.0	4.994010588358759	0.0
PWY-5431	aromatic compounds degradation via &beta;-ketoadipate	128.53647444285403	0.0	759.614681853231	23.247650317715987	70.20267121696124	988.1199044319316	341.38659597992233	2.0053046638352496	6097.514607709159	1420.7383056091503	1843.7491674470425	4.311566522677874	8.373432171296823	11.921129086637972	4.8750770392947125	12.81660277616192	18.12387215553992	15.9274184983362	23.724933221239173	128.5602282439933	0.0	40.376323559732384	0.0	104.5264688141212	2499.215877648028	0.0	2178.311993335765	5362.813572714772	0.0	18.212118825280573	2355.7776310618488	730.3378498110362	0.0	79.46457875812034	4753.398221227653	0.0	639.2938828166459	210.91294336079912	160.4916728597624	70.3987368101604	11.248889499190016	6.444193101002937	0.0	71.7818013075592	48.46198636783998	838.7933103403535	289.91819096207774	578.07774379767	1443.8780097569968	107.6995846777502	13.660521968946153	0.0	376.0459586605036	20.353430911776552	100.83990767738672	201.01782104038145	0.0	3.416479545455028	7887.803598153631	13371.782177180765	0.0	0.0	10120.28841594444	0.0
PWY-5484	glycolysis II (from fructose 6-phosphate)	23431.60851648658	34155.75972679831	23812.633753119968	18507.538681236558	21389.216530083344	23473.43171804847	12649.02105660237	26039.5079285681	20845.119306796085	18543.898389468497	22984.65735206217	27242.41450007921	100044.48709637413	80055.49004497915	37269.03894789492	24610.358254429186	44281.77654309954	38582.91343311958	42292.71977236112	37865.91609792611	43902.49219635871	45692.04243226531	42656.592183825866	49397.81423190507	22183.32998767746	25730.576632248103	18637.083162513416	20868.63062683364	12288.584616463288	29599.1575246266	18768.136131765437	19034.22419295836	0.0	15169.787188376262	26249.521445365845	46.00205890725177	19780.285003204543	26877.951633839104	6969.928261353404	13717.934370860065	11999.43902351628	8837.868473253748	9941.889633315212	9023.819857735296	286.90551451860307	19863.410748357463	15483.09102895794	18561.05266372035	10469.394284315433	18764.977048942703	23650.4575048736	24937.784886609752	7760.500276083857	16793.46717317892	12411.203898054084	22738.497922976658	250.98790035414703	26229.887388956864	21515.64043761193	22820.05269793916	17373.29470807094	12614.830140863456	23825.384479983404	8323.340311155143
PWY-5488	4-nitrophenol degradation II	24.058970221505064	0.0	0.0	0.0	0.0	0.0	0.0	0.0	0.0	0.0	0.0	0.0	0.0	0.0	0.0	0.0	0.0	0.0	0.0	0.0	0.0	0.0	0.0	0.0	0.0	0.0	0.0	0.0	0.0	0.0	0.0	0.0	0.0	11.20879120879121	0.0	0.0	0.0	0.0	0.0	0.0	0.0	0.0	0.0	0.0	0.0	0.0	0.0	0.0	0.0	0.0	0.0	0.0	0.0	0.0	0.0	0.0	0.0	0.0	0.0	0.0	0.0	0.0	0.0	0.0
PWY-5494	pyruvate fermentation to propanoate II (acrylate pathway)	0.0	0.0	98.3892012048775	0.0	63.23485018306807	0.0	0.0	0.0	0.0	0.0	0.0	0.0	0.0	0.0	0.0	0.0	0.0	0.0	0.0	0.0	0.0	0.0	0.0	0.0	0.0	0.0	0.0	0.0	0.0	0.0	0.0	0.0	0.0	0.0	0.0	0.0	0.0	0.0	0.0	0.0	0.0	0.0	0.0	0.0	0.0	0.0	0.0	0.0	0.0	0.0	44.09491525423729	0.0	0.0	0.0	0.0	0.0	0.0	0.0	0.0	0.0	0.0	0.0	0.0	0.0
PWY-5497	purine nucleobases degradation II (anaerobic)	7616.432002255844	6055.375661625262	9793.727075101116	2765.0096776499213	5007.713466404877	8709.755837726627	4003.250046774277	6910.191527328496	8580.602125175787	6366.693585421585	11780.517144010972	10262.509490122931	441.4439869154143	827.9739308297804	504.0193690152124	1963.5781907849816	973.5437773478984	5099.396787545686	6092.242454156173	2162.23361838368	10726.22397971972	403.0487105418894	3105.74613800626	428.3951470541756	11517.740533787344	9140.418300114296	6032.052238696452	5218.866082182751	2960.872745624655	398.7935547241214	9293.6689979735	8510.46353590018	0.0	5837.393478338932	9420.84231947579	0.0	6863.282329273663	4174.782659317289	1115.0719358223455	2074.600280200699	4151.620980090989	1769.5426093566402	3104.787270615348	3749.9934413349274	0.0	6755.999440443123	4011.533983471212	6227.53881251441	2019.6736253997317	5218.653334269538	2911.4035978630527	179.39532540204365	2738.676692270382	1343.7295643221084	4271.356129055012	4978.756085316491	97.2556132524941	2494.348757516027	1618.5476170797551	11522.847728339537	0.0	0.0	2624.758373439968	0.0
PWY-5505	L-glutamate and L-glutamine biosynthesis	4173.876626023234	5066.7206936315015	4107.411915130656	1968.9506496162107	2170.5334160432944	3897.00462487316	2192.403123889995	3288.039353486966	12527.37735374845	1299.5221604213175	4145.776163379735	3048.8320428174165	747.8938585627427	1630.7187306898672	273.18530056393143	6855.597609629085	551.839035109761	6875.563079426512	10170.838840260709	6416.062795320903	20563.937618977325	302.05193436226324	5731.127367776971	292.7490168200867	3103.505123270704	3856.582735655521	3801.5104216886	9472.310613063317	2307.2871416553285	4326.696773684979	4669.243995556471	5113.992595282841	0.0	2370.685356669198	13435.676188802096	1.880762138905962	5125.5738849209765	4219.174717578657	872.8885898326355	1168.0135260414634	904.4862479357648	1280.225607293287	467.6433552805854	1133.96746848351	0.0	5454.612006413355	2826.5428525452203	3673.593289700497	1429.1150050826143	6041.611833444057	8739.896097393828	14706.52254514362	1579.060032762721	2233.587151449025	393.7392105603831	2301.099366482727	61.276321153412425	7467.973782069148	10735.311248818369	19546.909760515955	0.0	0.0	11416.220960396338	0.0
PWY-5507	adenosylcobalamin biosynthesis I (anaerobic)	0.0	190.9825556001868	6858.971350106959	0.0	249.0503634698896	0.0	2472.4413320300214	191.25424364295137	0.0	0.0	0.0	0.0	0.0	0.0	0.0	0.0	0.0	655.2812666641123	0.0	0.0	0.0	0.0	0.0	0.0	0.0	190.03277491510556	0.0	0.0	0.0	0.0	0.0	0.0	0.0	187.5435128516744	0.0	0.0	0.0	0.0	0.0	0.0	0.0	0.0	0.0	0.0	0.0	0.0	0.0	0.0	0.0	0.0	0.0	484.0495329216251	0.0	185.9481001638848	0.0	0.0	0.0	0.0	0.0	0.0	0.0	0.0	0.0	0.0
PWY-5517	L-arabinose degradation III	0.0	0.0	338.97837021002056	0.0	0.0	137.88719932355596	170.33441282851274	0.0	0.0	0.0	1276.5192132545685	0.0	0.0	0.0	0.0	0.0	0.0	0.0	6.150932730356134	32.53459035477776	0.0	0.0	0.0	9.226166316839262	107.9218717172229	0.0	1010.4696213677724	0.0	0.0	0.0	0.0	182.7782091990269	0.0	37.49822386594342	1849.0168969790216	0.0	321.04472560916656	116.60992463476612	91.67352478016583	24.18744183351004	0.0	0.0	0.0	0.0	0.0	312.1273312565365	142.07831088001262	320.19060085821127	1032.7197714479837	0.0	0.0	0.0	266.7192112994743	0.0	0.0	59.63976908946652	0.0	0.0	3747.664573758819	0.0	0.0	0.0	4406.493121932504	0.0
PWY-5519	D-arabinose degradation III	0.0	0.0	0.0	0.0	0.0	0.0	0.0	0.0	0.0	0.0	0.0	0.0	0.0	0.0	0.0	0.0	0.0	0.0	7.421901639344262	0.0	0.0	0.0	0.0	0.0	0.0	0.0	0.0	0.0	0.0	0.0	0.0	0.0	0.0	35.26379956378279	0.0	0.0	0.0	0.0	0.0	0.0	0.0	0.0	0.0	0.0	0.0	0.0	0.0	0.0	0.0	0.0	0.0	0.0	0.0	0.0	0.0	0.0	0.0	0.0	0.0	0.0	0.0	0.0	0.0	0.0
PWY-5531	3,8-divinyl-chlorophyllide a biosynthesis II (anaerobic)	0.0	26.683900189548087	0.0	0.0	0.0	0.0	0.0	0.0	0.0	93.86324549335632	922.137349852298	0.0	0.0	0.0	0.0	0.0	24.34883223548136	0.0	8.915384829860436	0.0	0.0	0.0	0.0	0.0	307.735682804872	0.0	0.0	0.0	0.0	0.0	0.0	0.0	0.0	0.0	0.0	0.0	157.02662553597654	0.0	0.0	0.0	0.0	0.0	0.0	26.631297033474	0.0	0.0	0.0	0.0	0.0	0.0	0.0	0.0	11.866983738155149	0.0	0.0	0.0	0.0	0.0	0.0	0.0	0.0	0.0	0.0	0.0
PWY-561	superpathway of glyoxylate cycle and fatty acid degradation	382.1533020003254	126.65374438424968	0.0	21.246618930132453	0.0	107.20975193253152	0.0	10.937197701593467	0.0	0.0	0.0	10.896679246362549	69.36182773760436	383.9968852533691	0.0	23.03165164334749	39.14600170303677	10.83683388217527	0.0	265.970253570223	0.0	69.94531365626712	15.083074926433982	21.40227393893173	325.2683760317046	0.0	0.0	973.7505124227848	9.31947730785212	62.64371478747184	0.0	0.0	0.0	170.70754475085695	65.7185181146327	0.0	171.15568809435322	10.956171789396356	0.0	5.490780275870379	0.0	0.0	0.0	0.0	0.0	0.0	70.42081478901292	0.0	0.0	10.911048645326357	53.42400444184762	0.0	0.0	16.331896039737906	0.0	43.27889144405406	0.0	0.0	0.0	1315.5131707690489	21.945471537357164	0.0	0.0	0.0
PWY-5647	2-nitrobenzoate degradation I	95.32560877377782	0.0	206.6601431333468	0.0	0.0	44.44625928659634	43.045972987927904	4.326095776381874	2555.1035781544256	0.0	106.61672596341784	0.0	0.0	0.0	0.0	0.0	0.0	0.0	6.444794022220036	0.0	2.4945770065075923	0.0	0.0	0.0	182.01315830214213	1.4690099275556747	0.0	2251.7942583732056	0.0	13.043478260869566	0.0	1174.6006272748966	0.0	61.04924886965822	3.978422117329737	0.0	42.23466755767145	4.794148306627823	4.443293630243398	41.71601404569552	0.0	0.0	20.431576072111444	51.879699248120296	0.0	541.5958680069882	0.0	0.0	2.0	114.26497466114336	8.664569977017056	3.5106382978723407	0.0	3.622159090909092	0.0	147.99109436547354	0.0	3.070442854359833	0.0	4998.0	0.0	0.0	0.0	0.0
PWY-5651	L-tryptophan degradation to 2-amino-3-carboxymuconate semialdehyde	47.01533580161397	0.0	241.3003274246159	5.360097123726358	0.0	56.62702457469318	53.213180595339246	6.133810908017323	3525.73677141957	0.0	104.0774273053861	0.0	0.0	0.0	0.0	0.0	0.0	0.0	8.33239626564115	0.0	3.33313832535689	0.0	0.0	0.0	535.6607269581934	1.6370771031935083	0.0	2923.2708232100067	0.0	6.409951383016808	0.0	1474.06161473066	0.0	71.11877669944774	4.998540247084124	0.0	177.26125367989195	4.808402318360524	0.0	45.91961154837458	0.0	0.0	22.582474529205857	74.45813681426144	0.0	779.8695338023132	0.0	0.0	0.0	205.9552366908484	8.885280836166219	4.4437072361600665	0.0	5.841350650968012	0.0	198.1508505885974	0.0	3.023075723780474	0.0	7122.196047232378	0.0	0.0	0.0	0.0
PWY-5652	2-amino-3-carboxymuconate semialdehyde degradation to glutaryl-CoA	83.52468524543782	0.0	209.6521482259494	0.0	0.0	47.66218314481923	39.51416899033785	4.597372186808898	2551.899686520376	0.0	96.20516804489026	0.0	0.0	0.0	0.0	0.0	0.0	0.0	6.946615445754405	0.0	2.6589595375722546	0.0	0.0	0.0	158.09436842327685	1.3317117664943752	0.0	2252.243270189432	0.0	13.333333333333334	0.0	1179.866221787306	0.0	62.236505613123306	4.331599877638421	0.0	0.0	3.887822297939259	0.0	20.926691367014328	6.3032593292394905	0.0	21.95157740278797	53.592233009708735	0.0	541.4949291578525	0.0	0.0	2.0	117.15584430833056	7.872509960159363	3.666666666666667	0.0	3.820224719101124	0.0	152.2822166976115	0.0	0.0	0.0	4998.0	0.0	0.0	0.0	0.0
PWY-5654	2-amino-3-carboxymuconate semialdehyde degradation to 2-hydroxypentadienoate	101.35617228032608	0.0	209.6521482259494	0.0	0.0	47.66218314481923	49.80088339588993	5.162461654041195	2551.899686520376	0.0	187.3493532905151	0.0	0.0	0.0	0.0	0.0	4.51006711409396	0.0	6.946615445754405	2.927528870430405	2.6589595375722546	0.0	9.40454426743275	1.177914110429448	158.09436842327685	1.6641337386018238	0.0	2252.243270189432	0.0	13.333333333333334	0.0	1179.866221787306	0.0	63.82606596227278	4.331599877638421	0.0	37.244937456418725	60.673517445000535	5.050772626931568	43.24383215013706	6.3032593292394905	0.0	21.95157740278797	53.592233009708735	0.0	541.4949291578525	0.0	0.0	2.0	117.15584430833056	9.746683297426012	3.666666666666667	0.0	3.820224719101124	0.0	152.2822166976115	0.0	3.5447492990707463	0.0	4998.0	0.0	0.0	0.0	0.0
PWY-5655	L-tryptophan degradation IX	78.19285382447677	0.0	157.22122695965675	0.0	0.0	7.876868607680266	55.84181868769665	7.04584756243136	94.23524099242032	0.0	146.90117278139385	0.0	0.0	0.0	0.0	0.0	0.0	0.0	8.697899384782652	0.0	0.0	0.0	0.0	0.0	231.96575984247676	2.1941711081559547	0.0	0.0	0.0	10.604773325514232	0.0	29.62104009579564	0.0	78.21440852337696	3.677362593601724	0.0	0.0	0.0	0.0	35.789204642202286	0.0	0.0	17.13588013136788	0.0	0.0	9.45171950378288	0.0	0.0	0.0	0.0	11.674488931430512	0.0	0.0	4.493330270683361	0.0	0.0	0.0	0.0	0.0	0.0	0.0	0.0	0.0	0.0
PWY-5659	GDP-mannose biosynthesis	24413.63897571476	27857.567095358037	24074.91403694415	14763.850427436591	24581.69409707413	17673.029732005758	11133.615471718971	24347.223625502465	27097.88200318779	14492.00401193703	23602.185639933115	23710.921891616043	1554.0007851263545	4628.082917419492	2629.455224554524	12071.802122012155	4228.533607098949	17420.21663847173	24458.566005557168	24241.880788652303	31825.82671840695	2237.851779594352	20032.40174461409	1139.4501858040642	20211.139703746856	24157.928085634227	16241.085404828931	22574.12595727465	9702.826726324873	19762.67141987621	19670.73584755509	16485.83446979995	0.0	14323.742219321912	26391.70664157624	26.71905697445972	17835.317324070587	21859.86415526665	5411.809193520914	11711.313699484255	12167.949950408592	8007.249529111204	9080.907858380711	9175.06425558744	312.62606224202364	12094.148874699718	12925.133422043673	15363.339354831412	12497.739733858312	13004.344221109268	23591.38312597078	21069.9944666796	6905.416724313166	13127.96082637618	14163.86912889474	22949.59331083418	310.98608211453734	17991.36541594301	29025.547072786158	25260.05606384996	9801.999233921988	5675.761064520281	29937.63221393897	6551.602560081764
PWY-5667	CDP-diacylglycerol biosynthesis I	29103.44369809579	49891.230956471554	25788.87747478185	26967.66255342336	29358.635086288905	25167.1656867008	16973.634091484422	39833.04611937566	35855.69132543436	26158.88356360328	29916.825082127816	32278.44093337143	171444.4461789798	137212.76055373586	62989.44467144032	37489.1355042421	74758.33207411501	59527.12980435973	59449.43725803588	76065.23304259506	60584.94346229954	76855.17694702705	62678.742234595375	83995.97492498893	26150.94136659896	35202.02594692778	20795.574083817355	29266.239393882814	13872.863523499816	47416.90630752976	19619.073989009925	29712.60535685297	0.0	17637.099554388573	35018.12289554294	117.42852275631016	27645.90138355544	42249.36747396169	7083.779666073913	21558.21844096029	15892.240139532712	15006.337966833453	12144.272883596854	10794.051102637606	377.76407036115904	27033.56460774015	34661.032045178574	33892.88150289128	11828.950040592805	30096.42794752122	37830.97709971721	43159.40643060022	10047.524702578938	24952.204478986165	15863.484520123193	48583.747476592725	312.84404876411674	39311.09363756396	29354.484939038157	30945.503193617784	23280.09386751684	16339.044575300975	30663.4168151731	8374.831745403846
PWY-5677	succinate fermentation to butanoate	0.0	185.64495304391303	9040.106632983245	357.60802177229084	7757.095220734861	47.46653258581495	50.12310937148065	808.7966387777137	0.0	0.0	0.0	307.47030326845777	0.0	0.0	306.2642381176007	153.07540380731834	125.21296914239872	244.4897379695056	997.304331349217	162.4256932202555	7122.253382463979	0.0	0.0	0.0	2507.0271489300453	148.6813796290067	0.0	0.0	2.855953822656696	92.1529306970244	3399.48110058482	0.0	0.0	266.9810124054825	0.0	0.0	1757.5911125841235	657.3991879891114	187.49341670436152	787.2404982470171	1353.0882078968584	206.2176014678222	0.0	168.51482089982565	0.0	0.0	506.9674795587967	0.0	0.0	105.41815771591398	741.7912939507403	88.48495912231617	134.68979065805658	137.39382287484435	3230.7368428839327	76.54994587209244	0.0	111.92615720929425	0.0	0.0	0.0	0.0	0.0	0.0
PWY-5686	UMP biosynthesis I	30529.23859162947	39848.08279607721	28408.640859546314	21853.951948537702	29052.671863443906	25517.7903998652	14187.908796183832	30261.153805518577	29091.4847294173	20861.767496593813	28088.523517867143	30368.77703290389	94145.49652232164	75628.43273346637	35061.47148601573	25339.641871673302	41656.47008930103	37827.5964065365	40638.19621733768	43220.80066602667	43634.82372830129	42799.9399754856	41901.51926681579	46390.64131004026	23685.873235391016	29793.12362228704	20326.020567868552	23482.845791555952	13564.68295403686	31668.39614974101	21383.05143316682	23793.289832652867	0.0	16061.899341812326	28831.803719203705	93.4158415841584	24046.043436062875	31848.295819542825	6346.950780836096	16791.160993320947	14105.472747430991	10510.587764433609	11313.654337543549	9561.295905707491	302.460353223033	21178.672527819683	27689.883281757688	24637.77011727883	12056.902420196271	25277.00086775776	27703.27305437788	27738.067152538457	9392.095654424724	19689.264822564037	17004.729612938478	34275.188675811085	342.1320040696273	28450.41817759694	29102.316147116537	26274.936411762745	20237.658635990483	14350.74170829914	29569.17761625099	6849.826050195971
PWY-5692	allantoin degradation to glyoxylate II	0.0	4.516280701476955	491.6988642445619	51.81407765101966	34.60320810059922	117.836276911177	264.12469658808664	96.14047633726118	0.0	0.0	245.94774070582037	97.23991892861784	7.926022515856914	7.815260388337075	0.0	37.08319285601396	17.873593056709897	8.34338531147303	22.988080083323688	0.0	0.0	0.0	0.0	0.0	425.518766643848	32.58178762745862	0.0	0.0	0.0	0.0	0.0	0.0	0.0	98.673874188064	587.8442576433713	0.0	183.2571310805963	0.0	0.0	1.9676057969600715	24.99163311945993	8.420720151610865	28.68249674645405	0.0	0.0	0.0	0.0	0.0	0.0	1.6920501840208977	70.0342550380322	0.0	150.68167671722838	14.827526487001212	35.62034913712477	127.21142914411392	0.0	0.6052366264386747	0.0	332.5885277296925	0.0	0.0	630.5676565053375	0.0
PWY-5695	inosine 5'-phosphate degradation	28303.439001751973	38549.1585614146	29797.667231236264	22587.008102758427	31656.68561768358	24283.358161851254	14023.32482349674	32437.730265724083	38033.255489857336	25365.671562906147	28176.155418111382	32095.95711419709	86441.80106605322	70119.90946666767	32455.205955955927	24820.084251825974	38854.98646014853	38051.46585515079	39666.16226628898	46078.30935514568	45713.93188044913	39870.44316140042	40982.31790940958	42798.38177362266	26585.60873873115	31766.40291220884	21847.836653391103	30946.035702792564	12907.59597446181	34548.266554776244	23841.207290523354	25982.017339147453	0.0	17902.807644800192	32941.76492892405	96.5981308411215	26642.28499081931	34939.88686551803	10074.836817759786	19121.15971656998	14566.279015988182	11445.297454133097	11809.861708535438	11084.03516547912	337.1635890051914	23373.536481296745	33178.93335881738	29096.8561217694	13850.329707906538	28234.949436263825	28589.389777335746	25583.92582695348	8643.436251760999	17049.289568190066	17376.39601149714	38903.57109603463	335.84729367371176	29264.296211991583	32240.34942792771	43591.71811922182	25546.451987644246	18366.26668954142	36785.31213108251	14401.27965836617
PWY-5705	allantoin degradation to glyoxylate III	0.0	11.091123194292098	861.44118695673	51.81407765101966	198.67919173908092	530.5842599624135	311.08650859411017	96.14047633726118	4.657989999479038	0.0	1776.6083596815197	97.23991892861784	7.926022515856914	7.815260388337075	12.22222222222222	37.08319285601396	40.46436334446105	9.690978042344822	97.30847204923772	38.157644873905205	50.145433098204414	5.275516288145699	0.0	29.49392189764287	982.1529378059164	32.58178762745862	1226.4256373608573	3.33903798542666	0.0	0.0	163.3900641160451	145.852333095292	0.0	113.0797668609492	2939.254173130564	0.0	831.1983805772618	133.99335503195564	171.92698559091883	50.35299872058266	59.128926141795375	8.420720151610865	28.68249674645405	3.8599047352199496	0.0	437.0041508752933	187.25214628432047	345.31782382246	0.0	1.6920501840208977	70.0342550380322	6.122211445198836	195.88695614330183	19.462608880828306	130.8891865136628	127.21142914411392	0.0	3.4089573777250943	4972.934778350417	501.4515446783964	2592.790248801948	1208.772209872618	6551.67718347614	0.0
PWY-5723	Rubisco shunt	7862.728812433623	3542.182171163859	3093.9608345556376	1418.3428563926502	6639.613402266031	3286.550419297448	1157.2589598904108	1088.4143384086517	14663.9582476189	6509.851484818169	5543.984482372068	2540.3710758233183	172.15404582090565	80.44028396448437	10.007997622126036	1220.7246240676004	200.57084962917156	801.0239811833633	2060.6637530087137	3528.337169028297	3124.279577102308	276.0938509023429	1368.081723770543	105.7067383267768	4168.916107600639	4028.4607874381945	5217.529356150208	8565.356674378849	2721.23715804333	1240.8734707993665	7360.205941015351	3996.09911485026	0.0	752.6447902774987	9269.52150995231	3.3011301274861	4866.657910741938	3667.96412886708	8393.279671754337	4877.99153921216	1969.6190339339344	1183.9668419310165	717.0125199626722	694.6316937983996	201.5474645484717	4346.396681946148	2435.564716757367	3086.986996029124	5568.695714529173	7427.05003005115	1088.6044414148048	5505.4129241689925	3262.014808177339	1586.1512697022297	5799.539363034374	1187.0732866223077	51.467543280083525	3848.258044396388	10546.797968654728	22373.34575703572	6021.4172892279885	4222.948880186918	13910.16357800222	11839.322268529084
PWY-5733	germacrene biosynthesis	0.0	0.0	0.0	0.0	0.0	0.0	0.0	2.0	0.0	0.0	0.0	0.0	0.0	0.0	0.0	0.0	0.0	0.0	1.0	0.0	0.0	0.0	0.0	0.0	0.0	0.0	0.0	0.0	0.0	0.0	0.0	0.0	0.0	0.0	0.0	0.0	0.0	0.0	0.0	0.0	0.0	0.0	0.0	0.0	0.0	0.0	0.0	0.0	0.0	0.0	0.0	0.0	0.0	0.0	0.0	0.0	0.0	0.0	0.0	0.0	0.0	0.0	0.0	0.0
PWY-5741	ethylmalonyl-CoA pathway	0.0	0.0	0.0	0.0	0.0	0.0	0.0	0.0	0.0	0.0	0.0	0.0	0.0	0.0	0.0	0.0	7.14915795008414	0.0	0.0	0.0	0.0	0.0	0.0	0.0	0.0	2.8561489955671857	0.0	0.0	0.0	0.0	0.0	0.0	0.0	0.0	0.0	0.0	257.63774779980463	0.0	0.0	0.0	0.0	0.0	0.0	11.299572876808304	0.0	0.0	0.0	0.0	0.0	0.0	0.0	0.0	0.0	0.0	0.0	0.0	0.0	0.0	0.0	0.0	0.0	0.0	0.0	0.0
PWY-5742	L-arginine degradation IX (arginine:pyruvate transaminase pathway)	0.0	0.0	136.13929193267558	0.0	56.20253164556962	42.970053113605694	93.98660474211684	0.0	4542.496924822313	1122.5857698453488	622.6575418976672	0.0	0.0	0.0	0.0	0.0	0.0	0.0	16.2877030162413	23.33780537268728	0.0	0.0	0.0	0.0	107.83199691582418	0.0	1444.841246876233	4753.993869096935	0.0	0.0	0.0	340.4724964739069	0.0	14.120076310178431	1643.9579217173066	0.0	286.7434274542711	0.0	86.0	0.0	9.23404255319149	0.0	0.0	51.606825938566544	40.0	220.6776499844576	123.47504621072088	324.8354150197629	1037.0	0.0	0.0	0.0	184.62704620595116	0.0	41.0	41.00232498062516	0.0	0.0	3686.538090809165	0.0	0.0	0.0	3594.742177254087	0.0
PWY-5747	2-methylcitrate cycle II	1082.419585428981	11175.531031784558	859.7304068620796	3070.9242665924785	392.93829010262994	1326.2148007710005	2239.5310093450685	4142.359021034733	7181.178819638245	2267.8969131589342	1937.9105892662424	1419.241289161808	30.692403716429855	198.44248853101445	4.460254707608227	320.08066232968736	132.0738144015604	713.9266515164678	314.01355726079373	5310.579658889801	12.381986171862811	88.74411632133445	219.68769466053547	106.5721591815748	2615.262077833697	2431.071297695065	2957.043835066668	6376.188312111964	49.53654912424285	5137.852014875907	3651.85567815965	1912.3522593972668	0.0	301.149621923198	5584.78441061816	15.18987341772152	1458.2461049099873	3717.2841726374554	3000.8112902348885	2219.063951997024	1365.9359585576224	1947.32430029958	191.25150361285384	174.21552705527105	117.91143917780909	2639.9204368048568	1244.0375930212583	2954.0339869935515	1990.1939147746589	220.40464765989083	1616.089958525454	662.2849724241553	824.9819433864573	6691.488927530192	222.2563829597845	5012.701931353013	2.14	3996.3777998485766	9145.969280413448	15224.718978329827	2390.2915116500417	1184.2167255107754	12135.709333374218	5552.999280057596
PWY-5749	itaconate degradation	0.0	0.0	648.5587004626545	0.0	0.0	541.3699536730643	0.0	0.0	0.0	0.0	832.257551010631	0.0	0.0	0.0	0.0	0.0	0.0	0.0	0.0	0.0	0.0	0.0	0.0	0.0	0.0	0.0	1890.356299961934	0.0	0.0	0.0	2006.4	0.0	0.0	24.013108854902967	3808.434090418328	0.0	374.11414488575895	117.00367505049056	0.0	0.0	0.0	0.0	0.0	0.0	0.0	652.5238938053097	254.54814814814813	489.4935105342697	0.0	0.0	0.0	0.0	189.0294738640663	14.662991040661614	0.0	58.36675936528709	0.0	0.0	6955.015159337308	12753.6	0.0	0.0	9041.68934881709	0.0
PWY-5837	2-carboxy-1,4-naphthoquinol biosynthesis	4215.673108442646	6658.961278806234	5621.857528585845	4062.989153813631	2535.734741954408	4045.992458862188	2785.754949195016	7923.5820986317185	9589.384571056587	6076.894462377079	7356.821924186353	7236.091777176503	85451.06449688884	67586.13148541067	31296.415233261407	16018.97103382861	37132.93520557485	25650.71539738532	26286.24782926313	26555.02060775766	20834.81516993257	38564.72253265387	27643.28910192391	42020.14370497249	4251.658339800198	8320.570161427808	3392.880373224514	5468.098213861737	2568.404095615036	6392.309896394492	6615.551585980633	5148.175842983623	0.0	3216.5319871225684	10491.370159318636	1.0	6996.996833091752	5505.902259340233	4056.2951616440905	4180.129578318324	3033.293142775464	2575.794487075796	2881.3924212726697	2720.840449218344	90.69200780266787	4952.74104243466	5918.866140296208	6097.247078109043	3915.54723905014	7073.862985983423	7341.701192120429	8034.318169943427	2435.179670276861	3450.623369370227	2008.0608620894689	6588.338249222573	54.38069835792331	5402.099480713657	11392.049946429925	6311.060965100231	9024.163460763088	6957.760819979607	11946.19326507602	6644.731414266944
PWY-5838	superpathway of menaquinol-8 biosynthesis I	9014.74041143566	11509.562276512352	10925.09288510544	6491.691149970204	6248.972120342991	7102.984381912572	4562.975225999707	12202.740852651345	13104.275213951338	7413.274680958575	11398.786952956709	11176.684606714807	4178.752630940367	13899.963867214405	8480.875891495582	15714.67813487014	13079.430390279264	23990.741862668347	25411.510137711022	26690.5614780589	25935.297947178744	6625.720231301816	24344.53054532353	3335.235416358758	7667.479852575225	12616.86608714158	5767.940209702323	8943.014205364201	4643.807190715426	9465.13455863971	10330.924902343186	8124.495802495721	0.0	5269.428240823563	13449.365528396796	2.7674418604651163	9963.796153340203	8818.354055346854	4334.133726160526	5862.366728414652	5382.653302989515	4099.22845054631	4829.89155669975	4176.262133157768	125.69432477672348	6885.688534077568	6531.377689764467	7652.792871626085	5807.759936397888	8109.383576040936	12478.908106143135	13743.30356237994	3827.556767678675	5990.938694406709	4477.611299677091	10269.441252905865	115.68731736853604	9238.94710816448	15282.976756368078	6509.209839251756	11059.512159200392	7700.584627303534	15027.28033620748	5924.284299851071
PWY-5840	superpathway of menaquinol-7 biosynthesis	8981.105820042603	10785.36193493068	10886.468189120009	6522.342469649616	6248.621573668978	7257.397958728685	4529.484823137698	11965.14809436664	11718.613079133826	7405.014700190552	11568.927760720137	11220.507142880992	85748.17120525142	68123.31735201024	31740.33169811209	18123.56803410636	37477.69929703517	28018.733389032524	29912.368286232555	27978.58446777832	27372.438794124817	38758.99185980468	30214.291805572837	42265.9760760196	7522.611058263496	12432.372726828047	5693.807088507721	8819.808737587075	4683.255521836757	9059.369734731548	7897.501075868061	7726.138357187297	0.0	5260.953007457286	13257.795098128188	2.733450311054394	9819.107221926006	8726.051290005924	4258.847351198788	5689.500759644263	5366.148834819577	4007.299535860857	4761.419306994318	4101.600863349077	116.28409981130676	6780.535652619018	6194.129323140111	7240.117865714418	5572.082890991362	7963.17210534553	11931.969152777016	13452.396924272603	3774.995375476448	5776.378892506013	4436.824372616279	9725.734924081127	113.6824404877104	8901.689491481733	12960.277118665095	6157.125723438232	13095.551259887432	9780.042534130702	12745.696680460596	5923.8103461253
PWY-5845	superpathway of menaquinol-9 biosynthesis	5960.69930581642	9733.72753968033	3949.7469229998	5010.087707853592	2134.124106736372	5446.642519534654	3417.647559307114	9533.055404539116	11718.613079133826	5871.012547029343	6360.256054247215	8075.536471306636	3601.1596025327444	5410.447738660105	2212.4107613621954	13603.358436993474	8239.193381408122	20283.020288357977	23742.319330391543	16231.44689661557	20621.369797808635	2205.649216138157	22307.43094176779	2814.677567182885	6063.059615066847	9977.005667592211	3352.338983208625	7675.507811262877	3930.439630329059	7767.932934767571	7897.501075868061	6328.2509229962925	0.0	3877.965299877895	9817.127057757049	2.4965034965034967	8531.209966257065	8159.716744088221	4258.847351198788	5172.280511730109	1968.001371157581	3760.222929761146	3239.004844657399	3168.4190575528232	116.28409981130676	5855.039496544629	5501.882450838159	7170.68433731412	4630.860564841179	7866.786253556608	10972.273708346998	12784.3049330342	2437.017026980895	4413.895720079424	2293.4048544028506	9434.250937579214	95.08504338179124	8341.183939962613	11515.142670118055	6157.125723438232	11059.512159200392	7700.584627303534	10505.65825289072	5923.8103461253
PWY-5850	superpathway of menaquinol-6 biosynthesis	6582.717468967014	9733.72753968033	3949.7469229998	5010.087707853592	2134.124106736372	5446.642519534654	3417.647559307114	9533.055404539116	11718.613079133826	5871.012547029343	6360.256054247215	8075.536471306636	85716.82345552309	68073.72751004175	31729.507727592714	17835.58576599644	37438.9647773188	27675.07160048848	29381.624004719557	27267.41160046842	26533.73411192069	38737.866531864434	29963.981124533544	42244.12693676101	6063.059615066847	9977.005667592211	4205.550983469624	7675.507811262877	3930.439630329059	7767.932934767571	7897.501075868061	6328.2509229962925	0.0	3877.965299877895	9817.127057757049	2.723112128146453	8531.209966257065	8159.716744088221	4258.847351198788	5172.280511730109	1968.001371157581	3760.222929761146	3239.004844657399	3168.4190575528232	116.28409981130676	5855.039496544629	5501.882450838159	7170.68433731412	4630.860564841179	7866.786253556608	10972.273708346998	12784.3049330342	2437.017026980895	4413.895720079424	2293.4048544028506	9434.250937579214	95.08504338179124	8341.183939962613	11515.142670118055	6157.125723438232	12501.26721084889	9340.44049310674	10505.65825289072	5923.8103461253
PWY-5855	ubiquinol-7 biosynthesis (early decarboxylation)	2850.809017027704	15120.098307400074	2555.440833697643	4082.089455331517	1180.5485049430672	1715.031319593955	3391.1934250183094	8063.076185821654	13151.889227101678	4785.011030709683	4350.052624269955	3223.7174832417404	109.97271467156696	936.0227415162334	7.351076380310237	1159.9956069240309	265.3714909635077	1709.1128173903946	713.0544420314477	8330.191708535853	107.21459840107732	423.5174661988153	657.9337231242297	226.93705837655156	4573.441552167047	5285.293316831163	4575.9738416019145	10749.19354502346	270.44924527908466	9082.688535146945	5264.878398344251	5201.985570423852	0.0	1697.7228028756274	9519.510115804002	16.19047619047619	3491.903446339757	6577.522559733799	3343.4641070649263	4110.129536590233	2379.3463037753177	2917.311049575017	1280.9486333568902	1464.7951284049454	167.6420413289519	5376.133227328154	1965.293128059928	4535.619484198878	3235.322390180743	1133.6554697359666	9124.975415827888	11254.574496190024	1778.3627651963438	8716.75747743576	635.8116994876203	8430.398841898015	46.645596369771056	8962.648544197715	11010.243952660256	20666.755608293028	3833.525763309398	2129.336894400339	13567.313695495652	5582.907674919648
PWY-5860	superpathway of demethylmenaquinol-6 biosynthesis I	5113.819639942046	7665.933893975614	2835.3039430817357	4092.5501042257247	1490.6400005178527	4350.598694646434	2749.855839677788	7946.949501994549	9588.186923499405	5052.0852602209725	4930.662044327842	6632.875002506789	85628.68789216131	67949.23306612608	31613.6938075525	17163.538975633113	37391.99957970246	27040.402730087408	28342.00646819889	26385.17685458648	24779.001478760143	38691.7699468985	29150.699150190896	42176.45221869978	4861.016828223585	8359.854481770786	3413.155606426235	6344.783569786221	3222.9896845634057	6679.111429087569	6458.174093019182	5206.802725641025	0.0	3167.227716496729	7810.145240257853	1.9178082191780823	7540.51158488008	7141.596619277705	4396.119416154814	4490.704986359246	1423.3483348317998	3281.2346962206643	2579.529030802817	2639.5477365766365	97.07706264727138	5022.622845689865	5726.944051491463	6910.2641344738495	3860.8849382694825	7997.555975947931	9408.271456008197	11542.069408583391	1920.984159559876	3367.458006641368	1671.243789388128	8141.697784904022	74.41991030141205	7073.429606359958	9310.900795573987	4531.413250796549	11434.595206599424	8651.13943665287	8291.94748960405	6048.637437915006
PWY-5861	superpathway of demethylmenaquinol-8 biosynthesis I	7458.608202210943	9374.679025261612	9072.49114066075	5681.331749114734	4807.0498452222455	6037.435319294949	3944.929988570615	10939.673457604757	11018.073333564733	6906.7812137849305	10145.495608600148	10078.006939190604	2831.757044573912	9940.764326153156	6202.482043668003	14364.993218805896	9865.593933402097	22072.416740426343	23116.37994601493	25582.65252769931	24003.16224499524	4683.534289514942	21805.55508672032	2283.3897506326443	6495.6215393571165	11342.745782260932	5092.408845177604	7697.538257689183	3973.851150033977	8688.451878386797	9082.30882994212	7160.709701938644	0.0	4681.787789971102	11524.212598595372	1.950819672131148	9316.449602808989	7917.9967686664995	4517.624047468062	5303.799835825289	4565.228419245647	3679.5369644288	4252.994637095623	3779.240756231352	107.11953299741528	6220.733813871064	7596.485792748162	7602.592061644668	5171.453363153787	8379.839017802733	11137.83507089345	12746.60364528329	3367.515498551324	4819.22651401174	3580.2843197312354	9099.69509197796	94.0919887886381	8071.043759020633	13282.654765539832	4819.178312272783	9699.704804305493	6676.00786057972	12880.424863884064	6049.378677300773
PWY-5862	superpathway of demethylmenaquinol-9 biosynthesis	4559.392725472438	7665.933893975614	2835.3039430817357	4092.5501042257247	1490.6400005178527	4350.598694646434	2749.855839677788	7946.949501994549	9588.186923499405	5052.0852602209725	4930.662044327842	6632.875002506789	2434.800048603746	3704.755890156277	1509.774195768436	11844.355235333594	5926.447980014788	17625.872793567534	21092.89642977395	13279.762899428204	17678.771137780615	1498.8113748514843	19422.545174200062	1918.9337245061704	4861.016828223585	8359.854481770786	2605.786251227772	6344.783569786221	3222.9896845634057	6679.111429087569	6458.174093019182	5206.802725641025	0.0	3167.227716496729	7810.145240257853	1.75	7540.51158488008	7141.596619277705	4396.119416154814	4490.704986359246	1423.3483348317998	3281.2346962206643	2579.529030802817	2639.5477365766365	97.07706264727138	5022.622845689865	5726.944051491463	6910.2641344738495	3860.8849382694825	7997.555975947931	9408.271456008197	11542.069408583391	1920.984159559876	3367.458006641368	1671.243789388128	8141.697784904022	74.41991030141205	7073.429606359958	9310.900795573987	4531.413250796549	9699.704804305493	6676.00786057972	8291.94748960405	6048.637437915006
PWY-5896	superpathway of menaquinol-10 biosynthesis	5960.69930581642	9733.72753968033	3949.7469229998	5010.087707853592	2134.124106736372	5446.642519534654	3417.647559307114	9533.055404539116	11718.613079133826	5871.012547029343	6360.256054247215	8075.536471306636	3601.1596025327444	5410.447738660105	2212.4107613621954	13603.358436993474	8239.193381408122	20283.020288357977	23742.319330391543	16231.44689661557	20621.369797808635	2205.649216138157	22307.43094176779	2814.677567182885	6063.059615066847	9977.005667592211	3352.338983208625	7675.507811262877	3930.439630329059	7767.932934767571	7897.501075868061	6328.2509229962925	0.0	3877.965299877895	9817.127057757049	2.4965034965034967	8531.209966257065	8159.716744088221	4258.847351198788	5172.280511730109	1968.001371157581	3760.222929761146	3239.004844657399	3168.4190575528232	116.28409981130676	5855.039496544629	5501.882450838159	7170.68433731412	4630.860564841179	7866.786253556608	10972.273708346998	12784.3049330342	2437.017026980895	4413.895720079424	2293.4048544028506	9434.250937579214	95.08504338179124	8341.183939962613	11515.142670118055	6157.125723438232	11059.512159200392	7700.584627303534	10505.65825289072	5923.8103461253
PWY-5897	superpathway of menaquinol-11 biosynthesis	8482.860090850974	10956.211630059672	10359.476877227704	6273.177282494596	5743.480892557627	6851.42338424335	4389.260560967536	11793.267302768369	12717.60326541785	7410.823916595785	11128.780042670824	10823.221096159028	85727.49455706199	68118.79623217345	31739.77544957589	18060.400023298276	37492.75681760866	28070.557828596546	29664.1304851876	28397.41788637865	26818.03677237988	38765.01431304786	30206.89677118275	42253.04254460716	7311.068859022223	12226.012832812912	5567.217131951929	8602.745696650616	4451.24705349317	9160.34782090611	10025.104630987627	7853.6706846304	0.0	5066.579717978255	13289.104681866216	2.4965034965034967	9737.578950311334	8497.165220333258	4338.958110690032	5750.442118222179	5130.069897452105	3945.3446818937305	4661.243706361051	4048.359628054493	121.97040547486208	6743.016947307657	6443.852472509863	7495.476386929058	5650.252033680523	8040.062632431817	11967.299809413322	13184.357147681112	3716.050867404105	5699.579745908597	4171.058400115881	9909.70480529595	108.5275172965983	8838.919340707105	15004.09847109236	6393.248861854546	12638.673480240628	9455.414079373484	14836.808803771428	5973.651046959332
PWY-5898	superpathway of menaquinol-12 biosynthesis	8482.860090850974	10956.211630059672	10359.476877227704	6273.177282494596	5743.480892557627	6851.42338424335	4389.260560967536	11793.267302768369	12717.60326541785	7410.823916595785	11128.780042670824	10823.221096159028	85727.49455706199	68118.79623217345	31739.77544957589	18060.400023298276	37492.75681760866	28070.557828596546	29664.1304851876	28397.41788637865	26818.03677237988	38765.01431304786	30206.89677118275	42253.04254460716	7311.068859022223	12226.012832812912	5567.217131951929	8602.745696650616	4451.24705349317	9160.34782090611	10025.104630987627	7853.6706846304	0.0	5066.579717978255	13289.104681866216	2.4965034965034967	9737.578950311334	8497.165220333258	4338.958110690032	5750.442118222179	5130.069897452105	3945.3446818937305	4661.243706361051	4048.359628054493	121.97040547486208	6743.016947307657	6443.852472509863	7495.476386929058	5650.252033680523	8040.062632431817	11967.299809413322	13184.357147681112	3716.050867404105	5699.579745908597	4171.058400115881	9909.70480529595	108.5275172965983	8838.919340707105	15004.09847109236	6393.248861854546	12638.673480240628	9455.414079373484	14836.808803771428	5973.651046959332
PWY-5899	superpathway of menaquinol-13 biosynthesis	8482.860090850974	10956.211630059672	10359.476877227704	6273.177282494596	5743.480892557627	6851.42338424335	4389.260560967536	11793.267302768369	12717.60326541785	7410.823916595785	11128.780042670824	10823.221096159028	85727.49455706199	68118.79623217345	31739.77544957589	18060.400023298276	37492.75681760866	28070.557828596546	29664.1304851876	28397.41788637865	26818.03677237988	38765.01431304786	30206.89677118275	42253.04254460716	7311.068859022223	12226.012832812912	5567.217131951929	8602.745696650616	4451.24705349317	9160.34782090611	10025.104630987627	7853.6706846304	0.0	5066.579717978255	13289.104681866216	2.4965034965034967	9737.578950311334	8497.165220333258	4338.958110690032	5750.442118222179	5130.069897452105	3945.3446818937305	4661.243706361051	4048.359628054493	121.97040547486208	6743.016947307657	6443.852472509863	7495.476386929058	5650.252033680523	8040.062632431817	11967.299809413322	13184.357147681112	3716.050867404105	5699.579745908597	4171.058400115881	9909.70480529595	108.5275172965983	8838.919340707105	15004.09847109236	6393.248861854546	12638.673480240628	9455.414079373484	14836.808803771428	5973.651046959332
PWY-5910	superpathway of geranylgeranyldiphosphate biosynthesis I (via mevalonate)	1080.3493031058465	4626.032542321914	1057.1209342319048	1918.1877998042528	153.63508251512786	734.6071778008929	440.57347072161815	4069.7403888426434	0.0	2338.3591385311097	1695.7933384823943	2423.931244675492	91.57157150383142	285.53981960111446	0.0	1879.4901651736336	200.4800941238965	3748.942913351561	45.68711303770903	775.0253771446322	0.0	213.0575694107911	4983.148323421338	165.72693559000294	234.8942084035157	3448.2318108342984	3174.1125596832458	0.0	53.24491037458254	2286.883658756933	4274.47371885507	1677.205351518208	0.0	3526.1640567090917	4957.594061776822	0.0	4774.294896161897	7535.425980801786	0.0	2151.34307587019	781.3462459170919	1054.4478803255852	1673.2556385332834	2154.903574868095	0.0	2456.880267563459	1212.5781577559387	2522.468033276699	0.0	1496.6064556007868	213.199020417241	1680.3897043352251	1189.4408296032282	1996.4392902014345	209.8643592482105	4866.316736545208	14.200654049947572	2219.3880944479856	1839.483435171424	0.0	0.0	0.0	0.0	0.0
PWY-5913	partial TCA cycle (obligate autotrophs)	6037.634724354753	23892.577600065248	2705.454144103144	8584.768934551517	3156.6534627447936	4379.703187612251	5812.182312414157	12697.02336067655	18028.60196005144	9357.444508017816	6280.762695552522	6750.400038146152	512.7965574107991	2767.7950825085404	18.85628025541649	4497.39495937473	1540.9118273407896	10626.307214895529	2684.8975547012083	27080.89970661019	1183.7563987558365	1405.6697505763163	9694.678872726334	470.1297893011884	9054.161142795669	10475.527122897834	8111.522667628661	13871.358948181394	340.2546124661131	15067.88575187366	6023.024822564916	7980.208205362826	0.0	3902.8481210369514	13074.50856279879	37.219808861859256	6307.136235457276	13174.355237761894	4517.426582260203	8865.18620307328	3289.177345790491	5670.406622344623	2488.8959472568854	2093.798883234137	170.1966596487402	7880.877302665684	5377.098131322123	11161.944543255971	4141.555759787099	5002.531436615476	4541.469187443583	2668.054819177969	2467.2337330040004	12778.630459308955	1142.2114416183715	16626.89006209496	32.68901930370429	10967.883456433026	12360.778432827066	13545.948012311508	4093.235995996794	2206.130942002725	13422.622624613989	7055.0762701219855
PWY-5918	superpathway of heme b biosynthesis from glutamate	7339.303794821944	22634.772015847902	6478.05897755122	8322.237106968625	5235.517277461151	6841.176445081703	4883.442983171002	13481.661188093987	13528.90622550142	9063.27051747969	7025.922509452922	10802.378140122695	5149.009859639434	10930.33224393095	4759.343009308492	16323.428881060392	7877.102482449635	24174.62672833558	24081.63965857443	33341.94409950338	23312.039317575214	5278.547628565128	23510.20068047523	3309.4668734047023	7652.404916925948	12229.912946513428	5966.238350064393	8831.438272117945	3447.7441390024005	16946.205980178584	6549.436540410587	9025.336895364726	0.0	4485.429496143916	13915.303332401249	21.359379690577477	12042.859474494102	12221.024773498357	3771.789265538837	7499.11854422886	3809.19241064228	5065.072246425066	4231.556727157448	3630.0724368433816	140.62116978339716	9287.690090269409	7821.697036547356	9229.493554751134	3537.2103169357406	9223.138257265176	13037.1877910127	17268.476802282345	3554.869233655824	12246.97819264772	1449.7863737259431	14433.145275761706	72.82405293813969	15371.869569639462	12008.7994992868	17364.40201782978	6242.640536862597	3878.379688200363	13542.316375740187	5990.678295021965
PWY-5920	superpathway of heme b biosynthesis from glycine	3828.859498642313	11679.928845651615	2234.168086912402	6090.41724099145	1542.1807032406396	3161.3581479230347	3488.962987389268	9172.939629293418	12229.708920354064	6061.710463362729	5025.623927310718	4591.77920884027	326.1069231797454	2194.2539880763784	17.712470737152266	1305.0901102029732	586.9295265152433	2994.634338194919	1309.4477386878757	15740.053239759272	30.8088201610679	767.3883770939314	863.3384330770393	433.4087089702276	5684.799828745194	6680.680366279925	4617.134354320116	7493.247935526715	439.4066742516367	7110.073407082372	6189.022639962044	6424.537975158084	0.0	2134.2502881533837	10974.379149399034	13.534967478519588	5091.238327359034	8996.945408356007	1539.999537043498	5874.732017731846	2701.203872695421	3674.0203031674337	1263.3623293209382	1214.0901541841663	112.89081723016204	7140.381131911692	3843.8313858869024	6899.709543827131	3069.473143561408	2480.4423470746938	4086.393227830791	9295.245102972953	2320.1534020062245	6503.6480975573	584.7316736053682	9510.456117416536	47.25183952846928	9495.626575973229	10951.9633483358	6879.899205986167	5614.361644375033	3441.0886843879757	12575.576600329876	936.579846900895
PWY-5973	cis-vaccenate biosynthesis	28260.24374715956	41184.57964191848	31678.894431838507	22012.512331596805	33344.686773671965	24927.36983629224	14130.410494044683	35067.2845055471	35147.7841804612	20200.493364149217	26764.264206317705	32727.6165369685	99372.1265771054	79971.590481495	37171.37078871312	26774.439035157604	44214.78570128924	41194.92159943096	42444.32212291113	49214.76086549144	50142.72987464974	45577.51978400145	44002.29035817608	49266.87989558306	25202.26376344587	33986.221431307626	18951.89786566629	28869.975903996397	14465.79752471744	35461.67630857203	24290.354567889637	26410.544087797305	0.0	19255.182367474543	35089.87796126931	94.294717283521	25920.49184439784	33725.718020334345	7136.22093617087	17470.58216052391	16347.801569522991	11995.663513377993	12048.233742637343	11100.776780957704	325.7525973275522	23890.045767029293	27951.59232154089	27805.41496435738	11203.395352462232	26283.202383498363	31326.84270547312	31541.72739782688	9658.588945428832	20126.52704154283	17203.220305228402	38438.74188116491	330.9901743652276	32891.22131003722	33459.559322727364	42718.74092737487	25734.24733854753	18315.83419475682	35884.41573838073	8481.985471760247
PWY-5989	stearate biosynthesis II (bacteria and plants)	18002.66198515652	28841.47260713641	32674.83194915954	13123.673698355784	32906.23663643542	8481.838622378882	12215.98552582638	36375.3031054744	21412.178108199907	12879.71844514898	16655.181736110364	27933.667300056044	410.3441785813018	4468.97298876356	3299.7521106828126	18022.107880624328	4958.125425981242	28066.347955942994	13010.623481860865	28836.26218568758	41222.75855230455	2154.0066619283884	21778.386502025714	1362.716042331115	14359.680484477218	34400.2631452591	10538.39851362157	18572.11313203999	14727.73056654592	26727.189627786556	25919.415979953355	21167.16464050812	0.0	19584.093949804857	30187.920095592697	32.33352253219062	20855.97755531379	24893.638889934045	5393.699631914056	12164.080232428132	15189.97845620384	10217.009839707776	13523.953300861303	13360.679034810986	258.28335692226403	15063.385837632268	15460.258383599356	18329.7497629728	7351.560883903915	12169.975129061386	34462.94862693596	32759.885120246185	8102.721734637836	13661.860487462662	11440.013818998936	31779.90680331176	199.2705682494037	27221.353222811573	28891.09654385681	39949.2571149445	10667.871779605844	5765.349370379859	31839.584877383222	7036.676589202664
PWY-6071	superpathway of phenylethylamine degradation	0.0	0.0	43.437538697424	9.316333385434474	0.0	23.479578377885822	29.8249087699584	7.731295055927366	0.0	0.0	194.70205986000028	0.0	6.838532612739379	109.033635883237	0.0	17.01241923985629	7.436089996089182	17.584051010817006	13.025991489733284	132.6196702723964	0.0	6.748421547205913	0.0	15.097063003098176	509.9666131943462	0.0	0.0	631.0499103499242	5.681863969868284	24.04589860918226	399.9645780836729	393.5542864821172	0.0	0.0	377.8090926818063	0.0	150.76814070743416	97.781561147169	74.27027222323086	12.165938181079872	0.0	0.0	0.0	0.0	0.0	0.0	0.0	0.0	0.0	80.29598961270443	12.669131895729103	0.0	32.75287726961632	0.0	0.0	181.08833478642316	0.0	6.745326867890435	0.0	0.0	0.0	0.0	0.0	0.0
PWY-6084	3,5-dichlorocatechol degradation	101.16141071095352	0.0	158.11554089865146	0.0	0.0	0.0	156.7156344315631	0.0	42.637015564439785	0.0	600.4539693290117	0.0	2.6565384177143074	0.0	0.0	6.601232774527895	25.124884366327475	2.6615812960067124	0.0	50.14906084004162	0.0	14.05726373045252	0.0	16.64978006977097	264.6423287175154	0.0	0.0	0.0	0.0	1.985943210570706	0.0	13.313317040070618	0.0	44.24328147100424	0.0	0.0	99.78163999693744	0.0	91.6549322992174	31.85699442501704	0.0	0.0	0.0	0.0	0.0	2.666033096140368	0.0	0.0	1537.7547424108536	0.0	9.263607257203844	0.0	145.09204735959767	0.0	0.0	44.64513363635552	0.0	2.6567164179104474	0.0	0.0	0.0	0.0	0.0	0.0
PWY-6087	4-chlorocatechol degradation	0.0	0.0	197.49091375991935	0.0	0.0	0.0	0.0	0.0	0.0	0.0	326.7883388211658	0.0	0.0	0.0	0.0	0.0	0.0	0.0	0.0	0.0	0.0	0.0	0.0	0.0	46.94078130760027	0.0	0.0	0.0	0.0	0.0	0.0	0.0	0.0	18.743803453723377	0.0	0.0	118.74229175234122	0.0	0.0	0.0	0.0	0.0	0.0	0.0	0.0	3.9890348905849073	0.0	0.0	0.0	0.0	0.0	0.0	84.02401063806647	0.0	0.0	51.25523469391865	0.0	0.0	0.0	0.0	0.0	0.0	0.0	0.0
PWY-6089	3-chlorocatechol degradation I (ortho)	0.0	0.0	197.49091375991935	0.0	0.0	0.0	0.0	0.0	0.0	0.0	326.7883388211658	0.0	0.0	0.0	0.0	0.0	0.0	0.0	0.0	0.0	0.0	0.0	0.0	0.0	46.94078130760027	0.0	0.0	0.0	0.0	0.0	0.0	0.0	0.0	18.743803453723377	0.0	0.0	118.74229175234122	0.0	0.0	0.0	0.0	0.0	0.0	0.0	0.0	3.9890348905849073	0.0	0.0	0.0	0.0	0.0	0.0	84.02401063806647	0.0	0.0	51.25523469391865	0.0	0.0	0.0	0.0	0.0	0.0	0.0	0.0
PWY-6093	4,5-dichlorocatechol degradation	0.0	0.0	145.34704609982438	0.0	0.0	0.0	0.0	0.0	0.0	0.0	392.5999355405144	0.0	0.0	0.0	0.0	0.0	0.0	0.0	0.0	0.0	0.0	0.0	0.0	0.0	81.84331130067282	0.0	0.0	0.0	0.0	0.0	0.0	0.0	0.0	24.96791047182894	0.0	0.0	90.47420166679731	0.0	0.0	0.0	0.0	0.0	0.0	0.0	0.0	2.569410620480632	0.0	0.0	0.0	0.0	0.0	0.0	97.98240334724234	0.0	0.0	39.98229532427832	0.0	0.0	0.0	0.0	0.0	0.0	0.0	0.0
PWY-6107	chlorosalicylate degradation	0.0	0.0	192.3653416265939	0.0	0.0	0.0	0.0	0.0	0.0	0.0	313.145044487424	0.0	0.0	0.0	0.0	0.0	0.0	0.0	0.0	0.0	0.0	0.0	0.0	0.0	46.44477398298886	0.0	0.0	0.0	0.0	0.0	0.0	0.0	0.0	18.37458578883664	0.0	0.0	117.63453794417528	0.0	0.0	0.0	0.0	0.0	0.0	0.0	0.0	3.988100870530925	0.0	0.0	0.0	0.0	0.0	0.0	80.98640377862826	0.0	0.0	50.29753756210227	0.0	0.0	0.0	0.0	0.0	0.0	0.0	0.0
PWY-6121	5-aminoimidazole ribonucleotide biosynthesis I	29187.3755132461	39283.2721759172	28878.56906618359	21742.79181788705	30176.13129455155	24734.753381200157	14146.003131245634	31872.507782161152	27883.145531400394	21559.04929342006	26966.895318191917	31886.05510794733	95900.0208665456	77439.77808496729	35791.909993670895	26077.391234519764	42715.71322760607	40292.06153586247	41228.875128134045	48425.14012236621	46152.36810929368	43890.23495641241	42358.69227501456	47308.98344876805	23788.9697579996	31807.919547008085	19103.13414107005	23239.36389043882	12586.354275751532	31970.72055128176	20455.59041333365	25018.560663505825	0.0	17711.381280831174	30742.1802401484	85.0	24173.38161315011	32215.236948532103	5807.246509996963	17279.653130723862	14160.527050787086	11264.49738888027	11552.705017998309	10797.398352026694	262.8843958438988	20831.57468022692	28646.68750782096	26077.958758936667	11476.131286439684	26441.84550049789	27799.801829593503	27388.94444948548	8956.97305086101	18984.201289666315	16922.889062949533	36317.1735901903	319.4471659877179	27138.679575161725	27392.35743740517	26589.801530859684	20644.47464858464	14855.768012091128	27768.95710569233	6442.57120362169
PWY-6122	5-aminoimidazole ribonucleotide biosynthesis II	29562.53016988133	39517.34466127319	29610.78999319132	21773.061518939925	30940.09669477474	24414.43151803702	14380.76290263548	32875.6365798927	26945.21401205897	21800.887804507493	27238.343995497024	32938.013461767885	98641.77823162734	79654.33527733173	36886.23090376385	26900.37486072896	43885.01985147111	41606.33000605427	42615.53951735535	48424.35771616965	48160.66140902736	45122.28540759517	43733.26482159535	48654.434896594816	23637.055253454444	33111.060657752794	18987.299388343483	22413.4465418902	12817.32719181683	31598.513729001847	20245.766193639625	25294.034842287183	0.0	18560.088051804996	30614.641895552737	85.0	24281.52559915537	32109.66726511477	5416.842159601598	17240.27282404827	14918.053101790152	11237.589499903152	12075.19846189474	11245.786861009605	250.9171323529412	20649.8008314905	28019.194388653294	25459.12756272511	11125.675291078078	26423.354258724303	27486.972852705785	26901.54392528018	9090.596694829992	19208.575953761392	17750.773890156863	36185.28605482111	324.42065841454433	26990.30687671225	26378.274880050096	24246.609133936214	19912.202582661703	14321.605333902122	26023.47722100995	5821.0
PWY-6123	inosine-5'-phosphate biosynthesis I	28721.37792727933	36886.759288326335	27755.478651359103	20757.593980290345	29138.101595887536	24426.61356711063	13292.888327957451	28964.177414607635	26231.45578047487	19643.562922723395	26271.34198723109	29861.450916510566	86304.54772995555	69450.04117095025	32099.157115832117	23340.03456566642	38538.71372731546	35816.586395364364	38737.59666385287	42626.8000901429	41577.8020905407	39315.248755107015	39138.596298336735	42530.47441433035	23590.74141318589	28405.49449938971	18853.46068330342	21725.57319724621	12888.845558300529	29683.33973411053	20929.832638725064	22146.05825064018	0.0	16081.257412877703	27363.20440899757	85.0	22535.189733788196	30064.961984043628	5483.193668846997	15115.501708746056	13647.773675061591	10176.85013959182	10708.805280728311	9687.840582370243	269.39001832706697	19562.015869094277	27550.165322135123	25059.24105348013	11479.727419308789	23270.062645413615	26718.077700461374	26050.19189620366	8696.905653769505	17869.755582893	16418.124205415876	33236.88364614181	346.17347520904167	26699.368916587224	28741.367423917996	23637.956380362182	18165.02442488678	12947.882776370025	29044.913661768067	6225.205778483237
PWY-6124	inosine-5'-phosphate biosynthesis II	29976.135362687517	37121.75219717315	29388.87526279166	21189.636948904204	30995.618747706485	25481.4090010234	13610.214279213556	29452.28675918193	27618.92613513265	20021.682705182702	27601.989655855235	30827.7031990186	86322.98888820506	69474.35637615401	32133.83754395158	23563.376233641677	38626.88699320324	36138.53482659024	39372.46802411901	42709.97305930398	42715.953230555104	39325.50007442365	39583.16044818088	42539.01958610684	24502.753158273998	29137.83144657978	19569.13245293012	22892.759367234536	13165.144419665929	29722.0788824484	22094.73053414579	22405.72964359494	0.0	16458.594178579726	28839.140006895475	85.0	23237.796554521767	30269.6020606579	5738.73196644216	15226.984054575243	14295.092720057395	10278.68231121864	10998.167193489086	9909.055838451157	277.11641699290226	19825.015609886832	27722.23276589381	25300.72637915265	11919.65653255767	23684.96773852029	27109.347548229744	26020.67235501716	8915.053475656145	17962.534203183448	16963.920575800126	33438.35662027752	361.2554623349801	26903.542790326872	30968.510559689454	24043.995874116856	17360.167328061645	12347.17262343038	31826.18964085092	6344.809344447992
PWY-6125	superpathway of guanosine nucleotides de novo biosynthesis II	20205.483624065877	33006.289839719735	18539.46395279041	13941.65761246341	21507.36095784509	9729.665279793246	8732.6406188532	24253.57978162591	22262.15484728802	13461.410566866576	17742.24973106998	20143.943079848763	92553.47884476684	74428.4772420121	34338.741036092506	21837.04566388843	40609.4913951074	33686.39117214718	32350.68299508792	41871.90612257792	34340.45811553749	42212.06084361098	35400.01790121738	45590.67265589084	14323.978115424994	22625.3379682319	11443.38521877662	19691.433967280205	6656.666281349853	25669.663571614805	13980.704675407242	17644.54012360423	0.0	12089.751958375882	23752.419037852374	42.924689251767006	15064.914447359017	22615.130307310963	5907.254781574924	12981.022334164803	10492.40023774937	8819.307249743139	7353.320513176583	7258.143271337238	215.10787949827477	14580.558597601732	17668.83684548087	18961.949267865977	5838.573398654081	14647.738359830752	22250.183372449083	25274.99998114172	6652.741036641834	17297.902595888016	10364.44403740084	27360.3951043168	156.9087338153611	20908.81153036571	18249.437458199336	20137.316643928472	21212.758502808327	15020.517503278294	19078.71497548972	7591.51574260329
PWY-6126	superpathway of adenosine nucleotides de novo biosynthesis II	19529.4617742341	31805.480873167515	18784.73296560571	13687.20808763395	22691.671961400432	9642.88308154788	8596.354548144545	23674.04545504906	21255.506909806914	12792.792174553528	17392.47617145903	19784.31854711928	4250.810498162367	9180.420384489204	3612.987025691713	17513.18116204339	6844.773892782627	26457.914598069165	26432.25646745773	39028.963576489004	32487.823879375715	7956.013111998406	28776.17272798397	4255.600203167208	14076.842632359188	22273.08380439883	11169.20223665682	19037.78653164942	6647.164425045253	25105.293729492358	14037.083734459638	17335.90651381852	0.0	11976.738837669098	22874.449807213325	42.924689251767006	14730.320902356589	22284.125784179243	5200.633989299902	12395.947226308315	10366.251697081168	8726.327106595816	7234.115392638958	7164.892207018856	203.41605826318877	14255.451566261305	17548.1427314674	18681.18466315805	5649.645429240232	14514.275663703997	22231.5790461436	25171.60969088331	6379.633139247602	16460.911586124228	10309.316637213278	26604.79158249558	156.27875422803248	20797.466086136297	18073.529966515543	9300.38878148266	15960.294805975498	11322.83914214386	19064.557093218693	6393.384659200553
PWY-6138	CMP-N-acetylneuraminate biosynthesis I (eukaryotes)	0.0	0.0	0.0	0.0	0.0	0.0	0.0	0.0	0.0	0.0	0.0	0.0	0.0	0.0	0.0	0.0	0.0	0.0	0.0	0.0	0.0	0.0	0.0	0.0	220.86169439228516	0.0	0.0	300.5145516948414	0.0	0.0	0.0	0.0	0.0	0.0	0.0	0.0	0.0	0.0	0.0	0.0	0.0	0.0	0.0	0.0	0.0	0.0	0.0	0.0	0.0	0.0	0.0	0.0	0.0	0.0	0.0	18.829266666018004	0.0	0.0	0.0	0.0	0.0	0.0	0.0	0.0
PWY-6143	CMP-pseudaminate biosynthesis	456.6628789449674	135.25720994602898	0.0	0.0	8.107065262449957	9.828441675276666	42.7469505695439	259.261737670515	0.0	560.8104512073144	0.0	44.31351328758922	27.030927835051543	10.488687466782563	0.0	226.0617839142001	13.78698954311802	268.6830014244915	159.46732794992485	46.94333869960413	1506.3311044116906	0.0	200.8004158025285	0.0	151.54350889515666	188.73390287340595	0.0	0.0	389.7739960762119	0.0	0.0	73.3694906411517	0.0	176.7366919426786	0.0	0.0	198.4996336184232	322.87297527123985	0.0	29.35177968415857	107.35039426003031	123.97761479260754	41.45226331739188	72.66239316077495	0.0	0.0	0.0	0.0	0.0	187.5056907538736	17.00819864015657	0.0	151.5613225934732	0.0	321.02566194873486	29.130837545413	0.0	18.225386602156803	0.0	0.0	0.0	0.0	0.0	0.0
PWY-6147	6-hydroxymethyl-dihydropterin diphosphate biosynthesis I	28939.90823687185	36800.29310792387	26137.35901429909	18121.19223570578	25321.400989535723	17397.342033715067	11622.183145422336	28262.35510293072	27387.461016077777	19910.70607550189	23170.345477999243	27391.89387634076	86288.35219144456	69469.46169512138	32048.665382902367	23859.50500628045	38561.95564107892	35840.79126423341	36881.3599419949	43598.664148561424	36632.03295386141	39420.45737295153	39791.58338875062	42621.00504199087	24012.06902276533	29773.249151276657	16017.284159084998	20549.74031616133	8652.185845611433	28742.17539075601	20446.38168982811	22044.27092066094	0.0	14781.965325931737	27367.318188604047	86.4520367936925	23784.28373699441	29327.853967627427	4883.496468012325	15768.08418440751	12793.23079739634	10243.443404407628	10323.191920929235	9474.55265612353	230.41858863853483	18780.32989870536	28399.15759561222	25548.586074224186	9897.836894437483	25566.28254949518	24193.686654006797	22862.74168217628	8885.672112711485	17487.269274399754	15744.180393151502	33551.02126592545	332.52691385537844	25375.90986113315	28295.781406696668	26517.49115459217	18336.730395321323	13215.971504188274	29019.737249252685	5754.243092962642
PWY-6151	S-adenosyl-L-methionine salvage I	18288.252906158777	32967.23738566398	17644.327966952846	17399.3933958232	15087.984603868264	16484.890921891616	11369.69489689806	23923.135157086333	14983.602439522629	16963.889541868015	18417.413480614825	21192.006856192915	98258.97470149092	78620.49597579592	36111.00033244738	23516.752865327377	43327.91111794004	37048.123268678806	38108.08089844658	44979.22156610382	36675.64997945805	44581.32081358333	40095.34487268658	48398.31217121076	16907.816964981892	21935.127144674647	15040.63005408478	13344.908479133866	10037.539747060286	29613.706363139954	15675.163406181257	17378.495472968196	0.0	11342.003538779663	18843.512830646498	85.45148927586902	17890.682373687516	27162.681477948587	5559.420761250352	14327.26635619852	8716.862645140869	9341.766336759272	8537.78848031089	6765.181419707959	200.51560148446916	16943.691144923054	26654.24650456324	23750.96080358813	9469.42119963763	21391.7612161544	21358.97554986923	21764.8008522837	6174.519422325056	16126.067370645778	9878.393449394543	31813.861490073377	257.4647528233701	23776.50626612728	17917.167619679138	16582.799576947808	18142.357408746568	13325.561274241869	17329.11253545896	6479.725961415285
PWY-6163	chorismate biosynthesis from 3-dehydroquinate	24637.971894116494	36660.46769082834	25162.5592795082	19339.75185983316	26142.286117150703	21295.373214980864	12967.813110607496	28217.067320072565	28321.274252470503	18793.36815451467	23421.634708851456	27706.90501214604	86197.8269196268	69477.24735778688	32066.960944192957	23177.548455833985	38360.500682078	35613.02607539902	36063.68978994218	44186.1903313032	38846.27466898697	39481.97674065907	38661.24535728208	42556.94144639941	21062.218646827445	28454.35800044432	17409.869194736824	22609.654734989224	12177.478479092451	29335.671433276617	18862.372707372808	20986.415448967145	0.0	16189.478783503886	27572.86574534864	82.13540113331347	22887.552330330465	30064.8697426708	5508.434003370865	15895.369366886209	13030.87298575609	9936.966291809627	10354.368687663637	9553.104390708508	307.2119952115248	18583.912488138267	27352.330157685337	25323.44323856055	11074.362990337677	24774.01000093404	24413.948432764657	23027.51017731973	7795.760329183356	17019.91626597915	14044.53799736724	33773.18095428644	299.8566214736233	25215.915577609165	26880.39398019651	26437.088132671022	17148.12062800627	12203.939153670995	28115.578613812155	7100.432909565314
PWY-6168	flavin biosynthesis III (fungi)	20445.17132737992	27791.53291148165	21925.700997291024	14309.65225826824	19927.09882429764	17372.282794426283	8499.274100995412	21922.17655789497	22710.801644822583	10406.986875050776	18417.960228178406	21525.094814483204	86026.89639236852	68916.96862366112	32012.391156202026	20860.29486568321	38056.24353808941	32651.210397760347	34671.92411595834	37346.86543133341	36949.72895700365	39117.32601729117	34870.07285693191	42449.195932450544	18068.563633577443	21464.50029681017	12159.218609284228	16069.927058050662	8507.124231871725	19876.976401227446	15657.884615411038	15664.257366625588	0.0	11135.907873540014	21714.904830633128	26.168950887403096	16759.41084612497	19760.74672617768	4835.928684101721	10159.167566487524	10518.273517275806	7841.8685543079955	7718.757554901768	7137.580440125716	201.26496637300465	12156.839973227648	12976.80298423309	15170.32793308086	8762.131204181105	13176.202060726764	21452.321532353344	22049.40132134444	6584.142480492165	13697.620141956571	12933.996100602086	21468.08744623603	216.8873565936844	18569.0776681346	23184.79763257946	23459.03407362574	16796.88796033998	12025.789977343238	24448.19564786869	5857.819063948817
PWY-6182	superpathway of salicylate degradation	144.80383922545616	0.0	801.2483309607788	21.698245535099467	69.84147317582571	908.5910819899682	303.78161012115606	2.190989280790159	6198.04003510779	1485.530792312083	1680.2283135573537	4.832191400428816	9.11435956442413	8.219274989446895	4.475465488021171	11.483212933326726	17.708913883479436	13.290073990174749	21.05560825260237	135.36491235828785	0.0	35.164482545425564	0.0	99.4929631234553	2313.4799001451383	0.0	2339.5624209597445	5431.31698043723	0.0	17.47709784843741	2597.950667422	730.4737194367261	0.0	85.39983125775132	5068.629350020158	0.0	678.5294535200233	224.6422927561436	185.5872865360204	81.07787306108673	11.441323001722733	6.197523057885329	0.0	71.69085787267515	51.80704489104167	903.8735077492332	313.2542302075926	626.4007153115715	1464.15293201625	115.07269667532368	14.607012832448255	0.0	373.1125196119927	21.562256926181995	107.2763936587152	214.10536109449015	0.0	3.832740976715364	8491.167596028467	14676.674938122444	0.0	0.0	10959.330185316488	0.0
PWY-6185	4-methylcatechol degradation (ortho cleavage)	0.0	0.0	518.3375025242593	19.689390514818985	70.88030197211228	878.5777274151123	306.620208618038	1.9611025684438024	5858.677639905887	0.0	1621.8062672799608	0.0	4.291531465679308	2.0568205755274347	4.975044445717262	10.782164691336469	16.479071773130322	14.64936233319561	26.22321525789597	93.02741465783672	0.0	23.285677268087102	0.0	106.30811908710174	2413.3704383406034	0.0	1736.3796429052222	5269.172814460218	0.0	17.386637317104753	2043.8015998092808	518.4523473902195	0.0	67.73480409178559	3225.173762217365	0.0	493.1419072136762	171.31896138257295	113.14819043354603	33.55754827718741	11.537059754775347	6.47594336457378	0.0	74.36778161098333	0.0	781.0767934104374	205.2573109088405	390.5766229909714	717.4770768303641	0.0	6.396211705598707	0.0	279.8278365958921	17.927806710370213	92.14753656851232	161.69750747016167	0.0	0.0	5337.79875854966	12244.03019847238	0.0	0.0	7582.529867067133	0.0
PWY-6193	3-chlorocatechol degradation II (ortho)	0.0	0.0	197.49091375991935	0.0	0.0	0.0	0.0	0.0	0.0	0.0	326.7883388211658	0.0	0.0	0.0	0.0	0.0	0.0	0.0	0.0	0.0	0.0	0.0	0.0	0.0	46.94078130760027	0.0	0.0	0.0	0.0	0.0	0.0	0.0	0.0	18.743803453723377	0.0	0.0	118.74229175234122	0.0	0.0	0.0	0.0	0.0	0.0	0.0	0.0	3.9890348905849073	0.0	0.0	0.0	0.0	0.0	0.0	84.02401063806647	0.0	0.0	51.25523469391865	0.0	0.0	0.0	0.0	0.0	0.0	0.0	0.0
PWY-6210	2-aminophenol degradation	96.01587509133562	0.0	77.02349586274602	0.0	0.0	2.933907656419058	42.93394327538884	4.185078666892236	63.20739957101123	0.0	97.1028717508537	0.0	0.0	0.0	0.0	0.0	0.0	0.0	6.566491359879789	0.0	0.0	0.0	0.0	0.0	118.62545196599048	1.6641337386018238	0.0	0.0	0.0	12.63157894736842	0.0	19.83016690168272	0.0	61.87349748027688	1.5483870967741935	0.0	0.0	3.9217623714262575	0.0	21.19779895843569	0.0	0.0	9.813589897775106	0.0	0.0	3.985266984838066	0.0	0.0	2.0	0.0	9.746683297426012	0.0	0.0	2.3340961098398174	0.0	55.32908488401734	0.0	0.0	0.0	0.0	0.0	0.0	0.0	0.0
PWY-622	starch biosynthesis	17897.7351141849	19228.472384321583	17967.231263206308	13241.96731790107	18823.154501231915	15863.003825358785	9731.207809934587	20799.80576721153	18176.79905098375	16840.22838723301	19858.080510891832	20956.624369329897	1321.1409361394112	3515.297799906029	461.0838613556137	9093.864453515036	1333.574917557009	13083.73263528324	10376.816039978565	20442.95704320567	20953.726753321836	1301.4956936893789	9661.869594314388	858.0143073900579	12131.712280839489	20030.467503914948	11792.271060215437	16850.415685111562	7857.37992110004	21459.709507478467	8628.074770687284	14759.743361374956	0.0	11340.504499674502	19748.150359792104	0.0	14929.967870908858	19732.94026800571	4726.740471472971	11279.277188843183	9302.19435794205	5248.098797929477	7107.723610053536	6137.447885540716	207.74949003330929	14386.217565539571	11110.375195824186	13233.422853290658	8909.892205905879	16580.73966936626	16984.512023148203	21059.09563944559	5687.23037645513	9838.995661542303	7971.665607614345	23059.788984190094	210.4971104738341	16445.88044100306	9153.69132781316	14555.485719817372	5521.587814606346	4083.574401679023	11068.1997552004	5727.208321533891
PWY-6263	superpathway of menaquinol-8 biosynthesis II	2997.648778030346	987.4080314561488	2140.801188244966	808.5344285262976	1333.59027834197	270.5858010348243	1255.730669457569	2686.030688153315	7620.130462203896	972.911825278237	1988.1965684188935	2802.326749988102	206.9284444421533	271.81452558508926	0.0	1965.6749817520836	107.46916206476612	2042.816604131672	679.7127549512635	265.3850237146696	2815.527506309453	12.75732899748713	2509.9578087702685	33.46841790290393	996.1080309493892	3309.011568942288	327.2408570650012	4500.205763702625	275.8687281680446	210.5465088437857	0.0	2354.677174585456	0.0	1657.739926199036	5355.797876171531	0.0	1941.7490341028977	1584.6869129822844	43.60977727506823	115.6941357113687	845.7941400689249	659.9019366789679	750.5282238470251	693.90841114171	0.0	1198.066641210927	2.947483646818432	1452.5701151905637	0.0	1897.8422762439504	811.9335559481365	24.548683866569714	600.1220405021206	465.7071245791927	412.26038936360027	1470.1181812095567	21.41344593757704	321.8913643446813	0.0	3016.4414351247965	1.799845612703988	0.0	0.0	0.0
PWY-6269	superpathway of adenosylcobalamin salvage from cobinamide II	10015.953991060262	9231.076997144864	15258.221286992926	5774.329435545985	9194.353104491236	10879.931844911238	3280.979241890785	10598.455628918608	8910.794567905132	7109.95691638198	10693.811272667252	11081.79321762782	455.7377820762767	980.208086356389	311.7620280409507	2913.8350727723428	435.1486645755185	4623.617256339449	5278.430803412935	6433.030335459853	12168.05598019594	410.6887845021907	5116.081619013376	356.62066887413846	8965.609494418572	8630.548802146192	5451.731838974452	9209.497537563311	6491.543417397544	10086.326330892132	5826.520530501326	5797.53188246711	0.0	5679.810714842606	8836.445521897449	1.1249999999999998	9139.913929915438	9178.78171944374	3564.2301232487425	5039.884309861567	5756.037551722909	2486.7505634681197	3513.5449975005445	3057.325067223669	93.61388446268218	9287.062315139035	2644.697354681337	4215.654809672702	3500.5752857608186	5594.251022285959	7792.667250388951	7038.944247820637	4163.397384476124	3998.095882061944	7586.707439252554	4867.591178004221	115.24321705287386	11137.40922482317	10939.179975453291	15547.113086662524	3018.7220669257904	1631.534530018753	12901.879728543568	5638.301903800869
PWY-6270	isoprene biosynthesis I	18541.656169892827	22749.00209330672	13122.316019861802	13166.00487939446	15960.68684077841	15895.376693421962	8505.176014772489	18938.53007491591	22938.307110026737	9917.361540474702	18313.439401504424	20446.95486175638	91739.42565094405	73111.62175829285	34095.02073078789	20737.027459886984	40342.021767395	32360.042120999304	36438.21535136349	35125.43760433746	37744.39982328436	40560.5647756876	35005.69889271863	44688.38064425004	15725.580777323084	19255.405627992503	12772.050503659191	17499.74124160505	6866.259364295154	15773.389471589682	13672.792654941308	13490.026773860194	0.0	10738.722960799358	20498.848546763584	19.933532168726032	14351.111176566155	16100.752834820856	4668.006274567179	8033.479198598809	9197.179089983614	6422.910427949577	6944.128032822113	6501.745232021378	236.0626699818048	10156.566616523987	10218.619374625288	12833.580309631412	8968.093323784264	11532.792947167209	16956.527147498808	17061.701659728325	5664.4793863411805	11196.934767875391	9535.040979968267	17280.82881474401	161.2677110679109	15433.899214038573	20558.84551653433	19256.003370173457	10426.783678719592	7519.582031093561	20908.01008125243	5887.4281367986005
PWY-6277	superpathway of 5-aminoimidazole ribonucleotide biosynthesis	29562.53016988133	39517.34466127319	29610.78999319132	21773.061518939925	30940.09669477474	24414.43151803702	14380.76290263548	32875.6365798927	26945.21401205897	21800.887804507493	27238.343995497024	32938.013461767885	98641.77823162734	79654.33527733173	36886.23090376385	26900.37486072896	43885.01985147111	41606.33000605427	42615.53951735535	48424.35771616965	48160.66140902736	45122.28540759517	43733.26482159535	48654.434896594816	23637.055253454444	33111.060657752794	18987.299388343483	22413.4465418902	12817.32719181683	31598.513729001847	20245.766193639625	25294.034842287183	0.0	18560.088051804996	30614.641895552737	85.0	24281.52559915537	32109.66726511477	5416.842159601598	17240.27282404827	14918.053101790152	11237.589499903152	12075.19846189474	11245.786861009605	250.9171323529412	20649.8008314905	28019.194388653294	25459.12756272511	11125.675291078078	26423.354258724303	27486.972852705785	26901.54392528018	9090.596694829992	19208.575953761392	17750.773890156863	36185.28605482111	324.42065841454433	26990.30687671225	26378.274880050096	24246.609133936214	19912.202582661703	14321.605333902122	26023.47722100995	5821.0
PWY-6292	superpathway of L-cysteine biosynthesis (mammalian)	6843.39209489822	6475.077645430724	1273.1995057191095	2091.9482280522966	899.9417756910705	1297.2909362626046	1842.1187539329967	7115.4514408284085	13107.008085496816	2351.0359399367394	3775.980492489549	3699.11586752266	347.7933477849713	1498.004939410085	883.4657332047184	3164.361474106585	384.0134484195466	3620.991452169285	3283.0067677942543	3949.756649347061	11622.421809734322	511.443807128072	3912.095329764536	276.2533404312752	1792.26864375248	6661.673625233826	2524.788401176013	8415.228360796435	302.0022365890546	4046.5317677359208	2045.540869458122	5845.085587331455	0.0	2327.5631582225337	9132.923404025782	1.9423286180631123	4098.052168631171	4248.374135941212	495.1207295185985	2110.5082830044585	2832.7165115588227	1958.3463330148747	1938.52021849441	1639.772636005766	58.05909178502365	3932.14800976786	1815.2804595672571	3177.474922126545	690.0660242205306	2752.838182739151	6593.706387176943	6030.744250020182	1389.2306489321684	3486.667072367314	252.8360156147202	3884.199837359441	5.149150522920735	5936.371749185046	5711.321838968134	7987.507298286792	2967.2345523196213	1305.284551851144	5623.503291511045	0.0
PWY-6293	superpathway of L-cysteine biosynthesis (fungi)	4097.580899606905	5809.208052466724	1121.839083016853	1310.0657270657982	741.4146654548728	576.3566063570071	1515.4495946116133	5026.021815114065	11319.513679275458	2994.145143963983	2449.0181848329785	1849.4006888342865	315.5490207588984	787.4513803247988	24.16383577837383	3815.3659647153822	98.19375437834655	3823.41073339612	350.0621611607015	3787.674310720528	1940.558359162334	43.29611638008284	781.5254671332376	190.30798815894155	2065.4082455406788	4085.5872596116874	2515.762188375657	7935.762182651857	137.69716245289894	3882.086708390426	0.0	4772.967094972276	0.0	2133.214451703587	8125.742751848272	0.0	3790.1182274301855	4100.500589725554	139.90203346245485	2084.426306806917	1426.8222791003873	1785.1788535606136	2007.5391769915327	1346.579314051409	65.76110026065066	2557.999043890858	1473.0406137484636	787.8776014361848	815.2786160703545	1274.4379356750974	7362.246764981399	6956.279589715331	1076.3984032607984	4172.8041294824	290.33792437142574	4814.312810101378	6.307215519545833	3957.968525472399	5520.746209942985	9413.542208884915	18.108933003431	1.07426960055556	5857.54875014454	0.0
PWY-6305	superpathway of putrescine biosynthesis	6880.242903956128	4024.759944269522	3638.006441781099	1592.2092972378207	5929.596385314072	2681.064252923117	1580.1497381937438	3673.641833702709	14678.49699890298	4501.721525500177	5308.641774113463	2608.2764808068314	1457.772339718825	2233.933619622095	1715.690424193307	8828.549870494498	2495.226322918584	12290.074205215957	15830.47604217061	9470.207023211426	20447.017108908352	1012.6165668083024	13411.825214450224	1166.724695238154	5457.202537966544	3395.3995453797647	5045.9681233156125	10903.959846032094	345.44659691828485	4517.549593710639	5291.695349106554	4355.969970137063	0.0	1449.2673181322086	8026.432960243097	1.1428571428571428	4603.188785829282	4430.124154514517	6876.076966961714	3073.3646544897165	1838.0369133326255	1723.6453725197027	671.9824303323518	636.1519035803233	160.90829260708458	3647.469148163664	2164.140396141703	3415.6438011932737	3898.524608283098	3002.1206014065647	6119.229623859438	10324.816695265288	2071.526353392348	1497.5310476985958	3793.927206202945	4135.968864341736	44.53190781049427	4259.398906907815	10085.283574329997	20806.82545209507	9120.84728723095	6530.044619150078	12105.215532451424	12119.23962884776
PWY-6307	L-tryptophan degradation X (mammalian, via tryptamine)	8.927992694318409	0.0	400.35317227153206	0.0	0.0	26.39289930422388	20.578064041462472	0.0	0.0	0.0	0.0	21.82018179315292	0.0	0.0	0.0	0.0	0.0	0.0	0.0	0.0	4.499832443712879	0.0	0.0	0.0	255.76310411068656	5.874052186599969	0.0	552.176934098103	0.0	8.581368775843591	0.0	0.0	0.0	12.990575177848784	0.0	0.0	0.0	0.0	0.0	11.854490163824178	87.55486099386759	0.0	5.819370012201049	20.2562673775476	0.0	0.0	0.0	0.0	0.0	0.0	11.233275520317145	0.0	0.0	8.84591335426057	0.0	23.498362517575814	0.0	0.0	0.0	0.0	0.0	0.0	912.0538985060892	0.0
PWY-6313	serotonin degradation	1228.0	1029.0	531.6263763179994	148.43127986878326	314.9705531328419	146.33857787851449	682.7882069568886	1436.0	10850.21821089912	2387.298149453113	2431.3710880182475	2437.0	107.9658569338789	221.1378966601944	0.0	234.31620196360151	59.0	603.0	91.0	597.757920692469	190.0	144.86292233286957	134.0	64.29536603601018	809.6035109439993	2556.0	2979.599341519728	14080.9521100739	3.9588688946015433	122.99181160893173	892.1844874194219	2933.402978903106	0.0	2437.0	3554.2214776342385	0.0	2243.7773179794226	564.5281234819618	361.3624263167902	651.7492136820291	643.0	282.0	513.0	1409.0	66.66666666666666	1475.4750658200403	207.2263785145903	562.2566017896793	1859.0121951219512	729.966309948474	73.0	0.0	578.1318950655739	344.4521741054545	661.0	749.4930372114512	0.0	14.091148837975936	5935.014578369712	9438.072319074725	9808.393554234555	7354.497736343424	6773.523188698879	9.635036496350365
PWY-6317	D-galactose degradation I (Leloir pathway)	22242.15993764881	28459.530937940868	19403.28522198094	15973.9461664866	20748.94623807371	18129.784490775328	11646.833610479438	25310.818340224578	27680.62962168495	17696.472700139297	20424.95937152192	25338.88459875373	1526.1961932436789	4674.887221421312	1830.501068578249	10457.633211424756	2501.0939961613144	16972.622617797493	14614.398449828524	27421.85148171604	23308.205088558112	4303.1299242048935	17587.47322314054	2143.5933963347416	16659.327196274124	25973.486783835317	17201.208807630555	18565.6121176304	11341.009772128797	29320.46218483452	15771.229186579734	20685.67351028073	0.0	14931.86169122503	23677.39560696872	71.00854264949638	20381.27939932304	26230.110895897848	6988.323960801132	15320.31414624814	11104.101360690747	8649.109064999888	9061.029035078169	9192.125809956444	235.72150533473757	19838.97941702627	25501.951892232948	22662.88803787208	12434.858280820874	23871.1536843368	24731.922700800817	26975.770144706214	6713.133246704386	12349.2549119644	9692.608083807883	28777.477056202195	279.58510410874214	24970.24592836412	20837.288183900167	12611.530769526791	18813.07002001073	13950.849028572637	19943.977325086507	8129.863405419658
PWY-6328	L-lysine degradation X	731.6961840490663	2.088741792170779	262.06224060957567	6.911200466558213	36.96764422006088	263.15127148218136	221.62031546571413	1.900295815127228	4174.364818809071	1361.0080899433124	427.02452899583295	9.689089148301315	21.853383777695186	4.245984974958264	2.3650246867119344	2.781693263260624	16.77730309391106	8.66073772396236	19.990996525347956	103.65366396901815	0.9463644131058486	24.044272461022715	1.3294797687861273	17.600078499781944	689.7747354534249	0.0	1191.1477135342411	2514.531386169283	0.0	16.92153677277717	1445.5260983559724	342.9459857033005	0.0	100.20075517945985	2324.032421155698	0.0	264.35988068839725	212.66633944168368	3016.0330217759897	850.8568121123169	5.198772393119691	3.01060980080655	18.429884999046955	33.929982234846364	62.58461055092796	483.3540310737992	159.27586996820153	383.3426171829853	1361.0745761786386	172.8983887938971	0.0	5.71	149.82401667150066	6.72	176.7657856724198	57.081231659340766	2.14	0.0	4138.99381667781	4234.454087545012	2716.0846506557014	1446.494968043443	5337.301442080359	5553.24915627953
PWY-6344	L-arginine degradation XIV (oxidative Stickland reaction)	99.20330975722452	140.25956407800254	727.9419166421609	418.8059496466284	934.485448172784	781.1099836947434	23.78067180774439	941.2337788281568	0.0	0.0	278.0602906140793	970.612407334584	154.1581899730743	9.926744376257952	32.14248167248032	192.7782672292868	0.0	615.3668495322016	228.84181948255264	0.0	456.16487535163	42.32430475342514	0.0	0.0	646.8794953151161	540.5135684079651	0.0	0.0	0.0	69.80042060352399	0.0	202.31592400516087	0.0	486.1591091660419	3104.528654305905	0.0	2398.0446301470706	215.52470027025043	49.0941505045827	110.00971809467713	415.854085059109	134.67754556794338	376.7293042034364	371.242798475567	0.0	484.9258913584547	0.0	0.0	0.0	945.9501756173354	536.8928910236797	0.0	236.04050326150204	21.91698923246652	338.1790483859704	361.7561799248492	0.0	115.718185089906	0.0	0.0	0.0	0.0	0.0	260.9584587177582
PWY-6353	purine nucleotides degradation II (aerobic)	10487.322943337156	6806.794712256059	11390.12769442142	2537.881387726633	10444.243696213744	9329.30235073502	5633.517822988851	7938.209585280803	27632.35294661529	8575.581563552809	14424.708841878672	12209.964095116686	414.3674682976495	992.6696656906424	254.5090783298566	1783.4726622109745	868.855935386251	4943.752394554549	4634.594949187669	1670.918180352761	11268.414907576467	628.78916473291	2376.6638747659745	682.0629575197094	14973.634652174154	11880.288909185938	13619.520473986047	21940.06101542845	3281.3503331592347	261.61658463345367	14007.642397740035	11958.611546169186	0.0	8902.995847696431	23434.06076102339	0.0	8187.802390761286	4157.594273835682	3325.218791979461	2249.7666784390726	5835.869376721282	1875.5158223327608	3845.460978897386	5348.4186684299575	269.37729713229834	7696.349197636759	3400.4074530908	6697.604052541529	8536.966495902996	5355.892264520919	1989.758411336916	113.28639702971348	3432.1440019712877	1223.3837891281862	6076.649297908857	5173.908195761615	65.8683138951075	1854.3717285005343	26306.499827199656	35213.63514077454	14724.145943237943	9071.254454560978	30879.11260753279	27.445943367928272
PWY-6383	mono-trans, poly-cis decaprenyl phosphate biosynthesis	4561.34927153683	1513.7582685298262	549.9591534717767	1457.6745125999485	557.4593450192112	513.1632685213949	1007.2248115847586	3021.676350858016	1270.0774045787068	4038.22748909012	2343.047182833024	2040.724362223052	263.25595257212524	879.0063876589254	9.998423279679702	1854.882521261694	33.32517074518519	1789.9400391048837	163.87453755502366	4245.5732598559725	153.22350904263223	405.5382368590628	944.930112107473	138.43320137547224	420.0554049300739	2471.719284141599	689.6247707009115	373.5628181348025	98.40638704600114	2723.8907684921	0.0	1345.9590063807675	0.0	752.1462957517023	4412.241506516626	0.0	2241.824053825437	2178.902158033616	82.42900874217312	2909.315463898416	687.3665072144598	672.129564062971	732.7750523270398	715.6270015482288	0.0	1727.204856042151	617.3988492851778	976.91108566188	196.1957022203528	2443.920778083629	149.6381180312691	159.7213596788576	861.3582497627002	1583.9694068568558	145.25181540867317	3780.221276435464	0.0	288.1396919609526	0.0	491.23960271373545	13.994340181044844	0.0	0.0	259.46642114905137
PWY-6385	peptidoglycan biosynthesis III (mycobacteria)	31469.592878821026	42798.60705610104	30003.868907076507	23257.59797631107	31817.053969813805	25571.917890051023	14629.514410575068	33081.47552504749	30375.233984270475	22799.16344407949	28230.780721259423	32787.08215536566	111255.30775597424	89503.10609196039	41531.30347399157	29105.936492779747	49341.75492794676	44755.42436768557	46680.48706796338	52912.100947637504	51693.25805111283	50682.80224845348	48186.430892535136	54819.5173964348	25203.82750805894	32869.42451679957	21327.25761418449	23589.97814899905	13490.838919587257	35224.20137443585	21400.71750466161	26314.233526040694	0.0	18369.83449419	31321.07920989436	100.06871072257252	26347.08913343179	35861.95070214975	6155.316031801884	18406.15182435068	15134.437566405328	12007.325314951384	11906.397940055418	11031.387793626564	264.8985532416666	23166.36894898975	32476.81485955887	28550.786410652552	11757.892997251756	29078.30181794236	30115.30388756304	30571.780654673887	9617.012917175478	20561.070799933248	17899.758715831496	38951.25074032854	342.2903499694383	30784.60307671429	27987.46374316532	29055.35423080407	20467.71097275125	14583.575260825002	28540.835738744878	6530.969114178978
PWY-6386	UDP-N-acetylmuramoyl-pentapeptide biosynthesis II (lysine-containing)	29926.19436832968	39732.4724145334	28850.68667127148	21747.44202143373	30903.99988272172	23923.983380064088	13686.34760077386	30771.31525929101	27963.130768644056	20969.85202808544	26514.734358197737	30577.54035926424	103478.36468303108	83220.41045390166	38680.6794890947	27394.190533019875	45902.51431544169	41974.86896093248	43604.6906896182	49332.78247533053	49169.77953090403	47078.12422285973	45006.62534675463	50968.90523406114	23289.09136038068	30860.619393579356	19581.30571297149	22037.70487625006	12656.411271493504	32152.245752030474	19687.307337158654	24518.187399352515	0.0	16817.288556497613	29024.217301627312	91.68215587130308	24875.894569537377	33501.452046453654	5599.197792534088	17124.81308382425	14524.208096789478	11242.78293009898	11295.863226715872	10108.267026706448	244.64061600256164	21267.13359794901	29858.299830506745	26239.962656139694	10918.26627081861	27077.908338186026	27090.106077192417	25632.962744795128	9121.567403701663	19220.81210112024	17369.82089073742	36034.962278218205	319.4126988676384	27741.52783619216	25658.812022280632	27190.073923992848	18487.146826413893	13172.640681557676	26081.46740561758	5959.737574512971
PWY-6387	UDP-N-acetylmuramoyl-pentapeptide biosynthesis I (meso-diaminopimelate containing)	30017.174866472767	40973.89592612207	28950.5576316048	22229.920335352635	30897.47089229265	24480.95536314904	13875.715889889729	31616.86897323377	28811.88798714085	21645.62527060871	26843.687589316836	31387.9057372196	106122.79586280174	85343.61966947852	39657.410898615184	27843.926512040827	47087.42069769602	42810.79899018032	44720.699020206	50343.087863085006	50013.572953225485	48346.67430897564	46085.64120867637	52297.566087876425	24051.817243106776	31430.076799228187	20188.087757003515	22595.90102114521	12896.028322421756	33562.852029376554	20338.71917011495	25254.3511514108	0.0	17653.490023648483	29792.353711354997	95.27785116688683	25238.09295192094	34349.831377184426	5796.767755388493	17527.557469423005	14536.88576087649	11469.054547581973	11404.638241907636	10582.302214877696	248.963553309282	22111.53323487313	30915.227872565425	27113.20616875873	11159.728449085178	27721.00719544585	28862.043825343422	29377.446110138862	9220.142595822374	19670.33088551425	17274.868783897116	37086.126782276166	326.503431941346	29469.022832543706	26466.646118287717	27889.237975013253	19461.03372427565	13868.335954395105	27003.264875167235	6086.490998041687
PWY-6396	superpathway of 2,3-butanediol biosynthesis	3856.1529156206384	12106.720485809818	1208.2989517044314	5958.890025980562	1491.601891306357	2571.780329480583	2358.7635651434666	4400.385776668068	3748.5577974482935	8914.047600480955	2259.3425861423216	5469.841330109144	376.4523435938435	1113.634500963461	31.70587363640691	2078.233472636755	546.0415461838651	4186.303293010355	541.51180432493	8769.611122562006	369.7831745918601	500.308403318225	6267.759234552442	242.02781720706872	6245.19007365196	6530.6565755086	5831.597129369181	0.0	303.7580222435987	9988.098551571524	5759.990116786755	8165.595933383163	0.0	4240.271986829763	7020.569110138751	71.95607077486272	6095.004679878098	12231.654557358332	794.3264510094381	7810.418678303061	621.4160831079743	2532.3481539499985	1883.2214072535496	2176.7866414805435	65.96619449788881	5721.252659265224	17881.58958701908	13524.926541015748	0.0	13219.02449538199	4674.023505545676	3564.76486918905	1260.5247566206183	4348.859108091881	519.609874556219	16814.092029700587	24.51458478012945	8000.154418500387	6205.917538200829	11513.261550493877	9904.743263235678	7947.934916178763	7888.898025391592	0.0
PWY-6397	mycolyl-arabinogalactan-peptidoglycan complex biosynthesis	108.36835518986236	52.15390564232611	59.10373061094759	148.61027897991735	30.112314881454747	45.9376213008312	25.988224264444074	287.3521415268981	0.0	138.5232042947428	226.08949130374677	175.8034051847076	2.5126920300637505	61.25854686910428	0.0	63.66112246538074	0.0	111.888993001747	0.0	450.27655244211314	0.0	96.47547146182792	66.15645006336038	5.004963752924213	90.39205482940142	427.345011162005	0.0	0.0	0.0	59.95657407906501	0.0	124.12009937970284	0.0	128.50129334461656	0.0	0.0	21.66726871613101	286.4625863751561	9.711893296423534	889.0961893023986	126.20749892379544	88.24315637057131	140.918937130665	122.44652426668318	0.0	111.738761455785	0.0	301.381706065601	0.0	44.26327414861221	29.71953312691205	0.0	90.76017963607924	186.997969773704	18.3370879314708	336.9528503333064	0.0	6.53804634756631	0.0	0.0	0.0	0.0	0.0	0.0
PWY-6404	superpathway of mycolyl-arabinogalactan-peptidoglycan complex biosynthesis	410.0611956955661	206.20361451057133	229.2477394178976	567.9319903106218	118.49320674002358	178.73266502522313	102.62718147038672	1093.171162808201	0.0	538.7529464492233	860.3990686726133	676.834040777455	9.966452187080389	230.6230265397611	0.0	248.6119479091272	0.0	432.96902954237584	0.0	1679.7877300608525	0.0	312.5022089727063	257.6884872497132	19.58400313256796	340.9716521728663	1574.186093752252	0.0	0.0	0.0	237.32944540364835	0.0	478.9362831834862	0.0	483.3359761857462	0.0	0.0	86.21710259343152	1082.7864871321062	37.54850658704613	2895.312363506388	470.9446695210235	334.00595958722323	518.8400104237992	453.3378637858275	0.0	433.8348104238874	0.0	1089.5565294688722	0.0	175.34029985582902	113.45356918894612	0.0	342.93676842962395	707.9289104910685	70.95407182386978	1284.31850380762	0.0	26.002659405061667	0.0	0.0	0.0	0.0	0.0	0.0
PWY-6421	arsenate detoxification IV (mycothiol)	0.0	48.27061885607348	61.97829716193656	11.629271366851068	0.0	43.96820584378345	0.0	8.849124430523919	171.54287916746966	0.0	285.0858234453113	5.869914908497495	18.45844504021448	0.0	0.0	14.08327735822996	0.0	5.816020246012594	3.227594297108342	103.73978652452688	0.0	28.6592597158443	0.0	10.482398345920252	24.900019778770787	0.0	0.0	0.0	0.0	29.02017621956792	0.0	359.68945202079914	0.0	64.859958040977	0.0	0.0	0.0	0.0	0.0	38.10929354865068	0.0	0.0	0.0	88.9420076445958	0.0	152.02089599978967	10.911321097025612	45.71470373079737	0.0	77.38118033006394	18.02819804592489	0.0	0.0	8.84910665878111	0.0	293.5373982289604	0.0	0.0	0.0	365.1362061392807	0.0	0.0	0.0	0.0
PWY-6435	4-hydroxybenzoate biosynthesis III (plants)	1036.7359493716394	412.3785018844125	1160.247711791701	156.17505911763467	130.20431393694346	1507.5337682741886	593.3673173666608	66.44773147708852	10871.472404268505	3115.125078500312	3087.5943545725927	216.5348898471006	60.83826651350388	70.4828694148506	8.858734468318078	19.126324935076635	85.04060713530414	25.40495393814857	48.08860534014555	840.0028952278072	11.416414248307934	184.13539576818408	11.996995897356443	182.9806691177966	3614.6423020435504	394.3050364004502	3981.749958811758	8873.64311827581	0.0	49.245502087243246	4734.292878505075	926.274282503558	0.0	226.291169214582	7321.056109160561	0.0	961.8161250221982	603.1267890077424	4327.962339018696	1868.3602797634069	65.43814639923323	109.42171088884412	36.01355929632499	125.91516105554696	126.7968588219408	1413.3430337272334	522.7449880936516	1462.1991678481838	3158.725603173032	250.0673853240108	87.1445457920668	34.46265053164184	609.9925309695356	157.57043404423067	314.65990763739774	491.7091012168789	3.021176470588235	30.800827440007748	12937.228796244986	23135.445417997147	4443.281912956888	2448.8233314094264	16444.620421855147	7844.899580703909
PWY-6467	Kdo transfer to lipid IVA III (Chlamydia)	18343.67	23587.2	15009.72	9519.71	11906.66	10224.32	6984.929999999999	18005.629999999997	20577.27	6511.09	14646.219999999998	16219.229999999996	628.31	1609.16	745.7	6759.429999999999	1527.35	9930.54	9187.21	15402.95	12193.96	704.4300000000001	9252.86	519.45	11658.169999999998	18659.49	8356.7	13032.56	7023.860000000001	14549.660000000002	12237.68	12516.94	0.0	8831.52	16571.379999999997	17.0	13489.41	15089.360000000002	3844.26	6695.740000000001	8991.22	6575.38	6833.719999999998	6052.399999999999	192.43	8651.689999999999	9008.9	11104.830000000002	7603.46	9309.16	18538.47	20216.91	5679.65	12026.85	9283.19	15837.610000000004	226.85	15318.940000000002	21255.700000000004	19156.95	2716.7200000000007	1446.7099999999998	22171.4	5557.000000000001
PWY-6470	peptidoglycan biosynthesis V (&beta;-lactam resistance)	13646.623575023406	30948.86121798961	8131.798131984674	17386.648210794407	9911.458812565415	16026.8157828004	7196.795156967336	19860.656357242347	8554.820974252278	19116.466115631672	11888.824831552549	20013.071743035965	108645.4248484696	87006.96174760108	40296.69310668809	25209.61978178748	47770.68139457414	39706.96521634784	40295.95707065054	46417.84850783905	40206.83250244973	49317.94181399037	44471.517226191005	53470.82241309197	16250.98100290501	20258.380328378447	14570.129807682346	12458.880037729405	7826.755380111119	29127.391903130105	12400.23427030919	19916.284807930613	0.0	12012.99202641172	13636.251189487946	99.6255535140582	17346.764839188334	29073.43979210709	2734.307944641823	15206.413980865784	4388.518186359128	8060.06052824945	6843.446994175704	6768.618210468602	0.0	19158.25175616348	30710.709789442324	25392.891476219087	1397.6361316741582	26189.906975073543	13070.15020867663	5035.985407929768	3541.2175435213235	12756.655718175074	5617.751249265402	32808.47626989413	122.75660427569754	23061.801586277797	5512.123043204664	2100.436504429605	16877.943703987916	12040.0372602326	0.0	0.0
PWY-6471	peptidoglycan biosynthesis IV (Enterococcus faecium)	13328.579782630755	4811.210951070582	3657.1846902442353	9922.026591191954	6379.865100650163	12703.557454085449	6227.128623439508	7269.1954698252275	3107.01308516453	8583.51298439231	8618.84715385627	12768.156174903444	999.481389984476	2343.4162982783746	32.4805314188972	4907.826084845321	308.37183802462	5297.284339504522	10392.429733198323	9395.153293674595	7734.184640862953	415.51751385059646	2096.741429881536	239.69523170023	7124.482375283404	6181.784541375337	12621.190414329529	0.0	6810.02703600289	7395.070202179773	0.0	2561.9265131699303	0.0	1664.0043729166705	10145.691223822536	0.0	3996.978664123416	4799.834070545643	2945.6754028181385	3594.5832086933847	2581.043223135626	960.121161915806	1914.591511579884	1157.43916982789	0.0	4331.869034289775	1821.2480435640032	1420.891119709059	585.4964168972848	6027.994580329	5741.390300814352	507.63335796193047	3096.309574117155	2961.4111529177403	2338.368437476413	7342.046261790337	34.93515535340261	859.2532270464526	0.0	0.0	18046.616447016164	12879.260325682915	0.0	0.0
PWY-6478	GDP-D-glycero-&alpha;-D-manno-heptose biosynthesis	3567.31327136708	4266.004493158582	2601.893070524746	1346.2512407457843	3172.2888785621785	2418.978620744244	2493.673334401723	4981.128319231598	4217.702991195509	15.97055431046766	4290.677437424063	5676.8027066370505	81.7520557702732	622.5687089096737	22.2504245039774	790.8348113378269	159.23782230968766	2122.1771160027783	1136.4547371698295	1091.2064302393212	3042.318912242184	246.5180691296242	1123.8195027870547	61.12550884645636	1006.5598229095284	5567.894858057898	1012.405887212022	3532.407429762977	1024.4420312566986	3309.0508319551896	0.0	4573.334322906083	0.0	5118.571125475809	2088.581430055005	0.0	1622.5098081571205	1780.6057393251278	65.50117583662724	296.53372833767867	2795.639515871436	964.0715851569144	1723.3149316584686	2427.6987095013515	71.20560316758595	2365.7285274649835	343.2611614527304	885.8224163441288	1023.8717721144224	1306.612838862461	5320.598625795925	7872.992456661919	855.1576447379773	1252.680507537466	1912.363299205433	2419.4637137550776	39.95613238882836	4564.347513910519	0.0	7769.055080054978	0.0	0.0	0.0	0.0
PWY-6486	D-galacturonate degradation II	0.0	0.0	368.9809723992249	0.0	0.0	219.3769457504368	0.0	0.0	0.0	0.0	446.0428621283617	0.0	0.0	0.0	0.0	0.0	0.0	0.0	0.0	0.0	0.0	0.0	0.0	0.0	0.0	0.0	1303.8592704238602	0.0	0.0	0.0	175.68958871233454	0.0	0.0	21.28227979370936	2532.284984682007	0.0	275.0002755335339	87.68034510048942	55.96830502862479	3.621197169974722	0.0	0.0	0.0	0.0	0.0	316.7140882998693	153.89000863834497	342.64305529397075	4.994304614685002	0.0	0.0	0.0	115.941429355785	0.0	0.0	46.37219538606325	0.0	0.0	4496.618847173857	0.0	0.0	0.0	4521.464140506225	0.0
PWY-6501	D-glucuronate degradation II	0.0	0.0	389.81185512867137	0.0	75.07780814757373	248.749857165096	388.02584542033657	2.999466589539465	5747.594519940125	1522.7587603199688	2044.706809859604	0.0	12.586978987254566	0.0	0.0	8.477829334274357	9.68272816695091	9.116624720328788	22.153926579925653	73.39356021679437	0.0	0.0	0.0	69.21494230031566	1060.6422872270775	0.0	1938.1184209776256	5990.330533595424	0.0	17.043993037306972	143.56884212108284	611.3209417085721	0.0	44.36749559729336	2737.0683159745718	0.0	542.398887297371	203.84105781979463	222.2247872737792	54.49626058455928	12.968287012843945	0.0	7.993876488778667	70.96461222899867	55.93700787401574	298.62412606080056	157.18028135505105	407.9619848874348	2464.569469736297	50.79867038748954	0.0	0.0	500.19157910858354	0.0	64.04087938205585	141.12975040156653	0.0	0.0	4785.513101154175	0.0	4682.0	3974.0	4340.406744525195	0.0
PWY-6505	L-tryptophan degradation XII (Geobacillus)	0.0	0.0	0.0	0.0	0.0	6.563797592906175	0.0	0.0	0.0	0.0	0.0	0.0	0.0	0.0	0.0	0.0	0.0	0.0	0.0	0.0	0.0	0.0	0.0	0.0	0.0	0.0	0.0	0.0	0.0	0.0	0.0	0.0	0.0	0.0	0.0	0.0	0.0	0.0	0.0	0.0	0.0	0.0	0.0	0.0	0.0	0.0	0.0	0.0	0.0	0.0	0.0	0.0	0.0	0.0	0.0	0.0	0.0	0.0	0.0	0.0	0.0	0.0	0.0	0.0
PWY-6527	stachyose degradation	16159.407617948424	19543.047318910947	10443.934628656383	11214.573853428215	9521.436531001844	11825.797931668663	7561.860295873776	17191.81039318704	10134.095954314938	13189.284495056365	12215.669433025623	18764.29105544848	609.8258219610162	1971.388182546924	182.57393043420916	5002.103254425801	999.151305151964	9658.540297146888	6212.040497836582	14984.182089247432	10716.78924359662	1989.918153382882	8242.753366376322	959.020242652842	11279.57413047293	18405.003009427208	11118.273408450075	8683.489513953307	8512.732768976595	20964.399606595933	7939.300915586088	13764.594282645889	0.0	11966.14173559448	13318.327819182818	63.0	12676.72532665178	21205.180320992797	4627.320613289085	10611.065635671996	6649.080709221765	5792.879535450892	6428.11097246902	7200.880036891221	130.11428608343624	14471.25619989129	20671.082419006456	17012.494851545576	5617.086142822623	18474.871840054737	14310.91688511508	15959.539999496816	3702.127136482153	8072.532632754234	5601.953700351529	22161.42202681479	171.7981766501676	17695.971336330505	5451.758799847215	4663.090165420422	15680.978735709195	11971.904901664611	6471.591080083258	5685.211230368046
PWY-6531	mannitol cycle	1007.0379481226438	593.6420098926976	968.1196181690792	1035.339374016817	355.0985190489734	785.966195745165	316.0129146152526	1787.31138932589	6009.74006091893	2716.2102794164884	2053.2089884109223	1575.412970493375	154.5205695083216	546.1942437665956	20.79313984182668	1633.0860415283437	41.31711286549629	1436.027820235541	414.1536249044213	3150.113276827541	187.1546600885996	160.98452879272742	418.4655499291519	79.92393993577586	491.7080790302219	1399.367724720605	2087.632689979853	6002.839138452849	701.0133128734731	175.86971180136163	129.37208279486356	1154.423088258964	0.0	468.3547035262068	5029.152594646937	0.0	1051.0222348263137	928.7341162140154	284.8719609568539	920.1828504668116	535.6235041276115	192.89147054320455	390.6662676238537	385.4478417312459	54.70322575884324	1423.644624498553	622.7372641983577	719.1750020248361	1635.6461983657316	1298.2722054340322	122.71301225563566	88.12420881035956	1253.3959989452933	683.6854879482139	329.9459024311288	1590.808079427386	0.0	162.17645943688137	4956.959088766796	490.05949544495775	7.997307575665165	0.0	5214.182632612846	0.0
PWY-6562	norspermidine biosynthesis	533.7444631539282	516.9130709318829	1026.222008067716	204.01509078269387	197.3063249533984	1454.408925827655	488.8093224711351	479.21347010917793	6717.223808132887	2735.300329815316	2029.9225416621657	284.99900773003554	9.377808058322662	337.5964033369287	5.977654557308614	182.3441572671021	55.865089203636536	183.5789843172852	95.5411180700878	314.85921235186294	11.934736661104331	85.35616425064023	3.997368988829365	132.62639619422774	3055.3270302819938	207.7838611427832	2461.1206475453496	6626.336499094832	13.47027437119021	27.93538586257737	680.5785744779707	1229.180909157214	0.0	294.5374174883503	2576.3536722670315	0.0	888.0018498716512	675.2447262965754	173.83797171739872	349.39208217666	127.931823401848	281.1209986991157	347.1648810167046	241.58862913040616	67.08967929197269	374.6184868180376	395.6760262838808	723.8546731062561	842.0328918038853	174.29746831428193	71.09112200744626	2.992637321404399	650.9883175591012	210.191022959251	227.8254016937369	1201.3153712490775	0.0	21.218748717698222	6017.528271033033	0.0	1.048717119893984	0.0	5549.92055270895	0.0
PWY-6565	superpathway of polyamine biosynthesis III	537.1773439989471	134.94575828217728	234.1414834883596	176.12163794940687	112.59033903809927	1489.5721188351574	420.9758180410091	482.9830562341289	7252.701955024831	3019.0905459380906	2086.582892475932	284.20903048055186	9.42834890291509	11.852570010934578	5.9885961609741525	143.48606692820982	48.51943478787384	184.56890123247769	35.180109366703334	90.5424981215707	0.0	59.82260607701127	0.0	150.3296961314951	3160.6721089048187	208.45931780249992	2589.9292097131324	7308.210434224237	13.474143549556644	23.577662670084667	684.8848563746024	869.0278782170042	0.0	296.88992650753204	2725.0294506095984	0.0	903.438489861094	422.8506006939427	126.31228856323902	360.3780470677168	128.33466959856796	52.2444667748865	351.1306487703244	243.9576934264314	72.21255889670034	380.7720025774706	283.45763815561486	744.7114632759626	856.5793805017796	0.0	36.43413400287595	2.992728079705607	665.0651771549778	212.645653100082	109.41602912045724	1251.3710151275611	0.0	21.227573974222047	6240.441071420797	0.0	0.0	0.0	5791.66000079601	0.0
PWY-6588	pyruvate fermentation to acetone	722.5030148414411	0.0	230.8357129681469	7.991332395624599	0.0	13.987486739165105	356.70270154858946	1.6598250158004109	0.0	0.0	904.23861930334	6.798044059581943	0.0	8.405459049417733	0.0	1.1997619342213182	11.906729929209169	0.0	2.9992348222362684	0.0	5.99887603821879	0.0	0.0	1.6573121091501957	533.9886490120667	0.0	608.5589725345379	0.0	0.0	0.0	0.0	6.9960459057790665	0.0	23.96427712303048	0.0	0.0	199.5748714054552	0.0	509.8330078476668	2.998142899978084	0.0	0.0	0.0	0.0	0.0	0.0	0.0	0.0	2060.22097828336	0.0	11.97645775376581	0.0	210.03462409911492	0.0	0.0	133.0943185318424	0.0	0.0	0.0	0.0	0.0	0.0	644.0245384051083	0.0
PWY-6595	superpathway of guanosine nucleotides degradation (plants)	8330.696056421528	744.9798024516424	4601.720403419725	1461.847791267331	1877.8197538805125	4084.570445223713	3691.1202173460456	3139.773345638921	11610.565336909283	5169.473864454711	6185.965021400551	3852.290492039556	378.5593573075794	716.0495537739394	351.54363119213724	1526.560614791636	825.471075295094	4378.547287512662	4563.023766905041	1350.4405871219135	11480.320658217644	436.8227076408055	2022.5702752937657	489.0212179554854	4003.860157200914	3747.162162704209	5805.507221026383	11843.886248505873	1134.1631090490214	158.28718628100782	2523.0615761487898	2430.6541220185804	0.0	2322.146265938281	4495.856963835235	0.0	3494.435186746387	2006.0938011973017	2001.2845751720515	1296.1932981930763	2356.574949611515	521.2357072532811	1905.902557174985	1559.3651278915484	175.10489612270302	1760.0684392811072	766.2622298825588	1879.415061275286	2993.5036441596526	1088.3592188743069	571.793687699544	65.1145346417139	2021.240080933417	693.4288070636023	1485.92988110138	2634.614988650763	32.15419225966322	642.1069882481719	10268.048183155704	7055.795147402135	18212.14931253891	13337.995131546731	10794.256265674558	14.978426700151248
PWY-6606	guanosine nucleotides degradation II	11745.130333283854	3955.796991193917	9570.968781041363	2443.819802918278	7289.587586022926	6386.775308108956	4815.146321639814	5064.730014507752	22263.8031657456	7166.354042651333	13207.562955830124	8313.020579635975	523.441105127564	1139.6330907240888	1135.668637811959	2887.9759171445585	1527.9483565893402	6776.815172520295	11731.226728721997	3538.2794542185748	12825.03108584898	645.1212561211217	7107.102459901945	759.2292516509962	11236.85488870945	7973.340189854886	11020.061979455511	17217.92288466526	2213.4292569461763	366.82777887015374	12462.1900921908	8025.778937506492	0.0	5976.4380299753175	18801.05520435167	0.0	5290.948834594548	2425.154461358697	4649.2003533017805	1762.7077828343515	4806.888256088963	1114.0198575784527	2644.479065721651	3871.3580572390415	221.4433430684101	5939.2342241667175	1887.182167034267	3919.269950840088	7803.838209807786	3122.936309991524	1277.1400450739543	137.5812014801058	2757.745032780706	1095.0939441211626	4666.096617720739	3193.0800822910937	64.98747012528182	1067.5443906668438	31201.130465675116	48459.16755580244	22523.35165939306	16372.373481048711	37248.11243614111	6896.8421248168015
PWY-6607	guanosine nucleotides degradation I	7852.38988674967	751.3381263658582	4719.099757244514	1256.8235059280607	1915.5460221346568	4038.0426331145054	3965.630644784929	3277.5987330106746	12715.70551308469	7166.354042651333	6451.358715674514	3907.313236516208	332.4332185331577	1139.6330907240888	261.1613158713488	1233.8135837938032	670.3091461588522	3709.125452659313	3487.1020860300414	1031.6190774272516	12825.03108584898	645.1212561211217	1487.8709644980872	759.2292516509962	4102.628860780478	3835.567934228578	6121.940494137189	13369.991641976843	1084.1067490754488	125.58578169737405	2530.826772899864	2535.1603890732217	0.0	2452.5513432362864	4636.537203452238	0.0	3577.792351374064	2004.938285213512	4649.2003533017805	1762.7077828343515	2429.229684500119	519.0670654894925	1915.3765009352376	1621.0217497410074	197.4099468174341	1811.592159990987	745.2353229529718	1887.2225404583844	3153.283178506017	1072.428947771534	544.7923046150207	51.65558758578214	2169.74059193987	621.9725970396421	1488.2111540081028	2717.5533733555008	30.780056592884527	604.114036926918	10524.237536135404	7161.765184852385	22523.35165939306	16372.373481048711	11049.000770924586	6896.8421248168015
PWY-6608	guanosine nucleotides degradation III	7804.926729969639	3955.796991193917	9570.968781041363	1454.858398947949	7289.587586022926	6386.775308108956	4815.146321639814	5064.730014507752	22263.8031657456	4846.387536170278	13207.562955830124	8313.020579635975	252.4976351549298	477.9365728714023	234.65759592243452	1030.665297368275	551.7093700245044	2987.70418605427	3112.5217569787287	908.1204345187864	8204.846213723646	291.586428016294	1361.0163681676515	326.43868825916843	11236.85488870945	7973.340189854886	11020.061979455511	17217.92288466526	2213.4292569461763	141.5718392190433	12462.1900921908	8025.778937506492	0.0	5976.4380299753175	18801.05520435167	0.0	5290.948834594548	2309.653615321975	1621.8481648204156	1096.0066763096263	4806.888256088963	1114.0198575784527	2644.479065721651	3871.3580572390415	221.4433430684101	5939.2342241667175	1887.182167034267	3919.269950840088	7803.838209807786	3122.936309991524	1277.1400450739543	63.03676065041042	2757.745032780706	681.3807364204304	4666.096617720739	2804.541536033096	64.98747012528182	1067.5443906668438	31201.130465675116	48459.16755580244	18495.663888975847	13761.722267297924	37248.11243614111	9.994396848928764
PWY-6609	adenine and adenosine salvage III	25337.317887689656	37229.02994552336	25793.909726665897	23902.42765126136	26870.53975144071	26080.387535434704	13443.828531029636	30450.281632849656	29691.065004056563	27982.956250006173	26574.77016293372	33771.776188060954	98489.36778097636	79424.23264149463	36958.44673302772	25300.07736127892	43763.44632053324	40268.53204636644	41408.35188151527	47562.93867845868	46824.37686417313	44992.868271900414	44474.98225391124	48612.69671339542	29118.023515779103	31829.999631295985	23694.93469990481	26743.31770589757	12774.66387985173	36668.45280876349	21113.11941752393	27582.28406934981	0.0	18940.90969730758	29206.728515017912	139.8857142857143	26141.92047087879	37701.42431377434	8450.957205787938	20812.474332426027	12709.11611325586	11235.179527446007	11145.806063716722	11099.674110660848	264.5609058727084	25859.717393999843	43716.57658838155	33886.44108942465	13484.722830175086	35550.91897197485	23812.76775510846	20199.786271165045	7553.945758626507	15480.274299073211	15471.820552753152	41904.344378725255	292.0994792879151	28787.53009232888	24799.72563136304	23117.59226831437	23488.86529667759	16464.76812914214	24225.551536964795	13472.422478961633
PWY-6612	superpathway of tetrahydrofolate biosynthesis	24537.738301919	38778.64126693803	23622.837976664643	19152.548501368343	24341.886500795565	18656.423462164767	11079.837475303182	28320.0036244301	27986.79893680944	20748.724479016517	21896.98715535539	26399.50038637669	88045.35230998007	70946.86733942447	32716.46848076472	22783.959977037044	39108.607884476645	35738.77200332344	36276.01767751041	45531.97245165051	37989.07763925042	40251.74528561634	38900.12810469556	43458.46060633489	22761.59813695834	27286.99207080497	15831.645951468456	21652.04543457523	9244.887995286195	32676.470705967426	19024.02137505738	23371.38153841924	0.0	14538.550234356073	27304.56824437123	94.41554898233304	22183.312708540547	31268.180507407746	5451.788334335875	16845.69554633839	11712.26678722092	10328.488546886058	9893.085550308237	9110.640304588638	226.98506190369255	21331.008268778816	30143.0674212007	26164.899564835072	8954.993916595882	26120.373057380093	24866.075320324595	22203.126950151	7633.453821256044	18011.332360536053	13707.043620453533	35411.39674951384	284.7707467690302	27403.033756374884	24320.56451720244	26461.5609352164	17578.820877072405	12494.779294263271	26021.526454440736	6661.2420546441945
PWY-6628	superpathway of L-phenylalanine biosynthesis	21190.088607010333	37735.59038455994	19612.995505627605	19042.00369758495	22077.877901921216	18423.070525314382	12817.758043301284	28032.734149934724	26414.76548509416	19041.84721589784	20593.18585667413	26845.80972087449	90581.49507764388	73006.19514812899	33509.6621140404	23181.81624471311	40031.09736897439	35910.40878353538	34309.48831672616	45942.73646541595	36656.64945082253	41438.68569342143	38724.28563196884	44708.781993543125	19820.914587849853	28092.007896103303	17547.15133995278	21944.811757894477	10144.336747276902	30625.223872271155	16886.925598659265	21241.302665715117	0.0	16250.897199545894	26436.11267845339	87.02260487895906	21357.46965672419	30665.08158204838	5523.973377592104	16004.898050459771	11832.52919937282	10009.0339429072	9306.788625490197	9228.07002237553	288.1262616503778	18986.721535901022	27970.0657284351	25825.20347373665	9836.353431352622	25106.97183354381	23459.933563636914	22906.48331869595	7372.515809623911	17431.28287086111	11375.197165058358	34584.9341918115	247.13495824236375	25856.322443928817	25092.80556456556	25277.05521764765	13973.04588114256	9744.409780925169	26148.706318141358	7247.452375095618
PWY-6630	superpathway of L-tyrosine biosynthesis	21862.79423900437	37638.18821294693	19592.766669631208	19009.38695146963	23484.50969427084	18364.2140035855	12767.617633979336	27980.62359376344	25447.30547446811	18910.001815051644	20245.21335921741	26798.233235781663	90589.03131356368	73025.73295375938	33514.03651272585	23123.580137886947	40034.426400166725	35881.37105287759	34417.33789986943	45907.74922934763	36839.54443616542	41438.90863511183	38688.674164576834	44704.31042614917	19631.033159631566	28090.0682819608	17292.53584333198	21441.12377902645	10139.316460829485	30625.223872271155	16836.47839471268	21186.701254610434	0.0	16239.129441403882	25787.30406537247	87.02260487895906	21250.97371710829	30531.86067102049	5446.766095856018	15981.48780338384	12030.14851007354	10000.906017583253	9279.399934922358	9176.643108842589	283.1334378250208	18861.00438027647	27926.34158889077	25776.189392732376	9583.64904475941	24982.42626616656	23474.96049071647	22906.10447813856	7304.903824956896	17401.540764892266	11374.0707426359	34531.78840464127	243.86411911966675	25849.586905618195	24649.4173638602	25208.598839870625	13971.07919660354	9744.409780925169	25585.80597764068	7246.641715052243
PWY-6641	superpathway of sulfolactate degradation	0.0	0.0	218.08997406076352	0.0	0.0	0.0	44.52975203708694	0.0	70.7624839380988	0.0	545.2583458656383	0.0	0.0	0.0	0.0	0.0	0.0	0.0	0.0	0.0	0.0	0.0	0.0	0.0	14.813308307802671	0.0	0.0	0.0	0.0	0.0	0.0	0.0	0.0	0.0	0.0	0.0	253.78665281695277	0.0	7.17064775450902	0.0	0.0	0.0	13.327286699020926	0.0	0.0	0.0	0.0	0.0	4.99127997193482	0.0	0.0	0.0	115.16680331370256	0.0	0.0	306.8769215001614	0.0	0.0	0.0	0.0	0.0	0.0	0.0	0.0
PWY-6662	superpathway of quinolone and alkylquinolone biosynthesis	206.95868874722152	0.0	0.0	105.20510847121189	7.3338344615106354	348.28773631466373	0.0	0.0	0.0	0.0	73.68565546085398	89.56752689189024	0.0	0.0	0.0	0.0	0.0	0.0	7.9920119177209905	0.0	0.0	0.0	0.0	0.0	0.0	0.0	0.0	0.0	0.0	0.0	0.0	0.0	0.0	0.0	0.0	0.0	0.0	0.0	0.0	0.0	0.0	0.0	0.0	0.0	0.0	0.0	0.0	0.0	0.0	0.0	0.0	0.0	125.95504323927896	0.0	0.0	0.0	0.0	0.0	0.0	0.0	0.0	0.0	0.0	0.0
PWY-6672	cis-geranyl-CoA degradation	0.0	0.0	82.56702690402888	15.41344065321778	72.98809988867724	1269.6887032490488	325.73074502234573	1.574562997405633	6113.318620500945	1795.5741359231024	910.42658191518	0.0	0.0	1.327996702344891	0.0	0.0	31.99648846398694	10.666033115050054	17.95689675563489	68.71766888823693	0.0	20.57006867135961	0.0	67.40705195491341	1984.8820229030007	3.428110373095057	1985.6593368237347	6424.88171084706	0.0	0.0	0.0	526.9568914858954	0.0	20.21025380888243	2222.7357371631606	0.0	346.4931563535594	159.89244849319962	122.42191010316236	30.614451973925725	11.190707101836653	0.0	0.0	73.87804377520166	59.99107387542575	382.8299015357307	175.26656717953998	414.909514659536	651.6354620981213	0.0	0.0	0.0	295.3152045983413	0.0	91.9195085842351	129.8444818774453	0.0	0.0	4890.373431815487	0.0	2704.840846407627	1160.7168338054046	4482.470083874431	0.0
PWY-6676	superpathway of sulfide oxidation (phototrophic sulfur bacteria)	0.0	0.0	204.97211731920927	0.0	0.0	0.0	0.0	0.0	0.0	0.0	691.173968844268	0.0	0.0	0.0	0.0	0.0	0.0	0.0	0.0	0.0	0.0	0.0	0.0	0.0	0.0	0.0	0.0	0.0	0.0	0.0	0.0	0.0	0.0	0.0	0.0	0.0	130.31355643657676	0.0	11.63458520700884	0.0	0.0	0.0	0.0	0.0	0.0	0.0	0.0	0.0	3.989512040277985	0.0	0.0	0.0	133.38649954295755	0.0	0.0	0.0	0.0	0.0	0.0	0.0	0.0	0.0	0.0	0.0
PWY-6690	cinnamate and 3-hydroxycinnamate degradation to 2-hydroxypentadienoate	0.0	1.4680851063829785	191.71867413853747	1.4285714285714286	0.0	4.449909393551193	0.0	4.489445364238411	0.0	0.0	93.96503728111908	0.0	0.0	0.0	0.0	0.0	0.0	0.0	0.0	2.23972602739726	0.0	0.0	0.0	0.0	79.80817438692098	2.9347826086956523	0.0	0.0	0.0	12.461538461538463	0.0	0.0	0.0	24.55813953488372	2.998257690542648	0.0	0.0	0.0	0.0	0.0	0.0	0.0	0.0	0.0	0.0	0.0	0.0	0.0	0.0	0.0	17.973053892215567	0.0	0.0	3.4859154929577465	0.0	0.0	0.0	7.200000000000001	0.0	0.0	0.0	0.0	7.4954693438869615	0.0
PWY-6700	queuosine biosynthesis I (de novo)	25008.856776515644	36547.77535385532	27688.337904299307	19943.35867841709	29047.92507343749	23105.34902615563	12537.158430001542	27393.911516331493	24924.11629469856	17081.212733827415	24302.315640517456	28276.32376571412	98418.45585082856	78704.33942689018	36842.24287075733	24753.57536642105	43842.33341474888	38707.20123213312	42624.921673949255	44302.42936361126	46604.63830019318	44680.009663575765	42846.985144471015	48437.10341349887	22982.42913949895	27822.151903925795	17679.814804119764	20245.91326254917	12561.555315519228	28346.565659429387	19791.38810083074	21790.77262472911	0.0	15584.037815434824	24600.6228013086	85.0	21804.858383252893	29553.494311978448	4967.8951052511175	14045.026180232266	13456.128343973043	10211.72166346911	10239.249240332998	9329.68578882406	250.9171323529412	18692.49891164261	27375.29442775804	24299.593862706864	10934.241221544453	23421.741951264168	26291.708308544858	26077.011929250057	8029.813484047118	17152.832652666337	16324.11688740347	31394.090703461232	321.8131181063329	26541.409233289563	26244.71082847528	22613.856219954552	12033.362829312497	8348.399409042075	26065.207704699227	5590.686160972155
PWY-6703	preQ0 biosynthesis	14850.142297716751	23252.657323196545	13720.956447102351	9370.019904809744	15177.172178702853	8649.788856955696	7082.072157805336	15682.232546141478	19442.673722511045	6500.12068685796	9605.08931136367	13596.973600563875	85681.48530478834	68271.31107758547	31742.893705617447	18648.82032549093	37500.76573678539	28531.568315283792	28430.256592462607	33801.44060410887	28666.48661829278	39185.60649266658	30834.082043986316	42374.12392826087	11618.624288081826	15038.83995315701	10408.880361027766	13802.101764842244	4211.210926257725	15498.155120434472	12172.616495820464	11671.756096295956	0.0	7946.097139751948	16416.908455017197	21.265454545454546	11156.54942329036	13452.35720916446	4093.3314495646464	6633.081335323115	7412.400235865808	6293.206583078746	4729.132856913389	4921.185758108545	207.6762068692311	8802.035048632684	10452.527248905852	12181.31346192217	7781.280618908096	8152.149453492449	16041.77685048888	19845.124956773994	4927.127311111273	12047.971575512396	9681.178598014243	15239.415289054925	111.16311478977671	14398.54358562373	23295.98224637513	24296.5598704355	9265.57001450586	6689.590940071516	23840.075788435268	5589.42238330976
PWY-6731	starch degradation III	6933.13131014264	21008.567841292443	5063.836291629205	10457.508654956308	6781.369111732354	7863.810631087721	6824.021191625381	15132.517358946783	2973.1764300178106	12580.434107780851	7786.524142798974	13149.888310870232	280.7279331813457	1439.8025809678784	112.73904877374358	4583.242520785579	614.2685427557437	7530.428845134648	3022.1259682889045	12918.661121779416	8551.410431044596	462.2699552549712	7535.589533405073	225.4744796487062	8395.982597856668	14465.0757896082	7102.102824661752	4104.962253151388	3051.835304627743	20674.31295879157	5223.113970665526	12046.551841458631	0.0	9918.95585394456	6910.70864964301	75.1531291611185	12014.538978068647	20649.29818345945	1575.112726404985	10242.78672134331	3630.0994982352495	5321.217107501653	5229.416197699302	5222.811913019678	137.87287615538852	13691.198758811066	20737.99527088593	16077.055053554694	383.8552181080752	17124.095604706792	12909.943344811543	11841.86008328769	2177.782616300356	8440.907467027173	2356.084689431508	21415.47679158186	108.974250137506	17060.06734045931	0.0	0.0	8307.993684640263	6471.6574147701	0.0	0.0
PWY-6748	nitrate reduction VII (denitrification)	2535.8849653483444	14961.946170961672	901.5151881443908	3906.831961934197	1240.42974352973	371.2483212811495	2783.7683938400155	8251.209259210158	3818.336882387496	1768.2198914833666	3052.6343986447746	3472.477797755745	50.49622343051412	877.8302220163148	5.593961805608133	2675.427241792589	297.9794013795393	2716.334554047873	734.9052629284713	9818.112823953576	1326.26144795534	229.5589893425173	1711.4297537346729	114.1579451697591	1264.5308944013746	5396.409094432351	0.0	3452.916502640472	358.61087193947384	9605.874790312757	1116.3437305584523	5454.669476646633	0.0	1625.3775422161336	1217.1307920929864	8.571428571428571	2993.1944402566955	6833.592769096304	0.0	3517.280047232937	2147.098469823316	2879.375860099944	1467.7430715342791	882.7483785690272	52.12387207748012	4611.57616175571	2245.59659366318	4495.938867963397	0.0	1730.991526789071	8499.517899201419	13398.65825692194	1620.5849087917622	9111.086310962452	293.0273380917454	8544.161603428453	29.7903381029613	8966.15452411366	0.0	946.3685796116796	0.0	0.0	4.9979199996734405	0.0
PWY-6749	CMP-legionaminate biosynthesis I	384.1287930791058	201.8578624770128	830.246959091072	95.2387301339828	1222.4102356222331	113.6562856258163	0.0	421.5115600468994	0.0	0.0	1379.2588284786198	543.5972421998158	13.998861775853378	101.9247710311835	0.0	250.4337641231117	31.986387273021	197.3643680898216	525.6455054028655	0.0	559.0163816571148	1.499971226274058	34.64215679213821	15.9969831491958	161.15996997091068	619.4516802752702	0.0	0.0	15.982916081333393	137.6644496132102	0.0	0.0	0.0	688.1567020293174	0.0	0.0	145.3913433571035	252.831945977623	0.0	5.998686822264692	508.9173990623031	240.08265694269625	411.5201065481288	0.0	0.0	0.0	0.0	1109.9613995321392	0.0	0.0	90.78359217842832	0.0	76.0476692338486	16.990672008058787	119.22429739285433	352.9118893130618	0.0	38.6271148682042	0.0	0.0	0.0	0.0	0.0	0.0
PWY-6803	phosphatidylcholine acyl editing	4028.580258362068	21336.070134391823	8543.05891965538	6020.6747732779295	4043.827555851784	906.6116472053376	4580.1949113284345	12551.543916522223	5606.075694234373	3580.6146386112728	2659.4984289662693	4798.632760512978	98.83158684014182	771.3683678263427	458.5764736834762	4561.669805750581	350.01649230073383	4888.83096937409	1692.9383290210924	11336.059730987716	10083.490792883567	226.59257330980276	3431.93232572917	156.55573257452616	2032.127641559835	9302.184218926228	2528.043474308796	2933.119631044251	1040.800442399519	11604.065453848554	6595.349650751556	5547.908613925268	0.0	2969.6682485775027	9142.651693085403	21.551020408163264	5101.385752789044	9835.78364403692	4069.855460674965	6061.132939477826	5230.764168573698	4467.119157417615	3502.71073716262	1886.2669361006688	137.78400673146012	5118.363880015124	3110.371820290244	5747.012445843837	2248.159857822696	1479.2055346827988	10097.07801886574	6378.564986143006	2099.870021472717	12055.12239797872	5427.223558286966	11554.512852877127	22.483818401893306	9320.151795132266	9897.55595776714	25347.82998231818	2057.2814318631554	1439.7489590587406	14451.377676507083	5748.18783666377
PWY-6808	dTDP-&alpha;-D-forosamine biosynthesis	118.05932332249328	0.0	0.0	0.0	0.0	0.0	0.0	0.0	0.0	0.0	0.0	0.0	0.0	12.867719414806258	0.0	0.0	4.553779965091364	0.0	0.0	24.80807076785726	0.0	5.313864470610414	0.0	0.0	0.0	0.0	0.0	0.0	4.481977252770252	0.0	0.0	0.0	0.0	48.194640916208805	0.0	0.0	0.0	0.0	0.0	2.499831113562	0.0	0.0	0.0	0.0	0.0	0.0	0.0	0.0	0.0	0.0	0.0	0.0	0.0	0.0	0.0	0.0	0.0	0.0	0.0	0.0	0.0	0.0	0.0	0.0
PWY-6823	molybdopterin biosynthesis	7767.870465723001	10472.881202491038	8322.26378650606	6100.6742095254185	7485.703716543171	8094.517072365938	5872.253924481689	11239.423245547205	12101.347674545012	7762.413000071725	10160.036531127103	12636.791912884017	97650.81454728	77619.10837206981	35541.77612084647	17995.408484606673	42087.786225130825	28206.650798024355	28254.501359801045	30342.79619354026	23938.30291682655	44245.57112559967	29737.817903971976	48160.04496905314	7328.60632980772	12190.724469824749	7402.839715720363	12516.88280977035	2901.004849007897	10140.20705956185	4504.076636587067	6708.967005859012	0.0	7953.727078184811	15311.867322535682	3.5789473684210527	7088.291711068561	8731.17698077108	3841.147598428769	4812.676361151188	4707.894975609956	3756.651586931876	3087.952431345661	4167.869964045085	168.85748475699992	5618.239136380371	6189.794176087349	8066.42516041758	4155.574248678544	8015.697092830251	10189.884727464136	14455.104272593258	2669.862792503672	4773.681544472479	3820.0830467417545	9844.661439039008	75.6912821527503	8673.2627030404	13573.054584967927	17561.98403175703	16074.46489125312	11456.746917828776	15227.86571337673	6490.830547594288
PWY-6837	fatty acid &beta;-oxidation V (unsaturated, odd number, di-isomerase-dependent)	139.07985205844903	42.313076961050506	0.0	6.315789473684211	0.0	39.17665826171975	0.0	2.7220447284345046	0.0	0.0	0.0	3.862755189569394	23.12242090784044	75.83760953161445	0.0	3.844911147011309	11.812888452731436	3.730730393806799	0.0	74.42546210215465	0.0	19.710721082681328	1.2000000000000002	7.662055127257366	119.05842304437245	0.0	0.0	366.2396321860273	0.0	12.736800938599922	0.0	0.0	0.0	51.94444444444445	23.956605462287435	0.0	62.0811832019864	3.9738869304086695	0.0	1.9977529857202247	0.0	0.0	0.0	0.0	0.0	0.0	25.642250415258605	0.0	0.0	3.983826948347316	3.6363636363636367	0.0	0.0	4.941176470588236	0.0	15.181376311077004	0.0	0.0	0.0	490.3592024124733	7.988238407480373	0.0	0.0	0.0
PWY-6859	all-trans-farnesol biosynthesis	14127.10743060392	22480.323090956823	5146.867819416263	11760.477519211692	7069.639321078923	8932.248741199723	4903.196790086779	17345.75389104315	20106.2548008366	17077.94247380853	10709.40948277384	16042.317818151709	85893.46159219887	68772.11807190634	31706.39444093437	19205.603902708765	37461.80123409764	30342.46677205865	28929.446180303374	33885.07629650665	26970.00247321622	38958.57045686581	32941.56312239949	42317.60166687599	11780.907309365795	16931.506923633657	11126.435145081618	15911.759935117036	3087.5246966043483	21730.94616805117	9731.65171742812	16236.336193537956	0.0	10972.655116245454	16885.595449060962	75.55555555555554	13821.503506423323	21956.64815403905	5626.929825777016	13038.403528170718	5009.297743618614	6195.377911789768	6112.346634252946	6452.617778226454	173.3655324278711	14896.400652174125	22467.4402569465	18000.25908566009	5157.212016104254	18574.591920552302	13064.745278792076	13385.639800032128	3584.0580610909424	10221.992578228934	4453.122725826329	24186.387581256728	67.684232924746	16615.16798101882	13208.919341552006	15793.557514640175	17232.98163518337	12306.48988697308	13513.161591597764	6490.413985588146
PWY-6891	thiazole component of thiamine diphosphate biosynthesis II	7384.325277894896	5114.702061555052	9182.232298686238	4697.751463499771	6955.813884848755	9438.556611045396	2351.0932537642684	4825.004853634578	9151.797258962844	4091.344128880906	8925.63774510931	9287.495461485574	85605.19957548106	67383.44025309924	31309.78847472068	15104.688835386742	36787.690059597226	23667.197821769278	25661.097821610183	21498.95023780556	22083.498934892603	38230.68234303394	26497.00544003931	42071.12598171332	4913.195585685455	8345.172079357197	1857.093307168603	0.0	0.0	1294.155877527358	4902.593197053395	0.0	0.0	4895.855882935048	0.0	0.0	4239.756754171855	3925.489958993437	4047.696867703922	3383.6573113549384	3667.006229049776	1572.8399712240316	2606.048442951228	2611.6365322589927	0.0	2979.9143762405533	1858.347061203373	3556.92306031118	0.0	4502.292417656194	2305.966100094731	3226.4558545904824	1863.3498305482567	1181.8659662994437	3865.120830063997	0.0	66.80287212631127	1978.270734514886	6595.960231189873	0.0	8964.954672282596	6651.785462703242	0.0	0.0
PWY-6895	superpathway of thiamine diphosphate biosynthesis II	15068.092210700215	13553.187265719322	16043.149790543795	8952.34781347642	14004.228502612332	12103.209568757917	5235.653240778758	11393.493602851617	14806.919777890513	6782.453412664804	14862.906433229768	14577.538339690467	1153.770237440853	3159.822687739282	1800.3765235196167	8940.588359189569	2988.441381075008	12559.534036106666	16552.086020745228	21282.04957861029	21183.171328397708	1511.257467663182	11019.199804291387	868.6051939975407	10783.875712667394	14669.176291707608	4814.146022834056	10084.57309152927	7132.144191693642	4809.11197300488	9990.415694383091	7829.160953927409	0.0	5677.215714875428	15772.173192919496	6.92775866631384	9673.578219172856	9370.85902231729	4391.46919219817	6417.1688379796415	7352.488158742692	4066.848756784485	4901.266868320186	3515.950413830766	164.0470179783085	6507.2254081391	5138.0480056231545	8162.004749194496	6234.961366188367	8680.997234121467	7590.253545315508	8842.966628517921	4210.156966547145	4230.94795702288	9000.001269892173	6979.9096138121	163.90552590467942	6465.992055158806	13849.826773024672	17006.278137378824	10185.807306362512	7406.031692254881	16790.261162314146	6059.939239789569
PWY-6897	thiamine diphosphate salvage II	22148.122301601998	23367.81975624278	18610.000557101685	11804.58664486442	16733.797044389725	13061.285329109514	7882.999032041043	18868.1724610784	16735.004285379546	8857.726529275662	18571.370718571656	17832.75728296466	102972.78837190976	81412.88625574764	37446.28259804241	19650.451886493807	44765.75450825618	31267.245759679223	35414.62974499782	33329.131987910565	32195.689759798657	46434.29592161754	32759.18011693632	50597.269486473735	15406.70893570852	19097.10505578984	9086.925057152252	12877.901309508952	8049.19563979926	16902.1873105759	14001.857706170991	11840.099925926384	0.0	7674.10388430181	20959.45062972061	20.7686205376818	14894.232152805496	15052.790771358925	4803.562914382114	8469.90984163373	9848.437393310647	6994.667190426146	6692.107540083858	4977.540534748289	184.268494597388	10062.129800874169	10764.544194140724	13279.159400864615	7576.295698213307	12438.66033212308	20840.201241434912	21746.66524604748	6571.130206749291	12097.856321002484	13214.19740866653	17830.935515521538	274.1085247193591	16492.071712539375	19459.857777409747	21769.826468692205	16054.182283618946	11930.920021569536	23955.793586322605	6584.27755431886
PWY-6901	superpathway of glucose and xylose degradation	15292.008710973809	9468.53052745183	11457.296794997112	10269.380633695648	9648.14621575828	14879.850116575444	8667.964073456144	12969.274142623748	21614.277706332254	13387.024518407332	14491.630626441742	16768.843858448956	95457.43205465798	76274.22986820585	35285.2643940903	21401.278538043636	41814.61539525999	33244.91888043769	34317.93459870441	35492.691506087205	33705.85168587819	43555.95697556122	35731.185141386384	47178.675253639216	12272.60672496598	16608.98853107602	13171.973654054436	17045.651481258672	4688.424560552087	962.568285465426	8566.332257179387	11295.433887633808	0.0	9300.867547816066	19024.285681688976	0.0	11500.127748781217	13979.847375931682	6381.24253407684	7640.821820805921	7375.210068288862	3668.1925506703046	5066.4526980060255	5530.464934480036	207.0079049804883	8239.686396288813	4854.736388856043	8705.279794796179	7988.354236543137	11893.511293078604	8110.054681794842	1061.26569974593	4724.868333517979	3190.156995478273	5803.742961472478	10752.77964895322	112.73389458651076	3458.95846169441	14968.166725183655	11500.83991173378	18449.60437366696	13174.758325193889	18362.881975758035	8358.421221894088
PWY-6902	chitin degradation II (Vibrio)	3825.259333119858	931.8489429382072	2506.734081211921	1997.721914500476	347.4153450048442	4484.471012522857	2632.233994309139	2872.5116107536837	17485.077871000707	6129.33402146684	5648.011710381382	2957.56610480647	206.62535657027212	691.3272126214827	4.287929732320027	1104.8197514829826	205.26914732907363	2487.1417938249715	1333.7454567247355	755.092212705665	419.5719219869904	183.8957365558424	801.2272407531343	136.97410275672107	4288.674695546142	2389.023816662839	4780.336436042834	12959.171528137034	4328.128313031266	471.0789207338584	5236.887290525611	2063.652496397084	0.0	1199.2151524588398	10182.592142690504	0.0	3529.792635876435	1530.1980490315868	6345.145413907122	2955.0620407385154	826.5433501809822	336.7528095055369	2054.413361585297	1427.5092096884132	175.64412421390287	1595.872933701802	618.2293858371129	2127.1500297701787	3890.5168864590696	2264.223513478752	1215.1415450883787	317.6535774546537	1809.7106113384732	675.5257543610796	547.3752331818788	3871.827691048799	85.07277222320735	1758.6158130986892	9157.469616904082	9353.097777322771	14249.327437182565	9747.89733100986	11226.99684851604	7064.755063291139
PWY-6906	chitin derivatives degradation	0.0	0.0	115.66068460210126	0.0	0.0	141.57328335644254	170.1969577975187	0.0	0.0	0.0	1828.6919750740735	0.0	25.99607527620244	0.0	5.809681342979142	0.0	58.38014886782592	0.0	42.812042941864	0.0	0.0	0.0	0.0	119.16628705133118	2274.4984054749225	0.0	0.0	373.831140230588	0.0	2.999791808256329	0.0	0.0	0.0	29.971093531695946	0.0	0.0	75.85155876150253	0.0	65.59079226225369	0.0	0.0	0.0	0.0	0.0	0.0	0.0	0.0	0.0	1190.1681992532822	0.0	165.42669493228126	0.0	103.1151586349751	17.884741567265163	0.0	83.86414147462723	0.0	0.0	0.0	0.0	0.0	0.0	1653.1812302930275	0.0
PWY-6920	6-gingerol analog biosynthesis (engineered)	0.0	0.0	0.0	0.0	0.0	42.16860333950411	0.0	0.0	0.0	0.0	0.0	0.0	0.0	0.0	0.0	0.0	0.0	0.0	0.0	0.0	0.0	0.0	0.0	0.0	0.0	0.0	0.0	0.0	0.0	0.0	0.0	0.0	0.0	4.402754671549086	0.0	0.0	0.0	0.0	0.0	0.0	0.0	0.0	0.0	0.0	0.0	0.0	0.0	0.0	0.0	0.0	0.0	0.0	0.0	0.0	0.0	0.0	0.0	0.0	0.0	0.0	11.798415679195156	0.0	0.0	0.0
PWY-6922	L-N&delta;-acetylornithine biosynthesis	750.2268822405482	3107.993502655002	3404.6282765785318	579.3941089652102	6582.427946943637	685.619591847106	670.2100751070709	3885.270794741676	3495.474090045305	656.1991002827352	787.9801606849653	1915.0185567786616	336.4966107585622	2412.8488126840493	721.5618013459533	5127.553733128284	1131.5252887618944	8426.133763720858	3247.104796226812	21018.20399446281	11606.63160197214	985.6326849750684	4391.038218273154	387.1706493761228	2029.8574798573825	1988.2395159123248	0.0	4161.403968429554	79.55998878991971	2615.57157597922	3089.9195728002064	3648.932876265944	0.0	1819.9211350513988	4553.462309104557	0.0	1506.2139553495144	1912.6549408115504	200.4517920665629	933.0797868275672	1928.38044574575	606.5169692604234	543.6314209903181	791.6796431644538	0.0	1741.7214522206846	436.1674989865042	520.3707882443161	0.0	1534.8159489282607	4536.3552920809925	4511.928526249744	475.09118422937655	1484.9205380698666	617.4606851227384	2414.6856681485847	6.687086182201443	2437.193960920964	1519.913691891595	9967.738818909103	5044.114645789336	3044.2233309257235	935.674394145395	0.0
PWY-6936	seleno-amino acid biosynthesis (plants)	12400.508086704864	34407.496439440045	7519.531670803217	17073.077437035474	6567.7620908076615	11818.649977566509	10131.974717062	25804.77419499789	18601.618175731328	18280.79479379395	16666.74340063607	20100.80743030944	114624.3694345098	91822.30837445658	41935.48578266866	27658.81293362492	50470.62372319198	43424.81617425517	40873.40596865424	50741.31264999053	38865.44960413636	52023.21840308211	46898.236000226905	56622.6393627649	13885.190220068078	22710.020805147324	12397.41711257249	15615.225575530976	5093.965235470672	31216.639006268266	15556.036013513309	18524.010046853386	0.0	12000.095426538956	20503.42703196068	85.9659090909091	18087.862383366784	28192.50355990398	5966.199651408824	14863.428960040192	5955.029006712505	9776.779099842324	7207.6816550571	6942.038312916758	262.3240821728488	17999.15255234475	27210.3014881277	25671.38860293316	6623.671976210658	23654.01525825163	22654.95598648772	27022.12763499384	5282.100810013672	16686.980473203035	3052.496521997456	33359.0114554467	168.11024034470378	25564.5840513922	17064.024964564727	23891.253004576123	17550.00914569501	11904.490936374306	19810.924225330145	7983.308149153116
PWY-6946	cholesterol degradation to androstenedione II (cholesterol dehydrogenase)	57.784630729379614	0.0	0.0	0.0	0.0	0.0	0.0	7.298128171868302	0.0	0.0	0.0	21.629387417452318	0.0	70.09319458553723	0.0	0.0	9.785531348218676	0.0	0.0	46.62108297228332	0.0	35.406045250597536	0.0	0.0	78.92727243649362	7.283056612177206	0.0	0.0	0.0	31.756898687823917	0.0	0.0	0.0	183.77825717216965	0.0	0.0	0.0	0.0	0.0	0.0	0.0	0.0	5.851617637638797	23.34950524076404	0.0	0.0	0.0	0.0	0.0	0.0	0.0	0.0	0.0	0.0	0.0	0.0	0.0	0.0	0.0	716.4441995672075	0.0	0.0	0.0	0.0
PWY-6948	sitosterol degradation to androstenedione	39.72359279348039	97.42440432462516	60.190820433791565	190.67276810760745	56.12694877505568	51.58919607356246	181.52980962879488	403.70683928936654	167.79513081532752	518.3097319402789	708.2205463796	108.69366470644997	0.0	54.8492906216705	0.0	169.34378988612562	7.999560846260236	140.90286739020635	3.106558731088435	289.2935524442754	0.0	77.29336735335923	210.86963732234	65.74762305928786	121.4413017116522	289.7053995190419	0.0	0.0	0.0	107.14461131211247	0.0	367.0124518716676	0.0	181.71166565617276	508.4534896185687	0.0	129.20317157774207	311.5219163975101	17.134794123913682	535.787849323808	137.3533871949578	198.50677922475916	179.73106693786366	188.97047556180803	0.0	123.02193842157348	13.016098644515868	120.41753135967308	0.0	55.50932770071496	18.111299896560897	0.0	106.49955209833357	367.1887241053119	21.9071430764036	709.5252877627412	0.0	10.870341707346112	0.0	492.3381652431688	5.332822435197561	0.0	0.0	0.0
PWY-6957	mandelate degradation to acetyl-CoA	0.0	0.0	0.0	0.0	0.0	0.0	0.0	0.0	0.0	0.0	0.0	0.0	0.0	0.0	0.0	0.0	0.0	0.0	0.0	0.0	0.0	0.0	0.0	0.0	0.0	0.0	0.0	0.0	0.0	0.0	0.0	0.0	0.0	0.0	0.0	0.0	0.0	0.0	0.0	0.0	0.0	0.0	0.0	0.0	0.0	0.0	0.0	0.0	0.0	0.0	0.0	0.0	0.0	6.198425024326739	0.0	0.0	0.0	0.0	0.0	0.0	0.0	0.0	0.0	0.0
PWY-6961	L-ascorbate degradation II (bacterial, aerobic)	1105.5015366521964	240.2257494587796	548.5929354079199	538.1109961473529	334.7380430668143	680.0490646415413	1459.8636688316967	1156.229070533639	0.0	0.0	1898.7862827731487	917.2418209154454	45.47383686895955	0.0	0.0	291.3535213334645	275.7498669864872	1037.8959394785743	492.4188055395196	334.1693708379531	32.17982476917984	23.82887268386472	571.7459193214489	0.0	784.8201779913107	1175.8158221563506	0.0	0.0	1007.9240959072276	286.8693550427857	0.0	92.68191641548222	0.0	340.3938011758244	0.0	0.0	2077.868643483436	2094.595808462941	0.0	170.9959696674169	598.4741260969996	372.18505608414426	525.95978023563	28.911468948591377	61.19203374634186	0.0	2336.051142767192	1049.184831034237	0.0	1291.336478697598	28.617200530074985	0.0	179.3193481202934	218.5013570482685	365.4784450705515	1335.6740869502623	17.664999259805434	58.7617939341397	0.0	0.0	0.0	0.0	0.0	0.0
PWY-6962	superpathway of trimethylamine degradation	0.0	0.0	0.0	0.0	0.0	0.0	14.78826089382358	0.0	0.0	0.0	0.0	0.0	0.0	0.0	0.0	0.0	0.0	0.0	0.0	0.0	0.0	0.0	0.0	0.0	0.0	0.0	0.0	0.0	0.0	0.0	0.0	0.0	0.0	0.0	0.0	0.0	0.0	0.0	5.857740585774059	0.0	0.0	0.0	0.0	0.0	0.0	0.0	0.0	0.0	0.0	0.0	0.0	0.0	0.0	0.0	0.0	0.0	0.0	0.0	0.0	0.0	0.0	0.0	755.6806809024964	0.0
PWY-6969	TCA cycle V (2-oxoglutarate synthase)	14713.940684939167	28388.27368023244	12936.5167582738	11648.073228655729	16606.154327005	11474.595186926026	9124.485952512016	23131.63900825845	25937.35753852437	12206.909766295224	14800.0503883133	17550.39394424313	109102.0682997812	87274.59192744584	40671.20200540233	24578.52787491524	47945.695320318766	37154.51295006414	38904.97942100128	40588.95839935681	39402.48408180681	49421.88583293812	38939.792920577696	53679.50038717278	14570.172141693798	18688.37960594929	10855.046526813514	16132.536509628457	2222.007672514893	11358.176034364946	13714.373624105036	15110.617102601373	0.0	10465.967085639166	23934.998120095646	18.337078651685395	12538.0663440108	16970.17020986546	5007.213711149076	9392.120246861505	9892.969228333744	7051.510028647296	6123.398545970875	6417.856906322376	244.63304649428864	13330.814843387992	7817.028050120514	10962.07713783446	7992.879300907743	8876.419778042296	22128.89831947395	20045.468046441103	5376.474846159577	14984.729621043136	7036.466884934298	18138.56350098827	133.90694189588186	19562.921254152247	26177.14506880469	21447.938520495627	2293.33647108942	1198.7698085826632	29633.82480380352	859.7549633193937
PWY-6992	1,5-anhydrofructose degradation	0.0	0.0	0.0	0.0	0.0	21.828576097578274	15.415751265308993	0.0	0.0	0.0	0.0	0.0	0.0	0.0	0.0	0.0	6.817694670587919	0.0	4.166463918810663	0.0	0.0	0.0	0.0	0.0	0.0	0.0	0.0	0.0	0.0	0.0	1147.587740271808	0.0	0.0	40.05605797432481	665.1052071928244	0.0	253.6368117007842	88.40436671862813	0.0	0.0	0.0	0.0	0.0	0.0	0.0	0.0	0.0	0.0	0.0	0.0	0.0	0.0	50.42745511032192	0.0	0.0	51.137898988386056	0.0	0.0	0.0	0.0	0.0	0.0	802.2746733030492	0.0
PWY-7013	(S)-propane-1,2-diol degradation	12340.35504791658	1801.86815370989	12004.82167806593	3864.91775679342	11231.187421269718	9197.63532123176	5275.304082880556	3948.16089241206	14887.838525367648	7630.377054863681	15644.190642378524	7315.720922768427	1506.7284330237237	782.1598169196566	225.3715011161144	2597.4664213242413	690.2091931569927	2830.781180337499	7826.142691598688	2155.565874656509	10007.08145547377	174.3517047364855	3861.857699064373	1182.5522231287243	4281.557325059736	6472.442634141419	3798.600311561559	8271.757595538966	4433.165608250833	1268.6945616726491	8635.095731094412	4934.521148552301	0.0	2691.6812737888845	15713.885747868808	0.0	7026.863712418053	3535.548135195313	12009.589736604154	5351.787230145376	4585.146575726608	1315.6591257793102	4421.629360506872	1679.6899932228227	221.7576731220657	3755.84970176384	2740.963526449895	4006.5568611897866	8774.251643377716	2544.155202375159	1341.258303980338	42.22002857446038	3350.9006765400927	235.09316798358975	3533.0813472158643	2982.195896031604	101.01172396043972	277.1300404634765	11600.350626345706	18912.79612907126	8344.98953343517	5758.509496970742	16566.231878447426	20862.604200323105
PWY-702	L-methionine biosynthesis II	12280.151503469991	31281.23017930855	10822.510133105125	15486.312897326963	10211.678875758604	12355.51168166948	8881.470041917575	22712.41212165556	21033.53962204976	16492.68166192941	15805.656607665844	19424.24884774649	102921.25844608116	82408.60862399304	37421.341507993406	22788.0229892513	44579.51167353909	35175.27890149045	32774.94912240962	45951.4001082907	30990.575592910107	46716.04357718758	37308.0263051302	50789.86576977754	14365.866413808582	20836.011678466668	11955.458073863678	15487.001677313388	6334.421102214686	29447.00835514183	9762.62608283824	17556.21007981923	0.0	11580.572141869156	21302.486466185244	86.29277566539925	16349.93840486537	26022.094966208788	5468.282031430755	13540.460826615912	7234.396285065661	8518.91384208886	6573.962861252634	6613.190322382619	186.79757812149745	17232.640722949323	26217.902320987698	23000.459403104756	5874.912266089836	22107.69946799667	19325.70823963388	23678.065520785123	4986.324770419913	15208.425139701383	5549.510317306963	29858.91700760161	148.6581323083746	22289.405300977283	14683.925114611016	22254.619506760795	14624.96065225025	10481.852895755386	16763.080232686614	6794.520829602036
PWY-7031	protein N-glycosylation (bacterial)	575.0855392776582	374.1287249272982	1191.7914224660717	151.6242376150958	882.4231278499269	74.31905458092518	336.729964387608	599.8937284123684	0.0	516.1402282020371	273.874079035499	763.1083464077503	29.608402100525133	11.033544745406488	0.0	722.9142293538549	30.791120146818965	675.9437174502741	295.04476336644603	74.58377340611437	926.1255992524422	4.917448290575203	812.8442720944842	14.738735648476258	229.92386353537856	1297.7345151744598	0.0	0.0	373.48153439083217	53.85412270638305	0.0	66.33968366879532	0.0	457.3535776629898	894.8449680162104	0.0	316.1353779351299	486.771564315156	0.0	30.32987904402737	307.4459364200239	204.91259418681597	434.2235111967681	135.41257554105414	0.0	0.0	0.0	775.8532901833873	0.0	550.8228766417762	25.578250247012605	0.0	259.9586501740644	37.09221610114648	295.3498423319205	397.1224212392997	10.55632703147966	46.38462474023776	0.0	0.0	0.0	0.0	0.0	0.0
PWY-7039	phosphatidate metabolism, as a signaling molecule	135.69764708824044	5.9977953523578105	9.951745835665616	0.0	7.94585448392555	0.0	0.0	5.9956904394794055	0.0	0.0	193.64951821002776	0.0	0.0	0.0	0.0	0.0	21.59559499339917	5.994908854350808	0.0	0.0	0.0	0.0	0.0	0.0	0.0	5.997093652213507	0.0	0.0	0.0	0.0	197.5864473951776	0.0	0.0	62.41434262948207	0.0	0.0	63.65621952263529	0.0	0.0	0.0	0.0	0.0	27.805858901022702	0.0	0.0	259.92334803621554	0.0	0.0	0.0	0.0	0.0	15.96992509468896	0.0	5.993321782490455	0.0	0.0	0.0	0.0	0.0	0.0	0.0	0.0	0.0	0.0
PWY-7052	cyanophycin metabolism	339.054616861861	201.33592367361996	1011.6699275468724	39.75318112949766	0.0	582.3610603640425	118.2344678675674	19.458962068096064	6215.830958694214	120.8236585027925	1245.1422403779986	11.991276358018068	32.40472564977684	0.0	0.0	0.0	54.31769793215577	41.690543723672775	7.437179261335077	0.0	0.0	0.0	14.93696789815881	23.79033499227401	712.87934422701	43.399930961256416	1951.111187607573	4682.313238481271	0.0	8.555886916333456	3242.182298099863	1590.2957498172857	0.0	259.3133109754277	7996.425159010601	0.0	422.2027088443544	129.607795527425	26.276207832997624	90.46797301906328	40.05044217455012	8.970015572187936	32.7771924428297	76.17857585674032	0.0	1621.3572987221569	339.4998656708398	743.1010407632264	0.0	605.8296044225941	14.72845584035808	14.30257001777735	193.85062026032776	83.91108243709246	0.0	258.4964446084273	0.0	30.66528653027068	6431.5226108854495	26302.21156438944	0.0	0.0	9788.682553104842	0.0
PWY-7072	hopanoid biosynthesis (bacteria)	0.0	0.0	124.74129821260584	0.0	0.0	14.54823282398227	66.16833308461423	0.0	0.0	0.0	387.83361497465233	0.0	0.0	0.0	0.0	0.0	3.428571428571429	0.0	0.0	51.63781890945473	0.0	0.0	0.0	0.0	115.42538889955829	0.0	0.0	0.0	0.0	0.0	524.7412980449217	140.98301245753115	0.0	0.0	225.81220013708025	0.0	271.53697593324137	65.05103414514747	82.11918039977442	0.0	0.0	0.0	7.384615384615385	0.0	0.0	0.0	0.0	0.0	623.0	40.385477364410576	0.0	0.0	84.56561278588289	5.440534292319548	0.0	87.61314963852135	0.0	0.0	0.0	0.0	0.0	0.0	0.0	0.0
PWY-7084	nitrifier denitrification	0.0	0.0	0.0	0.0	0.0	0.0	0.0	0.0	0.0	0.0	0.0	0.0	0.0	0.0	0.0	0.0	0.0	0.0	0.0	0.0	0.0	0.0	0.0	0.0	0.0	0.0	0.0	0.0	0.0	0.0	0.0	0.0	0.0	8.975263945170617	0.0	0.0	0.0	0.0	0.0	0.0	0.0	0.0	0.0	0.0	0.0	0.0	0.0	0.0	0.0	0.0	0.0	0.0	0.0	0.0	0.0	0.0	0.0	0.0	0.0	0.0	0.0	0.0	0.0	0.0
PWY-7090	UDP-2,3-diacetamido-2,3-dideoxy-&alpha;-D-mannuronate biosynthesis	1907.5683404906088	3774.908025523903	7140.37645916543	495.2511655596615	7604.085369476093	344.97889489376536	539.2293811693199	4961.85227778648	0.0	128.51057404452223	871.4852792299557	2837.516211011665	0.0	496.7105953314237	327.15734876661173	561.5311862798449	201.64837127629684	1252.08527345905	835.7657534685786	891.7575484067938	7169.293388377284	97.90753839884324	944.0437100776276	18.942418747258333	511.5737548499739	3675.3232625159912	0.0	0.0	32.88590355081131	2871.197849413995	2416.8290758276444	3630.7331559440377	0.0	1447.8014407170706	2059.242009119282	0.0	280.2239172863265	1484.970487364158	49.86015949517681	173.9278322385645	2528.3498220078804	819.0255082563907	731.4410658942713	1045.1196826420487	0.0	1581.4767789926902	269.07140379314075	689.9252289866512	0.0	494.0989805357446	5579.010993122341	9044.457420676226	484.9847083757107	1181.0019285958083	2963.344249925313	2136.541905242808	18.53930255779049	4565.700969800981	0.0	0.0	0.0	0.0	0.0	0.0
PWY-7094	fatty acid salvage	3620.6909792189545	1510.1057079266131	4547.478216140273	292.3418545269242	873.4784623221216	4277.943054717927	1863.583207143302	793.5988801988868	25925.83684414403	6725.563086586972	8003.732784756004	594.7119745232437	406.4487987768815	2231.1792200038126	35.55639993119917	513.5906175243985	674.1289174337669	334.4191979562709	451.06132369023936	4547.740462822908	88.05187923241239	976.9189571457232	143.52712678102642	1225.8854878152918	9847.788677728762	767.3860994998686	10425.723823811852	20552.12141462579	21.112443554153398	481.2817278307158	13425.422707305092	4004.9281358110657	0.0	1375.0725409086317	23082.884784665723	0.0	3428.0271111633483	1746.2614566262162	6836.656798251635	2731.293873185401	473.14534972040434	451.4990393513178	187.86471333824056	496.5666391886462	249.1621645600928	4846.420143063556	1643.6044045794706	3605.46130803678	6730.74347094712	1164.532988405323	731.0274460210637	1202.503407848449	1747.0483940872127	951.7790477027504	963.7478215693196	1871.7039459860368	8.603098413672877	755.2998066158682	34545.3126604542	72388.0019053513	14033.960456794744	9003.094373528887	45391.688946459006	9023.611980321755
PWY-7098	vanillin and vanillate degradation II	0.0	0.0	299.045191994992	0.0	0.0	0.0	0.0	0.0	0.0	0.0	383.8220539257168	0.0	0.0	0.0	0.0	0.0	0.0	0.0	0.0	0.0	0.0	0.0	0.0	0.0	0.0	0.0	0.0	0.0	0.0	0.0	329.92366689406174	0.0	0.0	0.0	0.0	0.0	131.4897584903571	71.27504582009124	7.866486599266373	0.0	0.0	0.0	3.207990599294948	0.0	0.0	0.0	0.0	0.0	0.0	0.0	0.0	0.0	79.47696033165737	0.0	0.0	0.0	0.0	3.295666296264638	0.0	0.0	0.0	0.0	1280.6286124412643	0.0
PWY-7111	pyruvate fermentation to isobutanol (engineered)	11346.813780796094	38332.10644739051	12930.83315943402	17288.38650685871	16168.713562057615	13778.73783581071	11298.49908366907	24681.04770509888	31065.58822802172	21698.555347089976	13480.702949785731	20475.325406506177	106808.39296656418	85763.9762852897	39378.3084751314	23071.867730699458	46552.41263905742	37070.59597328617	32562.32582259231	51322.88230720064	35958.53688772984	49367.26455254271	40946.32538235148	52915.440152674	15207.038272042597	22218.716352914773	18914.64336807839	22774.66809913041	5258.478902619952	34300.436195524024	17679.012456367534	20756.682613489727	0.0	12675.838896737683	28148.259044459504	106.34378739146185	18392.350251023312	30673.350120696123	5967.965174290077	16662.841740039003	8414.314747632405	9366.025892213134	6652.647707636631	6487.660321095807	325.7120294697904	22149.04639890121	31083.362740194745	30074.531134668698	10261.901279639123	27301.478925247924	18345.20497586481	21613.72826470365	5538.060196956974	17880.62922824581	5159.711847655977	36788.560866416	120.6446018703232	26219.47890086869	31572.87077067074	37350.59365090896	12327.92400514458	8844.679215544633	33569.83905678456	8432.821597697679
PWY-7115	C4 photosynthetic carbon assimilation cycle, NAD-ME type	17520.011235725207	25238.12199630613	13622.426240410234	13419.94631773282	13738.18500052442	12162.85363635596	9383.113719588197	20107.174527134623	22070.513626299748	14487.638313868736	13939.224596361692	19303.258876178086	877.4557946253193	2833.547143901289	1504.5389552756897	7940.943702926625	2040.6780868392989	13422.135707617585	7077.644840843368	25219.323428723877	15451.0692773756	1666.7103006076825	14026.979054459334	856.404106176882	14230.788884475973	19938.97572346817	13271.1342771279	15451.194178806843	7652.355884181991	21898.12078464383	15624.935714362718	16155.446689790471	0.0	11126.04814392809	22247.120158620477	42.6158932202049	13802.057339131878	19593.67700040668	4523.817634454722	10745.1468410473	8106.601524241601	6697.343227754367	7051.916813132135	7026.454198660945	196.82170327464672	13965.60403758594	17189.364261199997	17563.470970202205	8267.369764748033	15557.847945756255	16450.317079337223	15557.028469060848	5091.675075860081	11339.31132473074	6033.869897521207	25436.92930065848	167.74928613407494	17972.10664459365	20657.51032684948	20548.785342102805	5907.221298499621	3443.513532177376	20700.91041966657	6296.8076223856415
PWY-7117	C4 photosynthetic carbon assimilation cycle, PEPCK type	13573.51422989878	29488.27224562603	5103.12222500494	13913.529086899454	6046.186749603164	7588.454306413807	8845.766192627854	21220.25008892384	23061.527853131447	13119.465211512428	9704.91274526846	17195.20879658786	696.1468906844595	3222.6636993256875	28.17695040105132	5695.919341443796	1820.9851442167435	12498.618353446249	3653.014935017136	28538.980205556472	1714.4199095002791	1561.4338663078984	11635.235388188825	614.7784450323416	12352.992067814388	20213.075650990268	12070.973364574544	17573.142772792602	3890.210246829253	22187.0167894183	11484.789659970227	17228.21733366018	0.0	11252.878443334928	19452.173625224605	12.443236384186276	14216.908337192886	22219.46387974413	4886.827282993736	10872.123359292202	5480.5297364539	8225.343891052575	5861.340326805836	7023.551950186806	200.55387811278044	14950.266897236394	20921.03189649087	20133.02528194362	5892.801200932368	19103.9976997842	15251.350578930444	14770.000617615458	3951.4927422329447	13335.107377621054	3314.779774412908	25775.99767110996	89.4603421465171	19159.013300942184	15144.572406946936	25584.26475941713	6129.958485782207	3481.0731308628456	18096.424214740367	6669.599136845892
PWY-7118	chitin deacetylation	1353.6210738187087	2391.7153286406624	1509.6304913347876	406.1044504328407	522.8688650654386	3138.043004434445	1157.6818759917037	1867.608926008115	11440.624284166315	3657.982277945383	5588.604000368101	721.398397283742	158.74984129903496	1028.6447851841676	14.85738159587709	51.74341397764188	136.95033053117527	275.20422161362075	271.1973464949921	1486.229700016217	11.418353296117573	292.6087606052505	58.61754451026762	383.0878722167093	6305.97846917363	810.179536331689	4262.558018671959	9242.198260338046	165.32137628534056	2531.60400982504	5158.049017235093	3072.4932723804245	0.0	1114.3534477638666	8034.797061209548	0.0	1673.9028381125302	1954.0589533705663	3911.301122811519	1796.9034729583136	382.2410712651184	429.3300914238776	159.09636818032337	450.5152475193962	132.56743780655134	2875.1339858182832	862.8317029751943	2189.4083136069053	4479.0201292293405	657.1185973563519	5107.07663787277	7767.082260998862	1185.9736693796706	1117.337580999138	364.8383091022985	1579.799282580369	32.189999640645325	4689.929011972895	12546.909526761106	14961.04728075411	5424.893976567075	2976.292497694188	15126.782353256003	6455.912112708084
PWY-7153	grixazone biosynthesis	0.0	7.142361307668775	306.66679327070807	0.0	27.392684803453445	0.0	36.968081202082224	0.0	0.0	0.0	0.0	0.0	0.0	0.0	0.0	0.0	12.953221036995783	0.0	375.1028842390713	0.0	383.6986419547961	0.0	0.0	0.0	0.0	0.0	0.0	0.0	0.0	0.0	0.0	0.0	0.0	0.0	0.0	0.0	0.0	0.0	0.0	0.0	65.59410928274164	0.0	0.0	0.0	0.0	0.0	0.0	0.0	0.0	0.0	29.88417720852588	0.0	50.744415474390166	0.0	99.0961498497118	0.0	0.0	0.0	0.0	0.0	0.0	0.0	0.0	0.0
PWY-7159	3,8-divinyl-chlorophyllide a biosynthesis III (aerobic, light independent)	0.0	26.733043645609328	0.0	0.0	0.0	0.0	0.0	0.0	0.0	93.99334841340752	974.3797235253152	0.0	0.0	0.0	0.0	0.0	24.205381214292466	0.0	8.949212730369464	0.0	0.0	0.0	0.0	0.0	320.0985474752205	0.0	0.0	0.0	0.0	0.0	0.0	0.0	0.0	0.0	0.0	0.0	157.93578149171785	0.0	0.0	0.0	0.0	0.0	0.0	26.53419208039821	0.0	0.0	0.0	0.0	0.0	0.0	0.0	0.0	11.948667793115614	0.0	0.0	0.0	0.0	0.0	0.0	0.0	0.0	0.0	0.0	0.0
PWY-7199	pyrimidine deoxyribonucleosides salvage	442.6257715760127	0.0	21.99006738988655	67.87082860766425	0.0	292.42071451906304	73.7388286780992	0.0	5.999117284020241	18.988614817515398	45.41423938517352	75.49393254423374	85571.7249724651	67560.5045874533	31568.05155732902	16049.142078631658	37154.50893165878	25532.72223146515	28082.054812824703	23264.04164622624	24739.90521347698	38576.789556042655	28805.671821194	41983.9856184767	320.7861345751493	0.0	598.0352620538063	3970.638577415895	0.0	0.0	165.050754133057	0.0	0.0	285.28024993999395	0.0	0.0	111.89182995955636	0.0	51.71924695054842	0.0	0.0	0.0	0.0	0.0	0.0	0.0	0.0	147.43027353320923	0.0	57.9184669854307	0.0	0.0	0.0	0.0	0.0	0.0	0.0	0.0	1188.9134654053294	0.0	6668.301005115351	5198.423308957615	0.0	0.0
PWY-7208	superpathway of pyrimidine nucleobases salvage	15915.941978160514	25523.70813119447	14735.472448210405	9690.380523516167	19767.85635226408	6229.902438265768	6473.36500513499	19638.71626315284	19880.887970281263	9418.247210988602	13162.973365656557	14577.69750328069	97911.38586225652	78275.10078676287	36373.16123222832	21383.8161922533	42745.69641944223	32500.802507592	31956.88112071584	39823.76113091635	34141.432537200075	44461.47176578821	34455.73867489075	48201.96692036227	10387.793268680003	17281.647675441993	8341.369535025615	18470.296848105965	4610.493427471727	20261.063454399788	10569.810757063882	13411.204653053186	0.0	9075.293789869003	19736.05359127931	23.585585585585587	10785.646918868217	16454.59388109882	4640.924296688581	9072.109919199189	8687.48582659432	7045.158658457639	5374.001897546292	5615.412134674672	163.99950556033434	11295.549236759758	11143.826162890638	13007.008451537147	4150.700529989248	9726.886025122429	19598.310973769003	23152.744080949524	5187.741277333824	14038.100859962697	8320.708474578198	18983.67131891335	110.42591022557224	16670.19360362596	14406.607391544869	15792.806161654911	19651.36697866674	13987.712552464194	15467.047140468563	5721.435556323428
PWY-722	nicotinate degradation I	8.0	0.0	476.86456366327656	0.0	0.0	184.57435054076532	85.87978817906516	0.0	54.72687469852696	0.0	384.2091189826128	0.0	0.0	0.0	0.0	0.0	0.0	0.0	0.0	0.0	0.0	0.0	0.0	18.11320754716981	60.14189248994528	0.0	1081.79196165995	0.0	0.0	0.0	2069.914421026394	22.42075894825773	0.0	20.15862015862016	3310.9783210608084	0.0	237.6325468214613	144.24096799107528	14.594594594594597	52.04978458592628	0.0	0.0	8.64	0.0	0.0	536.3026093662633	185.75135135135133	314.23455684870186	0.0	0.0	0.0	0.0	161.27490875129843	7.200000000000001	0.0	94.66549047622652	0.0	2.6666666666666665	4796.119748851058	12753.6	0.0	0.0	7024.632202191297	0.0
PWY-7220	adenosine deoxyribonucleotides de novo biosynthesis II	28062.679791578263	52991.90564003263	28966.801381211382	29741.75694536281	31132.63966159827	28670.55917949696	15567.059277094077	34799.77380424002	24525.39188587941	27816.07920010676	29175.29241405556	35046.70168572562	102729.34837445315	82219.2201655052	38104.63420730905	21873.352494124774	44765.12084749296	33894.00894903228	31425.555136645027	42449.9741619713	32924.0899146626	46761.807605813294	35413.975397265625	50587.00375666965	27918.016742475636	35579.394054885975	24484.705281187285	23664.34492314113	14567.41447949055	42812.09287016327	24044.72917187524	29964.728045515087	0.0	18239.481702654728	26710.734110073245	177.6	29986.776313037622	46460.3098392098	6977.064257964658	24083.990885183077	14284.683791733349	14124.880084889488	13207.19787000703	11139.774234616	295.6742661424744	25859.736171191496	51728.44210027777	42117.19875232381	12028.012172507404	39856.47910220792	32665.317677396324	37426.708187791184	10129.423024195889	24348.25789834864	15860.4702447142	53836.8750256913	382.07524196267786	37015.782507641234	26499.41524457828	27392.2554447554	22864.209283321838	16340.201104491854	24132.4488468652	7580.419105954415
PWY-7221	guanosine ribonucleotides de novo biosynthesis	29759.4437407566	39598.04540151234	24175.65716804596	21398.600926306382	22302.43549803781	24110.803228575234	13655.62631274258	29716.91513515261	27612.616592349565	21527.269759026043	27058.53597940647	30306.758498823587	86346.99635837524	69787.79602972163	32033.67528026349	23520.65142337001	38239.26211415737	36250.90249428641	37065.48440309983	44497.27623010145	39831.97894481138	39457.74262175755	38798.807019552725	42555.66063272221	23079.586341610957	29458.445934006173	18741.99854234133	20885.237214128185	12014.19343618148	31051.9403978602	17024.361943785374	22522.298507090865	0.0	16698.679174597713	28257.426234858896	85.0	23620.9182007769	31677.99763851501	6894.753222864596	16834.423526060116	13307.953737160124	10498.973685845924	10659.263032450945	9764.448567282414	291.53137679826915	20038.467910630337	27784.04930666233	25174.811766671464	11525.893185447503	24757.07550418308	25420.90564736489	25869.431755916805	8926.988254431277	19359.327520267783	15275.504413628358	34902.82038180667	300.35900025185424	26415.704294480005	24175.992423625237	26527.425261665245	20602.24359398097	14481.513651943476	23598.173645963318	7599.859563602601
PWY-7222	guanosine deoxyribonucleotides de novo biosynthesis II	28062.679791578263	52991.90564003263	28966.801381211382	29741.75694536281	31132.63966159827	28670.55917949696	15567.059277094077	34799.77380424002	24525.39188587941	27816.07920010676	29175.29241405556	35046.70168572562	102729.34837445315	82219.2201655052	38104.63420730905	21873.352494124774	44765.12084749296	33894.00894903228	31425.555136645027	42449.9741619713	32924.0899146626	46761.807605813294	35413.975397265625	50587.00375666965	27918.016742475636	35579.394054885975	24484.705281187285	23664.34492314113	14567.41447949055	42812.09287016327	24044.72917187524	29964.728045515087	0.0	18239.481702654728	26710.734110073245	177.6	29986.776313037622	46460.3098392098	6977.064257964658	24083.990885183077	14284.683791733349	14124.880084889488	13207.19787000703	11139.774234616	295.6742661424744	25859.736171191496	51728.44210027777	42117.19875232381	12028.012172507404	39856.47910220792	32665.317677396324	37426.708187791184	10129.423024195889	24348.25789834864	15860.4702447142	53836.8750256913	382.07524196267786	37015.782507641234	26499.41524457828	27392.2554447554	22864.209283321838	16340.201104491854	24132.4488468652	7580.419105954415
PWY-7228	superpathway of guanosine nucleotides de novo biosynthesis I	19552.837503362804	31675.735000069115	17792.147201229902	12973.46248825281	20619.42705186892	8839.456517745657	8237.692544437985	23575.4497222626	22984.146300991848	12606.582669442698	16935.94420214387	19113.198655665583	93847.47859564902	75573.33322553852	34818.339038303035	22818.365432963736	41267.30239464807	35232.58195567444	34042.10723847387	43766.47102679966	36212.68361364453	42833.04662944243	37150.584840992575	46236.718957744495	13481.053026298216	21763.87585937308	10662.549965494962	19826.138582602136	6200.415167657042	24522.5272604208	13386.802067243483	16850.023917285813	0.0	11670.497833547148	24288.351522717538	38.38291380625477	14131.502810823187	21137.75605727213	5995.485423756937	12271.785565102036	10235.559241310177	8464.190637131573	6966.826655685658	7013.092570169214	211.92255456387247	13850.342175926287	16087.916859195262	17624.350310847818	5488.933041420391	13409.108701139929	21593.371970122305	24504.488459705764	6388.858354609042	16874.995984821813	9898.797670669286	25707.835859570547	144.12388696022597	19851.20031432708	17947.555819369423	27981.10392069636	22083.18164300343	15615.379320292275	19203.0904610824	8039.617297442764
PWY-7229	superpathway of adenosine nucleotides de novo biosynthesis I	22345.21217510695	35742.55767786684	21804.384146286044	16652.057030259602	25072.81521105156	13060.711027301131	10304.414448105405	26476.633466785755	23162.54728296956	15571.292433846593	20591.542386013392	23550.90058258298	3669.620730793612	8023.156144898407	3148.0749701013497	17539.30293767949	6025.9228490330825	26423.68812875212	26702.090429474487	40195.96997333504	33838.66714588964	7025.045121941191	28982.47493283301	3701.149056762579	17200.128792928223	25541.80666463393	13764.922097780434	20234.7548633343	8420.576190676613	28429.381283751038	16374.915933249324	19960.905317457225	0.0	13869.92885425746	24835.158782826427	57.552420892108266	17894.890287837778	26615.242257161943	5552.91731180463	14345.830487708388	11611.083760932	9827.178452792125	8591.560640374508	8287.151101308893	229.2085684120424	16731.191734906854	22079.17600105135	22210.834038015964	7149.723176818514	18419.707370041444	24585.575097447203	27089.862172362707	7262.989843827879	17917.332820963507	12047.20937498338	30950.00108081224	200.67074636990077	23998.369043634742	21009.46117620814	8489.207183980216	15777.089355879789	11185.121999267343	21686.419846886994	6528.0976084343065
PWY-7234	inosine-5'-phosphate biosynthesis III	16381.351226308934	34068.71166033279	6118.695210379173	16431.317678145726	6239.591470010365	10124.018972626627	9373.588839174852	24665.5772985203	20806.71975357912	17529.26281181822	13867.24804097443	18503.48618666597	86041.07191192904	69224.38479888589	31741.303269693413	21004.884523248787	38006.57486334581	32664.64505759091	31668.6309572349	41627.649204321424	29477.47036125144	39179.13759231845	34749.5293317988	42400.60101202425	14922.68703165207	20941.403914727005	12654.607424117326	16527.75187856809	4502.53589779084	29530.19178508376	13366.980232700987	19391.9233887044	0.0	10701.73941101494	20989.29142238791	84.66403162055336	17607.859407083914	27197.298232216643	5054.101212208221	14562.905764530444	6337.36625807838	9284.305285432203	7092.787270551207	6550.262246173907	191.93501887568476	18630.68404353956	26319.964332891326	23228.707690293144	5484.4578362002685	21126.862870310037	23447.935511586435	25906.259587181357	5297.105318209655	17084.757873480386	2545.390420762388	31556.22054291691	134.3854372989149	25102.675307251044	16989.54653615291	23637.956380362182	18165.02442488678	12947.882776370025	18927.082391500386	6225.205778483237
PWY-7237	myo-, chiro- and scyllo-inositol degradation	3470.9	11290.1	2038.09	6193.15	3696.17	2428.55	2379.27	6410.250000000001	14797.33	8356.0	4892.89	5666.1	116.33	581.45	49.00000000000001	1539.96	210.0	2496.9	956.34	7568.450000000001	1768.33	208.0	3623.95	211.49	6491.950000000001	5997.7	5986.27	15670.670000000004	1662.55	13568.6	3619.0	7748.25	0.0	3499.4	10588.5	0.0	5435.16	11972.0	1047.15	6529.800000000002	1820.0	3003.4	1779.65	1877.3	120.0	9358.0	17777.75	12453.95	3728.0	12992.600000000002	4823.0	5375.0	1303.6	4476.9	460.66	14369.0	27.6	10151.95	16835.0	28650.67	18730.5	15884.000000000002	20038.33	142.0
PWY-7238	sucrose biosynthesis II	19852.274630393717	30598.2984816568	24223.714635792858	18998.38590879469	25610.48559706752	20245.64851713841	12409.532211893838	27497.739245730598	19643.30160621187	17287.770442875	22062.39636437229	27468.34215522152	854.7405850578255	2631.8420291147663	832.8970259566244	7991.166172758573	2056.4021274455004	14002.50927001245	14300.75524931636	25103.09934034568	21239.598342260226	1165.4813507206588	13955.258359712412	575.2378518289966	19920.62359719829	25817.885332355403	18637.40965451654	19825.58811277785	13258.67257515425	30968.245980549447	16616.244463745807	20235.12019287224	0.0	15242.383151151747	20463.74706321819	74.75496688741721	20466.632182133108	29005.972724935797	5845.899334732271	14043.592914720051	11254.836715480607	9406.565692330125	9582.718299137005	9586.46365356145	204.4395768529564	20005.20775627594	27427.54554289445	24229.12829380116	12023.602549490955	22895.578283660456	26663.19864349776	26041.81687974244	6614.5402537434575	12675.622241590356	11190.783520858267	30635.273335970065	309.480543699351	26497.01148189521	18310.03186917784	12693.957079766598	1872.685691716552	1325.2012606633705	17670.963832973914	7555.771361086508
PWY-724	superpathway of L-lysine, L-threonine and L-methionine biosynthesis II	20687.489119055143	31761.396825739164	16477.141310980907	14404.30705080056	20628.26623900135	15748.369767641789	10559.641648086716	24499.86039762312	25977.197087249668	14424.2287729661	17788.356404137165	21235.524907244257	1821.7671292440232	8073.025339753663	3098.501754078918	15302.542617680074	4095.774299211873	20826.83578441997	14193.275842880805	33820.63507288908	27744.966052558	3404.756338922036	18557.41278744475	1735.8579643761366	14488.097528931738	23223.53441657917	14610.75178478328	21216.78731143321	9644.538141567384	25275.773381547213	13783.627972532486	17831.758803393805	0.0	13448.50050665689	24550.100609930465	46.73539518900342	17299.059387368037	24393.353910247937	5949.593054934193	12617.648692991896	9992.577069248937	8692.364330941124	7710.550510482937	7775.810246213091	251.37669469120155	15170.406820763275	18242.01729902111	18865.15091870757	7879.767683610057	18180.21564107205	21385.719262395596	23575.608940670198	6809.863974467914	15903.189273149786	8910.022692184533	27126.880946053974	166.95220437055607	21556.1725318585	20815.71331410502	26080.467733828507	17893.685281224007	12745.426212771696	22063.288255649742	7403.985325059039
PWY-7254	TCA cycle VII (acetate-producers)	7439.20985218861	9038.099430435685	6889.556067247689	4483.7078602901865	7489.164793594163	3774.300714526335	3903.0529439004663	9310.315018801612	17136.56548183409	6106.208575214856	7959.463237245097	7039.496185255385	487.2161656034816	791.1593043390545	1244.6293002090554	7025.90458699999	1355.632391889107	6584.338982776665	6081.660844192711	7715.591214377697	19057.08597236014	838.569713562885	10946.969571906466	537.3471664566238	8981.439931640161	9256.926372834288	7322.106766678136	13869.406588140557	539.5129620269482	3026.1672588723577	7275.701826059478	5384.185892408021	0.0	3683.091076698389	12879.05090987902	3.3679576253697463	6857.656743070652	7967.746019186797	4050.554852012385	5462.137461119069	4719.747168845749	2981.780857130627	2620.8975641097027	2319.5094448145155	171.18636102390823	5120.842743222874	3210.1281493421857	4663.691396249357	4279.5797953388	4696.592586281417	4387.560289726069	3590.5901996157254	3487.014050658572	5231.171484624873	2302.4117592905272	4942.90379021188	44.43816900456422	6414.2744044261935	17636.47009485884	13585.646690612884	2141.174930677521	1107.0366315394967	19042.146575696228	942.7026155028116
PWY-7255	ergothioneine biosynthesis I (bacteria)	85.02055921735673	0.0	0.0	0.0	0.0	0.0	0.0	5.216988551824985	0.0	0.0	0.0	0.0	2.395084737084635	93.61001978215792	0.0	5.995884519620551	6.777267219421024	3.157251776598277	1.199730061073682	62.35714591362091	0.0	16.702912220594005	0.0	5.845112308530604	40.05383277279638	0.0	0.0	0.0	2.399424398316365	14.398131501022108	0.0	0.0	0.0	31.745934129291083	0.0	0.0	5.399099356206475	0.0	0.0	2.142714478368411	0.0	0.0	0.0	0.0	0.0	0.0	0.0	0.0	0.0	0.0	8.398980330612192	0.0	0.0	3.599769917820184	0.0	0.0	0.0	0.0	0.0	0.0	0.0	0.0	0.0	0.0
PWY-7268	cytosolic NADPH production (yeast)	0.0	0.0	0.0	0.0	0.0	0.0	0.0	5.9988098889291335	0.0	0.0	289.9539024970605	0.0	5.999789710739839	236.58884253497112	0.0	14.993430726340767	5.999516172324412	5.999347741627687	5.999315770820881	155.65503701906076	0.0	41.97719328240967	0.0	11.998289295609675	316.6957566425532	26.973100434139955	0.0	555.3947991279049	5.996087994481744	35.96792719939188	0.0	0.0	0.0	29.933997614953544	0.0	0.0	95.62584725090348	0.0	0.0	7.497336533352842	0.0	0.0	0.0	0.0	0.0	0.0	39.94800672536071	0.0	0.0	0.0	20.983422109661788	0.0	0.0	0.0	0.0	23.98687175849893	0.0	0.0	0.0	0.0	0.0	0.0	0.0	0.0
PWY-7269	mitochondrial NADPH production (yeast)	0.0	0.0	0.0	0.0	0.0	0.0	0.0	3.999711969849004	0.0	0.0	195.2354519741404	0.0	3.999953334664073	157.90826383913702	0.0	9.998595578600549	3.9998926722228463	3.999856144060215	3.999864854226701	103.90948243468816	0.0	27.99485135656247	0.0	7.99961771782319	212.9490497018988	17.99411724334023	0.0	374.3002857566025	3.9993217413274023	23.9902881846324	0.0	0.0	0.0	19.986800570479343	0.0	0.0	63.90673060720743	0.0	0.0	4.9991758216398905	0.0	0.0	0.0	0.0	0.0	0.0	26.64697374242394	0.0	0.0	0.0	13.99612103479709	0.0	0.0	0.0	0.0	15.9960783857165	0.0	0.0	0.0	0.0	0.0	0.0	0.0	0.0
PWY-7282	4-amino-2-methyl-5-diphosphomethylpyrimidine biosynthesis II	12849.232407277132	24275.152868049576	14114.47580528322	13016.035823089716	11642.838445107003	7728.175840163714	7947.085897843625	18737.695937950084	18539.72156203714	11430.650887785472	14015.004441373374	14470.820126647806	858.5265857700933	8761.706182891257	3655.120620812429	11411.362474009862	4625.581352515954	17411.173001834373	9226.375085172844	31236.81007823497	20668.52843601943	3756.623292670438	9810.17142102997	1455.0254989819102	13885.140452447216	15511.3661417641	10541.795839536306	16176.658776575934	1759.112720572055	22133.70878216858	11272.374661635304	13282.941149810433	0.0	7152.575274189183	19002.13856679352	35.7440453968491	14129.80280533013	18314.75234416272	6159.156957838263	10103.50758638985	7347.939573585189	6598.329071353244	5243.520895237005	4643.5187744911145	219.8650054618232	13136.862137658509	14103.615899142971	15583.36900918764	7291.386016458764	12245.332769005858	20875.017067222798	22852.858388623303	5084.926975582055	11296.046888924591	8648.855434459114	20506.037857368497	142.3413117986149	20147.19725314281	20397.11515126479	19926.88629660329	10971.10341088578	6738.227690140046	24064.742296738343	8238.340922050942
PWY-7294	D-xylose degradation IV	724.4865423650593	25.82480170436717	1061.675166656969	41.67006416340196	0.0	572.0040532028921	368.67623225656223	47.100595212851466	0.0	0.0	2113.488134826082	489.85522285032494	46.15225950333551	0.0	0.0	38.87321979529811	23.02736292286027	70.61424099426193	16.48367907920811	144.38578237068594	9.777313691243693	0.0	37.4382991867761	0.0	901.020796801048	0.0	1426.0509393476163	0.0	0.0	0.0	2733.8058691301358	413.7778511084261	0.0	438.16255093477474	4702.6789901399	0.0	1065.2904634924057	339.12518218996354	1619.6874763300923	0.0	195.7635951380628	37.94326075071574	44.40006216891207	108.24658118071784	0.0	1136.2067410701627	419.6395874046354	683.4331890686417	1637.9675835444154	235.29379334750317	0.0	0.0	488.9694421496674	109.49171950008508	194.40482220273944	235.39505078076496	0.0	0.0	6344.5801056262535	15545.799176309789	0.0	0.0	7589.469174542771	0.0
PWY-7295	L-arabinose degradation IV	0.0	0.0	446.9416422409903	0.0	0.0	165.20533682840232	274.76543462498574	0.0	0.0	0.0	1636.3307485362034	0.0	0.0	0.0	0.0	0.0	0.0	0.0	6.658145138094287	35.65619357003196	0.0	0.0	0.0	34.34071555053613	122.83378456506088	0.0	1093.0262246850448	4.992154955183693	0.0	0.0	0.0	181.1679797134507	0.0	42.32960874546476	2102.697320036571	0.0	422.0060913864532	139.7156987388516	137.0744541057776	28.86537873318456	0.0	0.0	0.0	0.0	0.0	327.11398174808085	169.30793155191176	359.61156074329017	907.9993938043194	0.0	0.0	0.0	315.5309072353292	9.73794185890174	0.0	62.98990019491973	0.0	0.0	4142.3145526021735	0.0	0.0	0.0	4793.134607300574	0.0
PWY-7315	dTDP-N-acetylthomosamine biosynthesis	1994.8581290247216	61.08881486331942	7861.314872869716	49.9214050073067	13001.154128577144	68.1428073341056	978.0151975390448	1151.5947317628445	5362.846879958343	1855.476778846497	595.789513554796	199.73572535888923	103.59058783089408	8.507740918617664	135.02676354809105	609.22850234087	226.82245939891985	170.30953018996763	750.968623833542	151.2489375379781	7810.841849103053	20.39234583529622	284.8489574356436	38.096433176208	1303.6014591004728	852.8703889807073	1161.851292573803	2866.8883732145086	5.997851454324475	35.12028128577668	6086.49524760241	511.5701848933072	0.0	739.222094320416	4654.594527192571	0.0	300.0827957528369	307.9383833029061	3681.33310263644	1646.2071749246527	423.0958164562277	82.19847039214996	56.096786994783066	390.8715610963704	80.39250789861687	694.4890637347498	159.14983858362044	569.5408921268019	2112.956616207892	708.1699131298049	1145.683389763224	11.417547325693972	803.6774462636874	15.992674058332184	1739.368148870726	93.57667993021472	4.24762027703467	25.98786007596566	3029.7083809131154	6299.731619536757	8069.39700636073	6326.662868574828	4287.320358251483	5589.42238330976
PWY-7316	dTDP-N-acetylviosamine biosynthesis	4242.093870636272	1511.527296415976	4198.500471614645	1200.3494956682468	4306.234302529872	3030.054095295991	2406.329606899196	1772.2695080257183	0.0	0.0	3699.1065193060713	2241.8355202232333	44.6984687525054	116.17178496276644	118.49421960621532	782.936992211568	80.0576437353931	1221.0281336505122	1553.3535346309616	1141.1280074955928	3480.771399092979	57.48350527545762	645.1088289692542	0.0	351.6674755165673	1592.4307713456717	1506.377724928514	0.0	1187.4005164565997	230.6468657002897	3041.11244730262	207.5179353091954	0.0	2072.6352801759185	3621.161612553411	0.0	1745.2413126890235	839.6213072308146	145.67556099576726	242.00533996323253	2548.1195484955288	415.5614182163402	838.1489623920754	254.050340873349	74.1926327425739	819.503686647083	282.2647819935944	601.2134410074331	696.2230761939201	319.06068829536804	891.158368856043	1244.1836233619283	466.8390612753404	1000.0246188190542	1599.2749667422158	1074.784755348578	45.06687958281216	1419.3572286934225	6188.9672031501	15848.25864881475	0.0	0.8599614187421722	8755.0117998675	0.0
PWY-7323	superpathway of GDP-mannose-derived O-antigen building blocks biosynthesis	16880.051614394753	10951.740664263772	18889.502407263382	7508.372222208683	17570.08748323023	11494.081738395604	7479.64972876183	14261.646121821572	19264.30360841049	7256.47634938315	15015.809039149117	16918.344949578353	686.7079268575915	1140.1185758091724	1521.7225373803092	7149.923870352812	2057.417515810524	9492.908073619605	13778.649193908304	3953.3215145985314	19774.83866691156	706.249523839204	10411.22014960354	401.1016744642463	14587.584695617332	15881.518733986455	9097.783877075492	11185.038735829514	7516.729164569152	4080.266290285524	15078.839175083618	8828.036783102396	0.0	10038.670003768915	17698.466568871198	0.0	11193.35160266924	7841.376798322795	4640.920292135207	5029.543253291734	8757.126998391113	3426.381675135811	6382.719951091099	6360.968732343788	236.98804562984176	4805.234504182036	4367.140495969832	6205.215563390214	10090.845375313667	5642.9320316733	13616.650164098215	9518.008063752251	4825.540984168296	4799.088428978886	11200.218089636654	7518.685319874579	234.8604153970351	7664.954281033927	20734.434399910228	12086.952634900472	7104.99227628358	4405.422737374556	20639.883245658883	6180.6722183157535
PWY-7328	superpathway of UDP-glucose-derived O-antigen building blocks biosynthesis	4000.9992523041615	3220.0403044501286	1104.82894437793	3022.3800138349434	3126.400425475994	6868.769783333904	595.8593373370261	1538.116644222985	10469.744885037922	1948.3633506337717	1413.394380935498	3328.001613839719	164.48105621438367	159.40432903514554	157.81576017429663	1189.2936489249826	113.5759500317372	1829.3708449426388	590.2686922177361	2656.671761561126	6684.576375764998	31.18860907926652	1510.4978376929787	42.67432163681634	2632.5434997401053	2089.4292145868453	164.85789159296033	2934.995849951554	2293.986711569382	962.768460014507	681.4410768024633	3348.3517520685955	0.0	1422.6952154418134	7669.119312936626	1.9742816877034988	2163.1856978638502	2715.534401792246	659.1998452660749	552.5257657037912	1729.5145451119463	919.3901809718363	393.59179119636576	634.267273348201	0.0	3540.2538236322134	1096.347161882066	2731.028266877383	1870.2566723211412	2773.096335846296	975.805896560526	4302.422348852887	889.7977881853941	1879.647303142028	2035.1884127647827	1783.7632175954095	19.29873953203434	2961.919339489109	972.094144372013	5806.573432125679	2.5798108354211777	0.8599704128210917	6547.525349457896	0.0
PWY-7332	superpathway of UDP-N-acetylglucosamine-derived O-antigen building blocks biosynthesis	2525.1850457214427	1196.1691152103044	1334.5031067244215	19.85013456724404	960.529424570776	61.79504379988023	465.5773601460574	2455.2726514722112	0.0	325.7947326281182	288.59000960807305	2761.707922582191	0.0	96.07432955857074	0.0	1544.467909197484	110.86920208813116	1604.1541760713983	1032.9680394318475	264.3449989203747	5350.40542148205	0.0	1477.9567943451805	56.88060811098527	608.6828176053741	2649.2318794907774	0.0	0.0	55.69126693907484	87.27697680013615	0.0	449.2589480040103	0.0	1536.4892763803186	3557.983015071564	0.0	778.4859525074888	1691.4175271399629	0.0	143.52681151551377	1236.113479206337	746.4929360384918	326.74579837834546	692.1435628664469	0.0	0.0	0.0	394.2152025229198	0.0	1110.3708448711236	136.10547562337544	0.0	849.027474319989	167.7452259146851	935.8099899227882	205.85354700375373	10.512944978251909	124.8487503939919	0.0	0.0	0.0	0.0	0.0	0.0
PWY-7337	10-cis-heptadecenoyl-CoA degradation (yeast)	0.0	0.0	0.0	0.0	0.0	0.0	0.0	0.0	0.0	0.0	0.0	0.0	0.0	0.0	0.0	0.0	0.0	0.0	0.0	0.0	0.0	0.0	0.0	0.0	0.0	0.0	0.0	0.0	0.0	0.0	0.0	0.0	0.0	8.164534923282876	0.0	0.0	0.0	0.0	0.0	0.0	0.0	0.0	0.0	0.0	0.0	0.0	0.0	0.0	0.0	0.0	0.0	0.0	0.0	0.0	0.0	0.0	0.0	0.0	0.0	0.0	0.0	0.0	0.0	0.0
PWY-7338	10-trans-heptadecenoyl-CoA degradation (reductase-dependent, yeast)	0.0	0.0	0.0	0.0	0.0	0.0	0.0	0.0	0.0	0.0	0.0	0.0	0.0	0.0	0.0	0.0	0.0	0.0	0.0	0.0	0.0	0.0	0.0	0.0	0.0	0.0	0.0	0.0	0.0	0.0	0.0	0.0	0.0	8.164534923282876	0.0	0.0	0.0	0.0	0.0	0.0	0.0	0.0	0.0	0.0	0.0	0.0	0.0	0.0	0.0	0.0	0.0	0.0	0.0	0.0	0.0	0.0	0.0	0.0	0.0	0.0	0.0	0.0	0.0	0.0
PWY-7340	9-cis, 11-trans-octadecadienoyl-CoA degradation (isomerase-dependent, yeast)	0.0	0.0	0.0	0.0	0.0	0.0	0.0	0.0	0.0	0.0	0.0	0.0	0.0	0.0	0.0	0.0	0.0	0.0	0.0	0.0	0.0	0.0	0.0	0.0	0.0	0.0	0.0	0.0	0.0	0.0	0.0	0.0	0.0	9.791997706855607	0.0	0.0	0.0	0.0	0.0	0.0	0.0	0.0	0.0	0.0	0.0	0.0	0.0	0.0	0.0	0.0	0.0	0.0	0.0	0.0	0.0	0.0	0.0	0.0	0.0	0.0	0.0	0.0	0.0	0.0
PWY-7345	superpathway of anaerobic sucrose degradation	21911.42321751065	30194.66417736611	20626.093660157872	18950.60812943713	19641.34131460053	21767.922118298487	12371.35402151344	25849.841257804765	22186.759970187886	19349.641082590908	22848.338786673303	25869.482614301105	3690.906577441545	15389.558499193505	1076.8884410535825	13999.728025340011	3563.0876419348524	23665.529109198607	28845.100469858207	37192.91102110358	34084.56927391446	4501.870757738848	20055.17310548946	1865.2882937328372	20644.65079635883	22786.625848828902	18456.23965142139	20990.738413751413	11465.427136779665	22051.65537413353	15599.300661016743	19497.72707173647	0.0	14056.409396336074	26586.99804851809	37.27932693563626	19128.071138822303	26634.35329945224	7278.682128533272	12499.810462133715	11166.173961010174	8720.022106726808	8439.364544449581	7835.750411383136	252.9644383544926	19110.34926427395	14887.050023008542	18895.704118993985	9562.996940627823	20281.927083557766	24235.266556675204	25343.804079407982	7387.169850380547	14645.226526861226	10330.77219403788	23644.96694889964	241.93019728187284	25300.21988635433	23151.90977289266	25311.92316748535	18837.833377180632	13613.055838910328	25237.180706695573	9311.90653356744
PWY-7356	thiamine diphosphate salvage IV (yeast)	15713.518415891029	5579.949941766072	8536.114322916033	7356.594791463614	8256.486118797855	10582.287052148766	3169.821651589805	9007.114637098904	5051.832502981027	4946.414964399249	9657.256414212005	10930.010025270216	97849.43554039537	77185.1772666095	35710.00440385618	17873.315126285914	42208.17086114844	28433.68739711796	31053.00989679104	29090.25053950885	29719.95534620571	43917.97365276732	30699.95442362295	47987.30786850826	7152.249118814807	7387.099089409521	4937.967701288647	7672.202162670765	3874.73481892156	8350.554079117932	4560.197795329578	4787.468891085777	0.0	4515.06415398044	8730.31227143649	8.148148148148147	8679.300468644384	6940.213176441958	2954.3649358866537	3759.3580340491208	4632.931310456005	3054.4993128651918	2552.692185991897	2095.5874967698524	75.37056026386917	3504.824613543189	8472.338689199703	7156.509178946928	2023.2584901125092	6472.6866447534	11602.829198995612	19675.984413964627	3170.59223492259	2904.092616978496	6178.653613458452	9069.337934955352	60.07056517477948	8951.323971272699	3942.788182060372	0.0	18563.43117316684	13981.011396170275	5408.844109421464	260.97237185056474
PWY-7357	thiamine phosphate formation from pyrithiamine and oxythiamine (yeast)	30279.79059598357	23680.929495467048	20034.92551953097	15521.007885895451	17136.265903685693	22087.93840471235	9295.86626611784	20135.610838553774	15169.299910072476	9572.32474782994	25590.450822139872	22994.28243181415	114892.85923937186	91517.44398382418	41719.01887514805	24939.122740109626	50702.31551122388	38995.04158044961	48946.49778504395	44610.75455776847	40457.63173135855	52086.245969387644	40443.23057409821	56628.21269610935	18366.28068656293	21322.158062784674	9592.273991400336	12712.68537401202	10667.973073710544	18441.34625313301	14101.009106077216	11731.266182913709	0.0	8308.991062933963	23139.32212058471	24.64	17773.663129473538	16411.459319749498	5580.622491572741	8974.997639089795	11015.892359395491	7406.575351425444	7110.642914568606	4924.029151319772	180.441965276436	10977.999706757477	12245.797398054752	15836.602475775191	7994.416506355443	14723.746378158634	22976.74041497937	23298.428525106552	7945.256856091518	12093.579023143771	15469.79957040294	19087.970202358607	386.642113283714	17974.592503517066	18898.43288124664	20976.63017301168	17536.595234704346	12650.957826482414	26974.075843406776	6758.623394117793
PWY-7371	1,4-dihydroxy-6-naphthoate biosynthesis II	1729.4075810642864	405.9115927663689	2006.8932059049243	353.0505153099328	1643.370219419694	95.33	619.0548851035466	2128.2986155889776	5297.0	474.96689209275706	899.1633276325434	2660.589342405315	79.88976377952757	104.04613474670704	0.0	1223.7396409374328	46.233870967741936	913.4029737237609	306.0957219128417	100.6225666443792	1277.8170090344804	4.42	1247.7521423293813	18.33	416.3479994656205	2870.607118612496	122.1	2249.9999999999995	371.00999999999993	89.81132075471696	0.0	1202.34	0.0	1891.9709287105072	2853.0	0.0	970.9899902988388	840.3411978751124	32.43896103896104	42.34000000000001	1149.1493829490073	419.1461108205992	527.0175725668754	809.89009947892	0.0	540.0	1.0	759.1007371007371	0.0	1067.6801711508665	354.40167366398475	9.6	422.7190272757147	485.38457443729135	810.387713997986	775.4330286061803	16.01793948878456	122.25167037861917	0.0	4997.999999999999	0.75	0.0	0.0	0.0
PWY-7373	superpathway of demethylmenaquinol-6 biosynthesis II	1555.1623387504176	478.3369581799451	1832.1253589291327	430.19076935181096	1517.6789117484466	116.40659820033028	563.1483703233118	1961.038032689108	11.979645684131176	474.30491271716176	837.7663295420476	1570.2166188659355	106.48640930631676	138.65610286851623	0.0	1582.4474407787943	61.61898703661941	1200.372836074849	406.2603930411816	133.90564020814588	1662.9669484394346	5.893105582252847	1635.288875173021	24.436431580504408	403.197817205487	1985.2899148826712	155.52112490387785	0.0	368.9771241883783	117.42964666408211	0.0	1116.4819886690702	0.0	1102.0392968321007	1555.6444996892478	0.0	949.5079369887832	954.4041752449968	41.30175028160472	54.98552725307656	1051.8142410803005	483.6829876908256	470.4015929742593	509.65638928209626	0.0	640.3441917639828	1.3330904852105492	834.2637815090104	0.0	1004.5138501209824	442.67014685263536	12.791253843525794	349.2165428362684	560.6916575792031	782.4161400097228	787.485312894986	15.512194998737058	159.7690359448871	0.0	0.0	0.9999670797066144	0.0	0.0	0.0
PWY-7374	1,4-dihydroxy-6-naphthoate biosynthesis I	1581.0253652135325	435.9678534814299	2006.001889749808	361.22753908853474	1544.7583195127054	116.87882337922896	679.7397781056645	1306.2598268447548	5297.0	491.464533897903	1020.4363772333936	1834.363290977384	87.72091809269017	114.11354711025731	0.0	878.0618845701354	44.93426416632695	892.8601316017324	287.2977842801309	111.22194631605603	1244.976093424459	5.319405623842398	1105.885577189528	13.994745011086472	473.1944426135661	1794.4000814287556	141.21048573631458	2498.822742143353	425.85577389541857	89.01835080416505	0.0	1216.4309494592048	0.0	1361.6952941396623	3069.801606276775	0.0	958.3436766145414	737.7158907722649	18.38499184339315	48.95454658209009	1163.0706608077985	302.433589852984	568.329855179057	342.0380154210432	0.0	555.7264397905759	1.2285665294924557	705.0433944622175	0.0	1011.269762329896	353.1381803197639	10.238792374259871	416.4434651175496	201.37997821435292	882.4086565307827	690.9102427871715	16.196929885180456	136.70611079094016	0.0	4998.0	0.7500000000000001	0.0	0.0	0.0
PWY-7376	cob(II)yrinate a,c-diamide biosynthesis II (late cobalt incorporation)	614.8158667732844	414.9721907883609	2355.8601706661807	712.242160269407	394.15564110248175	3476.9709802932543	917.280444158421	1536.091376125641	7653.452801579069	3991.209244285214	4636.779092543983	1117.3976290934672	121.04192504465271	435.6705234028765	0.0	414.410291226446	42.90642220287397	739.6772694131953	76.9513368654289	1912.0026011094017	0.0	246.90360744042167	316.48982482649046	129.2435976562713	4333.297387265394	1822.3862642719823	4282.560767481516	6985.315431168813	11.963905202992631	387.9322738080917	3572.1960552001638	1986.2732078005108	0.0	838.3210140238532	6741.120498964138	0.0	4363.662184804711	2013.3562683076675	640.3268844576861	2537.0032721502016	744.7563721303666	445.9018946716644	717.72709112641	894.9475400998201	78.1732641370143	2949.3078260122124	959.6859830909324	2312.224073088884	2554.296433172427	1486.7293360494634	148.99616132464945	23.93803474553673	1531.7430596895067	818.2957777584678	330.3193858533145	1622.7727568458952	0.0	71.50919022030362	9919.859114948868	14259.408843965335	0.0	0.0	12242.036918618638	493.6066712293469
PWY-7377	cob(II)yrinate a,c-diamide biosynthesis I (early cobalt insertion)	8378.82912092175	8342.431952458632	9847.92098490566	4892.381817084063	6809.081214866982	9491.545556579984	2527.4547865292607	9287.24755862786	7627.443210205626	6986.86491465819	8744.10902389599	9509.20950216191	464.3625470620848	931.6606265843452	114.69894805734792	2458.1422939417657	288.8688949245157	3348.8026416847338	4678.191338254227	6403.83318012394	8085.864358616857	276.10722845349846	3986.1934658904834	308.88557714152665	6006.051632246604	7102.664292048851	4172.593583343076	5368.25208483074	4581.910104133432	10761.12380144493	2852.462640421505	5323.337935257988	0.0	4868.506650842835	6765.218944204679	1.1711899791231732	6796.768695557902	8092.990358246657	3392.085655526261	4051.213425746519	4477.990019504203	2119.6218309105748	2396.214672121106	2259.1540132097102	75.4370760357577	9183.01604812776	2132.429794400497	3700.5683566431294	2966.045377633572	5157.839480155135	7051.984698561158	6019.782501096996	3350.464015324552	3443.03071376261	5475.883738186261	3553.5979339000924	103.17429695044396	10669.934066118984	6191.147966799536	7830.498066177121	1665.6153813136502	1133.4404334293763	7774.4445582585	5648.277513139331
PWY-7383	anaerobic energy metabolism (invertebrates, cytosol)	2685.039229618443	8331.06225898793	6625.536909438067	3549.065258114647	10896.031318600995	2135.679849750088	2219.745592386212	9455.560638186487	2489.243271596588	7004.2625897541575	8004.36357431241	6123.534609794738	351.6945139164625	2435.0501548646043	306.5006063352393	3989.5008628195183	356.0715846706651	4097.790647478836	3345.1848245264105	10470.630612742392	6651.428418875042	927.5117520253136	2242.865763843725	333.5955340453617	1844.5303093736816	7214.105002649441	3627.23379099995	900.6337282478823	298.6378820643014	10808.563441296932	6468.0763623607245	6197.827658480989	0.0	4895.006156086995	12587.07610232199	0.0	3674.1912065150295	10173.667901914996	864.7505745898402	5568.563319123546	4463.264394745088	2281.5717373470466	2192.399899897753	3058.6826736180587	0.0	7280.742952079285	2802.1549767747865	5003.222641716281	2738.3053274872004	5425.122928873167	11988.611490453552	16170.839122419377	2445.7298749936112	5127.880681557663	1760.5785824000386	9774.23047226222	61.99064936499356	9981.06126011997	11209.58170685265	19026.00265958019	0.0	0.0	14306.599744510766	0.0
PWY-7392	taxadiene biosynthesis (engineered)	18446.82051010968	23337.01961877123	11097.563907770094	13493.894441522136	13908.726852919655	14702.209965173151	7835.798330875073	19238.233810572096	22720.362205082736	11390.846352912928	17022.493813129622	20274.597043116868	89759.56487384596	71662.66868997087	33324.9982762422	20634.221865645843	39435.36181675063	32166.804239624136	34931.88631724374	35083.64611588324	35489.644963771105	40016.531773018105	34974.14126510887	43887.16439020773	15504.78229618646	19559.56755103664	12998.850512771172	17482.126724251328	6040.26786475465	17324.196343832064	13169.145762524442	14635.093168062347	0.0	11256.843438055965	20139.87905110061	25.20369518281244	14975.872095898836	18047.437329036795	4862.448639446525	9166.069417546183	8351.22974197058	6612.611099063489	7085.5731533011485	6763.647790690157	219.89741072093867	11397.977829734968	12191.59201701764	14295.96076372352	8081.121147304897	13305.75984708791	16517.72719649395	16330.313790840744	5370.886732132139	11224.777889069615	8438.370689635465	19234.304370989237	139.0104154368304	16301.89295604617	18999.0057450996	16679.388771386628	11592.035360725184	8342.880112976447	19153.16347068151	5944.920273001143
PWY-7399	methylphosphonate degradation II	406.9223816926359	0.0	784.3692303053003	87.18149388147107	934.3167202417544	503.08372388804895	333.62007691246635	299.6226188485895	1392.1362560195437	1805.454525972052	2327.567818134705	357.5735961035225	14.888277785012294	109.41650595691668	4.347826086956522	30.70493953081743	43.46785591425481	86.11914770395542	386.6962592420503	176.61444815741515	473.2807975094137	29.56637964839801	0.0	84.81560037742848	336.52786244309294	54.34447323187128	827.2240066540314	450.46472645441895	15.836177474402731	103.7543515586992	0.0	585.1243312304229	0.0	165.56335391310435	2326.8953140140648	0.0	898.7007655897776	252.6509094969377	78.96726245654759	100.71937805417672	450.9748796043213	52.64923437602699	402.09227861526784	80.43477794886269	0.0	323.7646119632776	173.0716063035665	299.7972658448299	225.53284036537625	102.584568853493	0.0	0.0	417.826169828077	22.777206558796472	155.79805698946907	340.64763362415647	0.0	4.389520514087988	0.0	12.35051465388544	17.18026796589525	0.0	824.2466052087136	10.749185667752442
PWY-7400	L-arginine biosynthesis IV (archaebacteria)	10377.017741143096	8935.34968171638	8896.845100390034	8743.641240207526	10640.941535417223	9799.85818690447	7782.594691002169	11044.991221076014	22507.532108000592	12185.010760289786	10101.158095465917	10869.837874356384	3124.5097146356766	3558.636685548293	9325.27166751524	7580.156290368873	2625.7094061415432	11963.606389441777	16167.031846160377	10980.504588209837	24441.936050906697	3660.732447872945	13713.439684731504	3741.219141634868	8865.831045731235	8970.0535236835	13265.308787876018	18273.013277982453	3867.08579333651	2105.818606177643	9726.86766831102	11156.23207047406	0.0	5800.139498810132	17388.107743803368	0.0	8567.743622996197	9916.649363686418	5043.291122870729	7319.98074386169	6088.369650033837	3921.677464755738	3283.169414661796	3240.374832949587	258.07347681967275	12629.88468754512	5714.203271866708	11164.21070095429	7657.504206047108	6607.1275541729465	8655.150456992626	4758.987037902488	3684.553105413684	5628.191965405885	4548.761237563596	11800.337388875318	93.37235452279292	7847.816429858427	21155.19119034037	22642.82270060967	14961.733368910856	10617.08489951974	22441.436365237576	7053.231437946085
PWY-7413	dTDP-6-deoxy-&alpha;-D-allose biosynthesis	0.0	43.97348447135063	35.97110412216055	175.03001887974952	0.0	35.95628114065413	0.0	27.98558438189882	0.0	0.0	228.5791278601562	155.48883140406446	0.0	61.356635191673554	0.0	11.991799661980057	0.0	0.0	0.0	649.2306333586079	0.0	131.75231725263754	0.0	0.0	83.15500725621816	428.2192761163713	0.0	0.0	0.0	13.996869038084128	0.0	0.0	0.0	0.0	0.0	0.0	0.0	288.43746102056883	15.972447488561873	1305.748966430178	39.93076771484081	105.37219966506572	0.0	0.0	0.0	0.0	0.0	417.77607373888816	0.0	0.0	23.988716184720523	0.0	35.90459123173565	123.56134136084664	0.0	282.6880030768528	0.0	0.0	0.0	0.0	0.0	0.0	0.0	0.0
PWY-7431	aromatic biogenic amine degradation (bacteria)	633.3279969076818	42.55476097780875	513.9186455053214	103.16697823354636	311.4459326712664	131.95208868324397	508.9523697755937	123.73119348272871	8007.416213481724	1785.183869373904	2121.9353770960097	149.97387762810493	71.99241105252905	147.50617704776366	0.0	156.6562976089411	34.590484845717405	77.96561183242358	39.36058497496638	400.67804292940144	11.974255085084192	96.6361857525031	26.66299706326226	42.87452438770752	560.9702431028873	127.78449199305656	2162.417480440321	10993.870328544044	3.5392128698649814	100.96171110907312	800.8092388005906	2200.792875685325	0.0	204.6316464745193	2490.340763828032	0.0	1798.759545991711	399.2479503822584	270.578059372108	490.9783772775956	112.9253235302574	106.28124573419376	126.19559893173464	263.7256156100063	49.99999999999999	1078.2189339067452	153.44341495795814	392.37473454583846	1331.3449781659388	534.2146482958666	19.15052130945525	0.0	423.9329527415062	241.70366178654305	77.01986357835841	534.346869982419	0.0	9.424649983463786	4320.275096821051	7903.9075914598	7687.685894432115	5710.343534274942	5369.645191944341	9.635036496350365
PWY-7434	terminal O-glycans residues modification (via type 2 precursor disaccharide)	0.0	0.0	0.0	0.0	0.0	0.0	0.0	0.0	0.0	0.0	0.0	0.0	0.0	0.0	0.0	0.0	0.0	0.0	0.0	0.0	0.0	0.0	0.0	0.0	0.0	0.0	0.0	0.0	0.0	0.0	0.0	0.0	0.0	0.0	0.0	0.0	2.0	4.0	0.0	0.0	0.0	0.0	0.0	0.0	0.0	0.0	0.0	0.0	0.0	0.0	0.0	0.0	0.0	0.0	0.0	0.0	0.0	0.0	0.0	0.0	0.0	0.0	0.0	0.0
PWY-7446	sulfoquinovose degradation I	0.0	0.0	89.94719792770064	0.0	31.42976636313518	7.950391644908618	96.50325099387273	0.0	3109.8795350104124	996.6632169466544	292.8508388087049	0.0	0.0	0.0	0.0	0.0	8.258051889099166	0.0	5.339685344234595	31.23621575477207	0.0	11.329291402724854	0.0	7.397924136822852	107.01196276585016	0.0	604.6949211301787	1765.3627872766072	0.0	0.0	0.0	256.9857163556498	0.0	17.28027984258854	1011.0770837458562	0.0	152.86111424071066	102.88778812756551	133.68883038070487	41.229588427678856	4.36062881276396	0.0	0.0	22.43144175943524	44.66476067508992	215.0319674513223	83.20308429717619	279.17603350249374	679.0837052706189	0.0	0.0	0.0	107.43907669417034	2.73972602739726	73.09614675199894	35.28174789128397	0.0	0.0	1808.2850063977417	2963.022084485178	0.0	0.0	2442.4006842420395	0.0
PWY-7456	&beta;-(1,4)-mannan degradation	6195.136906151753	6177.396152469368	3438.8959951060447	2329.080919511536	1408.9060542909692	1921.1194927953325	2916.166118376984	8321.293930851321	9197.212211758691	773.3891376228282	2737.5168690119262	9329.047950439748	141.23478294414468	576.113585891853	56.159283331357535	1161.9871001314743	610.332603877156	6726.0775814604185	1170.3212239527538	637.4039963717515	6152.104547991945	360.8219092053659	2717.877477854948	147.79147121258913	1182.3395528206086	9992.11636712204	723.4605204682559	0.0	6290.8885651006285	1069.7587683139736	7646.001168147087	5366.7593755459	0.0	7211.630855064926	10281.70662260417	0.0	4121.787082368716	2029.621143403411	258.8174054697974	172.7861124604633	3417.0475568498005	1756.3472588392583	4378.813187005703	5109.591980128739	0.0	1729.5464743926698	903.1163900768904	1857.6760041030489	0.0	2456.3552935576595	2457.7088233639674	926.2902269554148	1843.790224779972	1756.5296412617083	2727.984161882735	5355.3021743327645	58.02814413735431	4448.144411380908	3904.997980003405	0.0	2.999209310193271	0.0	0.0	0.0
PWY-7480	2,3-dihydroxybenzoate degradation	196.3256014926644	43.37138763357644	86.53598416942609	1.9959734512083231	0.0	2.996157155297099	73.9399548393831	6.957180366869484	63.46113583295486	0.0	258.7443637813617	0.0	0.0	0.0	0.0	0.0	5.24981156542862	0.0	9.775284887786574	2.9747752822524385	0.0	0.0	9.880251517447151	1.4656360181268415	389.9175724137931	4.976608053054189	0.0	0.0	0.0	15.995412794718982	0.0	19.905965029672547	0.0	91.66225911933076	1.7777093189993487	0.0	38.78357202291914	117.2920833696666	5.195334810183364	62.29577523701966	7.840477501456026	0.0	11.580613780787722	25.36096047466192	0.0	3.9922913010829206	0.0	0.0	2.665997754965101	0.0	27.36180427620989	0.0	0.0	2.8975349989260137	0.0	61.69297285155292	0.0	15.778061327186304	0.0	0.0	0.0	0.0	3.3331454191752266	0.0
PWY-7560	methylerythritol phosphate pathway II	21359.211939892582	24122.30240293725	26804.804996916148	14363.192118109522	27270.02210415153	21642.47074589597	11424.872739648024	20402.427351883856	24202.340303968904	10303.53742718226	24213.65069194653	23142.367837673588	92695.15308002997	73899.16179384677	34525.9472807101	21468.685374608645	40925.29170532621	33333.17995672963	39428.32430841485	36447.16250239675	42814.99552561672	40997.00428212321	36011.46020088477	45145.88559218622	18184.179515401567	20996.855025423272	13894.823476002144	18265.18896143096	11624.526980666302	16091.366335860444	16083.557914610024	13821.168360886722	0.0	11139.427602770678	22470.908566355425	20.437343984023965	15274.929353921763	16581.223205153183	4741.203597923335	8188.463816783862	12763.080008852528	6860.16929325568	7561.656021252014	6789.904135258753	263.330455955258	10546.610417710566	10569.846475556498	13207.716107060822	11598.713521328364	11840.315471412405	19528.205683708373	19530.955371544987	7160.053724511062	12162.399658425997	15358.5110547679	17699.923479593643	298.601148462581	16037.929165307796	25042.91189672871	22035.364430686783	10966.11144342518	7906.28118319457	25355.949260324534	5916.910635682217
PWY-7579	phycourobilin biosynthesis	0.0	3.943661971830986	0.0	0.0	0.0	0.0	0.0	0.0	0.0	0.0	0.0	0.0	0.0	0.0	0.0	0.0	0.0	0.0	1.2120109190172883	0.0	0.0	0.0	0.0	0.0	0.0	0.0	0.0	0.0	0.0	0.0	0.0	0.0	0.0	0.0	0.0	0.0	0.0	0.0	0.0	0.0	0.0	0.0	0.0	3.913644214162349	0.0	0.0	0.0	0.0	0.0	0.0	0.0	0.0	0.0	0.0	0.0	0.0	0.0	0.0	0.0	0.0	0.0	0.0	0.0	0.0
PWY-7644	heparin degradation	0.0	0.0	0.0	0.0	0.0	0.0	0.0	0.0	0.0	0.0	0.0	0.0	0.0	0.0	0.0	0.0	0.0	0.0	0.0	0.0	0.0	0.0	0.0	0.0	0.0	0.0	0.0	0.0	0.0	0.0	0.0	0.0	0.0	26.72562875814986	0.0	0.0	0.0	0.0	0.0	0.0	0.0	0.0	0.0	0.0	0.0	0.0	0.0	0.0	0.0	0.0	0.0	0.0	0.0	0.0	0.0	0.0	0.0	0.0	0.0	0.0	0.0	0.0	0.0	0.0
PWY-7663	gondoate biosynthesis (anaerobic)	30338.89000265969	45087.13728938584	33652.65884176637	22297.86501082881	35169.99463074348	25593.02607616501	14328.2548432829	37805.81028314925	34855.73694163746	20058.957604085084	27548.88430086872	36671.72353556208	103332.5447131717	83277.27787701697	38736.131814093365	28773.16528443696	46215.35920738577	44197.41340406689	44097.81658662215	51672.18547256263	54002.52370861467	47656.81124158415	46796.37497696222	51298.39315690467	25579.868955113365	37899.14842924762	19215.631600423167	29008.03904133953	15911.830337858357	36798.77094121849	24889.54180455534	28358.89911671913	0.0	21908.618735290085	35827.437669241175	93.87782086326362	28056.19868722904	35302.21043083171	6904.915321792103	17629.452015032577	17311.638195261567	12673.54495222501	13709.328093492328	13005.55628711249	311.6326668288127	24732.847184302154	31504.714236010608	29438.861935037286	10975.867143367106	30140.759676959377	35292.403915732226	38769.528394943176	9972.023123630732	21276.66839906355	18433.549075093768	39592.09680635853	348.2573689684501	34616.376029165884	33378.50543260243	44826.371317121	25930.81530694112	18424.90121014648	35597.36873558381	7990.984300216283
PWY-7674	CMP-8-amino-3,8-dideoxy-D-manno-octulosonate biosynthesis	0.0	0.0	913.8626825065556	0.0	0.0	92.86338144643688	0.0	8.99183555865525	5331.150621631029	0.0	182.16524188864096	0.0	0.0	0.0	0.0	0.0	0.0	0.0	20.350394510810112	0.0	5.9904780981850845	0.0	0.0	0.0	0.0	2.998903771843428	0.0	4500.421368016379	0.0	8.988868601592154	0.0	2631.5592862992794	0.0	73.70095388461044	0.0	0.0	0.0	0.0	0.0	35.68293080737709	284.0467234892636	0.0	0.0	131.78650899515586	0.0	1279.720004418327	0.0	0.0	0.0	264.4487997535164	17.97747834010011	8.993809015789472	0.0	8.987705623114575	0.0	381.0606675856195	0.0	0.0	0.0	9394.202960442251	0.0	0.0	0.0	0.0
PWY-7761	NAD salvage pathway II (PNC IV cycle)	16146.84411627334	24884.596456649822	14001.901561137502	12834.360687311111	15813.582121420448	15387.816385086822	8088.839730188807	17291.98313756886	17609.012359384447	10259.452112335495	15974.00724234517	17475.83250078346	1145.9652642274743	2618.572838109765	1547.5626615875558	7723.145782654374	2072.6141800550663	11334.405267593844	15449.857332892474	15918.662012779943	21095.768058166494	1203.601025900591	11837.83447007148	545.8810683563263	14669.57744617254	16966.992267985846	12911.104345694555	15122.040970970958	7373.919590641521	14754.503480718422	12902.439069373631	13136.683669973298	0.0	9240.60828779601	18597.862188758885	31.219303865043777	13430.093489049335	16425.278305644377	4331.821570248318	7914.626709945491	7152.266313724496	6108.0290242282135	5977.035124308332	5253.900702773078	194.86056523554217	10554.372136793529	11311.228020766135	11942.736407579683	8556.490883047545	11040.035414581536	14945.28698874869	15019.299493409406	5050.937044660392	12657.629985393864	8253.674380102972	16334.724786672276	216.7059090608649	15452.992676072388	21595.632453291288	20852.42077734372	5491.657691927163	3069.1358886201438	22236.342179949403	5635.454561659953
PWY-7783	plasmalogen degradation	475.3946553484487	304.4417219787148	1403.406537089956	172.22179384058796	978.2156512346692	124.76796896137084	644.9065516902283	309.8441166989083	0.0	158.49184307173678	1680.5106665271644	487.4800517730118	49.21406075383522	3.3058112352608	0.0	153.29399999999998	29.32511363042683	218.5169114149597	435.9178474579221	198.3801853969068	545.1157454227804	18.380042118904907	50.931564393281285	21.94591153550653	642.7594908002278	684.5040713722899	156.19359430604982	336.6517036016692	1.6574207196076227	164.02997221829017	0.0	253.8974438429627	0.0	275.97752554968787	2362.700439229573	0.0	721.4495070840385	108.94867080710804	346.92211017746365	4.996637000527318	442.8718494226653	212.98310022092787	537.9954694586467	21.602530692714403	0.0	172.5913096323306	0.0	0.0	1716.7251491909035	204.56067446287733	0.0	9.327221222863503	510.798413448694	155.0817276757637	178.18548181215326	151.91978101511933	0.0	293.8667789629317	1100.1305008052764	0.0	1110.6237806523577	723.5224940491387	706.7316807753621	0.0
PWY-7784	reductive acetyl coenzyme A pathway II (autotrophic methanogens)	0.0	0.0	0.0	0.0	0.0	0.0	0.0	0.0	0.0	0.0	0.0	0.0	0.0	0.0	0.0	0.0	0.0	0.0	0.0	0.0	0.0	0.0	0.0	0.0	0.0	0.0	0.0	0.0	0.0	0.0	0.0	0.0	0.0	42.058119280683954	0.0	0.0	0.0	0.0	0.0	0.0	0.0	0.0	0.0	0.0	0.0	0.0	0.0	0.0	0.0	0.0	0.0	0.0	0.0	0.0	0.0	0.0	0.0	0.0	0.0	0.0	0.0	0.0	0.0	0.0
PWY-7787	L-threitol degradation	0.0	0.0	0.0	0.0	0.0	0.0	108.09569101133754	0.0	0.0	0.0	71.77657943079464	0.0	0.0	0.0	0.0	0.0	0.0	0.0	0.0	0.0	0.0	0.0	0.0	0.0	65.05758091993187	0.0	0.0	0.0	0.0	0.0	0.0	6.040717711849353	0.0	3.4232558139534883	0.0	0.0	0.0	0.0	0.0	0.0	0.0	0.0	0.0	0.0	0.0	0.0	0.0	0.0	0.0	0.0	0.0	0.0	0.0	0.0	0.0	0.0	0.0	0.0	0.0	0.0	0.0	0.0	0.0	0.0
PWY-7790	UMP biosynthesis II	30529.23859162947	42065.3047105945	28408.640859546314	22127.201291615187	29052.671863443906	25517.7903998652	14187.908796183832	31341.750281167675	29091.4847294173	21316.582287360943	28088.523517867143	31397.616546196303	94145.49652232164	75628.43273346637	35061.47148601573	25339.641871673302	41656.47008930103	37827.5964065365	40638.19621733768	43220.80066602667	43634.82372830129	42799.9399754856	41901.51926681579	46390.64131004026	23685.873235391016	31434.36918884569	20326.020567868552	23482.845791555952	13564.68295403686	33192.88767782198	21383.05143316682	25012.38403133336	0.0	17937.430093125677	28831.803719203705	101.15733431246558	24467.110082508098	33591.82005013914	6346.950780836096	17862.75056235755	14105.472747430991	11073.203323325328	11580.780513410504	10681.246712445636	302.460353223033	22254.548876442917	29780.23898923542	26462.25629291712	12056.902420196271	26734.35315921288	27703.27305437788	27738.067152538457	9392.095654424724	20299.4069170114	17004.729612938478	36730.43158902055	342.1320040696273	29597.18241478889	29102.316147116537	26274.936411762745	20237.658635990483	14350.74170829914	29569.17761625099	6849.826050195971
PWY-7791	UMP biosynthesis III	30529.23859162947	39848.08279607721	28408.640859546314	21853.951948537702	29052.671863443906	25517.7903998652	14187.908796183832	30261.153805518577	29091.4847294173	20861.767496593813	28088.523517867143	30368.77703290389	94145.49652232164	75628.43273346637	35061.47148601573	25339.641871673302	41656.47008930103	37827.5964065365	40638.19621733768	43220.80066602667	43634.82372830129	42799.9399754856	41901.51926681579	46390.64131004026	23685.873235391016	29793.12362228704	20326.020567868552	23482.845791555952	13564.68295403686	30674.33458642494	21383.05143316682	23793.289832652867	0.0	16061.899341812326	28831.803719203705	93.4158415841584	24046.043436062875	31848.295819542825	6346.950780836096	16791.160993320947	14105.472747430991	10510.587764433609	11313.654337543549	9561.295905707491	302.460353223033	21178.672527819683	27187.67804980354	24637.77011727883	12056.902420196271	25277.00086775776	27703.27305437788	27738.067152538457	9392.095654424724	19689.264822564037	17004.729612938478	34275.188675811085	342.1320040696273	28450.41817759694	29102.316147116537	26274.936411762745	20237.658635990483	14350.74170829914	29569.17761625099	6849.826050195971
PWY-7805	(aminomethyl)phosphonate degradation	0.0	0.0	467.9663316101568	27.58681128255411	167.31146474194497	1442.1657226650173	346.7565258347104	0.0	6865.130121004219	2021.9456493378664	2944.54398391249	0.0	0.0	0.0	5.640594636962263	0.0	36.596046836941845	17.48802757946257	42.14536082462351	112.56996524263312	0.0	23.30128740135786	0.0	121.64613194287202	3315.068514769023	0.0	2426.3555097728618	6842.585334609943	0.0	0.0	404.3138310599486	686.6539587343702	0.0	59.814610727588246	2759.4877641439057	0.0	686.2076814173672	132.68342152059572	368.63737345799984	93.32271053259493	27.10230166955449	0.0	23.3035252585586	76.77801153007836	65.01182163253532	319.81813762429005	185.52109948665685	484.6380200755173	1792.660076379122	56.346548498027104	0.0	0.0	398.8115374687661	7.055398272804839	122.96367134446206	201.81345699971084	0.0	0.0	5414.6385236269125	10.669689350872137	752.9063686108407	431.9114506702225	5600.577695589343	7.616526406594215
PWY-7807	glyphosate degradation III	413.5449782335553	0.0	1253.7352166828357	67.64218942321979	1446.580420896155	1673.1275223003263	451.5104755158306	195.12874769101472	7571.073314438132	2249.8493849677143	3988.506269577615	281.371155191951	14.970803390929706	108.5265549837599	6.4518694932616505	30.10498839103393	73.63791730902958	32.55335831363519	602.1900093918745	132.36243477336848	736.1172700865144	26.923559878151387	0.0	137.09726176101927	3815.072076830063	53.765697144853725	2763.320646724359	7454.043980839066	17.214594312631775	89.21513239636661	480.1665018611324	792.4109988620365	0.0	133.0431449459	3119.435951842401	0.0	863.9255810217264	236.6558125863791	416.7784438490661	108.23948178711892	478.8539692023222	33.59254756950105	473.9317791266743	87.71242295843358	71.38883917542644	363.94133216891726	211.34129997330945	549.1157787537965	2000.9594527223808	67.15099887297744	0.0	0.0	534.6977146986295	8.743986203647825	263.2701635871557	279.8446583069957	0.0	4.306802139050231	6010.218886370823	12.20744243599795	847.2255080322515	484.5017036676677	6243.638400626403	8.231928037672914
PWY-7820	teichuronic acid biosynthesis (B. subtilis 168)	1371.3877953216263	5601.201089777733	372.1867571894012	692.5131637522466	596.8029998040786	292.053593343752	659.427226456878	5219.676942865463	0.0	650.0298277740577	678.7689912295561	1664.6323532733547	30.36233622088557	702.5701127334856	0.0	753.5934639882798	42.83314254925399	1246.1175834539474	463.2855036395511	2915.1621132482564	60.5711091221079	146.1181742270597	358.6072286331974	27.368306682631285	285.21689401199086	2970.0254647268766	0.0	0.0	112.01649660573	5933.55687391407	0.0	3427.0009356941696	0.0	956.8111739467254	1.071871444031864	0.0	1615.728675908524	3810.4974459184377	13.39406380671751	1503.5227577580274	1211.2764984534952	1341.5814669361748	618.0605451342974	539.0929298656241	0.0	3187.401771607634	1145.2369239771497	1379.0729205442829	0.0	406.3198556341341	6725.799461091599	10750.270792851124	859.4051642915549	3213.2777830060472	18.85500561067728	3991.490798919847	28.01442607284316	7234.507193129926	0.0	0.0	0.0	0.0	0.0	0.0
PWY-7851	coenzyme A biosynthesis II (eukaryotic)	24502.132174325638	36507.207904079856	25906.171612889226	19736.2998848834	27368.62138012334	21630.432681077506	11647.917245448669	28145.18416924157	20713.83369722328	17552.674845870184	23334.524857455803	27399.83404092932	86165.76704562207	69314.53629811315	32048.92411212848	22463.5052105762	38270.81723680416	34986.09429675605	36914.0022073428	42507.80705859818	41037.63757940728	39263.41798594061	37888.84491342066	42487.515201597445	21152.72332581357	27339.30472435776	15203.646450974113	17444.22071588073	11427.19579876329	29724.570582102995	17194.940305260658	20690.871588018883	0.0	14922.166808839318	24053.189596130604	85.0	21739.083473915613	29784.22254632698	5097.115258821334	15175.475757117934	12150.946156402964	10147.071408903395	9722.770202905367	8950.773243005884	160.45210361593922	18536.626324885005	27134.984950069946	23575.98414385713	7799.344620754289	24048.868102159784	25480.78273100038	25764.057956138822	8007.475326961229	17590.226038020523	14827.77744682668	32615.91351175588	282.3255273487533	26089.790498053277	16564.202221846033	21797.45	17158.57	12226.04	19691.51420118992	5689.0
PWY-7854	crotonyl-CoA/ethylmalonyl-CoA/hydroxybutyryl-CoA cycle (engineered)	5.975732082187348	0.0	0.0	0.0	0.0	275.5082947091153	0.0	0.0	0.0	0.0	0.0	15.664956549052452	0.0	0.0	0.0	0.0	11.034464261767466	0.0	1.9854089151528416	0.0	0.0	0.0	0.0	0.0	268.26045574064966	3.98119505429928	0.0	0.0	0.0	0.0	0.0	0.0	0.0	43.3787029623699	0.0	0.0	538.8048520961908	86.55451103832574	0.0	0.0	0.0	0.0	14.565504875042029	13.598327731781296	0.0	0.0	226.8789960482146	0.0	0.0	0.0	0.0	0.0	0.0	11.892963860436767	0.0	42.97079306348548	0.0	0.0	0.0	0.0	0.0	0.0	0.0	0.0
PWY-7855	ectoine degradation	0.0	0.0	11.60064672594988	2.6479209869600364	0.0	0.0	12.40636815920398	0.0	0.0	0.0	0.0	0.0	0.0	0.0	0.0	0.0	0.0	0.0	5.800000000000001	0.0	0.0	0.0	0.0	0.0	197.79427770439884	0.0	0.0	0.0	0.0	0.0	0.0	0.0	0.0	0.0	0.0	0.0	0.0	0.0	0.0	0.0	0.0	5.28	0.0	0.0	0.0	0.0	0.0	0.0	0.0	0.0	0.0	0.0	0.0	0.0	0.0	0.0	0.0	0.0	0.0	0.0	0.0	0.0	565.9673683436259	0.0
PWY-7858	(5Z)-dodecenoate biosynthesis II	233.32831717815176	71.88585467565021	0.0	11.993169482032656	0.0	59.78119777551258	0.0	5.998945986064777	0.0	0.0	0.0	5.99884442739281	42.3167361722534	234.49838298123237	0.0	14.979145568315266	23.84377118507658	5.998250004588824	0.0	155.50256832106686	0.0	41.387474154758976	8.996286209358882	11.851583848172746	182.2003906981968	0.0	0.0	556.3689146223344	5.996652509059659	35.971762190206135	0.0	0.0	0.0	101.45823222458918	35.9586147223453	0.0	98.64404700647312	5.999123029170277	0.0	2.9995761682744417	0.0	0.0	0.0	0.0	0.0	0.0	39.95335272329349	0.0	0.0	5.999082337885183	29.974130292428672	0.0	0.0	8.995729679690697	0.0	23.988112678265026	0.0	0.0	0.0	736.3873129332587	11.988786674975769	0.0	0.0	0.0
PWY-7873	D-erythronate degradation II	911.4059355086004	65.82854881605934	586.5328759001982	171.69535205234777	33.70933589990375	172.66904434885245	249.97408616413372	275.6674316241024	3400.88	1910.6434411205391	1124.2222657284772	235.65485057177017	24.48214741979473	10.975118650480717	1.634285714285714	146.61936468632874	88.30455990564859	139.13785534026567	5.917881266503235	172.00904732837137	0.8114285714285714	37.52609855169171	3.4724593534436954	8.363405823811279	691.8058591397104	154.66013038197096	1424.3124727747932	1758.8031744152495	7.546900702106318	47.17168520781889	3813.745167643222	616.2019152686506	0.0	249.1798715651344	3336.560453208925	0.0	851.427427376509	584.368777052756	3348.0154527266413	1282.960648531363	63.23189609109711	27.448354705807997	188.1478725497473	106.3428947538327	55.34857142857143	866.7317643981722	408.9542456306653	754.3277989631229	2006.4560530019407	224.74862929819307	39.24855054013749	13.379180762932531	450.2949296142837	145.70759404234232	151.84	964.8225586835046	7.769355916127656	81.67746059320841	5583.909634236018	14902.59938909974	1311.3149373314009	901.4835438479583	8273.28888395792	6350.857142857143
PWY-7874	L-threonate degradation	911.4059355086004	65.82854881605934	586.5328759001982	174.8056348178873	69.59828798532558	224.8986676930588	317.12107589434845	326.5705484430218	3675.668791163073	2053.9382610266084	1396.7993278436556	235.65485057177017	24.48214741979473	10.975118650480717	1.9216125419932808	178.31350910077074	88.56322548956695	141.87879316699207	14.165149801262883	232.71896041971652	1.0936275282374577	53.90554900484901	3.4724593534436954	16.988077449292906	977.3063453136078	248.31153619317155	1583.562215489609	2157.0594115691088	7.546900702106318	47.17168520781889	3813.745167643222	624.1536847808991	0.0	249.1798715651344	3777.883585805524	0.0	916.8944519199432	660.3187417788904	3348.0154527266413	1282.960648531363	70.1069517010976	31.72097787282503	207.86698418779025	121.2401269703517	55.34857142857143	866.7317643981722	421.8986779970402	754.3277989631229	2006.4560530019407	364.2071449571692	39.24855054013749	34.81862062891372	519.4676013618681	162.06025339699863	151.84	1034.819985698195	7.769355916127656	89.08181053844001	5946.7963947320095	14902.59938909974	1464.5285425961993	901.4835438479583	8546.468015026161	6350.857142857143
PWY-7883	anhydromuropeptides recycling II	7915.591436399406	27717.1128331185	4418.979294586686	7725.4243321666045	2338.4750323008075	3094.3446113107198	5283.986309353573	17932.974282297426	20757.201907326853	6607.344267681521	7141.36551488263	10077.528972838772	217.0751016466215	3260.2625388644847	27.290839434939286	6518.514938089254	1688.6951003951915	10722.379922854903	2359.4238757900184	26291.449706532047	2816.44638515836	1269.2672195259624	2595.143253146239	636.7387957041243	6723.468651627426	13338.687406814272	5789.221476311089	13264.726012689149	600.5080141589499	21425.36158680936	6869.377497413926	11482.12305507019	0.0	8080.723718265876	19325.473585487656	25.56992921649988	8701.078294541012	16995.27416128455	6141.5185806171	8113.282066717001	5333.405466096341	6681.656756595512	3858.482802431211	5141.0516167740525	220.495372770754	9934.031914285362	10212.074072967009	11683.11489380595	4340.611378963328	7474.489180873125	17168.691559294344	21502.83231501553	2511.552524194305	13997.149803983497	2396.253190852429	17437.475907793938	58.706598662034	17835.366496795687	15246.794014228446	26100.266355706124	6717.898580111034	3772.1844279779634	18592.538073591026	10872.391304347826
PWY-7900	glycogen biosynthesis III (from &alpha;-maltose 1-phosphate)	1667.734445133107	1154.0079473463325	769.1922823049289	714.6997470943231	426.484699659073	436.3238889283614	896.5783693914351	2526.6781635617017	1855.1737751906492	2083.558420598614	2119.1965865792463	2070.5859952077167	159.72813082326715	511.25395521025337	10.71144856027108	575.6457473209102	51.49218086927291	1266.715791943515	133.04733205693634	1690.308340479124	68.4981277190562	231.517200318937	348.1606486981781	60.52813004459619	752.1366159361725	2413.422914333917	1008.7001603728672	740.7276548004393	13.497955571672838	317.4290161476307	0.0	1089.4356218919738	0.0	767.0331335075953	4355.417839297498	0.0	1836.1778394916305	1342.591604724671	115.92868603807008	1928.4270363402773	696.0036726525972	399.3081310468987	682.1461013148626	757.9876269957465	0.0	1324.5084754126715	366.8130276975041	923.0252952727252	412.64403214907406	1393.9406224548125	119.62761715688497	51.63855652267515	726.5722298008958	774.6219501861568	230.7968989225716	1737.636278849801	0.0	30.41319756211666	0.0	649.6870266322553	15.194355266974618	0.0	0.0	280.4328636992393
PWY-7902	glucosylglycerol biosynthesis	0.0	0.0	600.6686103681209	13.497078288773409	0.0	1417.2857308644268	167.26527753614354	0.0	326.7822074956694	183.9473554604712	1094.9920240911172	0.0	0.0	0.0	0.0	0.0	0.0	8.998823059126932	4.499675420732713	8.999233937245792	0.0	17.970690785379908	0.0	22.427675997413036	1419.9192605639846	0.0	1157.9002497084894	0.0	0.0	0.0	2372.460659298294	0.0	0.0	16.494313550651654	2807.634128157914	0.0	277.81717294481166	67.45118397417274	49.34161082180328	2.999809852231869	0.0	0.0	8.997162591152092	0.0	0.0	620.5976411006495	212.4736930862892	349.36858829863263	906.397883564582	0.0	0.0	0.0	207.98246230343992	8.998297800091644	0.0	32.98915697804623	0.0	0.0	4389.716452608356	12270.777462491527	0.0	0.0	6149.892309863709	0.0
PWY-7913	firefly bioluminescence	0.0	9.97833957365266	325.02274378070626	0.0	507.6028483887639	262.6434522536044	64.98178488201079	43.6976800552839	0.0	0.0	366.2110858125911	61.839951914491536	0.0	97.74916111948588	0.0	19.044921622993293	20.99710377699004	0.0	81.36589896917668	25.320646438666664	791.1089925199549	4.615248159676831	0.0	0.0	7.947571696091661	47.4340745062453	1121.8581142193127	0.0	3.869954117409472	0.0	1292.961705852145	0.0	0.0	64.64201849825236	0.0	0.0	275.76369268609693	88.73927198247354	0.0	0.0	428.7908115368154	0.0	39.34033699743798	0.0	0.0	726.1899299262952	272.92951955594924	422.0012863057099	0.0	0.0	24.903917350524143	0.0	135.0287443462107	11.96374062714416	91.73457234614769	43.4380937365216	0.0	0.0	0.0	0.0	0.0	0.0	0.0	0.0
PWY-7942	5-oxo-L-proline metabolism	17.939611146138216	73.91597824434614	980.3111730125112	0.0	0.0	356.91394177422984	48.11751806198174	5.994521146958252	94.7601147928181	0.0	1208.5059640928437	0.0	5.739002134874029	0.0	0.0	14.942322203214248	0.0	5.992423397113448	2.993994105049365	203.9230932098428	5.994911248389389	30.83524867888187	14.834350931905002	11.490103504813575	460.77290573874217	0.0	0.0	0.0	0.0	35.65752669407319	0.0	284.05618619581503	0.0	116.69629197416177	3765.795418943273	0.0	703.2460483885479	244.94788249682503	31.6063587320174	78.55966690375821	290.71965371660053	0.0	17.86949159708127	50.04112170565983	0.0	1106.624524678526	238.8867225610142	474.130108059838	0.0	76.55382962337261	29.820612123234486	0.0	172.46375620099806	17.899044504522795	0.0	129.24982549646762	0.0	5.992214135245675	0.0	7727.735956412602	0.0	0.0	0.0	0.0
PWY-7947	flexixanthin biosynthesis	0.0	0.0	0.0	0.0	0.0	0.0	0.0	0.0	0.0	0.0	198.0379344768128	0.0	0.0	0.0	0.0	0.0	4.442508710801394	0.0	0.0	0.0	0.0	0.0	0.0	0.0	0.0	0.0	0.0	0.0	0.0	0.0	0.0	0.0	0.0	0.0	0.0	0.0	26.885326757090013	0.0	0.0	0.0	0.0	0.0	0.0	0.0	0.0	0.0	0.0	0.0	0.0	0.0	0.0	0.0	3.189042948934731	0.0	0.0	0.0	0.0	0.0	0.0	0.0	0.0	0.0	0.0	0.0
PWY-7953	UDP-N-acetylmuramoyl-pentapeptide biosynthesis III (meso-diaminopimelate containing)	31014.140785950756	41737.38545409925	28977.1498471389	22509.43191012677	31635.09845544327	24535.6078503688	14223.349844912274	32253.85722290639	28019.89864171439	22054.33252087946	26938.089575072063	31979.885306890388	100644.25314338478	81055.39041677129	37652.91871293777	26967.816641109875	44735.60044639598	41438.23159970647	43140.29984382693	49261.83341827968	48818.69746404115	45959.7220022217	44457.19255250267	49633.64569062156	24509.70383102585	32132.378108820296	20658.16573162145	22782.421061613557	12914.15912209549	34211.25767038246	20646.661366096752	26095.551671533747	0.0	18084.75543322458	29972.238830029717	96.95258090946332	25649.442353546096	35050.31505865152	5874.955786301671	17914.902411804596	14735.15524916493	11683.100519001931	11616.61296460525	10845.338737840377	250.8633662251732	22637.690311489838	31471.541580029312	27569.700589325832	11145.254272047405	28355.88162147606	29550.23323605607	29994.930601187218	9448.20299422722	20014.94236259365	17663.584337574262	37823.73779774026	328.9012677527742	30046.301622104525	26775.96793546504	28052.82568110909	19841.385689923223	14139.671627031412	27323.214420550896	6147.855465936398
PWY-7977	L-methionine biosynthesis IV	18812.484355277757	16201.709439008631	19994.36295412236	9640.05887326991	19131.721639031035	14760.23746704091	9209.752015741353	18295.37731150723	28632.970949959235	8769.708713252112	15854.519922421268	19455.354830886416	962.895887356692	2681.6548338951748	1662.9865094209183	7615.989643630917	1852.5312830631824	14045.269269713595	8144.690085237226	16507.053100459496	24219.02773366427	1241.9302424410855	14204.087415875088	843.7261513684088	16104.90656666489	19485.10533616647	16887.69965856527	21968.56703663461	8741.308201732914	12593.90247457048	16536.82635109128	14456.826399683909	0.0	13972.073148538257	24234.124897138183	1.976744186046512	14998.935916843931	17598.81461692018	5288.922282816991	5944.624836714008	10084.038924389948	5879.691259833227	7794.142465773815	8006.638834883911	223.7922279130701	11281.766142263374	11574.37219613234	13579.796861650331	9904.8808698397	12706.812488880796	16991.389597117875	21237.842929247618	5305.53932501323	7132.161394786119	7935.984203937903	15530.924709614304	131.68478205253538	15658.078835241433	27966.739874767056	30851.930521064653	4898.274379222111	2679.392109571942	29848.247989659543	8007.600094636649
PWY-7992	superpathway of menaquinol-8 biosynthesis III	3876.820020740873	1049.197014844762	4521.343144483292	883.479142831727	3741.8947907858415	250.3356500552604	1428.8662594785249	4652.254523222102	9942.735379775597	1152.7123842280212	2170.6710919296283	5421.910697481784	198.3058595965312	270.3257218438536	0.0	2831.6148007372717	121.916693055014	2262.0357032837096	797.1412620180002	266.5051832023614	3143.161267101321	11.758418167854778	3002.395635373431	47.87601395124227	1049.651851409152	5924.791531350841	317.15525878855493	4671.259009984791	906.7483892306212	236.5290672003001	0.0	2714.331545786985	0.0	3504.575213184492	6045.190808199678	0.0	2271.272341597496	2000.415932612077	85.3497678622244	111.80503158135744	2501.7378061980257	991.2677331978108	1237.7808239408507	1721.6393404262526	0.0	1302.8383013162252	2.665864057950686	1752.0751834309883	0.0	2318.3206721563165	913.00125784641	25.575777373947226	990.2301606415418	1210.52741554595	1881.6750551198463	1893.438742211744	37.96916788892795	321.09504502152805	0.0	9139.480122728446	1.9996858681555123	0.0	0.0	0.0
PWY-8004	Entner-Doudoroff pathway I	4871.656418929637	23854.62846423764	2669.188152836892	8810.427945875266	1335.657643195625	4353.32870084919	5714.024549665415	11920.420682613829	13971.259949376572	7298.253046869328	7435.965717415645	4864.213242837634	231.71147560034947	1360.5298391881088	37.11947293638663	2129.3254339506043	723.0031054635077	3534.258579720516	1169.832359986153	18635.01055819426	3.5496884041464107	557.9159069005208	1207.041934014123	715.7243834247066	9101.259214504957	8064.9262256169395	7325.305596456289	11877.04665054154	236.662310556199	15317.364041358149	8450.388726607833	6944.255822456767	0.0	1302.2451105206271	12323.14188401686	45.307325214488735	5767.36722181492	12440.257868890758	4886.020244086716	7782.916395390682	3581.49939686322	5282.386752365758	1093.179387371523	1011.5136887913884	153.2950176625851	8175.050933200159	5072.644088453085	9621.303650422637	5175.940294919184	1330.1392507166825	5626.894687422263	2831.5487184150425	2418.401034860225	12859.891579537389	814.6477799749914	15263.62553968899	9.958557631825174	11727.091984640314	11819.278939926671	13451.500406467656	8727.055966460792	5110.538217392487	15074.824467323318	6445.094896917661
PWY-801	homocysteine and cysteine interconversion	3388.359368990929	3880.0299069626	735.4551169441407	844.6554986996142	469.900881994932	371.8432160298205	1008.1476738884954	3453.749227892531	11113.742692568496	2218.2565428189782	1642.6633005749754	1189.993672335239	189.6098687399908	474.662652176516	14.502742748878685	2492.703462646061	58.97879391120221	2423.4532735401062	211.1605973702561	2383.524173811445	1200.0294856174482	25.98923135403324	473.8925722578312	114.39169952118024	1401.179950654655	2786.2181349796087	2036.9727329715604	7848.629486258094	86.44265757128593	2591.823002659484	0.0	3545.079802644875	0.0	1451.147607965075	6072.201463790267	0.0	2789.645058461859	2811.813100999641	101.82548187184588	1457.9911122149012	954.0566774008528	1239.9892318719567	1458.2984587780677	913.8968922831534	53.52855524995955	1739.7755583644937	960.0743152119376	489.7679052007029	588.0114019262404	822.5920188109227	5511.776732161779	4956.53059367361	744.0482730706626	2912.4168233117166	180.84524142758156	3329.552242375856	3.958846303250032	2685.780492643166	4156.4811060445645	6741.417705667774	10.932089277896466	0.6449865945133931	4323.439201708228	0.0
PWY-8011	L-serine biosynthesis II	3684.2	369.4	2830.8418977645124	295.5	1048.2	909.8	421.4103441357819	179.8	4647.540565505313	1554.7288876438788	4910.529347714532	1696.0999999999997	85107.0	66624.2	30989.9	13454.2	36716.0	21065.6	27282.5	17250.0	18487.7	36773.0	24204.6	41195.0	2552.4	870.8000000000001	2767.711109358984	5160.829844149539	423.6	42.69383259911895	2725.79850309406	553.752386016217	0.0	392.35	6120.773223765496	0.0	1759.88	249.26479690145771	362.2548225344422	63.96526648139795	1396.0	64.0	712.4	102.40420308357066	49.59444775491605	881.1851254043902	343.416799099244	618.7625649809008	2049.71244025872	621.65	1784.2	1.577793199167245	1034.2691200092336	51.6	3064.8	215.56484415740704	84.0	14.65	9155.98844075977	13225.639657366331	5085.346757501492	4267.388715786752	11153.311060309024	0.0
PWY-8020	D-xylose degradation V	0.0	0.0	181.27871753167045	0.0	0.0	161.65377635971575	184.9341706086021	0.0	0.0	0.0	1043.4942003927954	0.0	30.0	0.0	0.0	0.0	4.000000000000001	0.0	9.082685512367492	58.3863002787734	0.0	0.0	0.0	0.0	502.44825272699	0.0	1572.5938332698895	0.0	0.0	0.0	0.0	157.52366801134752	0.0	49.4675933851474	2229.480614878933	0.0	428.9535161817462	132.9646259993429	148.75319222415092	0.0	18.912253189821083	0.0	0.0	68.03819735299045	0.0	283.74344896431245	140.2469135802469	347.03678001387925	1421.5437828117065	34.61720841300191	0.0	0.0	291.58045215862154	0.0	56.88168557536467	112.92961601746912	0.0	0.0	4347.691932228845	0.0	0.0	0.0	4887.249897680165	0.0
PWY-8055	palmitoyl ethanolamide biosynthesis	0.0	0.0	0.0	0.0	0.0	0.0	0.0	0.0	5.823039206390658	0.0	0.0	0.0	0.0	0.0	0.0	0.0	0.0	0.0	0.0	0.0	0.0	0.0	0.0	0.0	12.491118580497432	0.0	0.0	4.17255150222749	0.0	0.0	3.749087938799878	0.0	0.0	0.0	136.32513580703943	0.0	0.0	0.0	204.5086384484597	105.71158833591484	0.0	0.0	0.0	0.0	0.0	7.494220934524489	0.0	0.0	0.0	0.0	0.0	0.0	8.718768940437343	0.0	0.0	0.0	0.0	0.0	0.0	14.16161102919481	2.4987579426001445	1.0746715170984786	5.821582479079785	12.48737912599578
PWY-8073	lipid IVA biosynthesis (P. putida)	19701.789464242505	24474.386670722408	20406.002617620725	9996.172598488847	19307.30809347596	11102.01050670848	7370.896212676394	19205.420912188027	21877.69421684929	6899.075186899003	15486.943409591182	17042.774422371134	665.8564997981338	1680.21015200786	965.786518138908	7369.041725870601	1723.2871028063105	10644.89144548295	10793.199361892832	15695.582651730096	17416.410051910294	751.7771352985059	9695.864792786777	546.0136382938314	14513.490703033123	19680.135258075145	8956.99803049543	14198.773380564757	7525.776205301277	14862.638465099146	15277.46801653967	13483.067646763631	0.0	9329.52382006862	17578.749901032643	17.0	14175.319574443942	15374.951915337846	3939.6857848417817	6858.438969690442	10072.85946961855	6793.94359610761	7369.089414194163	6540.238497101684	201.4805504842407	9007.815301812445	9258.18643724809	11414.171202771817	8109.989520483015	9815.97175086679	20101.175872462125	20853.25158725845	6172.069749690279	12292.600130386823	12309.635410275148	16412.64084467662	242.25209624259776	15914.390258328222	22282.35389264436	19841.186924871203	2716.7200000000003	1446.7099999999998	22845.776950749707	5578.5729662961
PWY-8085	picolinate degradation	8.0	0.0	448.2836398201295	0.0	0.0	171.72407320506804	78.45112712348212	0.0	42.66666666666666	0.0	321.1207363291824	0.0	0.0	0.0	0.0	0.0	0.0	0.0	0.0	0.0	0.0	0.0	0.0	16.842105263157894	0.0	0.0	901.714285714286	0.0	0.0	0.0	1968.3798838541463	15.443478260869565	0.0	18.47826086956522	3011.22656106937	0.0	194.1156121124648	134.22023476802684	10.359712230215829	51.395348837209305	0.0	0.0	8.470588235294118	0.0	0.0	481.7929155313351	162.2857142857143	267.4285714285714	0.0	0.0	0.0	0.0	136.42318514350026	6.857142857142857	0.0	87.87850181858568	0.0	2.6666666666666665	4139.428571428571	12146.285714285714	0.0	0.0	6228.850350080788	0.0
PWY-8131	5'-deoxyadenosine degradation II	1001.7042313631182	411.0188138774913	3297.6290692170905	295.6124573969049	6230.420809815386	725.6640747750124	993.7429973173298	698.7777678227659	4.658636414334978	161.05086367483327	674.0778467765473	722.8380315292854	13.576138253113175	96.9514382792083	124.55680570070584	330.2930985023176	96.8250862629486	440.8647604512221	1082.1625688458057	167.90769883402038	3230.061299938118	4.446088366352461	383.5319391156884	16.975242275701493	490.04831725133545	935.4832600414952	162.8400088796809	3.3392247996031763	98.23494530183552	39.1290990027938	143.54945754563104	75.84546907439606	0.0	676.4921992662676	108.97530422853669	0.0	257.64740491251035	335.03967116082134	468.02990866783176	140.0641407253241	1751.3093000795325	103.3121453743838	160.95888637101092	50.10531403595323	0.0	5.992151175448534	0.0	132.22014625157405	574.5458979202765	67.59827903271105	306.4751887151338	0.0	117.23139544406932	55.64017870097062	1399.1228504283788	306.0866409473195	19.08283818030122	548.7898625219688	0.0	7.559008461979385	6171.5501378424215	4982.297802293013	1421.2463292763446	6.664714151827554
PWY-8154	superpathway of cholesterol degradation III (oxidase)	0.0	0.0	0.0	0.0	0.0	0.0	0.0	0.0	0.0	0.0	0.0	0.0	0.0	0.0	0.0	0.0	0.0	0.0	0.0	0.0	0.0	0.0	0.0	0.0	0.0	0.0	0.0	0.0	0.0	0.0	0.0	0.0	0.0	20.571039399305025	0.0	0.0	0.0	0.0	0.0	0.0	0.0	0.0	0.0	0.0	0.0	0.0	0.0	0.0	0.0	0.0	0.0	0.0	0.0	0.0	0.0	0.0	0.0	0.0	0.0	0.0	0.0	0.0	0.0	0.0
PWY-8178	pentose phosphate pathway (non-oxidative branch) II	32464.176541303048	41763.64172994329	32027.14355419823	22867.81132737535	39116.07925143138	27697.3638694604	17122.915192366905	35141.495266132384	36040.77947196322	21999.63860458648	31049.299680297	35104.17352469222	107990.9268633132	87022.08847778816	40237.22939137803	29608.94311368212	47909.96608659303	44696.21508624237	48372.31302215104	49547.89621735847	54273.421332820806	49204.35172495196	46390.16538156055	53396.75313457681	25599.533959124496	35396.64757389641	23324.156391743792	27903.529559602568	14605.69339348484	31711.491585764332	23007.561653831603	25853.45643623321	0.0	20808.35377849269	35561.96726085737	32.85162157620568	26790.630917484323	34228.881060876214	10421.41128525612	17783.986234723685	17327.70590850111	11758.247548446709	12678.48003833799	12315.545481958392	369.51809226623567	21867.246071289628	18689.07962947367	20982.077205064503	16224.440361472163	22369.33502548917	32770.091011239354	31381.35318691633	10478.540515563724	20441.693203835828	18941.59973010941	31702.94916641644	352.10924718422285	29032.6834996348	32348.204370748525	38526.32260919889	22294.39620483023	15892.785647554692	35087.82620944916	13072.519152700286
PWY-8187	L-arginine degradation XIII (reductive Stickland reaction)	8660.595481337215	17458.042275659423	7708.407915271095	8487.716526508782	10396.563493027565	7872.028031915811	4626.632010406632	12010.778732695511	16670.615412956395	14951.834604733029	8833.132559292599	12500.782495609625	97806.74172239073	78228.01221293704	35909.77750182218	19857.874079763737	42497.464378617165	32173.718726455383	30044.70421889247	38521.32986220716	28930.35678032407	44475.3369896848	34477.40805386844	48162.38748853531	11905.027243092112	12212.25338178634	10511.42455141217	11758.278717560392	2481.847361153069	19341.06597981813	5125.38223208728	11741.96283053301	0.0	8153.903635796495	16099.405069636878	71.4148780996041	8687.50849156716	16788.762481367812	5114.079501072756	9840.768087642777	3742.209390737667	4145.106131663462	3534.108813357029	4454.8956262271095	123.29263086369733	11857.831095886264	19873.44785219541	15643.519056746663	5282.236364138749	16815.683038050858	6708.950733771341	3712.906739335685	2624.084860264243	6712.651641499179	4977.640038184252	20266.721776614057	64.570015436851	11844.96012022145	9640.096381924825	8513.964331280938	15934.804281778495	10867.7224624734	10833.388405394706	7550.796389195413
PWY-8190	L-glutamate degradation XI (reductive Stickland reaction)	4399.919469401434	2009.757132653564	8156.6251031838065	3545.123516320783	5444.009979752405	10172.50293407542	2270.1020760345496	2937.35416045234	0.0	2496.0826843544287	10301.576284817716	6256.94925455506	811.1446543756208	582.8382257462607	232.433715624634	2466.15578002001	413.3775670969966	2602.139450900349	5277.575549095564	1294.912644785616	8237.095602942196	184.3108994450185	2626.560106289039	705.3190932068773	5316.866130806738	4385.6993944466685	2822.300600447643	0.0	3165.96895878392	745.1537942322768	973.1821954846832	2160.0766178371555	0.0	2025.3760214209867	3959.337046404918	0.0	4093.5714421733433	2325.2963631201387	430.70930736049337	553.6878911432651	3505.602322242419	786.4825877735677	2118.689359434007	838.4543748452443	0.0	958.0654248433696	1249.4574584584018	1800.152239634588	2479.436836866101	1099.2908536552109	1557.99571555651	37.80002066226457	1894.997374744242	225.54761413998563	2933.211243140261	1893.0105029442009	56.519301228402206	422.38752597191416	2472.341726580232	0.0	0.0	0.0	5561.243502902553	0.0
PWY-821	superpathway of sulfur amino acid biosynthesis (Saccharomyces cerevisiae)	5455.0897627495615	14644.164582968073	4587.379436064251	3873.915810856002	4466.542560259932	3102.8623727542963	4167.867586566799	11652.95126095794	14112.960975652266	5613.870874172464	7151.790081967668	7848.140979073492	99426.50016210582	79223.30642156844	36814.63706040704	19672.149319876	42874.27827362451	30814.39441278178	28148.29925478211	34270.83421927492	25944.676811524907	45175.659385223655	31901.90633679349	49108.15770486675	6837.528135219932	11035.830016528882	4057.212718046576	9752.469454989956	313.8003133573057	7863.811235677658	5502.910724913055	8614.202749931432	0.0	6568.149188181976	15566.143465181069	0.0	6200.731832595778	10014.288126227057	950.8044503391544	5520.844727389825	4660.697820833106	4308.361331225569	3374.5126585414064	3714.4278263713622	133.47909626598891	6211.830651682733	6000.683501669766	4667.125955951072	2831.65358736562	6159.834387208638	11331.294812850943	10198.089156593323	2323.7411017221	7179.900937253102	2343.587962365598	10065.953521861838	17.506818380217954	6426.48742576844	11689.872795347796	25811.07604584003	3504.517021413683	2005.2599820315252	14149.277449588188	0.0
PWY-822	fructan biosynthesis	1718.2	713.8	229.4	954.2	530.8	378.8	437.4	1017.6	58.0	0.0	406.0	484.87	4.4	117.0	0.0	213.0	0.0	532.0	62.39999999999999	1625.8000000000002	15.800000000000002	33.0	1008.67	42.0	119.0	172.0	687.5999999999999	0.0	34.0	1324.0	83.0	268.0	0.0	264.0	1198.4	0.0	463.0	244.0	224.4	722.6	177.79999999999998	70.0	70.0	106.0	0.0	702.0	718.2	634.4000000000001	0.0	291.0	32.0	37.0	369.6	387.0	52.8	643.0	0.0	66.0	0.0	0.0	4682.0	3974.0	0.0	0.0
PWY-841	superpathway of purine nucleotides de novo biosynthesis I	22617.284819659195	33738.56192910132	21493.763067544027	15524.629095020897	24464.7524216384	12191.46819990712	9922.696656222388	25971.042646603262	24485.29856520621	14918.564213075386	20087.27467664464	22840.8908720863	92753.29768722397	74665.84239670877	34495.519381592545	23506.310003779712	41079.49234391582	36288.58021258871	36540.332603617215	44206.53864837092	39434.40766251115	42321.37376292725	38627.48849325905	45713.56236133382	16559.790511284576	24718.70321900356	13088.457365538514	20848.7590696667	7989.917498769896	26709.025441005	15979.041906701745	19090.949494779405	0.0	13479.293648066368	25945.09669542404	50.17663817663815	16968.351891983915	24433.69747968437	5647.696854557047	13508.570400075763	11613.340322833888	9288.972486934355	8296.609186039894	8113.07274363822	229.94038203066245	15931.653506315412	19677.9740130497	20287.952325655533	7034.698942301165	16708.782507453896	23824.5464858479	25404.994679837164	7193.921327558976	17259.93359936532	12058.061310486351	28713.723021130583	191.6941101161141	22393.602305719018	21405.12108502744	23334.805610989435	20006.012747367025	14257.212125018808	22579.850180608715	6867.795623108988
PWY-922	mevalonate pathway I (eukaryotes and bacteria)	765.7854669063739	3397.044499767859	749.7466670628121	1385.6291106858323	107.73821499458188	519.3010253604774	312.01573509627343	2997.6745605100527	0.0	1701.2754587006618	1211.7901836407325	1744.029760763838	64.12053317760844	200.1254858885136	0.0	1350.1669372998012	140.55791970986482	2714.441716971548	31.992959464334604	545.8423730735741	0.0	149.38362635828915	3633.836571252091	116.14467980027392	164.97410181841062	2514.296663810316	2351.930031976358	0.0	37.32282887513502	1646.703580895776	3235.904049116522	1204.4612862370125	0.0	2660.1189643227976	3703.1306875122655	0.0	3589.9456848468703	5750.122213318574	0.0	1574.599532345222	557.6482381189094	765.8960612831715	1236.492899447562	1629.2999702513246	0.0	1796.0426261458213	861.2323475103567	1829.689271875333	0.0	1068.599699642435	149.6904441935433	1207.825702724116	872.8160696406974	1460.3801859114842	147.52371749536377	3589.2321562240963	10.091694337409232	1601.885894157122	1319.900413848967	0.0	0.0	0.0	0.0	0.0
PWY-I9	L-cysteine biosynthesis VI (from L-methionine)	11962.917380486551	32296.95070067283	11430.943844489191	15609.949450391556	9370.23384517794	10705.675488035433	9473.739269903675	23436.237180558423	15094.956210929824	16046.77431095961	14770.824395234296	19787.80239048461	85865.66656789412	68826.99637595627	31398.826392361887	20768.363190627337	37693.93054958735	32359.39283600598	30132.790559492107	40506.42282229458	27986.01906832648	39025.97049766765	34423.69906375572	42348.26473478825	12691.736815720194	21613.182988882687	10599.968501434383	13053.94910778025	6894.779812695976	28139.34189384894	11451.821866049748	17349.91965528508	0.0	11506.04929145755	19354.80050796008	84.39716312056738	16960.942138131315	26636.87045555989	4354.68947993303	13483.293339838268	7471.440532401637	8757.891350634569	7532.929058518514	6780.202531421041	182.0290399523775	16794.35580248203	25563.339214542957	22517.946359813985	5917.306726171268	20640.824560477493	19877.91659345906	17978.13958011733	4995.285492664776	15649.127461761633	5871.174804734307	30545.465207093064	173.02787851345988	22553.142022776246	14361.394949275013	8923.935808698194	10483.454818646029	7951.661614028108	15825.055179330617	5689.0
PWY0-1061	superpathway of L-alanine biosynthesis	21134.89604935271	41608.09631435703	17686.382862580587	19272.683608754	21111.256506314206	15822.612641317888	12858.90791086716	28973.919364055288	30366.256792504657	18685.876812835013	16575.151094665624	23984.601463738138	1079.7366573811216	5375.854563105291	2085.692083009333	11676.36768318452	3274.6311163266546	20261.81253666478	8397.2512614599	42396.06352589065	18689.706767724747	2594.437952383583	20424.98009343929	1096.0217725586822	18155.540015219245	26791.315132815736	17014.866527669034	22457.87808560614	9419.14616517734	32518.96274331532	19775.51848365778	22895.168418615664	0.0	14227.205500608834	25543.66936112546	94.27981651376146	18142.01288541496	29909.542610902623	6609.380548306537	16594.323366613142	10422.079502705194	10726.461036028264	8840.93022510534	9000.748185351893	282.5249973937817	20088.8575875828	28134.274927345923	25914.98919553018	10409.341988627048	22845.22099752065	24236.470432666974	22986.11140054808	6376.08174504712	19857.04199681104	7432.786381262449	36082.30465439997	196.41388540910577	27507.390772711045	25307.979159757637	28579.99874143618	10974.059961845933	6855.190673193133	26545.460815647337	8472.277961854134
PWY0-1241	ADP-L-glycero-&beta;-D-manno-heptose biosynthesis	9502.226942525924	17154.984522398972	3763.7398973022105	5334.109991693154	4397.475350066654	3026.0797477004194	4300.8304911289615	11830.109028293526	12654.708666521165	3666.0704409213504	5142.709059551984	9788.876926586168	184.696920880503	822.6780350487459	8.936101933884316	2713.577641250051	710.3196302827764	4796.49093421662	1931.6299202025816	13071.877555603172	3023.1935449038438	471.5067932272751	2460.565741415012	234.5218675470636	4091.360202120825	12087.967515981518	3430.4748727189703	8772.617282639098	1942.473120503248	10607.843443381613	3169.349096278084	7626.152714891922	0.0	7505.380861039007	8159.580240416688	17.0	6118.177092823966	9712.649674984656	3630.756685264214	4324.358882349485	4509.194229195977	4631.661340287282	2533.8193975265144	4194.268410540266	141.1376796848012	5023.687974483431	6522.000436380062	8504.413804210066	2678.2876158594445	6197.959694998978	6245.303461088732	7015.405230022411	2490.386515328642	8581.537819205301	4533.362953702716	11127.128407428354	45.06416286609702	7858.122077020836	6535.802978033183	14859.611651624557	2952.327741891416	1590.9040907584204	7101.008503781604	6174.444444444445
PWY0-1261	anhydromuropeptides recycling I	9443.252929731932	28143.638846210637	5035.690652361177	8672.291418578414	8325.564950439626	3500.600970784525	6279.80225605284	18366.707873075444	24283.93242184839	7352.431828554183	7808.648004307538	11069.309717765773	217.0751016466215	3260.2625388644847	985.2092837959888	6518.514938089254	1767.7306624805203	10722.379922854903	2919.6001099806235	26291.449706532047	7149.926486121013	1337.6479257802146	2595.143253146239	636.7387957041243	7196.4580526815735	15065.697858694	6039.95815533741	17008.109319865594	626.4180130918563	21859.118578223824	8064.546416238326	11980.889150656138	0.0	8199.920995658502	19325.473585487656	34.0095891515483	9607.909590605124	16995.27416128455	6237.997128521006	8552.319200396742	5409.510827123195	7235.421768785875	4432.279434355625	5141.0516167740525	220.495372770754	10046.319118125202	12385.232916031067	13569.701710986075	4708.757589886579	7663.419812353008	18259.34469486061	22396.03399527429	2690.010840260717	14056.970600820832	3274.030067624324	20863.403210624216	73.61109571225504	17835.366496795687	15246.794014228446	26100.266355706124	6719.427187891182	3772.1844279779634	18592.538073591026	10872.391304347826
PWY0-1277	3-phenylpropanoate and 3-(3-hydroxyphenyl)propanoate degradation	0.0	5.355499091734426	366.826344056854	5.329520437584595	0.0	13.343999918849846	0.0	13.875478767837173	0.0	0.0	307.297225471877	0.0	0.0	0.0	0.0	0.0	0.0	0.0	0.0	7.714157843210034	0.0	0.0	0.0	0.0	221.07369642316647	11.366880900825258	0.0	0.0	0.0	30.35460827078268	0.0	0.0	0.0	66.2596646705935	11.776357496888364	0.0	0.0	0.0	0.0	0.0	0.0	0.0	0.0	0.0	0.0	0.0	0.0	0.0	0.0	0.0	36.232976915314325	0.0	0.0	10.314548788064954	0.0	0.0	0.0	10.482518126516691	0.0	0.0	0.0	0.0	4.283822898665624	0.0
PWY0-1296	purine ribonucleosides degradation	11280.698252230964	17368.680389804707	11010.461029397416	13140.684483640283	12245.079125959135	15016.3898237853	5454.030940578619	12144.65797964124	24535.71823997287	18230.605550394823	13162.004597927107	18116.47218671775	643.5523212275613	3246.511996297732	229.49366321582409	5111.030435361214	1266.9775835775663	10213.092111397964	6451.962654761051	15044.147442712674	11897.969213489429	4852.249864126141	10159.275984321825	2529.854711902476	17583.917460244287	17706.81549485159	13909.875403563983	21328.77480333205	5372.831238683132	14137.351827654442	13133.067837977178	14969.073294618438	0.0	11623.897016206543	22037.163496345864	98.10687022900764	13585.291480207588	18365.03941074821	9105.027784538705	13391.331018286137	5799.765563290803	4742.937202429905	5264.240976528375	6232.692195010865	243.61686854941053	8238.753823905594	27915.199310063417	21412.282477954148	7488.282220109102	20778.30580788539	3451.994878599058	1477.1397100047857	3362.821628646458	6161.544932475087	6351.91893762917	25908.39579099027	56.8703960720131	7919.566285322206	20066.46915795953	25413.00063544256	10871.832616696882	6272.61036914759	23424.82925982158	14424.304504963096
PWY0-1297	superpathway of purine deoxyribonucleosides degradation	11528.40737440563	21344.61899563696	7851.806053088734	11748.143811435591	10622.126010649634	10257.682302840554	6396.582104496265	15500.82031778952	13134.58966310843	14009.870348963106	10652.401751768017	15806.948283904432	718.6999295344901	4475.054025428031	229.4780940440569	5691.1937853036425	2356.7123305312216	13275.959554638184	7061.560289125734	27574.28144945339	11125.384849897966	4848.56858334782	12734.70142374615	2529.2013153955368	13192.238909681211	15761.13460960057	11559.859703541915	12027.698851087684	3611.729374675685	21440.734731700133	10076.241246906277	13214.565510742712	0.0	10586.350058544236	17537.740876143405	83.55117871235372	13588.38274322728	21607.094383547686	5964.494310636838	11494.700213200818	4914.44736362134	5910.487011524561	4822.626932395338	5372.584468588033	154.36819407249988	14957.263522044774	24571.183465195816	19183.584995306388	5600.2247118439045	20747.83705383731	10900.5472490812	12596.163855883002	3097.331836692555	8786.691323814597	4886.833871458951	22884.790306538405	108.37032027646384	17616.5748959116	6453.244885573973	7515.171789963915	12469.64719689636	9055.137226412133	7081.273145524175	8068.132264739298
PWY0-1319	CDP-diacylglycerol biosynthesis II	29103.44369809579	49891.23095647155	25788.87747478185	26967.66255342336	29358.635086288898	25167.1656867008	16973.634091484422	39833.04611937566	35855.69132543436	26158.883563603275	29916.825082127816	32278.44093337144	171444.4461789798	137212.76055373586	62989.44467144034	37489.13550424211	74758.33207411501	59527.12980435974	59449.43725803588	76065.23304259506	60584.94346229954	76855.17694702705	62678.742234595375	83995.9749249889	26150.94136659896	35202.02594692777	20795.57408381736	29266.239393882817	13872.863523499816	47416.90630752976	19619.073989009925	29712.60535685297	0.0	17637.099554388573	35018.12289554294	117.42852275631016	27645.90138355544	42249.36747396169	7083.779666073911	21558.21844096029	15892.240139532712	15006.337966833453	12144.272883596856	10794.051102637604	377.76407036115904	27033.564607740147	34661.03204517857	33892.88150289127	11828.950040592808	30096.42794752122	37830.97709971721	43159.40643060022	10047.524702578938	24952.204478986165	15863.484520123193	48583.747476592725	312.8440487641168	39311.09363756396	29354.48493903815	30945.503193617784	23280.09386751684	16339.04457530098	30663.4168151731	8374.831745403846
PWY0-1337	oleate &beta;-oxidation	966.046416917464	81.7145446057081	528.002335629655	0.0	0.0	0.0	176.4523025163064	14.245661000011776	0.0	0.0	1989.467222572228	0.0	14.287466046213984	6.0413285761489774	8.972691249849614	22.228656465309285	84.48653271393044	13.988224402010411	50.39286541768447	236.9070191303816	23.136411780958355	88.73838442904213	0.0	188.65761344655724	2524.634404420299	14.034941263795186	0.0	0.0	0.0	51.36300802134252	0.0	25.474086156030463	0.0	303.8953657036619	0.0	0.0	0.0	0.0	0.0	5.490549856708968	0.0	0.0	0.0	0.0	0.0	0.0	96.01520141959236	0.0	0.0	0.0	22.27140119076561	0.0	0.0	26.71547949335705	111.8247071194686	0.0	0.0	0.0	0.0	7684.189353351197	0.0	0.0	0.0	0.0
PWY0-1338	polymyxin resistance	604.4733817260052	6.680197952378651	281.8780357950497	4.84375	114.71466572419853	22.11633040722283	210.7092144157829	5.115640584694754	7175.217383296437	2045.14	588.952609541908	9.844570034307978	17.796368891224382	3.43	2.2622047563664256	1.953325889534018	14.155494678754431	9.065046626772334	16.960491576896427	97.68242808386154	1.1830503033535231	11.475856469355683	1.0	24.71334696812866	506.2154650646792	0.0	1842.0	6230.65551025638	0.0	14.9756107034959	1384.0800000000002	602.6525260467989	0.0	87.43990384615385	2336.28	0.0	343.9593583144571	229.1234238695114	3024.97163338671	893.0256011389264	16.223591453972517	2.7965862242332835	15.035881731784585	66.89354262378765	88.42999999999999	488.2840414477861	179.85	554.71	1693.849632186758	156.3044952507179	0.0	9.221632603563428	265.21488806460485	3.435114503816794	212.039980782548	80.4028117553614	2.14	0.0	4828.15	3999.720560539755	1077.72	753.71	5191.9	5557.0
PWY0-1415	superpathway of heme b biosynthesis from uroporphyrinogen-III	2311.4345426931463	6406.958694309084	1178.732050496908	2209.2888529556776	575.5259451650608	626.8712830980073	1502.626042930218	6611.05440161961	6016.473459657765	3842.747037827541	2486.66638417822	3273.6096394075857	89.05916087584161	900.2411132090792	3.4110507187115773	781.6059906362237	563.0328548673137	2437.4792421520724	576.4555343583169	8960.842106968528	22.22324129772503	359.9077929130497	492.4316547292733	153.6841503600857	2095.444147751897	4752.11789274417	1662.0698931544352	3232.4507829072386	167.79354977768858	7821.516043341228	2567.1245259060065	4031.016845516336	0.0	1785.9164683510908	6226.577637634116	0.0	3054.985887088499	5034.187724314927	3260.4012840105365	2997.097444878681	1466.9140992310406	2356.321465724786	932.6179239482128	1233.521588557159	81.31331700781739	3029.6258061228127	6085.7697837893165	5677.124610738254	1824.0468816621565	4052.34126886922	5255.399759353866	6167.100341319229	721.070829427867	2026.689467198841	756.5467886548025	7445.689693436715	16.54620982089317	3527.0351535273808	3575.095985208497	5830.312470083744	2122.809019281457	1374.0781194237222	5249.492388115555	5600.314083259522
PWY0-1477	ethanolamine utilization	6783.8093666357945	13027.043526877324	8800.238072299591	4397.311872344419	7005.2854733869335	9332.423534185778	4579.562027567755	13505.006932555494	21356.543232133296	19654.94776472104	13486.635490341769	9565.05877683215	1168.9206040734996	1746.7285296180237	162.3082351975301	2659.146106745398	448.9238976797009	3166.7470222121483	4774.222719519151	13465.428614735514	6075.822840240238	451.89291623156186	2999.596422447739	1109.9324202954465	9635.995008406871	6378.0005240277405	7633.592035658709	18197.066668239688	3481.2959000928445	25731.852825377693	6638.593641852908	9806.451340220934	0.0	3997.2468612771554	15481.429414279126	0.0	8042.020826740319	11016.152943612464	9221.834053144434	8908.114210045756	3108.977838179945	2702.484391274348	2773.161313031416	1551.1826728605258	256.73093130339066	19627.96875182186	3189.977695979944	6295.449342855811	8836.836340118412	3653.9213589835063	9250.500179684886	2483.777094881369	3575.5190123401635	4705.286654291062	2607.487444431144	5154.699474822137	125.73434534077457	19318.39122480995	17633.41671780256	13069.667778025616	11575.515445372766	6449.071536335565	20370.240556966943	15887.576789009638
PWY0-1479	tRNA processing	7163.490132844867	22571.843966112378	5244.059053102884	8752.346716787908	3328.7631144668	2471.870340437738	6858.689182233848	16051.38705996518	10126.054224442812	5688.900474085129	7698.401303524362	9183.226786502064	153.7650771376346	2437.8215570242555	34.7712220537604	3564.453498716758	1278.1896717872796	9147.760110487188	2164.8777574840024	20863.478282474814	977.896012507199	1075.9267850611418	3055.4598382467	302.0228004465714	5415.392041368509	12245.799135323174	4832.518465560866	7160.20046009372	1805.5091008031425	17573.288301243392	6350.013800801682	9031.43954233464	0.0	4599.119652016812	12219.585184419184	27.38255033557047	9660.249467513066	14429.918679315428	4000.503133721111	7746.555618731985	5319.069253795349	6000.175922471139	3798.417062525552	3691.3739672330025	152.21865803004266	8938.928485076947	10274.820238400884	12399.45875170918	4306.4993836198655	7332.835717061943	13750.719172668783	15365.440890040163	2797.165495593231	11934.290993011517	1759.1819446185802	19076.040460692875	111.02989124511862	15344.375278318474	10565.688153019972	15830.225202854865	4650.716773783868	2872.1203621678856	12557.911431512528	5677.76095545977
PWY0-1533	methylphosphonate degradation I	341.8984103075804	0.0	1148.4761937333967	73.14303385239093	1251.0197042635186	1412.8898460710946	344.5936374407836	257.8733216532562	6629.145228689991	1839.2216429983823	3430.8042434861063	327.46092469696043	12.319194823867722	92.08577335489106	5.322255168223668	24.84369618527683	66.61984860164466	71.57778506972929	526.1869575701386	143.6900204244673	1085.466787224318	25.008699630942992	0.0	105.66915532268442	3677.8564947959617	44.38378949870917	2796.970928308253	6540.327212911218	14.211131518979846	84.53704074991771	600.5978541704269	747.6454218344551	0.0	162.9156729733645	2737.4835955386347	0.0	967.2487838442094	221.4501926013668	370.0997435147974	82.85677531205286	587.178230523573	45.03803279332534	473.3913094673146	72.47819745919034	61.29421915444349	299.6846403790552	173.55291277046646	449.0811015425381	1686.9880840260432	84.11956897758971	0.0	0.0	527.5565197725405	18.42479852097246	451.5010599520398	289.0182988788126	0.0	3.5547462555093654	5189.96365631736	10.076566047377453	521.0836755814587	302.0676923076923	5645.618015781381	6.153846153846153
PWY0-1586	peptidoglycan maturation (meso-diaminopimelate containing)	81652.09358311287	116977.4787388568	74608.09758682142	62276.301545875045	74764.17430273564	68658.4063749679	39043.48370165229	87614.02027248559	106667.66797916828	61842.90733138541	77395.81892368496	87695.75406040548	381682.4789760849	304532.7103371372	141258.95497797985	87337.07762345944	168739.90042825925	139956.23759686868	147136.525670167	159606.82415452538	144469.37795743902	170914.72714320003	154592.03126392447	186857.24041644068	73996.94694442293	88767.81661109353	61126.74630592306	78359.84327498541	38986.88511421425	97321.78816807912	70835.49126753758	73461.43501478	0.0	49412.77741648672	93058.3020320075	302.5114854517611	70413.9244063857	96153.61470788407	24458.992351973528	49310.0895274235	39009.73411238009	32992.65813695047	32848.00308366302	30357.34274623277	1019.8222222222222	65257.80190264189	98705.21259727702	87712.23630117041	39168.731275719496	81928.76055031794	85640.12681772714	84427.04664120406	24969.216448182146	53832.706036276766	45783.54938297437	109140.52725023682	1047.3884685253931	87987.37792760412	100981.2545754565	105950.68591742688	69905.69887514746	50305.95665119782	106259.3544383626	31818.61135125457
PWY0-162	superpathway of pyrimidine ribonucleotides de novo biosynthesis	18388.426650516696	30721.87182192477	10757.841248742272	13030.881801573849	13018.50393994697	8528.350918436006	8442.976995300896	23158.38470111931	22074.225350485656	12893.337073873025	14898.456191045869	18892.66605859216	1362.3364821453083	9081.57450947279	1479.502754080124	13228.73546658256	3789.45234863056	21096.352842789147	6957.818395140587	34840.735006640425	13806.216981857004	8431.20722393043	16746.622469537877	4295.175593089789	13501.274923261364	21280.476342453647	10949.951990344009	18025.121028677662	5303.01681772586	24229.80203722145	13034.74284969715	16940.053083435047	0.0	11514.39334684312	22336.026964513465	39.56555349646383	14276.28944053777	21405.136012596744	5092.372297977791	11718.1254095288	9206.1202716237	8253.201043373896	6993.464778147099	6985.950182285838	201.72275126686	14574.345793390645	16113.809377570173	17037.050094271854	5313.400348438621	14157.655241951185	21962.167597772022	24324.03282059093	5529.002621338457	16058.135140011973	7823.862679246919	24445.392600700645	138.90852973342106	20687.23661646803	17177.388238159572	19854.783283852797	11802.859036859283	7346.335216613701	18699.56894095724	6375.6585019230215
PWY0-301	L-ascorbate degradation I (bacterial, anaerobic)	3840.7252928629136	3620.097478334768	3254.4974369475267	2074.5771747356184	6075.711663976436	2230.626763695276	2471.2418745604277	3457.2030286404247	11231.545223500503	3518.179883833792	4498.76557542637	2446.919669121073	214.83944473309467	284.0175411446698	90.6317062165758	1212.0715563963954	556.6412705592032	2727.0879196271903	1969.8137384447523	2935.197614069444	5326.410657660175	153.75297578490574	2675.928076947152	124.61593545615396	3355.946586833104	3194.952094334274	4457.01942999973	7603.794329756908	2077.3687773368383	3633.685452859386	3918.7019912165615	2398.01493787819	0.0	2137.0442770454524	6621.84375579322	0.0	5685.343119243889	5605.915944564901	8509.658531837511	3964.475627197659	1592.9319161677788	1359.4720540588528	1327.402758485977	1362.7640599167062	141.2942349901736	3814.4807036753296	3409.2451576080725	2690.0376123494366	5624.055818746831	2716.160071502107	4812.279522103566	6770.914331261246	1635.1380544651352	1937.0579826862415	1845.446811351989	3186.676953365813	37.1253014190368	3291.8479268095043	5065.481204336516	9903.153855103124	5639.809189720637	3886.377307133445	6872.1618522502695	15385.322495436958
PWY0-321	phenylacetate degradation I (aerobic)	0.0	0.0	290.3637021417696	33.59995158601634	0.0	282.5789338160736	35.08923257127638	9.242335537075345	0.0	0.0	316.6279073898366	0.0	6.593684495163862	131.45004813248366	0.0	16.026463653018233	16.55428219071723	23.77261757665793	16.486086285291282	134.08069729629318	4.9970082525654425	25.55126706112281	0.0	15.156786965458044	849.7216107158284	8.27717920685572	0.0	759.1851513858084	6.371884473907666	27.564570118612806	415.0661433588139	2081.809606276079	0.0	134.38279545599156	411.1338303002023	0.0	289.41936590513023	107.3973115338403	78.05966956341176	30.9542687711948	0.0	0.0	20.336133411573105	96.53096638182129	0.0	1049.026335968644	0.0	0.0	0.0	245.47269867218296	11.094687403943798	0.0	35.74268505707164	37.12295475329397	0.0	384.028866986664	0.0	7.984157388273264	0.0	9835.47286306079	0.0	0.0	0.0	0.0
PWY0-41	allantoin degradation IV (anaerobic)	0.0	5.639448366573904	531.9554701585361	63.06446606121241	43.03511361069628	143.27214111780626	279.34236087882726	111.59273264385124	0.0	0.0	278.11540633896254	118.06632033473636	9.907297161089566	9.76878832929698	0.0	46.32152045894114	22.339238597964947	10.428190307374324	28.72775216682582	0.0	0.0	0.0	0.0	0.0	469.4707643593326	40.44702269008526	0.0	0.0	0.0	0.0	0.0	0.0	0.0	108.67312488003688	618.3401757582564	0.0	220.4342226522768	0.0	0.0	2.456050494275795	30.913830142479156	10.465208322699697	34.402038072641204	0.0	0.0	0.0	0.0	0.0	0.0	2.114724164346569	77.27373281682945	0.0	169.66403897321578	18.388910744222667	39.59412036796456	140.87563208848584	0.0	0.7564515788916206	0.0	0.0	0.0	0.0	0.0	0.0
PWY0-42	2-methylcitrate cycle I	1024.4249861793987	120.642381824542	731.7365330112603	33.5408453781179	138.11815641124292	353.2799185194333	556.5907165468665	24.73743080138789	6944.626409848727	2194.9449069410543	1400.0202746312752	23.023374700929917	48.356727562176886	13.075886748077128	2.698404298008356	15.981251733118166	65.32453834483223	14.12104258551112	27.690065794725317	358.4668866215695	11.6702214023082	40.14158484155621	21.31975351018448	48.48898813629466	1755.4914440829946	28.555549078013183	2316.6935069946626	5996.795053937916	0.0	67.15012187461947	3466.2870463615536	948.5208093706487	0.0	259.7331044326353	4138.488564369521	0.0	914.810207886871	538.775772552889	3017.8360516412126	1464.9433376767518	72.85243483647193	23.06264543512211	63.78263813439651	101.73197406515123	105.65831840991832	1224.1291360394937	435.7003429593681	1159.794600481821	2207.856162447107	220.40464765989083	71.88057149812037	23.7678429876639	478.0641073678216	53.49270392691092	263.899443616474	283.60611416231546	2.14	14.966494128070236	6795.8121958220745	14203.627593054316	3537.4111560047754	2024.1996500993573	9899.195122320934	5552.999280057596
PWY0-781	aspartate superpathway	14862.72562342908	26802.83343204896	11200.22472800762	13632.798060542278	11637.556075020126	12133.31156580365	9706.715541974849	21357.74534308352	20698.021713974627	13376.168558226833	14871.55562265668	19464.463126369203	1885.101852831188	4866.98569456928	2473.925053841937	12697.770773242715	3152.0115188455907	19556.71756494857	11872.658074249555	27299.35198789898	22355.91329305225	2132.880374758613	19217.827602797883	898.4219056025694	13371.514702958735	20250.1667193626	13261.666891523402	16772.223202105215	5699.659496973432	22085.481918491954	12472.165373123078	16684.769420790562	0.0	11740.842716028988	20960.91098372974	10.215550501372292	14740.709053477782	20400.910751534582	4637.371540493062	10566.114398188687	7834.537699511959	7494.140860629405	6841.30735145273	6836.087378846981	217.37732961769512	14981.553535440984	14248.375606156984	17495.084379579544	6542.1061309651805	13482.428652921632	17748.85864343008	18086.91014601908	5430.970584586844	12511.630753196534	5252.934714930752	23787.399686309785	140.9078764211059	20352.8025634606	17878.77239221914	15436.518808917595	10028.384269627366	5671.744692133581	19731.04586539466	1798.9430907435603
PWY0-845	superpathway of pyridoxal 5'-phosphate biosynthesis and salvage	5754.953778043217	14968.788742894856	9841.981773521684	5740.0192699307045	7236.838665386286	2802.1222026109303	3761.269945001802	11080.017284907888	16701.02085100389	6043.884463379277	6827.831007692654	6040.934516267314	167.6783470724233	1367.5969209714988	1182.3625553171407	3833.64440916834	987.4043483181496	5981.878990214706	3175.706942686244	9408.25829671225	11055.553810403746	808.1538002864006	3132.488650729103	360.3588477209556	8801.933242703968	8341.569860051086	5773.325002974952	13573.572236022914	133.69965053843174	4831.291842384258	7225.017119364684	7116.58919293962	0.0	3711.6812588875896	11862.59766170488	0.0	8385.139992824346	10762.997304754788	4520.648690655365	6776.268388358222	4959.078248196258	4184.945298265784	3176.13420644852	2768.743206328372	183.98430184489615	5568.46444929018	7151.361484284749	5657.277588932371	4503.639213801337	3171.4335920026665	11564.797520152017	11676.12605976752	2749.71533928126	6784.908747942402	5397.127916977937	8984.51314798312	44.48394129153452	8564.493106852644	14370.25426531136	17163.578020617624	4809.594475315328	2666.888525242369	16557.032544592803	7135.678725180062
PWY0-862	(5Z)-dodecenoate biosynthesis I	8166.78971290191	26824.96022487009	4724.130855543889	12274.20253516116	4427.748972590787	9064.410534135794	5545.334541123864	19784.91441887756	19276.29951352164	16371.558982018583	8275.601621309672	17897.984835362076	355.16441554116585	3387.776631437561	13.286965556130498	5686.847879542351	1851.181420553392	11004.864810923997	2176.6067394779966	28232.276180254776	177.9968032326505	1430.182635479386	11658.851216716144	480.31301544527145	15012.7422295179	18449.0593858784	11883.286346115814	17173.344504064105	6007.193397037051	28193.664705941854	13194.336508335631	17708.823530196205	0.0	10966.52561635594	17832.21545409796	81.2363377989663	16143.1201349154	24828.152598215274	5518.854454783495	12923.69071423485	2657.8730689369863	7383.720565811801	5526.514225381329	6369.536005539893	174.92175253850718	18111.15327863108	27670.488119674217	24202.584189822155	4052.7502909016	24473.135732841205	20488.095645923797	26062.729115226364	3716.7507991250486	10985.96055097266	2357.324908921144	29692.40762181968	145.5668613860535	24618.435039224783	18152.07152425893	26031.8821446234	6929.286620496873	3836.117469607008	20852.21948401847	7745.240147506245
PWY1G-0	mycothiol biosynthesis	152.17299919078923	139.75040708375613	94.41032675098944	315.41026320968973	219.0201983948135	69.72499901503946	417.6492395379868	444.4445180276579	121.66487068965516	400.2614747930775	818.3302631390505	284.8972995792051	2.495614035087719	165.06503426591146	0.0	206.76040309979857	2.4976979742173118	194.4575147032727	5.502433908851737	598.3299999999999	9.97852439029354	142.89555863983344	195.85221063251709	55.66719759997525	165.743178198163	545.4807106421405	0.0	0.0	2.4853509902730573	119.96730869482153	0.0	275.9652138262529	0.0	205.2971813977697	325.30182312972903	0.0	468.3880949097238	400.5400615819615	28.40852229332912	1132.8208961234377	230.8756991041744	250.2323108759234	213.41006237735868	227.7261862481409	0.0	159.53978362315738	24.841637844754413	294.08	0.0	399.0046664670167	46.07661075750552	0.0	192.85468530468904	357.856205831618	26.375907907888195	761.4853064758167	0.0	16.403653425694152	0.0	304.6777736669287	5.598661864855178	0.0	0.0	0.0
PWY1ZNC-1	assimilatory sulfate reduction IV	4740.836451914897	7044.607063607841	3620.4318428287033	1677.3884679506657	4348.580478695375	2179.0507995077705	2293.2444856556854	6629.647911373704	14223.725639829056	3699.217485804653	4943.056302639893	5337.7437583396495	85145.47350283174	67582.21419787053	31627.50169544723	15929.72184471972	36545.348900075776	25101.28780712856	22939.223979756734	24905.647304473587	21252.750270095807	38460.40722942234	25813.89651661772	42062.51022144295	4820.748373025753	7711.961637071549	3051.453419170643	9390.918066974133	116.66501789669336	3192.3554775536563	4247.23777944903	5728.37827189359	0.0	5475.460047925573	12809.469619916652	0.0	4019.856894575949	5804.831799502812	3606.722276811884	3395.523475511622	3868.154313883953	2425.2674984851387	2484.1751184510053	3023.572471445876	114.38521351246987	3394.40966847916	3508.899055227543	1907.114445499956	2708.752460989436	4208.672552841631	6829.26951038862	4924.917308004971	1452.661322500982	3314.376123064684	2272.304854074417	4895.94346672618	7.231043316641732	2654.846348801975	10307.830078081568	24626.22857142857	13369.819905034634	10033.27729968237	12826.001439850434	6350.857142857143
PWY3O-4107	NAD salvage pathway V (PNC V cycle)	17740.326313265396	25149.94428316299	12235.138726312516	12361.46437825883	11290.347993197973	11690.752058510438	9025.079378320894	17394.347817944872	7933.646667033156	7037.44550926231	11804.015303239852	15115.746175622946	669.4334841426567	2052.2728070769526	345.8150651723934	6762.59210840594	887.1596560172044	9782.143833318616	6472.5551512607735	15429.194425407764	10961.70050798616	1004.1846643111344	8544.95685303279	351.7881010044928	9754.150007198765	16527.14944913937	6037.7352193540055	4113.066570601724	5380.520064581545	13805.432002561352	8930.340067453937	10789.0645762964	0.0	7405.572038585144	14041.685059568226	27.677726276191	11706.368095812131	14529.430032294687	2119.2528237617894	7589.400239007676	8364.396881823764	6062.342814604621	5425.6318039277685	4897.912443441575	163.43812612381706	8290.548112445023	6192.547990833158	8085.910985792447	7714.224851306256	5572.535536976728	12268.23354202249	9871.100200631745	5421.4754993967845	13287.530939390044	9083.430495050436	15402.052176335892	149.63462829029172	14253.409119036422	3707.911899186389	7247.034274487372	3050.5048810028925	1382.9049500287454	10632.988816502042	318.9009682350943
PWY490-3	nitrate reduction VI (assimilatory)	6055.756010715983	3899.157477603589	1333.3502748249018	1965.091269553726	2382.2174527005645	1833.883312514817	1042.5428788588583	3360.599871476194	7670.260541834516	4487.017002638762	3040.235718813971	3425.08391582866	166.76776304308984	722.1615083662831	0.0	1647.4022401476996	48.12992850638681	2851.1044812160603	1027.388840971974	4326.9816704463165	540.3888571058501	180.85881356507736	2460.6483396344597	123.25885649694288	1311.5294509864902	4099.884339042921	3961.45631838655	10640.88839464866	1432.6353651587706	2802.3664426039427	777.9322810914858	3026.351656984586	0.0	2475.7420097128515	7449.633427851863	1.4912280701754386	2883.172151112778	5088.333353209223	373.0047340856535	2410.8988527559736	1500.2968891671983	953.4226880978284	979.9788776211062	1507.708545154733	57.88520169888797	3334.6340000680007	1491.0334085623258	2499.386626694042	614.3137274381797	5261.339415822007	313.0571235706764	2723.9770815484267	2395.4959258693275	1871.7558501700864	2164.4160217878493	3111.670476308872	24.89531315385689	2069.062447157932	5356.247413557487	0.0	0.0	0.0	4256.199464440692	0.0
PWY4FS-7	phosphatidylglycerol biosynthesis I (plastidic)	24547.065382694575	42728.3613782176	22917.0825024606	23442.84386825849	24207.11187453374	22206.70694079875	14799.025181102425	33851.31566388669	31144.79325423318	23311.164040585867	26366.27844976277	27320.67294501512	128978.3624434378	103414.07919346812	47592.236627474784	30775.51934191541	56653.82708113399	47699.33093320162	48727.71516568087	60121.604397069015	49968.72402354816	58304.69924719593	50622.8964043394	63369.17211469453	21378.4146591172	29946.457469773028	19501.45253522495	24297.821622279334	10928.659891711282	39206.42578162416	17741.863283768515	25083.111213918623	0.0	15485.857992450205	31400.22990279481	104.00110246366856	24227.120839474566	36866.886035561685	7520.719766999984	18820.87646177015	13451.194466821054	12579.928254765564	10581.21862298467	9161.391919588064	322.3829827302517	23226.70067970535	31577.42686597631	29941.459702196244	11728.873923707228	26774.05346464726	30945.111073079715	32797.28457800991	8172.484691085705	21220.50822314226	11415.507107418109	41419.46999115485	247.60797215754388	32195.17078763567	27117.67196247196	26099.082839405637	20876.191844782777	14798.8514531702	27821.92718211226	9607.30661331149
PWY4FS-8	phosphatidylglycerol biosynthesis II (non-plastidic)	24547.065382694575	42728.3613782176	22917.0825024606	23442.84386825849	24207.11187453374	22206.706940798755	14799.025181102425	33851.31566388669	31144.79325423318	23311.164040585867	26366.27844976277	27320.672945015114	128978.3624434378	103414.07919346812	47592.236627474784	30775.5193419154	56653.82708113399	47699.33093320162	48727.71516568087	60121.604397069015	49968.72402354816	58304.699247195946	50622.8964043394	63369.17211469453	21378.4146591172	29946.45746977303	19501.45253522495	24297.821622279334	10928.659891711282	39206.42578162416	17741.863283768515	25083.111213918623	0.0	15485.857992450205	31400.22990279481	104.00110246366854	24227.120839474566	36866.886035561685	7520.719766999985	18820.876461770156	13451.194466821053	12579.928254765562	10581.21862298467	9161.391919588064	322.3829827302517	23226.70067970535	31577.426865976315	29941.459702196244	11728.873923707228	26774.05346464726	30945.111073079715	32797.28457800991	8172.484691085705	21220.50822314226	11415.507107418109	41419.46999115485	247.60797215754388	32195.17078763567	27117.67196247196	26099.08283940564	20876.191844782777	14798.8514531702	27821.92718211226	9607.30661331149
PWY4LZ-257	superpathway of fermentation (Chlamydomonas reinhardtii)	2490.637035872153	7.8464118699137	635.4606233910741	19.975151916585432	109.15149495661616	50.53749480442466	521.50823416346	11.293206593508112	7985.003138504763	3441.1784225916394	1395.148898346431	36.38245998577767	79.8769179484428	21.209434560647622	6.8963074614615385	7.841954831629246	61.482246358843305	18.530371278720736	25.284867606088685	375.082198799713	3.5489628802903623	50.221310639106456	4.9985140381494375	31.86804694783863	1624.6765479082494	0.0	2268.0392643894606	4778.2312794580885	0.0	67.46830599394713	3938.537310928866	1162.2926858305834	0.0	309.92156084603016	4022.2768594913127	0.0	697.7057509018357	710.4912373937663	5361.386975932247	2966.9818664050918	14.96819594513909	11.430112512320004	70.01441170463593	99.27656899268617	101.42056902494772	1181.3879802248462	390.5614108983776	1319.2939900785484	3415.307581714036	676.6310909656114	0.0	28.50468441477413	447.3435906641613	9.987668401950788	597.0931100339909	192.25863269693	10.03179379106835	0.0	3721.193926715412	5366.471368182049	4117.50867484838	2866.9036299238865	5275.812996964426	8109.90795861237
PWY66-367	ketogenesis	815.0384739670773	0.0	362.3146271338064	14.61582046184451	0.0	27.662171461871157	465.4826223763035	3.2982822136082426	0.0	0.0	1258.4258227702264	12.926326608623311	0.0	15.895270255958955	0.0	2.369848962819366	21.697687918233346	0.0	5.952524297115985	0.0	11.942877345826188	0.0	0.0	3.3054391218339707	897.8237041123974	0.0	1081.189142286206	0.0	0.0	0.0	0.0	13.876663695298856	0.0	44.44063743050047	0.0	0.0	360.8268918361457	0.0	350.6940152776055	5.859530840568654	0.0	0.0	0.0	0.0	0.0	0.0	0.0	0.0	659.8209094539857	0.0	22.17048454715005	0.0	319.96374245758744	0.0	0.0	212.90401709166136	0.0	0.0	0.0	0.0	0.0	0.0	0.0	0.0
PWY66-373	sucrose degradation V (sucrose &alpha;-glucosidase)	1141.8345296586488	3.139876625889762	268.6130232481407	7.998657396916776	43.97512986830944	20.292917739313523	217.8677736816836	2.8598812054957734	5411.170743834351	1884.9918684560475	747.9394165365557	14.577009027916551	34.854716958919845	6.859745478730364	2.8599042013533125	3.1398375639676166	25.133777638589965	7.41940105502974	7.139493226426765	151.50084168129808	1.4199821930545873	20.575955856208	1.9999591874820737	11.718786703771842	945.713330536	0.0	1042.450102704385	2898.277581296755	0.0	27.12863435213521	2585.609134619417	505.3955445120733	0.0	127.5923995375739	1850.3072204357616	0.0	289.03844640051545	292.4969267007652	4221.313076477056	1583.019228669233	5.998962671658594	4.579098945669225	28.248489056589975	40.22906391305312	84.18721928639776	516.0248769205862	159.2514292086089	571.0844660982634	2197.090083990075	284.803751615714	0.0	11.41786286919425	187.21391667698865	3.999600418704651	263.8777789297262	77.6387977549901	4.254526783143255	0.0	3063.0674125091587	6003.570105379437	2054.1131937593536	1438.8273977996764	4157.315943611445	6767.369156752595
PWY66-388	ceramide degradation by &alpha;-oxidation	106.17745885720502	98.56933498015673	1.499935381400887	86.48339588540449	0.0	0.0	162.70353884003524	96.87846820250182	175.25685111387642	0.0	321.8246425062693	0.0	0.0	4.244955990420138	0.0	0.0	0.0	0.0	2.249969915765197	62.97311600536296	0.0	0.0	118.418804127155	58.23161696393419	21.991424109323464	0.0	0.0	0.0	0.0	17.942874680560237	0.0	5.249336703430119	0.0	68.851773373056	0.0	0.0	0.0	0.0	0.0	0.0	0.0	112.56565770062748	0.0	0.0	0.0	0.0	0.0	0.0	0.0	0.0	0.0	0.0	0.0	26.94291074184247	25.466723669134165	563.5648624813022	0.0	0.0	0.0	0.0	0.0	0.0	0.0	0.0
PWY66-389	phytol degradation	11176.263698431834	7648.1229451829295	10234.807523214871	4922.277639257561	7925.162123583701	9018.41424209133	3862.05488615966	8513.095648725846	41498.120407753566	11867.93682671948	17124.486201225376	11982.365317066877	171212.70767360827	136365.6146478069	62997.67873124865	31887.50338085644	74101.87220376497	51764.38651666553	52275.99832393886	50356.87615920368	47315.71859230848	78102.83364856477	56547.4013738513	84663.1786026054	11871.562816415611	12291.662475572706	17608.786227168643	33306.1449695019	379.1951388565665	1897.267184659572	17874.953082471573	14179.896698312865	0.0	10565.621540736607	40348.99340656992	9.224081518182668	7817.351640660129	6131.360256087329	1974.5100270785756	3490.390179738959	5930.144360070651	3003.8411723038	3361.447301253881	5691.967464254261	278.3372747820295	9605.254926746622	6517.758880863774	7554.677890831777	12079.32713166336	5042.281376080827	4733.349793227699	4720.301626118257	3545.9352240250287	4295.283782368911	5397.971027399616	7185.984897143076	22.14389992661441	2806.973682434432	49488.85985252204	92755.39075482512	27177.62520756973	20178.377920735897	61627.70085319249	9.994907359462436
PWY66-391	fatty acid &beta;-oxidation VI (mammalian peroxisome)	230.30594627735192	69.86517990501245	0.0	11.753391198088073	0.0	59.345784229065856	0.0	5.974490744162032	0.0	0.0	0.0	5.9741130508106055	44.98418080707842	242.41581838217232	0.0	14.98903151549989	23.98948359031916	5.998905189610097	0.0	155.14514428061997	0.0	41.96910224110445	8.997775406244191	11.99771373246535	180.9108303985906	0.0	0.0	557.404247485862	4.952405426737784	33.80354018118288	0.0	0.0	0.0	98.37869046055462	35.9573162675646	0.0	96.67454481195963	5.983624620198295	0.0	2.997760661875568	0.0	0.0	0.0	0.0	0.0	0.0	39.22300477312079	0.0	0.0	5.98063048811524	28.85461728279999	0.0	0.0	8.935359438486122	0.0	23.76764768121641	0.0	0.0	0.0	742.4349649108411	11.992818800100302	0.0	0.0	0.0
PWY66-399	gluconeogenesis III	4042.2128004091664	10486.662270699851	9492.973944594214	4928.773026139214	14865.48409470384	3228.4948116561745	3106.8825265345213	11813.471366859792	3632.79555606443	8292.627476361751	11000.651940958074	8637.15009089244	702.3096089131933	5686.044584805324	537.137848614205	6643.73597581045	613.8109987610756	6640.945970392716	6376.467002657322	15033.850916885487	11082.577797042091	1984.1362150232696	3622.493417186801	661.4373482041035	2823.6512706473623	9871.576723342472	5052.122498168642	1394.2464946724713	471.1292888203865	9553.314331090529	8110.906793948996	7930.730359961226	0.0	6518.1547973832285	15024.242389890693	0.0	5259.571479588896	11285.258294722044	1176.2009862719565	5778.118432305355	6084.408543035905	3014.7977533710864	3077.052300078677	3985.235010059231	0.0	7931.371456158092	3670.992550180574	6404.899926761217	3609.979680481258	7185.705155766682	13972.355179255785	18579.92591831154	3362.087836829184	5818.478783475278	2752.832980433888	10347.844115118129	87.09168773300202	11498.243786600024	12505.692431393953	0.0	0.0	0.0	14686.100973720291	0.0
PWY66-409	superpathway of purine nucleotide salvage	659.339675211902	7451.7954504609725	3333.439107042053	333.592912707719	1408.9357666397743	1897.986256268695	1148.404589246608	6211.3440649767845	269.3060336746403	67.74973044173112	6472.392053637239	2130.645886817691	16.919066143187234	2705.2249870350856	0.0	42.38514562755277	205.7000397364013	277.6867827570516	285.2034117973716	4740.349294618463	16.990562277218096	561.098509459575	42.43696253476694	146.9074914942801	4639.454293283341	2180.2822301795622	4688.577901089005	0.0	113.22802631963424	10019.51778525444	8208.315643626707	6489.656736194234	0.0	3067.917422571983	11843.960399697864	0.0	2857.403277656951	5433.062964795035	548.9837594568512	776.0174790595648	938.4310975963474	1300.5742502548933	215.35298161944797	1113.7820350263207	0.0	6702.759875561039	2438.157827908454	5201.067333472915	3238.928872687805	1661.8984438600385	6995.552710876021	3703.856554181805	1853.117539006589	3444.2215562836504	0.0	5104.377745532937	72.0768878571777	10853.665434981544	13232.716238501094	17265.1012728631	0.0	0.0	16643.457419935472	0.0
PWY6666-2	dopamine degradation	1228.0	1029.0	282.0	128.0	151.0	64.0	227.0	1436.0	0.0	0.0	0.0	2437.0	0.0	88.0	0.0	132.0	59.0	603.0	91.0	0.0	190.0	73.0	134.0	30.0	40.0	2556.0	0.0	0.0	0.0	0.0	0.0	1138.0	0.0	2437.0	1162.0	0.0	40.0	160.0	7.0	0.0	643.0	282.0	513.0	1409.0	0.0	26.0	0.0	0.0	0.0	285.0	73.0	0.0	0.0	116.0	661.0	317.0	0.0	0.0	0.0	0.0	0.0	0.0	0.0	0.0
PYRIDNUCSAL-PWY	NAD salvage pathway I (PNC VI cycle)	13002.363898750811	13850.095381680843	10971.888798503263	9043.140324701611	10330.082316751874	11320.634622003525	7416.935187765327	12935.620767494273	8779.558741241364	7513.040718419785	11792.957943992164	12895.119588855436	704.8852324030222	2178.1553402734776	405.5128821381461	6234.074625701266	1074.4520285005588	9158.588348061732	7432.792508362694	14998.738314151384	11330.421333699687	1032.2604535454432	8660.596297890354	390.40985154194686	10192.364753585352	12451.78528992372	6767.051306128626	5026.183469983042	5381.336176846032	12412.93509628632	9250.384134316388	9327.571848546448	0.0	5850.329006180868	14434.83200743752	0.0	10387.658753618762	10258.972030897712	2452.577965138754	6222.550539342548	6410.942439083154	4449.973394490891	4669.235866540385	3854.2095452916697	155.21009413913882	7983.490320869958	6939.515679098128	8679.072462406872	6881.92842412451	6207.910328151375	12498.35502218052	10751.821859354304	4469.363073553702	6381.847477752761	5493.486996715104	13494.630070550813	140.69869469499255	12279.73462485736	4790.303329437682	8867.438973418575	3390.6160586036262	1595.044006257904	12298.814007957177	436.5565023263933
PYRIDNUCSYN-PWY	NAD de novo biosynthesis I (from aspartate)	15135.589332647358	19563.23624511137	19971.17785459316	10772.26517401175	18686.712051139253	15512.519233023131	8355.012262760418	13387.330205794877	19465.90498049301	7045.697715963538	16082.589476920706	15245.86998065132	85788.88900032717	68169.75320892624	31734.99762052045	17251.0922141106	37348.449888921234	27675.25809467031	32224.1966674534	28579.067159867765	30714.52047331553	37859.32860957764	30563.369512039742	41908.11464459519	14284.75568563647	13144.022545351654	11238.619303604955	14167.24966112656	7998.135772706093	11340.207060409084	14180.704766206632	10510.287948931884	0.0	6770.865617678408	17467.524430713886	22.38211879975505	8634.874034643952	8504.19888841458	4063.681658679082	5031.801814420943	8508.504801055322	4387.355056437334	4800.271220850679	4372.256461524672	204.28854000658936	8495.99906904367	4735.139942621977	8208.807981098855	8475.870272876722	4856.941122711546	13730.285318825236	12258.754642753343	4249.894611555582	10423.894304711735	11237.957086237677	12470.971767147452	211.1370463809801	12380.782428906514	21178.797704567354	22726.093716112493	9966.55615186197	7221.235747977061	22772.0412854548	5738.662476810783
PYRIDOXSYN-PWY	pyridoxal 5'-phosphate biosynthesis I	4133.147987432435	10742.99678455496	9186.315836426058	3594.56178064349	6072.650439845902	1839.7435763425924	2453.326619086176	8045.887982431613	14412.36143820178	3771.23513067865	4909.745899512668	3946.516633305099	92.37983753562612	703.72390641823	777.9886757281752	2299.059966327011	549.1209420227476	3627.797659611799	2089.686514059741	5091.642079421881	8612.25829516917	452.2091437762794	1960.9407365351628	213.96541087715465	7152.602867845011	6091.9587817440415	3773.4611238633065	10336.590290089827	62.322759669867885	2365.525672434327	5990.862568566094	4608.2512040460815	0.0	2633.965889559337	9061.500479084129	0.0	6216.196568355727	7144.791223672516	3485.6660794675745	4912.627517346402	4568.589078871119	3145.9365139387974	2585.983449811753	2081.948165219701	150.44600112661092	3193.2777445382544	4331.275805437313	3151.664493536179	3390.778588783776	1664.0186217520948	8039.090334360789	7565.938730118383	2069.2602683636296	5007.452487057963	4818.049147333673	5320.411217477686	26.85507451950343	4979.001523126033	10669.13691042199	15409.832335893534	3293.533435841602	1772.0882051339988	12783.829546530316	5583.992404839707
REDCITCYC	TCA cycle VI (Helicobacter)	4933.771865245326	12629.001625647024	3363.395791028137	2478.3017212496025	3457.57295187536	4244.305093259583	3578.0225167921003	9905.992770167455	22822.728321149418	6214.439397774189	6558.258316409991	5124.183444881818	660.4535413279254	2470.20959639604	908.9227909469336	3605.213052308003	1899.1396584970528	9767.791564699235	4584.121067784808	4516.892978445526	21001.3432224621	9221.098666250144	2517.4754593049724	5138.332219676912	9303.945608857255	8338.952971518143	6410.688594924106	17285.717919913503	59.64899445368047	1261.1395077127927	4995.396357451724	5882.82986035807	0.0	2878.3956461329176	14386.078177856396	0.0	3681.841042432845	4005.467023170583	4334.632745690792	2711.9747734331704	3716.658510869017	3163.34517070447	1851.928060757366	1486.4332270876685	205.1551087447897	5005.192358154089	1540.4098560857449	3577.8209989849765	4108.720564322544	2673.2163756260597	2541.498250972969	1461.4919349551883	1971.771634945541	4366.445344157572	935.1376020681536	6381.562529486547	6.524952411899689	2362.141746250351	18557.314842641103	9809.449714033331	2234.694438101777	1146.579607872698	17491.794365883143	853.6272313941095
RHAMCAT-PWY	L-rhamnose degradation I	2804.806581751833	647.2414287694619	3547.539276821591	2024.0260928967527	1891.052790816875	4271.991321233794	798.3862919872123	1184.12064583544	4550.134796585497	3740.1458455726015	1740.9270776370624	2582.6689599500523	132.74003700645187	380.8919861644464	310.8178415482059	734.7180044851042	87.81137601510883	758.647794772084	1193.5093491989294	434.01958932392046	5249.571068873566	1486.6125487003817	1039.0720326881965	712.7612656686509	1326.5346563644227	1532.5229769798484	2114.2690919534302	2683.8454474339146	578.0355084363083	187.4475895047144	1899.3413597618664	1216.5912874605494	0.0	1017.4993842958402	3622.912189674877	0.0	958.8356358347788	1820.9547881252845	3528.9454836229115	1290.9980441607936	1423.8764345791687	477.5626942732932	635.6077865343901	515.0172096823065	68.11533909757588	1428.2388534131076	549.1037252801583	742.1533288346336	3276.218873448473	852.7948649551389	2044.3189201294413	170.50405366769567	820.4875884379086	365.354833083518	820.9303507019538	1134.2767737742874	7.13177364321371	677.0292418144719	3584.8869359935625	3530.9500000000003	6757.9554622466585	5506.326591422179	7383.863992720777	5557.0
RIBOSYN2-PWY	flavin biosynthesis I (bacteria and plants)	22116.936222643388	28630.959761623624	23916.18713047187	14720.455478080765	23078.975597107063	18565.74263606229	9094.14759315407	23013.36650276309	23251.73005983445	10406.986875050776	20618.744169044192	23064.005244707107	86053.50981147662	68946.35174178587	32018.818799805063	21222.369672649405	38106.115208666335	33049.83402949841	35358.37597087582	37547.05557829762	37709.00512404013	39126.065690972	35145.31820514929	42468.63232224658	18297.494141827785	22927.967266390384	12159.218609284228	16213.056273947608	9988.34564762704	19878.893200221744	16199.675910920036	15817.674022833764	0.0	11739.338787328748	22599.985287126627	26.168950887403096	17304.425454861946	19760.9035802468	4839.290282071999	10246.461155089111	11854.156049391937	8056.591288082543	8295.961602543197	7642.786489744861	201.67136841848424	12178.478979729904	12976.80298423309	15173.930169915451	8839.33370607927	13220.131423587198	21983.91833245935	22151.748200583443	7114.101685914726	14451.53243799901	14188.633144078956	21521.0373012724	252.0997743088604	18572.28494655457	23994.22393852821	23493.732049871574	16797.013705480073	12025.789977343238	24760.5181656327	5857.819063948817
RUMP-PWY	formaldehyde oxidation I	4365.945326260754	3168.368144858402	1094.145137992559	1779.7221939607805	2730.513269793368	1400.527986219157	2324.310676027005	2875.459330391336	6448.462479837958	3480.9511724361814	2650.43808324232	1372.138060143193	85513.27593371582	67912.69040652324	31312.39275784472	16223.991731402391	37094.315774807386	26101.09539248933	25722.282318739588	28334.22622874158	22369.94986565813	39150.39137959799	28703.36494320264	42315.40462245856	1958.6386961511696	2014.758459162089	4733.789320094745	9727.19754466599	2821.272130643705	3896.51938812961	3363.011622299544	2994.635234778057	0.0	1403.3232687974164	3963.253295882479	0.0	2630.1815398429767	2598.707550657828	4154.761361772356	3246.039791062168	1243.0635345330838	1687.6096576185998	609.407754547726	287.35952560687457	94.2393518831642	4105.834750787717	1740.0201389508472	2831.0705463931245	3149.958078465161	1522.6357127199371	4418.46436777251	8467.952840380423	1181.2257819337494	2773.972950523999	823.108371886106	941.8340443648368	17.25595914184202	5006.238939394576	5272.346794946319	6607.091703581765	12842.914220812349	9671.009769228727	5244.721208337541	5685.211230368046
SALVADEHYPOX-PWY	adenosine nucleotides degradation II	7949.650096470666	5588.284499178903	10325.378348795	1859.1526806516797	8384.620031887605	7502.557095863794	5775.795757581388	6435.736454362569	37271.19336554011	9632.070965925588	15723.03169904488	10042.763539502816	299.7852279942938	1132.5979679724132	217.63797148148603	1329.43149220459	602.4066629969705	3761.800684990005	3183.82964647158	1239.2702722769573	10963.861155019278	736.9672026433138	1697.732338093382	778.4662987823435	12933.653258166882	9898.313953349909	13868.833374849652	30291.46248318265	2375.0032564050694	183.76137178848333	12414.702553378873	11903.341865597156	0.0	9150.444895343202	26336.390368936103	0.0	6670.635164587799	3329.214794754992	6018.169190460123	2557.938221833961	5290.888341465526	1454.271738030357	2995.724888374242	4714.839269289233	328.1452482986478	7221.800314147782	2561.7425901406805	5491.870255324469	11348.314720147562	4166.481028834649	1334.6599388037023	76.8372486591157	3217.654477705129	916.3098145982522	4732.077715012787	4395.236567621156	58.20290101139166	1313.7791786112896	31513.60108295664	48019.81353142004	26035.690926184197	19026.858374537987	37159.75827983922	9049.863222477252
SER-GLYSYN-PWY	superpathway of L-serine and glycine biosynthesis I	21893.68956613669	27018.05427296208	24220.03366142537	14478.658225090569	26459.75940140328	19665.305740310403	11014.024417902134	24147.74211310355	31805.56289808116	16033.746529743645	23076.2856674725	23011.657004663288	86082.72343243205	69101.73649532639	31954.641547179785	20888.23407968823	38131.28770877493	31841.99773758173	36340.68049072851	36498.1978752221	39972.27077237496	39148.115397946975	34432.931992814025	42459.090576140894	22041.61602743444	21373.488472599776	18618.05742034546	22665.21513468816	9530.991596937803	23098.731698283456	18057.37910776213	15932.036839836464	0.0	12688.479298962382	29784.3052428046	20.45112781954887	18347.207063909173	20196.419640981043	6305.418090527934	10869.727426594209	12624.17886732784	7223.875857380731	7966.8726141078	7490.213935264719	284.6345357035827	17109.70305348401	11942.858024748257	14377.156863488231	10333.328315700111	14675.775111445895	23750.407372170077	20735.154803795944	7297.978518177525	13641.070944198287	14977.785771033265	19388.387205168678	272.8285436449393	20374.89960232329	37168.78516325316	35455.55113319457	21934.939947060077	15430.876783458278	41201.72413364667	7570.523488344575
SO4ASSIM-PWY	assimilatory sulfate reduction I	4909.711661886755	22417.322462642416	4178.289214526446	6141.354937288661	4348.580478695375	2886.5690432778933	4732.488524266448	13368.122482825833	14834.021855734023	5400.963083191158	6129.490383901445	7145.154951888554	97329.51508545876	77701.12630350637	36368.13001574306	18570.24931136221	41880.6335480509	29567.82463916955	26665.88993570713	37944.19476212117	24278.99531140408	44247.73927916151	29993.293117464327	48128.6088095523	8180.51514312387	10719.175731759466	3699.3346774089914	10419.55190385795	420.0107582301072	16171.487176245542	5804.4547009342	8756.399750319237	0.0	5847.112239928719	14829.508024160352	21.219251336898395	5545.884777347807	10147.669041054578	4200.935490336231	6875.303820678434	4406.791896741416	5584.405392492807	2716.701852536487	3093.917392781935	161.90666666666667	6675.911032502015	5769.442294833476	8451.144231879472	3554.457809060753	5660.816146506551	10886.357637211537	11236.909292865052	2160.0333170433537	12255.999798350678	2272.304854074417	14235.121976376991	16.554661711739485	10515.806425772093	12356.764681373705	28528.273775044003	15038.271854145689	10804.815299595602	15708.365578806051	7409.333333333335
SULFATE-CYS-PWY	superpathway of sulfate assimilation and cysteine biosynthesis	8655.67507350551	25069.85926262864	7643.269155484069	9096.927196296114	8086.128343422819	5444.169831280344	6988.8900534437325	17826.245627671313	20603.80223438476	8606.337677805479	10235.555332792535	11662.117466504804	96288.35000187026	76739.99590252934	35623.24682295939	20043.58641337113	41854.272950634375	31217.46285577639	30535.60927601936	33143.16248947874	29330.61086011692	43621.78471709162	32790.3025422457	47576.64823399376	12012.470800779209	15046.535722004845	6564.282111252679	14852.75242583588	898.3725530157791	19842.907822574944	9445.02863699086	11948.918448697154	0.0	8203.570652160512	20419.303909259637	0.0	9032.768041639249	14360.639495842042	5097.419588202499	8792.13349156038	6769.44730410949	6595.984722051454	4349.430420427331	4558.883282908226	217.9352405225057	10095.105082455491	8354.476096706005	11370.891231599464	5602.844158281245	8499.102190988655	15642.367366660355	15494.159499409508	3551.021225504584	12722.035607922466	4147.595597579571	17410.866494686023	34.526813207745	14826.724011093864	18999.40907446698	30974.22938911797	16556.91896279396	11683.7353592508	22895.275170220324	7980.577998383701
THISYNARA-PWY	superpathway of thiamine diphosphate biosynthesis III (eukaryotes)	23154.34397623109	22234.48847772352	19754.10034842228	15197.417476515287	18799.809541052808	20032.292586095133	9044.563446979011	17249.994063448343	16286.91067106637	11673.807076230642	22100.351821901862	21772.879738556232	114594.92158467892	90717.46364652787	41947.280254764446	24382.92123118496	50085.209961036846	37362.11396893287	45454.575538345154	38903.11169210318	41222.25950349308	51577.04646971779	42288.37856456731	56286.069162921296	17028.662394733557	19082.200447159223	11804.95558067812	13013.725630713798	9244.576819746864	18816.175859350955	11951.555908456789	12981.854615599788	0.0	9508.640492908507	16646.314039705198	36.762491711198656	16820.28460792412	18929.64706001689	4693.112966240825	9820.607136996266	9825.666802957036	6510.765241838667	6863.648278102949	5336.013733025281	161.7948023093169	12192.296852002277	15585.269859101183	16777.049509884797	8010.177057561092	16445.857356776953	16289.56400463824	14014.344620665825	6408.972374577603	11045.553103930864	12991.604839794783	20706.313440148897	285.3530525311582	17202.081291112354	18446.489097208625	18947.437424290634	16502.90838532285	12044.007598119102	20372.619950349883	6082.404854829204
THRESYN-PWY	superpathway of L-threonine biosynthesis	24292.907725710626	36547.03523573294	19740.60208521723	20051.934783081997	23924.470691061564	21055.750634850785	13153.059110889604	29008.575461412685	30720.438975395085	19196.67347211928	21426.226129771298	28328.130817844587	93741.91749883688	75261.24660113083	34496.94338989488	22344.240938479947	41006.24184425246	34904.06333505417	33111.19182617993	44400.79400311329	34874.57417659977	42689.88536156522	37367.38170107321	46163.621729135055	19351.5794065357	28528.28269138474	19298.05385811773	23494.890214112103	12768.25599156986	30131.366805836835	18795.390620634786	23014.772655217497	0.0	16550.16750026971	29377.943109124302	85.0	20557.67073407196	29902.76560197735	6574.864526431672	15537.918951714251	12590.847006236292	10259.728359435105	10084.146238394893	9821.314594825692	297.368752659972	20181.81311659684	27231.11289201888	25393.17737120777	11247.080247510992	24411.55873539208	23630.541217733906	24819.711191629234	7792.911634120234	17773.698529514677	10673.55829904685	34244.62477573484	220.725578951321	25799.270493561497	26737.060188561227	28439.013433943244	19196.953806078243	13753.088437801136	27385.80616268648	7851.103643267136
TOLUENE-DEG-3-OH-PWY	toluene degradation to 2-hydroxypentadienoate (via 4-methylcatechol)	0.0	6.474075908904258	0.0	6.566848215929476	0.0	9.062901840520569	100.03100699376984	18.41074316799212	0.0	0.0	0.0	0.0	0.0	0.0	0.0	0.0	0.0	0.0	1.5624782989607389	9.939052926474858	0.0	0.0	0.0	0.0	0.0	16.407755034409742	0.0	0.0	0.0	0.0	0.0	0.0	0.0	14.459491936728217	6.635969723926177	0.0	47.427885804961214	0.0	0.0	0.0	11.931866572036906	0.0	0.0	0.0	0.0	0.0	0.0	0.0	0.0	0.0	45.38065744676759	0.0	62.84117670095176	9.690453387334554	0.0	0.0	0.0	14.995682894187736	0.0	0.0	0.0	0.0	4.992581602373887	0.0
TRNA-CHARGING-PWY	tRNA charging	26789.670375165984	35498.96654381633	26930.26713998879	20363.48654161029	28994.116051409328	23674.447285610968	12932.824091920882	27937.98713534844	25413.511526739512	18521.3115344734	25884.608905189794	28459.645105112275	10149.543879890054	19586.982125457936	8617.475089437667	20682.488004867628	13548.662226403783	30941.069853623383	34417.671715151315	41011.10666399942	40344.63301405999	9664.009659876949	31872.281080437067	6403.573652715084	25304.0311030425	27888.65163388463	18172.884955074773	19921.254715008767	12361.736325758662	29506.80019355228	18380.15934168228	21480.35472185509	0.0	15539.510483227576	25479.39855445633	76.22775800711743	22360.11669098715	30295.97734004931	5489.905474675808	15175.89573311272	13338.756177626548	10241.097998005604	10215.080016570906	9243.61395538848	249.73373632377388	18885.17424735176	24852.979880802355	23858.663351340816	12624.0923186229	23640.639353651484	26565.52463451529	25959.491411898594	8249.227995370646	17486.072549972447	15972.810557447108	32515.54258637557	307.6894874817399	25864.765093772705	24525.92143141347	22635.38121666948	11903.887788556329	7446.403486729529	24942.48545586939	5985.26619595584
TYRFUMCAT-PWY	L-tyrosine degradation I	1085.4440814702511	439.76383714238	849.5704500743026	51.70636721665372	120.6194665714488	1213.2954160025097	522.9115853369229	16.386120654626552	8729.094592745341	1468.513370805172	2349.942104570716	155.60418625968524	48.82701084273071	12.383159707598937	3.590921372602	5.122788170140037	48.728682029162606	25.14342606386773	40.58647663574969	261.58213422753124	1.7652086084997278	58.9457763405246	14.241152478227438	115.03383520059236	2814.15058564944	96.73330585144429	2079.0158421116766	6808.045499097205	1.8698060941828252	35.50902485623611	444.30849700649935	1201.4975091781075	0.0	307.3186497968818	6728.742569161023	0.0	858.8878470597862	495.20135993212	192.6176372138688	142.0620878195486	31.11776265203326	12.421512199340098	80.21926394236661	160.0632353803411	50.60299566529806	1242.6219112500662	192.23896573067515	486.6577161787839	1491.6887607799315	320.6773806669883	42.36885652427713	23.865104283281088	421.0254939983285	74.41403239815097	342.23142969873584	351.7558688176804	0.0	24.94489882603957	5697.859115061244	13592.709110612152	1997.033013087583	870.7867273213808	6338.253147797093	0.0
UDPNAGSYN-PWY	UDP-N-acetyl-D-glucosamine biosynthesis I	18121.91997307909	33124.141199268626	14131.92159537383	17568.47426458108	14908.694245733152	18122.823874034	9864.383420308634	22757.225123478136	15830.146636730493	17414.863276373595	18812.78666495404	21320.844226502675	86054.97727421032	69070.13463981461	31439.531729587427	19920.46859693617	37603.86064699537	31004.253208476766	31445.850836912046	41864.22480185479	31243.53451575593	39111.621493958766	33674.42941467091	42402.60356303728	15510.680445374475	21062.40176967669	14175.046982782496	15087.373706358185	7638.115207904855	29002.79485990786	10054.229164920796	16933.534935518903	0.0	11725.253021074288	19748.33881380019	87.62886597938144	17808.48482480821	28010.04103638769	4804.4025218468905	13959.031803045313	7987.078090394112	8858.14920056568	6593.44012870041	6370.500912338934	160.7994969402057	17392.595737437434	25661.455809431267	23103.99446145857	6189.15689944105	22325.10427628307	18705.490552522617	22136.819993280853	6194.675413192801	16237.786141226035	8411.89350570735	30594.577520922343	163.72453712940452	23113.74509788174	14508.139073828195	20125.825581067464	18244.140356736865	13014.08225956764	16797.036145231974	5741.075032072396
URDEGR-PWY	superpathway of allantoin degradation in plants	0.0	4.516280701476955	491.6988642445619	51.81407765101966	34.60320810059922	117.836276911177	264.12469658808664	96.14047633726118	0.0	0.0	245.94774070582037	97.23991892861784	7.926022515856914	7.815260388337075	0.0	37.08319285601396	17.873593056709897	8.34338531147303	22.988080083323688	0.0	0.0	0.0	0.0	0.0	425.518766643848	32.58178762745862	0.0	0.0	0.0	0.0	0.0	0.0	0.0	98.673874188064	587.8442576433713	0.0	183.2571310805963	0.0	0.0	1.9676057969600715	24.99163311945993	8.420720151610865	28.68249674645405	0.0	0.0	0.0	0.0	0.0	0.0	1.6920501840208977	70.0342550380322	0.0	150.68167671722838	14.827526487001212	35.62034913712477	127.21142914411392	0.0	0.6052366264386747	0.0	332.5885277296925	0.0	0.0	630.5676565053375	0.0
URSIN-PWY	ureide biosynthesis	478.5974291929685	13.922521419644708	556.8636614511884	3.4649502003184174	0.0	20.914118066959723	189.2803555147332	34.57921785005872	119.42448811068836	0.0	892.5077613783243	0.0	49.10338339641865	227.25545669687736	0.0	55.35812747852501	35.97667739841881	20.60775277462336	29.791579655855745	446.657816364951	11.66273652562138	89.37459167332236	0.0	42.38132896907258	926.8800124043216	10.495873251129588	0.0	5.843190590463293	5.595474561516011	66.44108718579139	863.0458706048771	305.3398471278636	0.0	469.5929207654299	1550.0668847197016	0.0	628.6748985667898	134.09023718741403	293.01513977058886	85.03253234579779	0.0	0.0	43.98673385679111	10.226930729694798	0.0	6.985925501029986	0.0	255.78449987865707	1560.881524486493	0.0	121.99343566976356	0.0	201.63062645541956	17.296094864892012	53.246323346409234	179.45846187427065	0.0	27.511891429097084	0.0	872.0964126817727	9339.619273348451	7402.597833378726	16.89570465289679	13.989629108429474
VALSYN-PWY	L-valine biosynthesis	13877.800763317338	36639.67918285904	17325.341244952182	17233.660767176745	20367.49612014069	14766.226194741512	11903.398789978626	25675.65363739121	34346.9350049162	20295.50494424712	17932.443090740675	21798.69892917257	113995.53431619944	91362.94739078646	42101.99472634694	25221.0591873122	49706.98388441753	39746.38465857101	35910.1989757576	52024.87799423788	41376.69018713468	52974.094142786205	44311.335175139815	56653.24845405669	16153.946992868472	23677.02917649308	18995.22889708484	27108.044159169072	5896.416866427904	31967.660111400248	20514.26647188818	21291.276380253144	0.0	13496.178425399936	34014.62482528901	93.15856236786468	19908.93188027787	29732.76927730753	5631.673119811713	15765.20674063441	10111.122551853468	9451.136719811197	7809.503160816081	7035.31931259879	302.6882645911835	21690.095943906446	28899.21940273667	27958.26749600744	12150.698530053938	25702.03415210965	19440.00681317363	22084.28826218454	6452.295156954981	17273.864055262813	6396.097204640487	35043.493843262586	138.3290512630957	25171.391245288785	30343.94939476018	48995.74163034828	12565.661787169433	9061.019773220767	33242.34763705279	7180.110768884048
